{
    "type": "FeatureCollection",
    
    "features": [
        {
            "type": "Feature",
            "properties": {
                "counties": "Adams (Ohio), Boone (Kentucky), Bracken (Kentucky), Brown (Ohio), Butler (Ohio), Campbell (Kentucky), Carroll (Kentucky), Clermont (Ohio), Clinton (Ohio), Dearborn (Indiana), Decatur (Indiana), Franklin (Indiana), Gallatin (Kentucky), Grant (Kentucky), Hamilton (Ohio), Highland (Ohio), Jefferson (Indiana), Jennings (Indiana), Kenton (Kentucky), Mason (Kentucky), Ohio (Indiana), Owen (Kentucky), Pendleton (Kentucky), Ripley (Indiana), Switzerland (Indiana), Warren (Ohio)",
                "iata": "CVG",
                "color": "#ff0000"
            },
            "geometry": {
                "type": "Polygon",
                "coordinates": [
                    [
                        [
                            -85.799834,
                            39.128897
                        ],
                        [
                            -85.799716,
                            39.127476
                        ],
                        [
                            -85.799501,
                            39.11049
                        ],
                        [
                            -85.799067,
                            39.090786
                        ],
                        [
                            -85.798804,
                            39.068536
                        ],
                        [
                            -85.798349,
                            39.046901
                        ],
                        [
                            -85.798007,
                            39.014312
                        ],
                        [
                            -85.797396,
                            38.980985
                        ],
                        [
                            -85.797178,
                            38.961245
                        ],
                        [
                            -85.796763,
                            38.953841
                        ],
                        [
                            -85.796994,
                            38.952517
                        ],
                        [
                            -85.796827,
                            38.932812
                        ],
                        [
                            -85.796541,
                            38.920696
                        ],
                        [
                            -85.796317,
                            38.898207
                        ],
                        [
                            -85.79618,
                            38.891751
                        ],
                        [
                            -85.795643,
                            38.840097
                        ],
                        [
                            -85.795233,
                            38.812373
                        ],
                        [
                            -85.795357,
                            38.807508
                        ],
                        [
                            -85.794277,
                            38.808268
                        ],
                        [
                            -85.791995,
                            38.807627
                        ],
                        [
                            -85.791146,
                            38.808543
                        ],
                        [
                            -85.789216,
                            38.806986
                        ],
                        [
                            -85.783425,
                            38.807145
                        ],
                        [
                            -85.782547,
                            38.807511
                        ],
                        [
                            -85.78123,
                            38.810806
                        ],
                        [
                            -85.779474,
                            38.812682
                        ],
                        [
                            -85.775817,
                            38.81291
                        ],
                        [
                            -85.774063,
                            38.811696
                        ],
                        [
                            -85.77266,
                            38.809613
                        ],
                        [
                            -85.771051,
                            38.80975
                        ],
                        [
                            -85.769208,
                            38.810962
                        ],
                        [
                            -85.769148,
                            38.812885
                        ],
                        [
                            -85.76821,
                            38.815127
                        ],
                        [
                            -85.763442,
                            38.815377
                        ],
                        [
                            -85.762009,
                            38.813683
                        ],
                        [
                            -85.759873,
                            38.814689
                        ],
                        [
                            -85.757181,
                            38.815122
                        ],
                        [
                            -85.758203,
                            38.818052
                        ],
                        [
                            -85.757734,
                            38.819288
                        ],
                        [
                            -85.755042,
                            38.820408
                        ],
                        [
                            -85.753023,
                            38.820773
                        ],
                        [
                            -85.751268,
                            38.820177
                        ],
                        [
                            -85.750457,
                            38.818605
                        ],
                        [
                            -85.75038,
                            38.817006
                        ],
                        [
                            -85.749518,
                            38.815405
                        ],
                        [
                            -85.747033,
                            38.815411
                        ],
                        [
                            -85.747672,
                            38.818706
                        ],
                        [
                            -85.74831,
                            38.819326
                        ],
                        [
                            -85.747474,
                            38.822267
                        ],
                        [
                            -85.745959,
                            38.822822
                        ],
                        [
                            -85.744506,
                            38.821763
                        ],
                        [
                            -85.745098,
                            38.819471
                        ],
                        [
                            -85.742318,
                            38.818694
                        ],
                        [
                            -85.738106,
                            38.819841
                        ],
                        [
                            -85.736907,
                            38.820505
                        ],
                        [
                            -85.734861,
                            38.822909
                        ],
                        [
                            -85.730854,
                            38.824604
                        ],
                        [
                            -85.730621,
                            38.826664
                        ],
                        [
                            -85.7315,
                            38.827579
                        ],
                        [
                            -85.734689,
                            38.828859
                        ],
                        [
                            -85.735363,
                            38.829981
                        ],
                        [
                            -85.734749,
                            38.831285
                        ],
                        [
                            -85.733191,
                            38.831812
                        ],
                        [
                            -85.731046,
                            38.831107
                        ],
                        [
                            -85.729192,
                            38.828731
                        ],
                        [
                            -85.72676,
                            38.826963
                        ],
                        [
                            -85.726554,
                            38.824514
                        ],
                        [
                            -85.723187,
                            38.823027
                        ],
                        [
                            -85.71918,
                            38.823188
                        ],
                        [
                            -85.718215,
                            38.824264
                        ],
                        [
                            -85.719151,
                            38.825706
                        ],
                        [
                            -85.718157,
                            38.826942
                        ],
                        [
                            -85.715524,
                            38.828224
                        ],
                        [
                            -85.712628,
                            38.828454
                        ],
                        [
                            -85.710258,
                            38.827516
                        ],
                        [
                            -85.709058,
                            38.825891
                        ],
                        [
                            -85.706191,
                            38.824404
                        ],
                        [
                            -85.705722,
                            38.8231
                        ],
                        [
                            -85.706629,
                            38.821273
                        ],
                        [
                            -85.70575,
                            38.818797
                        ],
                        [
                            -85.703263,
                            38.816577
                        ],
                        [
                            -85.702415,
                            38.816554
                        ],
                        [
                            -85.699987,
                            38.818134
                        ],
                        [
                            -85.698525,
                            38.817814
                        ],
                        [
                            -85.698349,
                            38.816417
                        ],
                        [
                            -85.697237,
                            38.814793
                        ],
                        [
                            -85.694663,
                            38.81747
                        ],
                        [
                            -85.691035,
                            38.81596
                        ],
                        [
                            -85.683839,
                            38.815406
                        ],
                        [
                            -85.684016,
                            38.812904
                        ],
                        [
                            -85.684017,
                            38.80267
                        ],
                        [
                            -85.683811,
                            38.797445
                        ],
                        [
                            -85.684068,
                            38.790922
                        ],
                        [
                            -85.683783,
                            38.783691
                        ],
                        [
                            -85.683549,
                            38.768632
                        ],
                        [
                            -85.683462,
                            38.755014
                        ],
                        [
                            -85.683543,
                            38.746326
                        ],
                        [
                            -85.683338,
                            38.736731
                        ],
                        [
                            -85.664357,
                            38.736888
                        ],
                        [
                            -85.664274,
                            38.730018
                        ],
                        [
                            -85.646218,
                            38.729859
                        ],
                        [
                            -85.645763,
                            38.722491
                        ],
                        [
                            -85.645982,
                            38.717964
                        ],
                        [
                            -85.645688,
                            38.715205
                        ],
                        [
                            -85.64576,
                            38.708018
                        ],
                        [
                            -85.613257,
                            38.707954
                        ],
                        [
                            -85.608678,
                            38.707858
                        ],
                        [
                            -85.608319,
                            38.690822
                        ],
                        [
                            -85.60819,
                            38.67874
                        ],
                        [
                            -85.57093,
                            38.678706
                        ],
                        [
                            -85.570872,
                            38.65874
                        ],
                        [
                            -85.570617,
                            38.658558
                        ],
                        [
                            -85.570551,
                            38.649801
                        ],
                        [
                            -85.570084,
                            38.625052
                        ],
                        [
                            -85.56998,
                            38.606155
                        ],
                        [
                            -85.5487,
                            38.606234
                        ],
                        [
                            -85.501286,
                            38.606736
                        ],
                        [
                            -85.496666,
                            38.606736
                        ],
                        [
                            -85.496452,
                            38.59222
                        ],
                        [
                            -85.478701,
                            38.592434
                        ],
                        [
                            -85.478762,
                            38.586178
                        ],
                        [
                            -85.443127,
                            38.586011
                        ],
                        [
                            -85.428568,
                            38.586353
                        ],
                        [
                            -85.4279,
                            38.586241
                        ],
                        [
                            -85.432945,
                            38.593853
                        ],
                        [
                            -85.435901,
                            38.598874
                        ],
                        [
                            -85.437259,
                            38.602213
                        ],
                        [
                            -85.438354,
                            38.606063
                        ],
                        [
                            -85.438766,
                            38.610095
                        ],
                        [
                            -85.438772,
                            38.613572
                        ],
                        [
                            -85.438411,
                            38.615549
                        ],
                        [
                            -85.439104,
                            38.618691
                        ],
                        [
                            -85.439597,
                            38.630846
                        ],
                        [
                            -85.439385,
                            38.635575
                        ],
                        [
                            -85.438646,
                            38.63886
                        ],
                        [
                            -85.438589,
                            38.646687
                        ],
                        [
                            -85.437563,
                            38.650092
                        ],
                        [
                            -85.438652,
                            38.65532
                        ],
                        [
                            -85.438629,
                            38.65889
                        ],
                        [
                            -85.440199,
                            38.660983
                        ],
                        [
                            -85.440554,
                            38.662444
                        ],
                        [
                            -85.443419,
                            38.668265
                        ],
                        [
                            -85.444995,
                            38.670479
                        ],
                        [
                            -85.447223,
                            38.672924
                        ],
                        [
                            -85.4501,
                            38.675518
                        ],
                        [
                            -85.452426,
                            38.678662
                        ],
                        [
                            -85.454661,
                            38.680716
                        ],
                        [
                            -85.456054,
                            38.683615
                        ],
                        [
                            -85.456913,
                            38.688717
                        ],
                        [
                            -85.456755,
                            38.692252
                        ],
                        [
                            -85.455927,
                            38.696287
                        ],
                        [
                            -85.454722,
                            38.699389
                        ],
                        [
                            -85.454401,
                            38.701264
                        ],
                        [
                            -85.452724,
                            38.705558
                        ],
                        [
                            -85.452208,
                            38.70903
                        ],
                        [
                            -85.450945,
                            38.708882
                        ],
                        [
                            -85.450329,
                            38.711667
                        ],
                        [
                            -85.442898,
                            38.719268
                        ],
                        [
                            -85.438824,
                            38.724909
                        ],
                        [
                            -85.437231,
                            38.727562
                        ],
                        [
                            -85.434755,
                            38.729402
                        ],
                        [
                            -85.431438,
                            38.730414
                        ],
                        [
                            -85.42503,
                            38.733048
                        ],
                        [
                            -85.423594,
                            38.733245
                        ],
                        [
                            -85.422626,
                            38.734651
                        ],
                        [
                            -85.41696,
                            38.736357
                        ],
                        [
                            -85.414144,
                            38.736859
                        ],
                        [
                            -85.408365,
                            38.737144
                        ],
                        [
                            -85.404165,
                            38.736728
                        ],
                        [
                            -85.397008,
                            38.735446
                        ],
                        [
                            -85.386156,
                            38.732932
                        ],
                        [
                            -85.371099,
                            38.730366
                        ],
                        [
                            -85.368084,
                            38.730648
                        ],
                        [
                            -85.362195,
                            38.730562
                        ],
                        [
                            -85.359909,
                            38.731084
                        ],
                        [
                            -85.352603,
                            38.731494
                        ],
                        [
                            -85.350058,
                            38.732145
                        ],
                        [
                            -85.342582,
                            38.73353
                        ],
                        [
                            -85.339505,
                            38.734375
                        ],
                        [
                            -85.337202,
                            38.734299
                        ],
                        [
                            -85.336136,
                            38.735578
                        ],
                        [
                            -85.334824,
                            38.735957
                        ],
                        [
                            -85.33184988452965,
                            38.73651661274577
                        ],
                        [
                            -85.33311,
                            38.736258
                        ],
                        [
                            -85.329683,
                            38.725817
                        ],
                        [
                            -85.305781,
                            38.702447
                        ],
                        [
                            -85.24186,
                            38.639561
                        ],
                        [
                            -85.228976,
                            38.627035
                        ],
                        [
                            -85.230269,
                            38.625009
                        ],
                        [
                            -85.231403,
                            38.620948
                        ],
                        [
                            -85.230257,
                            38.617818
                        ],
                        [
                            -85.226655,
                            38.615078
                        ],
                        [
                            -85.221019,
                            38.612164
                        ],
                        [
                            -85.219387,
                            38.610068
                        ],
                        [
                            -85.219534,
                            38.607351
                        ],
                        [
                            -85.214741,
                            38.603935
                        ],
                        [
                            -85.213982,
                            38.601346
                        ],
                        [
                            -85.21879,
                            38.596509
                        ],
                        [
                            -85.217189,
                            38.592456
                        ],
                        [
                            -85.217826,
                            38.589835
                        ],
                        [
                            -85.215818,
                            38.586795
                        ],
                        [
                            -85.215832,
                            38.585191
                        ],
                        [
                            -85.211375,
                            38.580216
                        ],
                        [
                            -85.16827,
                            38.585448
                        ],
                        [
                            -85.124948,
                            38.590778
                        ],
                        [
                            -85.074583,
                            38.596838
                        ],
                        [
                            -85.074117,
                            38.594006
                        ],
                        [
                            -85.075781,
                            38.585423
                        ],
                        [
                            -85.076118,
                            38.578895
                        ],
                        [
                            -85.074087,
                            38.575119
                        ],
                        [
                            -85.066787,
                            38.567064
                        ],
                        [
                            -85.062141,
                            38.564329
                        ],
                        [
                            -85.059544,
                            38.564745
                        ],
                        [
                            -85.05308,
                            38.568855
                        ],
                        [
                            -85.04264,
                            38.573862
                        ],
                        [
                            -85.038736,
                            38.573454
                        ],
                        [
                            -85.03199,
                            38.569841
                        ],
                        [
                            -85.025146,
                            38.567477
                        ],
                        [
                            -85.017035,
                            38.563862
                        ],
                        [
                            -85.011897,
                            38.562608
                        ],
                        [
                            -85.009185,
                            38.561124
                        ],
                        [
                            -85.006288,
                            38.557047
                        ],
                        [
                            -85.00264,
                            38.554011
                        ],
                        [
                            -85.003549,
                            38.551441
                        ],
                        [
                            -85.010069,
                            38.549421
                        ],
                        [
                            -85.012303,
                            38.54781
                        ],
                        [
                            -85.012892,
                            38.540593
                        ],
                        [
                            -85.014111,
                            38.537392
                        ],
                        [
                            -85.021317,
                            38.528711
                        ],
                        [
                            -85.025295,
                            38.523448
                        ],
                        [
                            -85.02708,
                            38.517535
                        ],
                        [
                            -85.029183,
                            38.513565
                        ],
                        [
                            -85.029888,
                            38.510765
                        ],
                        [
                            -85.028578,
                            38.506657
                        ],
                        [
                            -85.024129,
                            38.504347
                        ],
                        [
                            -85.019245,
                            38.503918
                        ],
                        [
                            -85.017363,
                            38.504751
                        ],
                        [
                            -85.013695,
                            38.508348
                        ],
                        [
                            -85.007173,
                            38.513923
                        ],
                        [
                            -85.003279,
                            38.516073
                        ],
                        [
                            -84.995602,
                            38.518055
                        ],
                        [
                            -84.985026,
                            38.518405
                        ],
                        [
                            -84.981156,
                            38.517757
                        ],
                        [
                            -84.979072,
                            38.516329
                        ],
                        [
                            -84.977166,
                            38.512989
                        ],
                        [
                            -84.987936,
                            38.502515
                        ],
                        [
                            -84.989521,
                            38.500519
                        ],
                        [
                            -84.992159,
                            38.495293
                        ],
                        [
                            -84.992419,
                            38.493274
                        ],
                        [
                            -84.991422,
                            38.489347
                        ],
                        [
                            -84.988781,
                            38.487085
                        ],
                        [
                            -84.978759,
                            38.484804
                        ],
                        [
                            -84.96844,
                            38.480777
                        ],
                        [
                            -84.956842,
                            38.473646
                        ],
                        [
                            -84.954573,
                            38.470957
                        ],
                        [
                            -84.952147,
                            38.465009
                        ],
                        [
                            -84.951452,
                            38.460022
                        ],
                        [
                            -84.95181,
                            38.456992
                        ],
                        [
                            -84.955195,
                            38.452203
                        ],
                        [
                            -84.956986,
                            38.44526
                        ],
                        [
                            -84.96311,
                            38.437658
                        ],
                        [
                            -84.962687,
                            38.435794
                        ],
                        [
                            -84.957041,
                            38.429897
                        ],
                        [
                            -84.954397,
                            38.427837
                        ],
                        [
                            -84.949835,
                            38.42618
                        ],
                        [
                            -84.944294,
                            38.426295
                        ],
                        [
                            -84.939253,
                            38.427797
                        ],
                        [
                            -84.937531,
                            38.431817
                        ],
                        [
                            -84.938347,
                            38.447056
                        ],
                        [
                            -84.938189,
                            38.450414
                        ],
                        [
                            -84.936237,
                            38.455101
                        ],
                        [
                            -84.932548,
                            38.45919
                        ],
                        [
                            -84.928986,
                            38.461993
                        ],
                        [
                            -84.922642,
                            38.464538
                        ],
                        [
                            -84.914874,
                            38.461824
                        ],
                        [
                            -84.91223,
                            38.459844
                        ],
                        [
                            -84.909628,
                            38.454859
                        ],
                        [
                            -84.908995,
                            38.451546
                        ],
                        [
                            -84.909846,
                            38.449384
                        ],
                        [
                            -84.916506,
                            38.445624
                        ],
                        [
                            -84.925023,
                            38.441824
                        ],
                        [
                            -84.927355,
                            38.439072
                        ],
                        [
                            -84.928133,
                            38.436278
                        ],
                        [
                            -84.926611,
                            38.432098
                        ],
                        [
                            -84.924715,
                            38.431176
                        ],
                        [
                            -84.916424,
                            38.430799
                        ],
                        [
                            -84.910223,
                            38.427716
                        ],
                        [
                            -84.895832,
                            38.424854
                        ],
                        [
                            -84.882153,
                            38.420142
                        ],
                        [
                            -84.879939,
                            38.418553
                        ],
                        [
                            -84.880248,
                            38.41618
                        ],
                        [
                            -84.882316,
                            38.413
                        ],
                        [
                            -84.886372,
                            38.408207
                        ],
                        [
                            -84.888485,
                            38.401996
                        ],
                        [
                            -84.889601,
                            38.400223
                        ],
                        [
                            -84.894788,
                            38.39459
                        ],
                        [
                            -84.897591,
                            38.389558
                        ],
                        [
                            -84.897654,
                            38.383491
                        ],
                        [
                            -84.898649,
                            38.378967
                        ],
                        [
                            -84.897367,
                            38.377119
                        ],
                        [
                            -84.894369,
                            38.375308
                        ],
                        [
                            -84.884884,
                            38.374363
                        ],
                        [
                            -84.875864,
                            38.372857
                        ],
                        [
                            -84.871231,
                            38.370989
                        ],
                        [
                            -84.86835,
                            38.368643
                        ],
                        [
                            -84.866981,
                            38.36545
                        ],
                        [
                            -84.867062,
                            38.361992
                        ],
                        [
                            -84.868681,
                            38.357646
                        ],
                        [
                            -84.870482,
                            38.356751
                        ],
                        [
                            -84.870088,
                            38.356334
                        ],
                        [
                            -84.859597,
                            38.356611
                        ],
                        [
                            -84.857762,
                            38.357055
                        ],
                        [
                            -84.855189,
                            38.355499
                        ],
                        [
                            -84.849015,
                            38.354638
                        ],
                        [
                            -84.839909,
                            38.35626
                        ],
                        [
                            -84.838419,
                            38.356926
                        ],
                        [
                            -84.832059,
                            38.350751
                        ],
                        [
                            -84.830519,
                            38.350859
                        ],
                        [
                            -84.827141,
                            38.348189
                        ],
                        [
                            -84.824089,
                            38.348303
                        ],
                        [
                            -84.821853,
                            38.349599
                        ],
                        [
                            -84.818451,
                            38.347792
                        ],
                        [
                            -84.815898,
                            38.347962
                        ],
                        [
                            -84.812504,
                            38.34993
                        ],
                        [
                            -84.808952,
                            38.349332
                        ],
                        [
                            -84.803387,
                            38.346827
                        ],
                        [
                            -84.801712,
                            38.344409
                        ],
                        [
                            -84.798533,
                            38.343007
                        ],
                        [
                            -84.796721,
                            38.340223
                        ],
                        [
                            -84.793228,
                            38.338505
                        ],
                        [
                            -84.746226,
                            38.349481
                        ],
                        [
                            -84.740594,
                            38.352415
                        ],
                        [
                            -84.705988,
                            38.370102
                        ],
                        [
                            -84.64946,
                            38.416567
                        ],
                        [
                            -84.625571,
                            38.429914
                        ],
                        [
                            -84.623583,
                            38.431191
                        ],
                        [
                            -84.580539,
                            38.473039
                        ],
                        [
                            -84.560674,
                            38.492378
                        ],
                        [
                            -84.557375,
                            38.492917
                        ],
                        [
                            -84.551883,
                            38.493221
                        ],
                        [
                            -84.548241,
                            38.496371
                        ],
                        [
                            -84.543292,
                            38.49738
                        ],
                        [
                            -84.54281,
                            38.499298
                        ],
                        [
                            -84.53539,
                            38.500831
                        ],
                        [
                            -84.53371,
                            38.503306
                        ],
                        [
                            -84.530935,
                            38.503189
                        ],
                        [
                            -84.527472,
                            38.50571
                        ],
                        [
                            -84.523664,
                            38.505644
                        ],
                        [
                            -84.521393,
                            38.508299
                        ],
                        [
                            -84.517096,
                            38.507906
                        ],
                        [
                            -84.513017,
                            38.508843
                        ],
                        [
                            -84.509139,
                            38.507432
                        ],
                        [
                            -84.505887,
                            38.508438
                        ],
                        [
                            -84.506095,
                            38.510083
                        ],
                        [
                            -84.502771,
                            38.511984
                        ],
                        [
                            -84.50058,
                            38.511344
                        ],
                        [
                            -84.495873,
                            38.512207
                        ],
                        [
                            -84.485295,
                            38.508552
                        ],
                        [
                            -84.476299,
                            38.542723
                        ],
                        [
                            -84.472188,
                            38.54399
                        ],
                        [
                            -84.470604,
                            38.541857
                        ],
                        [
                            -84.469522,
                            38.537981
                        ],
                        [
                            -84.467092,
                            38.536487
                        ],
                        [
                            -84.46257,
                            38.534858
                        ],
                        [
                            -84.458991,
                            38.536776
                        ],
                        [
                            -84.456142,
                            38.534853
                        ],
                        [
                            -84.457243,
                            38.531989
                        ],
                        [
                            -84.455028,
                            38.530721
                        ],
                        [
                            -84.452635,
                            38.531025
                        ],
                        [
                            -84.449327,
                            38.533408
                        ],
                        [
                            -84.448343,
                            38.53658
                        ],
                        [
                            -84.442254,
                            38.537254
                        ],
                        [
                            -84.439419,
                            38.536462
                        ],
                        [
                            -84.435091,
                            38.536638
                        ],
                        [
                            -84.432974,
                            38.534271
                        ],
                        [
                            -84.432773,
                            38.539168
                        ],
                        [
                            -84.430911,
                            38.539731
                        ],
                        [
                            -84.427842,
                            38.538902
                        ],
                        [
                            -84.42557,
                            38.539834
                        ],
                        [
                            -84.423945,
                            38.541938
                        ],
                        [
                            -84.420167,
                            38.542216
                        ],
                        [
                            -84.419285,
                            38.543435
                        ],
                        [
                            -84.422003,
                            38.545666
                        ],
                        [
                            -84.426638,
                            38.545156
                        ],
                        [
                            -84.427891,
                            38.546463
                        ],
                        [
                            -84.42444,
                            38.550045
                        ],
                        [
                            -84.420737,
                            38.550472
                        ],
                        [
                            -84.420388,
                            38.552118
                        ],
                        [
                            -84.425515,
                            38.555263
                        ],
                        [
                            -84.425171,
                            38.558449
                        ],
                        [
                            -84.420073,
                            38.557306
                        ],
                        [
                            -84.414983,
                            38.559581
                        ],
                        [
                            -84.412442,
                            38.564656
                        ],
                        [
                            -84.410646,
                            38.565719
                        ],
                        [
                            -84.407449,
                            38.565829
                        ],
                        [
                            -84.403667,
                            38.56493
                        ],
                        [
                            -84.401048,
                            38.562984
                        ],
                        [
                            -84.400321,
                            38.560603
                        ],
                        [
                            -84.37304,
                            38.563589
                        ],
                        [
                            -84.274192,
                            38.57428
                        ],
                        [
                            -84.205346,
                            38.582039
                        ],
                        [
                            -84.204286,
                            38.581189
                        ],
                        [
                            -84.2016,
                            38.569728
                        ],
                        [
                            -84.201834,
                            38.567202
                        ],
                        [
                            -84.20401,
                            38.563961
                        ],
                        [
                            -84.207947,
                            38.563199
                        ],
                        [
                            -84.21444,
                            38.562813
                        ],
                        [
                            -84.217198,
                            38.560874
                        ],
                        [
                            -84.217814,
                            38.559092
                        ],
                        [
                            -84.215625,
                            38.554976
                        ],
                        [
                            -84.211319,
                            38.550864
                        ],
                        [
                            -84.20895,
                            38.549929
                        ],
                        [
                            -84.207149,
                            38.551341
                        ],
                        [
                            -84.198575,
                            38.550852
                        ],
                        [
                            -84.193317,
                            38.553592
                        ],
                        [
                            -84.189875,
                            38.552545
                        ],
                        [
                            -84.185396,
                            38.555523
                        ],
                        [
                            -84.182333,
                            38.55617
                        ],
                        [
                            -84.179633,
                            38.558448
                        ],
                        [
                            -84.174458,
                            38.558477
                        ],
                        [
                            -84.173102,
                            38.557534
                        ],
                        [
                            -84.167636,
                            38.558959
                        ],
                        [
                            -84.164851,
                            38.557153
                        ],
                        [
                            -84.162031,
                            38.554125
                        ],
                        [
                            -84.155601,
                            38.553982
                        ],
                        [
                            -84.154159,
                            38.551208
                        ],
                        [
                            -84.151693,
                            38.550031
                        ],
                        [
                            -84.149666,
                            38.550748
                        ],
                        [
                            -84.146365,
                            38.549802
                        ],
                        [
                            -84.142909,
                            38.550934
                        ],
                        [
                            -84.138753,
                            38.553477
                        ],
                        [
                            -84.136031,
                            38.554253
                        ],
                        [
                            -84.13633,
                            38.556382
                        ],
                        [
                            -84.133425,
                            38.558166
                        ],
                        [
                            -84.130986,
                            38.558341
                        ],
                        [
                            -84.127552,
                            38.561036
                        ],
                        [
                            -84.125868,
                            38.561265
                        ],
                        [
                            -84.122315,
                            38.564155
                        ],
                        [
                            -84.124813,
                            38.568465
                        ],
                        [
                            -84.122596,
                            38.570136
                        ],
                        [
                            -84.114422,
                            38.571097
                        ],
                        [
                            -84.109625,
                            38.575474
                        ],
                        [
                            -84.108932,
                            38.57834
                        ],
                        [
                            -84.107515,
                            38.580012
                        ],
                        [
                            -84.103744,
                            38.580437
                        ],
                        [
                            -84.102296,
                            38.581572
                        ],
                        [
                            -84.105093,
                            38.585053
                        ],
                        [
                            -84.104477,
                            38.586288
                        ],
                        [
                            -84.096368,
                            38.588376
                        ],
                        [
                            -84.095209,
                            38.591982
                        ],
                        [
                            -84.090769,
                            38.59544
                        ],
                        [
                            -84.083512,
                            38.597737
                        ],
                        [
                            -84.082486,
                            38.600981
                        ],
                        [
                            -84.084851,
                            38.605536
                        ],
                        [
                            -84.084953,
                            38.607521
                        ],
                        [
                            -84.082466,
                            38.608175
                        ],
                        [
                            -84.079655,
                            38.6051
                        ],
                        [
                            -84.078522,
                            38.602842
                        ],
                        [
                            -84.07856,
                            38.598735
                        ],
                        [
                            -84.074408,
                            38.598636
                        ],
                        [
                            -84.06993,
                            38.602496
                        ],
                        [
                            -84.06744,
                            38.603767
                        ],
                        [
                            -84.066013,
                            38.602002
                        ],
                        [
                            -84.067799,
                            38.599727
                        ],
                        [
                            -84.066356,
                            38.597488
                        ],
                        [
                            -84.061955,
                            38.599413
                        ],
                        [
                            -84.058472,
                            38.597407
                        ],
                        [
                            -84.060892,
                            38.593468
                        ],
                        [
                            -84.060756,
                            38.592274
                        ],
                        [
                            -84.057328,
                            38.591346
                        ],
                        [
                            -84.05482,
                            38.593355
                        ],
                        [
                            -84.053466,
                            38.596785
                        ],
                        [
                            -84.054871,
                            38.599361
                        ],
                        [
                            -84.05136,
                            38.602115
                        ],
                        [
                            -84.049551,
                            38.60257
                        ],
                        [
                            -84.046147,
                            38.60129
                        ],
                        [
                            -84.044453,
                            38.596945
                        ],
                        [
                            -84.045854,
                            38.594413
                        ],
                        [
                            -84.049375,
                            38.594988
                        ],
                        [
                            -84.051569,
                            38.593724
                        ],
                        [
                            -84.052206,
                            38.591352
                        ],
                        [
                            -84.048833,
                            38.590538
                        ],
                        [
                            -84.044825,
                            38.593004
                        ],
                        [
                            -84.039407,
                            38.594943
                        ],
                        [
                            -84.037251,
                            38.596277
                        ],
                        [
                            -84.034002,
                            38.596595
                        ],
                        [
                            -84.032205,
                            38.59563
                        ],
                        [
                            -84.033189,
                            38.592362
                        ],
                        [
                            -84.031932,
                            38.590624
                        ],
                        [
                            -84.033695,
                            38.582947
                        ],
                        [
                            -84.027857,
                            38.582456
                        ],
                        [
                            -84.023322,
                            38.584175
                        ],
                        [
                            -84.023613,
                            38.586912
                        ],
                        [
                            -84.025299,
                            38.589973
                        ],
                        [
                            -84.024986,
                            38.591685
                        ],
                        [
                            -84.021929,
                            38.594211
                        ],
                        [
                            -84.018161,
                            38.594458
                        ],
                        [
                            -84.015784,
                            38.590528
                        ],
                        [
                            -84.016826,
                            38.587815
                        ],
                        [
                            -84.020055,
                            38.586213
                        ],
                        [
                            -84.018628,
                            38.583965
                        ],
                        [
                            -84.015032,
                            38.583621
                        ],
                        [
                            -84.009052,
                            38.584752
                        ],
                        [
                            -84.006113,
                            38.589618
                        ],
                        [
                            -84.002354,
                            38.589576
                        ],
                        [
                            -83.999017,
                            38.586175
                        ],
                        [
                            -83.997136,
                            38.583307
                        ],
                        [
                            -83.994317,
                            38.585536
                        ],
                        [
                            -83.992557,
                            38.590198
                        ],
                        [
                            -83.993038,
                            38.592675
                        ],
                        [
                            -83.991605,
                            38.593701
                        ],
                        [
                            -83.988857,
                            38.593815
                        ],
                        [
                            -83.987496,
                            38.592289
                        ],
                        [
                            -83.988659,
                            38.589828
                        ],
                        [
                            -83.984226,
                            38.590628
                        ],
                        [
                            -83.977604,
                            38.588935
                        ],
                        [
                            -83.973741,
                            38.589304
                        ],
                        [
                            -83.971212,
                            38.587612
                        ],
                        [
                            -83.971517,
                            38.585088
                        ],
                        [
                            -83.974428,
                            38.584438
                        ],
                        [
                            -83.974524,
                            38.582634
                        ],
                        [
                            -83.96967,
                            38.582054
                        ],
                        [
                            -83.9683,
                            38.58277
                        ],
                        [
                            -83.964995,
                            38.55981
                        ],
                        [
                            -83.960936,
                            38.532713
                        ],
                        [
                            -83.942271,
                            38.50451
                        ],
                        [
                            -83.930348,
                            38.492278
                        ],
                        [
                            -83.85928,
                            38.456348
                        ],
                        [
                            -83.755933,
                            38.492345
                        ],
                        [
                            -83.745511,
                            38.493898
                        ],
                        [
                            -83.73461,
                            38.498312
                        ],
                        [
                            -83.721744,
                            38.503982
                        ],
                        [
                            -83.641852,
                            38.525381
                        ],
                        [
                            -83.63491,
                            38.561491
                        ],
                        [
                            -83.624596,
                            38.611425
                        ],
                        [
                            -83.640408,
                            38.634921
                        ],
                        [
                            -83.644977,
                            38.636363
                        ],
                        [
                            -83.6450791115271,
                            38.63622470093412
                        ],
                        [
                            -83.644651,
                            38.636889
                        ],
                        [
                            -83.64266,
                            38.641989
                        ],
                        [
                            -83.641594,
                            38.644067
                        ],
                        [
                            -83.641376,
                            38.645416
                        ],
                        [
                            -83.638816,
                            38.653689
                        ],
                        [
                            -83.638918,
                            38.654624
                        ],
                        [
                            -83.638333,
                            38.65949
                        ],
                        [
                            -83.6376,
                            38.662554
                        ],
                        [
                            -83.637167,
                            38.665361
                        ],
                        [
                            -83.636491,
                            38.667346
                        ],
                        [
                            -83.634901,
                            38.670426
                        ],
                        [
                            -83.632061,
                            38.673903
                        ],
                        [
                            -83.627356,
                            38.677825
                        ],
                        [
                            -83.624461,
                            38.679426
                        ],
                        [
                            -83.617498,
                            38.68269
                        ],
                        [
                            -83.614576,
                            38.683839
                        ],
                        [
                            -83.611516,
                            38.684653
                        ],
                        [
                            -83.608525,
                            38.684967
                        ],
                        [
                            -83.604027,
                            38.684563
                        ],
                        [
                            -83.601861,
                            38.683981
                        ],
                        [
                            -83.601071,
                            38.68424
                        ],
                        [
                            -83.599082,
                            38.685959
                        ],
                        [
                            -83.594378,
                            38.68769
                        ],
                        [
                            -83.593146,
                            38.68841
                        ],
                        [
                            -83.589628,
                            38.689223
                        ],
                        [
                            -83.584202,
                            38.689828
                        ],
                        [
                            -83.581166,
                            38.690696
                        ],
                        [
                            -83.573912,
                            38.691933
                        ],
                        [
                            -83.568337,
                            38.693185
                        ],
                        [
                            -83.563346,
                            38.695046
                        ],
                        [
                            -83.559278,
                            38.696096
                        ],
                        [
                            -83.555233,
                            38.697368
                        ],
                        [
                            -83.547558,
                            38.699362
                        ],
                        [
                            -83.54287,
                            38.700467
                        ],
                        [
                            -83.537385,
                            38.701391
                        ],
                        [
                            -83.533677,
                            38.702181
                        ],
                        [
                            -83.530022,
                            38.702631
                        ],
                        [
                            -83.5251,
                            38.702937
                        ],
                        [
                            -83.522842,
                            38.702728
                        ],
                        [
                            -83.520883,
                            38.703062
                        ],
                        [
                            -83.512815,
                            38.701791
                        ],
                        [
                            -83.508707,
                            38.700797
                        ],
                        [
                            -83.505665,
                            38.699773
                        ],
                        [
                            -83.496857,
                            38.696137
                        ],
                        [
                            -83.490286,
                            38.692706
                        ],
                        [
                            -83.486613,
                            38.690275
                        ],
                        [
                            -83.479835,
                            38.685117
                        ],
                        [
                            -83.477394,
                            38.683141
                        ],
                        [
                            -83.474066,
                            38.679889
                        ],
                        [
                            -83.471413,
                            38.677499
                        ],
                        [
                            -83.468949,
                            38.675893
                        ],
                        [
                            -83.467292,
                            38.675238
                        ],
                        [
                            -83.462182,
                            38.674211
                        ],
                        [
                            -83.459654,
                            38.673828
                        ],
                        [
                            -83.457237,
                            38.674002
                        ],
                        [
                            -83.455208,
                            38.673111
                        ],
                        [
                            -83.449948,
                            38.67153
                        ],
                        [
                            -83.447398,
                            38.670427
                        ],
                        [
                            -83.445399,
                            38.66999
                        ],
                        [
                            -83.438998,
                            38.669218
                        ],
                        [
                            -83.436083,
                            38.669203
                        ],
                        [
                            -83.430395,
                            38.668965
                        ],
                        [
                            -83.424508,
                            38.668572
                        ],
                        [
                            -83.421414,
                            38.668159
                        ],
                        [
                            -83.418555,
                            38.668116
                        ],
                        [
                            -83.419585,
                            38.667004
                        ],
                        [
                            -83.417179,
                            38.666885
                        ],
                        [
                            -83.414057,
                            38.666123
                        ],
                        [
                            -83.409821,
                            38.666794
                        ],
                        [
                            -83.408351,
                            38.666186
                        ],
                        [
                            -83.399105,
                            38.665195
                        ],
                        [
                            -83.394985,
                            38.664383
                        ],
                        [
                            -83.384858,
                            38.663111
                        ],
                        [
                            -83.383596,
                            38.662684
                        ],
                        [
                            -83.38157,
                            38.662523
                        ],
                        [
                            -83.376315,
                            38.661518
                        ],
                        [
                            -83.3742,
                            38.660773
                        ],
                        [
                            -83.372436,
                            38.660616
                        ],
                        [
                            -83.371215,
                            38.659918
                        ],
                        [
                            -83.36929,
                            38.659588
                        ],
                        [
                            -83.362775,
                            38.65722
                        ],
                        [
                            -83.360346,
                            38.655849
                        ],
                        [
                            -83.357005,
                            38.654409
                        ],
                        [
                            -83.354876,
                            38.652729
                        ],
                        [
                            -83.351276,
                            38.651383
                        ],
                        [
                            -83.346491,
                            38.648667
                        ],
                        [
                            -83.34346,
                            38.647449
                        ],
                        [
                            -83.340756,
                            38.646022
                        ],
                        [
                            -83.330769,
                            38.639959
                        ],
                        [
                            -83.327566,
                            38.637675
                        ],
                        [
                            -83.326047,
                            38.635239
                        ],
                        [
                            -83.324907,
                            38.634356
                        ],
                        [
                            -83.323858,
                            38.632232
                        ],
                        [
                            -83.323228,
                            38.63205
                        ],
                        [
                            -83.322271,
                            38.630377
                        ],
                        [
                            -83.32073,
                            38.624998
                        ],
                        [
                            -83.320363,
                            38.622088
                        ],
                        [
                            -83.319956,
                            38.615269
                        ],
                        [
                            -83.319359,
                            38.612946
                        ],
                        [
                            -83.318002,
                            38.609976
                        ],
                        [
                            -83.3152,
                            38.606473
                        ],
                        [
                            -83.311035,
                            38.602986
                        ],
                        [
                            -83.308565,
                            38.601212
                        ],
                        [
                            -83.305912,
                            38.599746
                        ],
                        [
                            -83.302778,
                            38.59845
                        ],
                        [
                            -83.299037,
                            38.597374
                        ],
                        [
                            -83.29443,
                            38.596621
                        ],
                        [
                            -83.291485,
                            38.597104
                        ],
                        [
                            -83.288654,
                            38.598048
                        ],
                        [
                            -83.286534,
                            38.599278
                        ],
                        [
                            -83.284838,
                            38.600953
                        ],
                        [
                            -83.281876,
                            38.603209
                        ],
                        [
                            -83.280228,
                            38.604933
                        ],
                        [
                            -83.276185,
                            38.608651
                        ],
                        [
                            -83.274685,
                            38.609664
                        ],
                        [
                            -83.272806,
                            38.611377
                        ],
                        [
                            -83.270182,
                            38.614083
                        ],
                        [
                            -83.268755,
                            38.614918
                        ],
                        [
                            -83.268142,
                            38.616081
                        ],
                        [
                            -83.267564,
                            38.618411
                        ],
                        [
                            -83.268245,
                            38.618529
                        ],
                        [
                            -83.268207,
                            38.621918
                        ],
                        [
                            -83.268328,
                            38.631167
                        ],
                        [
                            -83.268263,
                            38.639994
                        ],
                        [
                            -83.268301,
                            38.646852
                        ],
                        [
                            -83.268276,
                            38.660309
                        ],
                        [
                            -83.268191,
                            38.664549
                        ],
                        [
                            -83.268265,
                            38.681181
                        ],
                        [
                            -83.268214,
                            38.690176
                        ],
                        [
                            -83.26824,
                            38.705706
                        ],
                        [
                            -83.268141,
                            38.713522
                        ],
                        [
                            -83.268234,
                            38.725695
                        ],
                        [
                            -83.268207,
                            38.742787
                        ],
                        [
                            -83.268078,
                            38.750309
                        ],
                        [
                            -83.268085,
                            38.780029
                        ],
                        [
                            -83.268235,
                            38.791511
                        ],
                        [
                            -83.268534,
                            38.879107
                        ],
                        [
                            -83.269307,
                            38.937858
                        ],
                        [
                            -83.269791,
                            38.973839
                        ],
                        [
                            -83.270568,
                            39.00008
                        ],
                        [
                            -83.270817,
                            39.015791
                        ],
                        [
                            -83.272101,
                            39.01752
                        ],
                        [
                            -83.273449,
                            39.018442
                        ],
                        [
                            -83.275042,
                            39.020339
                        ],
                        [
                            -83.278424,
                            39.021698
                        ],
                        [
                            -83.279644,
                            39.02153
                        ],
                        [
                            -83.280705,
                            39.022082
                        ],
                        [
                            -83.282162,
                            39.023929
                        ],
                        [
                            -83.285466,
                            39.023988
                        ],
                        [
                            -83.28629,
                            39.024601
                        ],
                        [
                            -83.287131,
                            39.026642
                        ],
                        [
                            -83.288087,
                            39.027748
                        ],
                        [
                            -83.288131,
                            39.029845
                        ],
                        [
                            -83.291353,
                            39.030455
                        ],
                        [
                            -83.294007,
                            39.033342
                        ],
                        [
                            -83.295647,
                            39.033836
                        ],
                        [
                            -83.297211,
                            39.035668
                        ],
                        [
                            -83.298635,
                            39.03567
                        ],
                        [
                            -83.300036,
                            39.036792
                        ],
                        [
                            -83.301409,
                            39.036963
                        ],
                        [
                            -83.303075,
                            39.039053
                        ],
                        [
                            -83.306426,
                            39.040725
                        ],
                        [
                            -83.30811,
                            39.04026
                        ],
                        [
                            -83.308924,
                            39.041292
                        ],
                        [
                            -83.310418,
                            39.042374
                        ],
                        [
                            -83.310529,
                            39.04322
                        ],
                        [
                            -83.308801,
                            39.044694
                        ],
                        [
                            -83.309428,
                            39.045993
                        ],
                        [
                            -83.312963,
                            39.046736
                        ],
                        [
                            -83.31377,
                            39.047828
                        ],
                        [
                            -83.314589,
                            39.052195
                        ],
                        [
                            -83.325965,
                            39.052822
                        ],
                        [
                            -83.343052,
                            39.053281
                        ],
                        [
                            -83.35284,
                            39.053632
                        ],
                        [
                            -83.369042,
                            39.054323
                        ],
                        [
                            -83.374912,
                            39.054535
                        ],
                        [
                            -83.385637,
                            39.055197
                        ],
                        [
                            -83.37762,
                            39.088619
                        ],
                        [
                            -83.374912,
                            39.100048
                        ],
                        [
                            -83.374911,
                            39.100405
                        ],
                        [
                            -83.369329,
                            39.125067
                        ],
                        [
                            -83.367983,
                            39.130566
                        ],
                        [
                            -83.364333,
                            39.149419
                        ],
                        [
                            -83.359402,
                            39.171461
                        ],
                        [
                            -83.357712,
                            39.178868
                        ],
                        [
                            -83.354835,
                            39.192044
                        ],
                        [
                            -83.353531,
                            39.197585
                        ],
                        [
                            -83.350102,
                            39.211117
                        ],
                        [
                            -83.346848,
                            39.222729
                        ],
                        [
                            -83.345845,
                            39.226054
                        ],
                        [
                            -83.343479,
                            39.233216
                        ],
                        [
                            -83.346847,
                            39.23268
                        ],
                        [
                            -83.347847,
                            39.232847
                        ],
                        [
                            -83.347061,
                            39.236739
                        ],
                        [
                            -83.345967,
                            39.239168
                        ],
                        [
                            -83.346007,
                            39.242528
                        ],
                        [
                            -83.346895,
                            39.244524
                        ],
                        [
                            -83.346991,
                            39.245458
                        ],
                        [
                            -83.346247,
                            39.247674
                        ],
                        [
                            -83.345248,
                            39.248281
                        ],
                        [
                            -83.344882,
                            39.250103
                        ],
                        [
                            -83.345741,
                            39.25171
                        ],
                        [
                            -83.346628,
                            39.252661
                        ],
                        [
                            -83.347974,
                            39.252835
                        ],
                        [
                            -83.352988,
                            39.251483
                        ],
                        [
                            -83.355745,
                            39.250065
                        ],
                        [
                            -83.355979,
                            39.249316
                        ],
                        [
                            -83.355521,
                            39.247684
                        ],
                        [
                            -83.357001,
                            39.245134
                        ],
                        [
                            -83.359419,
                            39.242216
                        ],
                        [
                            -83.361009,
                            39.240957
                        ],
                        [
                            -83.362351,
                            39.240576
                        ],
                        [
                            -83.365739,
                            39.241706
                        ],
                        [
                            -83.36885,
                            39.243527
                        ],
                        [
                            -83.370492,
                            39.24506
                        ],
                        [
                            -83.371866,
                            39.247373
                        ],
                        [
                            -83.373886,
                            39.248464
                        ],
                        [
                            -83.377184,
                            39.248485
                        ],
                        [
                            -83.378507,
                            39.249066
                        ],
                        [
                            -83.381125,
                            39.249618
                        ],
                        [
                            -83.381333,
                            39.251634
                        ],
                        [
                            -83.379648,
                            39.253587
                        ],
                        [
                            -83.378192,
                            39.25651
                        ],
                        [
                            -83.378029,
                            39.258607
                        ],
                        [
                            -83.380044,
                            39.26161
                        ],
                        [
                            -83.381734,
                            39.26274
                        ],
                        [
                            -83.38668,
                            39.263715
                        ],
                        [
                            -83.391811,
                            39.266038
                        ],
                        [
                            -83.393511,
                            39.267272
                        ],
                        [
                            -83.393852,
                            39.268605
                        ],
                        [
                            -83.393621,
                            39.270121
                        ],
                        [
                            -83.394005,
                            39.272592
                        ],
                        [
                            -83.393167,
                            39.274858
                        ],
                        [
                            -83.390969,
                            39.276129
                        ],
                        [
                            -83.388684,
                            39.276611
                        ],
                        [
                            -83.384861,
                            39.277675
                        ],
                        [
                            -83.383087,
                            39.277794
                        ],
                        [
                            -83.381297,
                            39.278361
                        ],
                        [
                            -83.381106,
                            39.279328
                        ],
                        [
                            -83.382141,
                            39.284119
                        ],
                        [
                            -83.38159,
                            39.285496
                        ],
                        [
                            -83.378511,
                            39.288064
                        ],
                        [
                            -83.376629,
                            39.290944
                        ],
                        [
                            -83.377099,
                            39.292754
                        ],
                        [
                            -83.379124,
                            39.293612
                        ],
                        [
                            -83.380429,
                            39.293581
                        ],
                        [
                            -83.381844,
                            39.29401
                        ],
                        [
                            -83.382345,
                            39.294789
                        ],
                        [
                            -83.382655,
                            39.296541
                        ],
                        [
                            -83.383125,
                            39.297216
                        ],
                        [
                            -83.382784,
                            39.30214
                        ],
                        [
                            -83.3821,
                            39.303165
                        ],
                        [
                            -83.381975,
                            39.304863
                        ],
                        [
                            -83.383731,
                            39.30748
                        ],
                        [
                            -83.384774,
                            39.30848
                        ],
                        [
                            -83.383733,
                            39.310955
                        ],
                        [
                            -83.383895,
                            39.31231
                        ],
                        [
                            -83.383327,
                            39.313964
                        ],
                        [
                            -83.383342,
                            39.316607
                        ],
                        [
                            -83.385066,
                            39.317856
                        ],
                        [
                            -83.386023,
                            39.31949
                        ],
                        [
                            -83.38699,
                            39.322018
                        ],
                        [
                            -83.386812,
                            39.323359
                        ],
                        [
                            -83.38586,
                            39.326063
                        ],
                        [
                            -83.383098,
                            39.326973
                        ],
                        [
                            -83.383228,
                            39.329392
                        ],
                        [
                            -83.383959,
                            39.331167
                        ],
                        [
                            -83.383674,
                            39.334342
                        ],
                        [
                            -83.382781,
                            39.335782
                        ],
                        [
                            -83.382739,
                            39.337352
                        ],
                        [
                            -83.382229,
                            39.3393
                        ],
                        [
                            -83.379249,
                            39.341803
                        ],
                        [
                            -83.378354,
                            39.343191
                        ],
                        [
                            -83.377477,
                            39.343714
                        ],
                        [
                            -83.376611,
                            39.345385
                        ],
                        [
                            -83.375308,
                            39.347138
                        ],
                        [
                            -83.375048,
                            39.348281
                        ],
                        [
                            -83.377346,
                            39.353046
                        ],
                        [
                            -83.378142,
                            39.354146
                        ],
                        [
                            -83.379841,
                            39.355248
                        ],
                        [
                            -83.380254,
                            39.356608
                        ],
                        [
                            -83.380028,
                            39.357561
                        ],
                        [
                            -83.37856,
                            39.359865
                        ],
                        [
                            -83.377978,
                            39.361498
                        ],
                        [
                            -83.376814,
                            39.362944
                        ],
                        [
                            -83.376762,
                            39.363653
                        ],
                        [
                            -83.375685,
                            39.365052
                        ],
                        [
                            -83.374115,
                            39.367751
                        ],
                        [
                            -83.373402,
                            39.368579
                        ],
                        [
                            -83.373885,
                            39.370935
                        ],
                        [
                            -83.374517,
                            39.371995
                        ],
                        [
                            -83.374799,
                            39.373902
                        ],
                        [
                            -83.374577,
                            39.37484
                        ],
                        [
                            -83.372436,
                            39.376696
                        ],
                        [
                            -83.372714,
                            39.377416
                        ],
                        [
                            -83.381593,
                            39.377587
                        ],
                        [
                            -83.392149,
                            39.37758
                        ],
                        [
                            -83.425123,
                            39.377657
                        ],
                        [
                            -83.457289,
                            39.377772
                        ],
                        [
                            -83.472065,
                            39.377797
                        ],
                        [
                            -83.493674,
                            39.377901
                        ],
                        [
                            -83.501472,
                            39.37787
                        ],
                        [
                            -83.518058,
                            39.377985
                        ],
                        [
                            -83.540752,
                            39.37822
                        ],
                        [
                            -83.544856,
                            39.378303
                        ],
                        [
                            -83.573633,
                            39.378547
                        ],
                        [
                            -83.590878,
                            39.378736
                        ],
                        [
                            -83.588455,
                            39.406464
                        ],
                        [
                            -83.580782,
                            39.498869
                        ],
                        [
                            -83.580032,
                            39.504399
                        ],
                        [
                            -83.576286,
                            39.544547
                        ],
                        [
                            -83.584045,
                            39.545009
                        ],
                        [
                            -83.624268,
                            39.547717
                        ],
                        [
                            -83.624921,
                            39.547626
                        ],
                        [
                            -83.642234,
                            39.548541
                        ],
                        [
                            -83.654126,
                            39.549299
                        ],
                        [
                            -83.659119,
                            39.549557
                        ],
                        [
                            -83.670196,
                            39.550254
                        ],
                        [
                            -83.68901,
                            39.55145
                        ],
                        [
                            -83.696825,
                            39.551892
                        ],
                        [
                            -83.716725,
                            39.553131
                        ],
                        [
                            -83.723942,
                            39.553642
                        ],
                        [
                            -83.741208,
                            39.554689
                        ],
                        [
                            -83.769892,
                            39.556125
                        ],
                        [
                            -83.778183,
                            39.557021
                        ],
                        [
                            -83.788096,
                            39.557533
                        ],
                        [
                            -83.801075,
                            39.558489
                        ],
                        [
                            -83.806614,
                            39.558751
                        ],
                        [
                            -83.821786,
                            39.55977
                        ],
                        [
                            -83.837126,
                            39.560743
                        ],
                        [
                            -83.847935,
                            39.561326
                        ],
                        [
                            -83.858695,
                            39.56169
                        ],
                        [
                            -83.87864,
                            39.563211
                        ],
                        [
                            -83.885482,
                            39.563664
                        ],
                        [
                            -83.886009,
                            39.563584
                        ],
                        [
                            -83.903202,
                            39.564886
                        ],
                        [
                            -83.922507,
                            39.566194
                        ],
                        [
                            -83.932873,
                            39.566697
                        ],
                        [
                            -83.951446,
                            39.567681
                        ],
                        [
                            -83.952526,
                            39.567791
                        ],
                        [
                            -83.966361,
                            39.568482
                        ],
                        [
                            -83.973336,
                            39.568961
                        ],
                        [
                            -83.976987,
                            39.569402
                        ],
                        [
                            -83.987309,
                            39.570158
                        ],
                        [
                            -83.988038,
                            39.570106
                        ],
                        [
                            -84.000046,
                            39.570981
                        ],
                        [
                            -84.075953,
                            39.575883
                        ],
                        [
                            -84.095265,
                            39.57702
                        ],
                        [
                            -84.114174,
                            39.57823
                        ],
                        [
                            -84.133862,
                            39.579478
                        ],
                        [
                            -84.153529,
                            39.580777
                        ],
                        [
                            -84.17987,
                            39.582579
                        ],
                        [
                            -84.201513,
                            39.583957
                        ],
                        [
                            -84.204759,
                            39.584207
                        ],
                        [
                            -84.229849,
                            39.585863
                        ],
                        [
                            -84.237497,
                            39.586432
                        ],
                        [
                            -84.248538,
                            39.587088
                        ],
                        [
                            -84.269453,
                            39.588421
                        ],
                        [
                            -84.274193,
                            39.588806
                        ],
                        [
                            -84.286152,
                            39.589581
                        ],
                        [
                            -84.291289,
                            39.58954
                        ],
                        [
                            -84.324559,
                            39.589518
                        ],
                        [
                            -84.354514,
                            39.589457
                        ],
                        [
                            -84.365232,
                            39.589493
                        ],
                        [
                            -84.365242,
                            39.589855
                        ],
                        [
                            -84.412444,
                            39.589856
                        ],
                        [
                            -84.420542,
                            39.589955
                        ],
                        [
                            -84.435445,
                            39.590056
                        ],
                        [
                            -84.437943,
                            39.589957
                        ],
                        [
                            -84.448445,
                            39.589956
                        ],
                        [
                            -84.455345,
                            39.590056
                        ],
                        [
                            -84.463146,
                            39.589956
                        ],
                        [
                            -84.474246,
                            39.590155
                        ],
                        [
                            -84.479213,
                            39.591024
                        ],
                        [
                            -84.479011,
                            39.578678
                        ],
                        [
                            -84.478797,
                            39.578063
                        ],
                        [
                            -84.47908,
                            39.573844
                        ],
                        [
                            -84.478927,
                            39.56879
                        ],
                        [
                            -84.491218,
                            39.568523
                        ],
                        [
                            -84.497703,
                            39.568485
                        ],
                        [
                            -84.498016,
                            39.568283
                        ],
                        [
                            -84.510223,
                            39.568195
                        ],
                        [
                            -84.526496,
                            39.568016
                        ],
                        [
                            -84.54486,
                            39.567882
                        ],
                        [
                            -84.560218,
                            39.567714
                        ],
                        [
                            -84.579491,
                            39.567548
                        ],
                        [
                            -84.585811,
                            39.567564
                        ],
                        [
                            -84.629822,
                            39.56735
                        ],
                        [
                            -84.650372,
                            39.567365
                        ],
                        [
                            -84.685451,
                            39.56742
                        ],
                        [
                            -84.698802,
                            39.567495
                        ],
                        [
                            -84.715939,
                            39.567455
                        ],
                        [
                            -84.721641,
                            39.567565
                        ],
                        [
                            -84.727575,
                            39.56752
                        ],
                        [
                            -84.73983,
                            39.567241
                        ],
                        [
                            -84.750099,
                            39.566802
                        ],
                        [
                            -84.75785,
                            39.566806
                        ],
                        [
                            -84.759498,
                            39.5666
                        ],
                        [
                            -84.763092,
                            39.566604
                        ],
                        [
                            -84.770004,
                            39.567623
                        ],
                        [
                            -84.794563,
                            39.567691
                        ],
                        [
                            -84.814934,
                            39.567714
                        ],
                        [
                            -84.815155,
                            39.560551
                        ],
                        [
                            -84.815155,
                            39.548687
                        ],
                        [
                            -84.815353,
                            39.52195
                        ],
                        [
                            -84.848784,
                            39.523199
                        ],
                        [
                            -84.882039,
                            39.523569
                        ],
                        [
                            -84.929044,
                            39.524406
                        ],
                        [
                            -84.942176,
                            39.52423
                        ],
                        [
                            -84.953584,
                            39.524236
                        ],
                        [
                            -84.990668,
                            39.524061
                        ],
                        [
                            -85.000122,
                            39.524197
                        ],
                        [
                            -85.022818,
                            39.524382
                        ],
                        [
                            -85.022515,
                            39.526113
                        ],
                        [
                            -85.036087,
                            39.526213
                        ],
                        [
                            -85.057335,
                            39.526314
                        ],
                        [
                            -85.110861,
                            39.526683
                        ],
                        [
                            -85.125027,
                            39.526863
                        ],
                        [
                            -85.128481,
                            39.526651
                        ],
                        [
                            -85.138978,
                            39.526674
                        ],
                        [
                            -85.168532,
                            39.526303
                        ],
                        [
                            -85.22979,
                            39.525852
                        ],
                        [
                            -85.249861,
                            39.525596
                        ],
                        [
                            -85.296235,
                            39.525456
                        ],
                        [
                            -85.29811,
                            39.525476
                        ],
                        [
                            -85.298609,
                            39.525473
                        ],
                        [
                            -85.298623,
                            39.520258
                        ],
                        [
                            -85.298152,
                            39.500046
                        ],
                        [
                            -85.298124,
                            39.483186
                        ],
                        [
                            -85.297767,
                            39.46035
                        ],
                        [
                            -85.297575,
                            39.453275
                        ],
                        [
                            -85.326052,
                            39.453077
                        ],
                        [
                            -85.347751,
                            39.453066
                        ],
                        [
                            -85.362796,
                            39.45299
                        ],
                        [
                            -85.375185,
                            39.453098
                        ],
                        [
                            -85.385088,
                            39.45308
                        ],
                        [
                            -85.394592,
                            39.452867
                        ],
                        [
                            -85.404698,
                            39.453137
                        ],
                        [
                            -85.422565,
                            39.453126
                        ],
                        [
                            -85.441664,
                            39.453249
                        ],
                        [
                            -85.459784,
                            39.453187
                        ],
                        [
                            -85.460341,
                            39.452745
                        ],
                        [
                            -85.47857,
                            39.452895
                        ],
                        [
                            -85.485068,
                            39.452796
                        ],
                        [
                            -85.499969,
                            39.45284
                        ],
                        [
                            -85.529433,
                            39.452498
                        ],
                        [
                            -85.534955,
                            39.452653
                        ],
                        [
                            -85.572752,
                            39.452342
                        ],
                        [
                            -85.572809,
                            39.453206
                        ],
                        [
                            -85.587148,
                            39.453378
                        ],
                        [
                            -85.611058,
                            39.453345
                        ],
                        [
                            -85.628777,
                            39.452866
                        ],
                        [
                            -85.629327,
                            39.45275
                        ],
                        [
                            -85.62907,
                            39.439033
                        ],
                        [
                            -85.629938,
                            39.438253
                        ],
                        [
                            -85.630092,
                            39.426379
                        ],
                        [
                            -85.630277,
                            39.426151
                        ],
                        [
                            -85.630107,
                            39.416111
                        ],
                        [
                            -85.630244,
                            39.399253
                        ],
                        [
                            -85.630209,
                            39.386965
                        ],
                        [
                            -85.63063,
                            39.350205
                        ],
                        [
                            -85.668819,
                            39.350129
                        ],
                        [
                            -85.684515,
                            39.350049
                        ],
                        [
                            -85.684831,
                            39.334256
                        ],
                        [
                            -85.685342,
                            39.319472
                        ],
                        [
                            -85.685678,
                            39.31294
                        ],
                        [
                            -85.686693,
                            39.269636
                        ],
                        [
                            -85.686659,
                            39.261416
                        ],
                        [
                            -85.686976,
                            39.237142
                        ],
                        [
                            -85.687136,
                            39.2031
                        ],
                        [
                            -85.687296,
                            39.190505
                        ],
                        [
                            -85.686995,
                            39.144424
                        ],
                        [
                            -85.686783,
                            39.130859
                        ],
                        [
                            -85.697706,
                            39.13075
                        ],
                        [
                            -85.724294,
                            39.130691
                        ],
                        [
                            -85.743315,
                            39.130308
                        ],
                        [
                            -85.761758,
                            39.129464
                        ],
                        [
                            -85.762443,
                            39.129259
                        ],
                        [
                            -85.799834,
                            39.128897
                        ]
                    ],
                    [
                        [
                            -84.815649,
                            39.505248
                        ],
                        [
                            -84.815655,
                            39.493911
                        ],
                        [
                            -84.815754,
                            39.478652
                        ],
                        [
                            -84.815649,
                            39.505248
                        ]
                    ],
                    [
                        [
                            -84.815353,
                            39.52195
                        ],
                        [
                            -84.815455,
                            39.512952
                        ],
                        [
                            -84.815649,
                            39.505248
                        ],
                        [
                            -84.815353,
                            39.52195
                        ]
                    ],
                    [
                        [
                            -85.242885,
                            38.727104
                        ],
                        [
                            -85.238972,
                            38.722792
                        ],
                        [
                            -85.237359,
                            38.721447
                        ],
                        [
                            -85.235739,
                            38.719184
                        ],
                        [
                            -85.242885,
                            38.727104
                        ]
                    ],
                    [
                        [
                            -85.235692,
                            38.717732
                        ],
                        [
                            -85.232532,
                            38.714988
                        ],
                        [
                            -85.233134,
                            38.714206
                        ],
                        [
                            -85.235692,
                            38.717732
                        ]
                    ],
                    [
                        [
                            -85.1357559269993,
                            38.70095217303718
                        ],
                        [
                            -85.135055,
                            38.701546
                        ],
                        [
                            -85.13199,
                            38.702916
                        ],
                        [
                            -85.1357559269993,
                            38.70095217303718
                        ]
                    ],
                    [
                        [
                            -85.11197679049661,
                            38.71743872540631
                        ],
                        [
                            -85.110712,
                            38.718446
                        ],
                        [
                            -85.107085,
                            38.721045
                        ],
                        [
                            -85.11197679049661,
                            38.71743872540631
                        ]
                    ],
                    [
                        [
                            -85.107125,
                            38.721605
                        ],
                        [
                            -85.10418247016698,
                            38.723980760748915
                        ],
                        [
                            -85.107085,
                            38.721045
                        ],
                        [
                            -85.107125,
                            38.721605
                        ]
                    ],
                    [
                        [
                            -85.07749955670106,
                            38.73840001603664
                        ],
                        [
                            -85.076081,
                            38.739443
                        ],
                        [
                            -85.073036,
                            38.74104
                        ],
                        [
                            -85.07749955670106,
                            38.73840001603664
                        ]
                    ],
                    [
                        [
                            -85.073036,
                            38.74104
                        ],
                        [
                            -85.068415,
                            38.742635
                        ],
                        [
                            -85.06616740279522,
                            38.74318030013894
                        ],
                        [
                            -85.073036,
                            38.74104
                        ]
                    ],
                    [
                        [
                            -85.060164,
                            38.745051
                        ],
                        [
                            -85.055923,
                            38.747221
                        ],
                        [
                            -85.05480386568448,
                            38.74751744023716
                        ],
                        [
                            -85.060164,
                            38.745051
                        ]
                    ],
                    [
                        [
                            -85.048183,
                            38.750564
                        ],
                        [
                            -85.0461,
                            38.752177
                        ],
                        [
                            -85.040366,
                            38.755436
                        ],
                        [
                            -85.048183,
                            38.750564
                        ]
                    ],
                    [
                        [
                            -85.01889945407444,
                            38.76314080844526
                        ],
                        [
                            -85.017931,
                            38.763601
                        ],
                        [
                            -85.011703,
                            38.766235
                        ],
                        [
                            -85.01889945407444,
                            38.76314080844526
                        ]
                    ],
                    [
                        [
                            -84.929047,
                            38.779021
                        ],
                        [
                            -84.925455,
                            38.780794
                        ],
                        [
                            -84.92405416928703,
                            38.781161052298586
                        ],
                        [
                            -84.929047,
                            38.779021
                        ]
                    ],
                    [
                        [
                            -84.897314,
                            39.057482
                        ],
                        [
                            -84.896311,
                            39.057916
                        ],
                        [
                            -84.897178,
                            39.054407
                        ],
                        [
                            -84.897314,
                            39.057482
                        ]
                    ],
                    [
                        [
                            -84.897178,
                            39.054407
                        ],
                        [
                            -84.893549,
                            39.049481
                        ],
                        [
                            -84.896299,
                            39.052441
                        ],
                        [
                            -84.897178,
                            39.054407
                        ]
                    ],
                    [
                        [
                            -84.896311,
                            39.057916
                        ],
                        [
                            -84.895194,
                            39.060068
                        ],
                        [
                            -84.893595,
                            39.062061
                        ],
                        [
                            -84.896311,
                            39.057916
                        ]
                    ],
                    [
                        [
                            -84.893549,
                            39.049481
                        ],
                        [
                            -84.886971,
                            39.039149
                        ],
                        [
                            -84.892066,
                            39.046756
                        ],
                        [
                            -84.893549,
                            39.049481
                        ]
                    ],
                    [
                        [
                            -84.88536001635879,
                            39.06774964136465
                        ],
                        [
                            -84.884943,
                            39.068207
                        ],
                        [
                            -84.880927,
                            39.069852
                        ],
                        [
                            -84.88536001635879,
                            39.06774964136465
                        ]
                    ],
                    [
                        [
                            -84.878748,
                            38.912994
                        ],
                        [
                            -84.876169,
                            38.907924
                        ],
                        [
                            -84.877333,
                            38.909676
                        ],
                        [
                            -84.878748,
                            38.912994
                        ]
                    ],
                    [
                        [
                            -84.8779545452953,
                            39.031782487171974
                        ],
                        [
                            -84.877497,
                            39.031182
                        ],
                        [
                            -84.872407,
                            39.028288
                        ],
                        [
                            -84.87765,
                            39.031189
                        ],
                        [
                            -84.8779545452953,
                            39.031782487171974
                        ]
                    ],
                    [
                        [
                            -84.877934,
                            38.920149
                        ],
                        [
                            -84.87495,
                            38.924149
                        ],
                        [
                            -84.87414565786666,
                            38.924983750189604
                        ],
                        [
                            -84.877934,
                            38.920149
                        ]
                    ],
                    [
                        [
                            -84.876512,
                            38.792426
                        ],
                        [
                            -84.872768,
                            38.792197
                        ],
                        [
                            -84.861989,
                            38.791086
                        ],
                        [
                            -84.876512,
                            38.792426
                        ]
                    ],
                    [
                        [
                            -84.873076,
                            38.904666
                        ],
                        [
                            -84.8701606094211,
                            38.90058633712531
                        ],
                        [
                            -84.870623,
                            38.900906
                        ],
                        [
                            -84.873076,
                            38.904666
                        ]
                    ],
                    [
                        [
                            -84.872407,
                            39.028288
                        ],
                        [
                            -84.863583,
                            39.019343
                        ],
                        [
                            -84.865307,
                            39.020827
                        ],
                        [
                            -84.872407,
                            39.028288
                        ]
                    ],
                    [
                        [
                            -84.8694376943317,
                            38.90008656674462
                        ],
                        [
                            -84.866635,
                            38.898805
                        ],
                        [
                            -84.868663,
                            38.899551
                        ],
                        [
                            -84.8694376943317,
                            38.90008656674462
                        ]
                    ],
                    [
                        [
                            -84.849207,
                            39.08689
                        ],
                        [
                            -84.847059,
                            39.089553
                        ],
                        [
                            -84.844887,
                            39.091685
                        ],
                        [
                            -84.849207,
                            39.08689
                        ]
                    ],
                    [
                        [
                            -84.83952584926026,
                            39.09547552129077
                        ],
                        [
                            -84.838407,
                            39.096375
                        ],
                        [
                            -84.832435,
                            39.100489
                        ],
                        [
                            -84.83952584926026,
                            39.09547552129077
                        ]
                    ],
                    [
                        [
                            -84.828048,
                            39.102498
                        ],
                        [
                            -84.820155,
                            39.105419
                        ],
                        [
                            -84.82000407593681,
                            39.10543536658327
                        ],
                        [
                            -84.828048,
                            39.102498
                        ]
                    ],
                    [
                        [
                            -84.82667,
                            38.818016
                        ],
                        [
                            -84.821078,
                            38.811668
                        ],
                        [
                            -84.823221,
                            38.813738
                        ],
                        [
                            -84.82667,
                            38.818016
                        ]
                    ],
                    [
                        [
                            -84.821078,
                            38.811668
                        ],
                        [
                            -84.816489,
                            38.805239
                        ],
                        [
                            -84.818907,
                            38.808231
                        ],
                        [
                            -84.821078,
                            38.811668
                        ]
                    ],
                    [
                        [
                            -84.820013,
                            39.193736
                        ],
                        [
                            -84.819948,
                            39.182593
                        ],
                        [
                            -84.81993,
                            39.170513
                        ],
                        [
                            -84.820013,
                            39.193736
                        ]
                    ],
                    [
                        [
                            -84.81950713950867,
                            39.2797804241574
                        ],
                        [
                            -84.819277,
                            39.299029
                        ],
                        [
                            -84.819493,
                            39.280298
                        ],
                        [
                            -84.81950713950867,
                            39.2797804241574
                        ]
                    ],
                    [
                        [
                            -84.819078,
                            39.326902
                        ],
                        [
                            -84.818696,
                            39.352037
                        ],
                        [
                            -84.818864,
                            39.338599
                        ],
                        [
                            -84.819078,
                            39.326902
                        ]
                    ],
                    [
                        [
                            -84.818696,
                            39.352037
                        ],
                        [
                            -84.818474,
                            39.361847
                        ],
                        [
                            -84.81845,
                            39.359826
                        ],
                        [
                            -84.818696,
                            39.352037
                        ]
                    ],
                    [
                        [
                            -84.818474,
                            39.361847
                        ],
                        [
                            -84.81813724929825,
                            39.37213220013471
                        ],
                        [
                            -84.81812,
                            39.371521
                        ],
                        [
                            -84.818474,
                            39.361847
                        ]
                    ],
                    [
                        [
                            -84.81798111095931,
                            39.37690105156208
                        ],
                        [
                            -84.81792639245477,
                            39.37857229015886
                        ],
                        [
                            -84.817955,
                            39.377151
                        ],
                        [
                            -84.81798111095931,
                            39.37690105156208
                        ]
                    ],
                    [
                        [
                            -84.817675,
                            38.843127
                        ],
                        [
                            -84.81379,
                            38.845323
                        ],
                        [
                            -84.809029,
                            38.847327
                        ],
                        [
                            -84.817675,
                            38.843127
                        ]
                    ],
                    [
                        [
                            -84.813991,
                            38.800217
                        ],
                        [
                            -84.811599,
                            38.79196
                        ],
                        [
                            -84.812784,
                            38.795122
                        ],
                        [
                            -84.813991,
                            38.800217
                        ]
                    ],
                    [
                        [
                            -84.80912247797308,
                            38.89392830190854
                        ],
                        [
                            -84.801884,
                            38.891876
                        ],
                        [
                            -84.807923,
                            38.893513
                        ],
                        [
                            -84.80912247797308,
                            38.89392830190854
                        ]
                    ],
                    [
                        [
                            -84.809029,
                            38.847327
                        ],
                        [
                            -84.806327,
                            38.849157
                        ],
                        [
                            -84.802534,
                            38.851257
                        ],
                        [
                            -84.809029,
                            38.847327
                        ]
                    ],
                    [
                        [
                            -84.79993,
                            38.854267
                        ],
                        [
                            -84.796521,
                            38.856683
                        ],
                        [
                            -84.79532682186081,
                            38.85711091752852
                        ],
                        [
                            -84.79993,
                            38.854267
                        ]
                    ],
                    [
                        [
                            -84.78289414026496,
                            39.119585976720735
                        ],
                        [
                            -84.782537,
                            39.120174
                        ],
                        [
                            -84.77846,
                            39.124793
                        ],
                        [
                            -84.78289414026496,
                            39.119585976720735
                        ]
                    ],
                    [
                        [
                            -84.774102,
                            39.130763
                        ],
                        [
                            -84.77226960034189,
                            39.13291189270507
                        ],
                        [
                            -84.77409776863571,
                            39.13051419578013
                        ],
                        [
                            -84.774102,
                            39.130763
                        ]
                    ],
                    [
                        [
                            -84.770602,
                            39.135099
                        ],
                        [
                            -84.768281,
                            39.137306
                        ],
                        [
                            -84.762912,
                            39.141667
                        ],
                        [
                            -84.770602,
                            39.135099
                        ]
                    ],
                    [
                        [
                            -84.75924,
                            39.144267
                        ],
                        [
                            -84.756306,
                            39.145933
                        ],
                        [
                            -84.753401,
                            39.147114
                        ],
                        [
                            -84.75924,
                            39.144267
                        ]
                    ],
                    [
                        [
                            -84.744319,
                            39.147694
                        ],
                        [
                            -84.742583,
                            39.147437
                        ],
                        [
                            -84.737062,
                            39.146093
                        ],
                        [
                            -84.744319,
                            39.147694
                        ]
                    ],
                    [
                        [
                            -84.737062,
                            39.146093
                        ],
                        [
                            -84.732081,
                            39.144547
                        ],
                        [
                            -84.727462,
                            39.142727
                        ],
                        [
                            -84.737062,
                            39.146093
                        ]
                    ],
                    [
                        [
                            -84.727462,
                            39.142727
                        ],
                        [
                            -84.724231,
                            39.140855
                        ],
                        [
                            -84.719896,
                            39.13789
                        ],
                        [
                            -84.717917,
                            39.136349
                        ],
                        [
                            -84.727462,
                            39.142727
                        ]
                    ],
                    [
                        [
                            -84.717917,
                            39.136349
                        ],
                        [
                            -84.715095,
                            39.13372
                        ],
                        [
                            -84.71434465584335,
                            39.13272048191061
                        ],
                        [
                            -84.717917,
                            39.136349
                        ]
                    ],
                    [
                        [
                            -84.70548400046057,
                            39.12261715045849
                        ],
                        [
                            -84.70527,
                            39.122395
                        ],
                        [
                            -84.698864,
                            39.114759
                        ],
                        [
                            -84.69823478904225,
                            39.113848750256736
                        ],
                        [
                            -84.70548400046057,
                            39.12261715045849
                        ]
                    ],
                    [
                        [
                            -84.67052485832173,
                            39.09768121254549
                        ],
                        [
                            -84.668016,
                            39.097912
                        ],
                        [
                            -84.665438,
                            39.097774
                        ],
                        [
                            -84.67052485832173,
                            39.09768121254549
                        ]
                    ],
                    [
                        [
                            -84.665438,
                            39.097774
                        ],
                        [
                            -84.660637,
                            39.096521
                        ],
                        [
                            -84.658517,
                            39.095812
                        ],
                        [
                            -84.665438,
                            39.097774
                        ]
                    ],
                    [
                        [
                            -84.64963,
                            39.091038
                        ],
                        [
                            -84.645682,
                            39.087604
                        ],
                        [
                            -84.642542,
                            39.084397
                        ],
                        [
                            -84.64963,
                            39.091038
                        ]
                    ],
                    [
                        [
                            -84.642542,
                            39.084397
                        ],
                        [
                            -84.640587,
                            39.083021
                        ],
                        [
                            -84.64048864396874,
                            39.08293483731108
                        ],
                        [
                            -84.642542,
                            39.084397
                        ]
                    ],
                    [
                        [
                            -84.63008,
                            39.076414
                        ],
                        [
                            -84.62342773980147,
                            39.07431699864783
                        ],
                        [
                            -84.623493,
                            39.07433
                        ],
                        [
                            -84.63008,
                            39.076414
                        ]
                    ],
                    [
                        [
                            -84.618343,
                            39.073304
                        ],
                        [
                            -84.61379,
                            39.07346
                        ],
                        [
                            -84.609006,
                            39.07333
                        ],
                        [
                            -84.618343,
                            39.073304
                        ]
                    ],
                    [
                        [
                            -84.596765,
                            39.076696
                        ],
                        [
                            -84.592442,
                            39.077914
                        ],
                        [
                            -84.584787,
                            39.079596
                        ],
                        [
                            -84.596765,
                            39.076696
                        ]
                    ],
                    [
                        [
                            -84.55885,
                            39.0939
                        ],
                        [
                            -84.556694,
                            39.095941
                        ],
                        [
                            -84.553887,
                            39.098285
                        ],
                        [
                            -84.55885,
                            39.0939
                        ]
                    ],
                    [
                        [
                            -84.546146,
                            39.099977
                        ],
                        [
                            -84.544024,
                            39.099859
                        ],
                        [
                            -84.540663,
                            39.099101
                        ],
                        [
                            -84.546146,
                            39.099977
                        ]
                    ],
                    [
                        [
                            -84.540663,
                            39.099101
                        ],
                        [
                            -84.536732,
                            39.097607
                        ],
                        [
                            -84.532377,
                            39.095635
                        ],
                        [
                            -84.540663,
                            39.099101
                        ]
                    ],
                    [
                        [
                            -84.493948,
                            39.102896
                        ],
                        [
                            -84.49117,
                            39.107238
                        ],
                        [
                            -84.488492,
                            39.110698
                        ],
                        [
                            -84.493948,
                            39.102896
                        ]
                    ],
                    [
                        [
                            -84.482146,
                            39.116432
                        ],
                        [
                            -84.480511,
                            39.117536
                        ],
                        [
                            -84.47815315091353,
                            39.11863690296065
                        ],
                        [
                            -84.482146,
                            39.116432
                        ]
                    ],
                    [
                        [
                            -84.465649,
                            39.121983
                        ],
                        [
                            -84.462458,
                            39.121885
                        ],
                        [
                            -84.458762,
                            39.121385
                        ],
                        [
                            -84.465649,
                            39.121983
                        ]
                    ],
                    [
                        [
                            -84.452534,
                            39.119239
                        ],
                        [
                            -84.449715,
                            39.117631
                        ],
                        [
                            -84.447566,
                            39.11616
                        ],
                        [
                            -84.452534,
                            39.119239
                        ]
                    ],
                    [
                        [
                            -84.447566,
                            39.11616
                        ],
                        [
                            -84.443836,
                            39.112818
                        ],
                        [
                            -84.440685,
                            39.109265
                        ],
                        [
                            -84.447566,
                            39.11616
                        ]
                    ],
                    [
                        [
                            -84.43516,
                            39.100362
                        ],
                        [
                            -84.43423,
                            39.097292
                        ],
                        [
                            -84.433746,
                            39.094574
                        ],
                        [
                            -84.43516,
                            39.100362
                        ]
                    ],
                    [
                        [
                            -84.432732,
                            39.066834
                        ],
                        [
                            -84.432301,
                            39.06572
                        ],
                        [
                            -84.4316628529034,
                            39.062847967480494
                        ],
                        [
                            -84.432732,
                            39.066834
                        ]
                    ],
                    [
                        [
                            -84.423603533508,
                            39.051911823203945
                        ],
                        [
                            -84.422258,
                            39.051482
                        ],
                        [
                            -84.42100984549965,
                            39.05080669105163
                        ],
                        [
                            -84.423603533508,
                            39.051911823203945
                        ]
                    ],
                    [
                        [
                            -84.41802606250617,
                            39.04953534518775
                        ],
                        [
                            -84.417319,
                            39.049378
                        ],
                        [
                            -84.41592681687874,
                            39.048640887631166
                        ],
                        [
                            -84.41802606250617,
                            39.04953534518775
                        ]
                    ],
                    [
                        [
                            -84.39444418815624,
                            39.04536980183254
                        ],
                        [
                            -84.392962,
                            39.045204
                        ],
                        [
                            -84.39254148168959,
                            39.04503568230358
                        ],
                        [
                            -84.39444418815624,
                            39.04536980183254
                        ]
                    ],
                    [
                        [
                            -84.389639,
                            39.044526
                        ],
                        [
                            -84.387765,
                            39.045158
                        ],
                        [
                            -84.385295,
                            39.045201
                        ],
                        [
                            -84.389639,
                            39.044526
                        ]
                    ],
                    [
                        [
                            -84.385295,
                            39.045201
                        ],
                        [
                            -84.376913,
                            39.044163
                        ],
                        [
                            -84.37592616927489,
                            39.043954583183094
                        ],
                        [
                            -84.385295,
                            39.045201
                        ]
                    ],
                    [
                        [
                            -84.340879,
                            39.035012
                        ],
                        [
                            -84.336301,
                            39.032708
                        ],
                        [
                            -84.33023,
                            39.029341
                        ],
                        [
                            -84.32891,
                            39.028802
                        ],
                        [
                            -84.32662,
                            39.027262
                        ],
                        [
                            -84.340879,
                            39.035012
                        ]
                    ],
                    [
                        [
                            -84.3196849586807,
                            39.02129083689109
                        ],
                        [
                            -84.317416,
                            39.019452
                        ],
                        [
                            -84.316242,
                            39.018731
                        ],
                        [
                            -84.313835,
                            39.016588
                        ],
                        [
                            -84.319362,
                            39.020925
                        ],
                        [
                            -84.3196849586807,
                            39.02129083689109
                        ]
                    ],
                    [
                        [
                            -84.313835,
                            39.016588
                        ],
                        [
                            -84.309313,
                            39.011743
                        ],
                        [
                            -84.306074,
                            39.007753
                        ],
                        [
                            -84.313835,
                            39.016588
                        ]
                    ],
                    [
                        [
                            -84.29934133505381,
                            38.99402799767623
                        ],
                        [
                            -84.298736,
                            38.992768
                        ],
                        [
                            -84.29874995466207,
                            38.992305901333225
                        ],
                        [
                            -84.29934133505381,
                            38.99402799767623
                        ]
                    ],
                    [
                        [
                            -84.29827220296754,
                            38.99091469111132
                        ],
                        [
                            -84.298049,
                            38.990604
                        ],
                        [
                            -84.29758,
                            38.988899
                        ],
                        [
                            -84.29827220296754,
                            38.99091469111132
                        ]
                    ],
                    [
                        [
                            -84.298196,
                            38.98635
                        ],
                        [
                            -84.296615,
                            38.975322
                        ],
                        [
                            -84.29661803565388,
                            38.97508004714298
                        ],
                        [
                            -84.298196,
                            38.98635
                        ]
                    ],
                    [
                        [
                            -84.293061,
                            38.962874
                        ],
                        [
                            -84.290156,
                            38.958261
                        ],
                        [
                            -84.288777,
                            38.955644
                        ],
                        [
                            -84.293061,
                            38.962874
                        ]
                    ],
                    [
                        [
                            -84.278453,
                            38.943615
                        ],
                        [
                            -84.272409,
                            38.938821
                        ],
                        [
                            -84.27201034345215,
                            38.938192629770604
                        ],
                        [
                            -84.278453,
                            38.943615
                        ]
                    ],
                    [
                        [
                            -84.257039,
                            38.922649
                        ],
                        [
                            -84.250815,
                            38.913935
                        ],
                        [
                            -84.248962,
                            38.911135
                        ],
                        [
                            -84.257039,
                            38.922649
                        ]
                    ],
                    [
                        [
                            -84.248962,
                            38.911135
                        ],
                        [
                            -84.24722,
                            38.909215
                        ],
                        [
                            -84.24608509784983,
                            38.907254572062186
                        ],
                        [
                            -84.248962,
                            38.911135
                        ]
                    ],
                    [
                        [
                            -84.24518724327766,
                            38.90604352636647
                        ],
                        [
                            -84.243628,
                            38.904258
                        ],
                        [
                            -84.242979,
                            38.903065
                        ],
                        [
                            -84.24518724327766,
                            38.90604352636647
                        ]
                    ],
                    [
                        [
                            -84.236567,
                            38.896125
                        ],
                        [
                            -84.235302,
                            38.89424
                        ],
                        [
                            -84.234053,
                            38.89138
                        ],
                        [
                            -84.236567,
                            38.896125
                        ]
                    ],
                    [
                        [
                            -84.233365,
                            38.860397
                        ],
                        [
                            -84.231847,
                            38.872914
                        ],
                        [
                            -84.232432,
                            38.866952
                        ],
                        [
                            -84.233365,
                            38.860397
                        ]
                    ],
                    [
                        [
                            -84.232941,
                            38.83968
                        ],
                        [
                            -84.232534,
                            38.838357
                        ],
                        [
                            -84.23232699821054,
                            38.83571207757233
                        ],
                        [
                            -84.232941,
                            38.83968
                        ]
                    ],
                    [
                        [
                            -84.231864,
                            38.83272
                        ],
                        [
                            -84.23042343044501,
                            38.827323121721896
                        ],
                        [
                            -84.230459,
                            38.827393
                        ],
                        [
                            -84.231864,
                            38.83272
                        ]
                    ],
                    [
                        [
                            -84.22849443195145,
                            38.823533501828
                        ],
                        [
                            -84.227939,
                            38.822559
                        ],
                        [
                            -84.225917,
                            38.81847
                        ],
                        [
                            -84.22849443195145,
                            38.823533501828
                        ]
                    ],
                    [
                        [
                            -84.21701338709305,
                            38.80925825265573
                        ],
                        [
                            -84.214755,
                            38.807544
                        ],
                        [
                            -84.213115,
                            38.805835
                        ],
                        [
                            -84.21701338709305,
                            38.80925825265573
                        ]
                    ],
                    [
                        [
                            -84.213115,
                            38.805835
                        ],
                        [
                            -84.208947,
                            38.804132
                        ],
                        [
                            -84.205879,
                            38.802685
                        ],
                        [
                            -84.213115,
                            38.805835
                        ]
                    ],
                    [
                        [
                            -84.198004,
                            38.800901
                        ],
                        [
                            -84.194471,
                            38.800524
                        ],
                        [
                            -84.190856,
                            38.799739
                        ],
                        [
                            -84.198004,
                            38.800901
                        ]
                    ],
                    [
                        [
                            -84.190856,
                            38.799739
                        ],
                        [
                            -84.185738,
                            38.799309
                        ],
                        [
                            -84.177457,
                            38.798245
                        ],
                        [
                            -84.190856,
                            38.799739
                        ]
                    ],
                    [
                        [
                            -84.13698280872597,
                            38.79006793938306
                        ],
                        [
                            -84.136241,
                            38.789924
                        ],
                        [
                            -84.133267,
                            38.789028
                        ],
                        [
                            -84.13698280872597,
                            38.79006793938306
                        ]
                    ],
                    [
                        [
                            -84.133267,
                            38.789028
                        ],
                        [
                            -84.124911,
                            38.786111
                        ],
                        [
                            -84.116777,
                            38.783191
                        ],
                        [
                            -84.133267,
                            38.789028
                        ]
                    ],
                    [
                        [
                            -84.107988,
                            38.779034
                        ],
                        [
                            -84.102741,
                            38.777664
                        ],
                        [
                            -84.10143015362509,
                            38.77723451370458
                        ],
                        [
                            -84.107988,
                            38.779034
                        ]
                    ],
                    [
                        [
                            -84.0767824092278,
                            38.77158709665201
                        ],
                        [
                            -84.075514,
                            38.771481
                        ],
                        [
                            -84.070779,
                            38.770414
                        ],
                        [
                            -84.0767824092278,
                            38.77158709665201
                        ]
                    ],
                    [
                        [
                            -84.070779,
                            38.770414
                        ],
                        [
                            -84.066172,
                            38.77105
                        ],
                        [
                            -84.061743,
                            38.771226
                        ],
                        [
                            -84.070779,
                            38.770414
                        ]
                    ],
                    [
                        [
                            -84.05085943809806,
                            38.771430046946136
                        ],
                        [
                            -84.050316,
                            38.77149
                        ],
                        [
                            -84.044576,
                            38.770557
                        ],
                        [
                            -84.05085943809806,
                            38.771430046946136
                        ]
                    ],
                    [
                        [
                            -84.03160516314433,
                            38.773117302088345
                        ],
                        [
                            -84.028339,
                            38.774004
                        ],
                        [
                            -84.025955,
                            38.774349
                        ],
                        [
                            -84.03160516314433,
                            38.773117302088345
                        ]
                    ],
                    [
                        [
                            -84.025955,
                            38.774349
                        ],
                        [
                            -84.019569,
                            38.776034
                        ],
                        [
                            -84.018426,
                            38.776221
                        ],
                        [
                            -84.025955,
                            38.774349
                        ]
                    ],
                    [
                        [
                            -84.018426,
                            38.776221
                        ],
                        [
                            -84.013433,
                            38.777904
                        ],
                        [
                            -84.01027,
                            38.779116
                        ],
                        [
                            -84.006278,
                            38.780194
                        ],
                        [
                            -84.018426,
                            38.776221
                        ]
                    ],
                    [
                        [
                            -83.999943,
                            38.781005
                        ],
                        [
                            -83.999364,
                            38.781271
                        ],
                        [
                            -83.99783139650862,
                            38.7815179598043
                        ],
                        [
                            -83.999943,
                            38.781005
                        ]
                    ],
                    [
                        [
                            -83.99485481155389,
                            38.782241044626836
                        ],
                        [
                            -83.994368,
                            38.782448
                        ],
                        [
                            -83.98952,
                            38.783537
                        ],
                        [
                            -83.99485481155389,
                            38.782241044626836
                        ]
                    ],
                    [
                        [
                            -83.978095,
                            38.787363
                        ],
                        [
                            -83.97605,
                            38.787506
                        ],
                        [
                            -83.972291,
                            38.787156
                        ],
                        [
                            -83.978095,
                            38.787363
                        ]
                    ],
                    [
                        [
                            -83.972291,
                            38.787156
                        ],
                        [
                            -83.969237,
                            38.78742
                        ],
                        [
                            -83.96674503385732,
                            38.787359977996985
                        ],
                        [
                            -83.972291,
                            38.787156
                        ]
                    ],
                    [
                        [
                            -83.962367,
                            38.787521
                        ],
                        [
                            -83.958845,
                            38.787054
                        ],
                        [
                            -83.95834643367878,
                            38.78689868745491
                        ],
                        [
                            -83.962367,
                            38.787521
                        ]
                    ],
                    [
                        [
                            -83.95539116735308,
                            38.7864412645046
                        ],
                        [
                            -83.955107,
                            38.786438
                        ],
                        [
                            -83.950699,
                            38.785715
                        ],
                        [
                            -83.95539116735308,
                            38.7864412645046
                        ]
                    ],
                    [
                        [
                            -83.950699,
                            38.785715
                        ],
                        [
                            -83.947148,
                            38.784739
                        ],
                        [
                            -83.945025,
                            38.783955
                        ],
                        [
                            -83.950699,
                            38.785715
                        ]
                    ],
                    [
                        [
                            -83.92739422941914,
                            38.77310938143863
                        ],
                        [
                            -83.926671,
                            38.774207
                        ],
                        [
                            -83.926304,
                            38.773477
                        ],
                        [
                            -83.92739422941914,
                            38.77310938143863
                        ]
                    ],
                    [
                        [
                            -83.92426124649438,
                            38.7709845830327
                        ],
                        [
                            -83.923086,
                            38.770797
                        ],
                        [
                            -83.920964,
                            38.770145
                        ],
                        [
                            -83.92426124649438,
                            38.7709845830327
                        ]
                    ],
                    [
                        [
                            -83.90744110241751,
                            38.768777963753955
                        ],
                        [
                            -83.906165,
                            38.768607
                        ],
                        [
                            -83.90494987394186,
                            38.76835857422812
                        ],
                        [
                            -83.90744110241751,
                            38.768777963753955
                        ]
                    ],
                    [
                        [
                            -83.87697925158028,
                            38.76319430638217
                        ],
                        [
                            -83.876518,
                            38.76317
                        ],
                        [
                            -83.872415,
                            38.762255
                        ],
                        [
                            -83.87697925158028,
                            38.76319430638217
                        ]
                    ],
                    [
                        [
                            -83.872415,
                            38.762255
                        ],
                        [
                            -83.869407,
                            38.761301
                        ],
                        [
                            -83.86562,
                            38.759838
                        ],
                        [
                            -83.872415,
                            38.762255
                        ]
                    ],
                    [
                        [
                            -83.858642,
                            38.756523
                        ],
                        [
                            -83.857006,
                            38.755331
                        ],
                        [
                            -83.855169,
                            38.753375
                        ],
                        [
                            -83.858642,
                            38.756523
                        ]
                    ],
                    [
                        [
                            -83.855169,
                            38.753375
                        ],
                        [
                            -83.853788,
                            38.752803
                        ],
                        [
                            -83.852499,
                            38.751839
                        ],
                        [
                            -83.855169,
                            38.753375
                        ]
                    ],
                    [
                        [
                            -83.852499,
                            38.751839
                        ],
                        [
                            -83.850904,
                            38.750081
                        ],
                        [
                            -83.848891,
                            38.747477
                        ],
                        [
                            -83.852499,
                            38.751839
                        ]
                    ],
                    [
                        [
                            -83.84552277293261,
                            38.739783032966585
                        ],
                        [
                            -83.844849,
                            38.738022
                        ],
                        [
                            -83.843139,
                            38.731164
                        ],
                        [
                            -83.84552277293261,
                            38.739783032966585
                        ]
                    ],
                    [
                        [
                            -83.792072,
                            38.702301
                        ],
                        [
                            -83.789402,
                            38.701011
                        ],
                        [
                            -83.787769,
                            38.699918
                        ],
                        [
                            -83.792072,
                            38.702301
                        ]
                    ],
                    [
                        [
                            -83.784463,
                            38.696723
                        ],
                        [
                            -83.783472,
                            38.695202
                        ],
                        [
                            -83.783169,
                            38.693747
                        ],
                        [
                            -83.781459,
                            38.689712
                        ],
                        [
                            -83.784463,
                            38.696723
                        ]
                    ],
                    [
                        [
                            -83.77848579076684,
                            38.6784583151642
                        ],
                        [
                            -83.778223,
                            38.677506
                        ],
                        [
                            -83.777472,
                            38.673444
                        ],
                        [
                            -83.77848579076684,
                            38.6784583151642
                        ]
                    ],
                    [
                        [
                            -83.775732,
                            38.666713
                        ],
                        [
                            -83.773966,
                            38.663101
                        ],
                        [
                            -83.77379039498977,
                            38.66203164411688
                        ],
                        [
                            -83.775732,
                            38.666713
                        ]
                    ],
                    [
                        [
                            -83.763196,
                            38.652241
                        ],
                        [
                            -83.75952,
                            38.651675
                        ],
                        [
                            -83.75666200650858,
                            38.65097617645832
                        ],
                        [
                            -83.763196,
                            38.652241
                        ]
                    ],
                    [
                        [
                            -83.738111,
                            38.647913
                        ],
                        [
                            -83.731796,
                            38.647561
                        ],
                        [
                            -83.73157505767058,
                            38.64753866143905
                        ],
                        [
                            -83.738111,
                            38.647913
                        ]
                    ],
                    [
                        [
                            -83.707763,
                            38.639823
                        ],
                        [
                            -83.705312,
                            38.639835
                        ],
                        [
                            -83.70499575247189,
                            38.639766008632144
                        ],
                        [
                            -83.707763,
                            38.639823
                        ]
                    ],
                    [
                        [
                            -83.70446727786793,
                            38.63965071860595
                        ],
                        [
                            -83.703891,
                            38.639525
                        ],
                        [
                            -83.6967,
                            38.636065
                        ],
                        [
                            -83.70446727786793,
                            38.63965071860595
                        ]
                    ]
                ]
            }
        }
    ]
}
