{"type":"FeatureCollection","crs":{"type":"name","properties":{"name":"us-midwest"}},"features":[{"type":"Feature","properties":{"shapeName":"Michigan","shapeISO":"US-MI","shapeID":"66186276B37442548568489","shapeGroup":"USA","shapeType":"ADM1"},"geometry":{"type":"MultiPolygon","coordinates":[[[[-83.19159543099994,42.035377115000074],[-83.19100142999997,42.03343611500003],[-83.18921842999998,42.033347115000026],[-83.18993142999994,42.03599511500005],[-83.19159543099994,42.035377115000074]]],[[[-83.21737573699994,45.05407063000007],[-83.21321673499995,45.052391630000045],[-83.20716773199996,45.04558562900007],[-83.20751173199994,45.04248462800007],[-83.20513473099999,45.03920962800004],[-83.19724072799994,45.034414628000036],[-83.18956672599995,45.03383462800008],[-83.20962773399998,45.053122630000075],[-83.21737573699994,45.05407063000007]]],[[[-83.23199273999995,45.04785762800003],[-83.23139873999997,45.041980627000044],[-83.22735873799996,45.03962862700007],[-83.21654373499996,45.04088862800006],[-83.21511773499998,45.04315562800008],[-83.21808873599997,45.04953762900004],[-83.22296073799998,45.05071262900003],[-83.22854673899997,45.04760562800004],[-83.23199273999995,45.04785762800003]]],[[[-83.23401374199995,45.056001629000036],[-83.23436974199996,45.05407062900008],[-83.22379273899998,45.056589630000076],[-83.22581373999998,45.05742863000006],[-83.23401374199995,45.056001629000036]]],[[[-83.32603975299998,44.89033859700004],[-83.32267675199995,44.88936059700006],[-83.32433975299995,44.89112959700003],[-83.32603975299998,44.89033859700004]]],[[[-83.33035475699995,44.91186860000005],[-83.32659775499997,44.910574600000075],[-83.32612275499997,44.91284660100007],[-83.33035475699995,44.91186860000005]]],[[[-83.33654778899995,45.19182464600004],[-83.33868978999999,45.190409645000045],[-83.32433878499995,45.18612464500006],[-83.31914078299997,45.18898064600006],[-83.32138078499997,45.194116647000044],[-83.32989078799994,45.19774364700004],[-83.33546478899996,45.19771564700005],[-83.33654778899995,45.19182464600004]]],[[[-83.42345279399996,44.98837260800008],[-83.42166979299998,44.98660760800004],[-83.41643879199995,44.98682460800006],[-83.41513379099996,44.98501060800004],[-83.41144978999995,44.98601960800005],[-83.41299479099996,44.990557609000064],[-83.41786679299997,44.99249060900007],[-83.42345279399996,44.98837260800008]]],[[[-83.43618334099995,43.88407588300004],[-83.42998867999995,43.87722142300004],[-83.41988767599997,43.87533642300008],[-83.41430967399998,43.86975042200004],[-83.41405167499994,43.877034423000055],[-83.42334267799998,43.881964424000046],[-83.42749967999998,43.88236142400007],[-83.42976667999994,43.88460142400004],[-83.43261468099996,43.88528142400003],[-83.43618334099995,43.88407588300004]]],[[[-83.43997180499997,45.03701661500003],[-83.43842680399996,45.03449761400003],[-83.43749980399997,45.035542615000054],[-83.43997180499997,45.03701661500003]]],[[[-83.44122569999996,44.03805844900006],[-83.44009069899994,44.032365448000064],[-83.44146369899994,44.02782044700007],[-83.43598169599994,44.02320044700008],[-83.43503169699994,44.02701744800004],[-83.42726969399996,44.02870944800003],[-83.42742769499995,44.03085744900005],[-83.42847269499998,44.03270944900004],[-83.44122569999996,44.03805844900006]]],[[[-83.47102970499998,44.00256044200006],[-83.47027570499995,44.001523442000064],[-83.46327070299998,44.00138044200003],[-83.466413704,44.003706442000066],[-83.47102970499998,44.00256044200006]]],[[[-83.48237868399997,43.75912240000008],[-83.48085168299997,43.757601400000055],[-83.47137067999995,43.75619840000007],[-83.46492767899997,43.757515401000035],[-83.46100567799994,43.76051940100007],[-83.47110768099998,43.75974740100003],[-83.47336568199995,43.76249340100003],[-83.48052168399994,43.761158400000056],[-83.48237868399997,43.75912240000008]]],[[[-83.49579268999997,43.77219640100003],[-83.49597868999996,43.770686401000034],[-83.48477368599998,43.76549740100006],[-83.48631868599995,43.76764340100004],[-83.49579268999997,43.77219640100003]]],[[[-83.69641200099994,46.05848476400007],[-83.695699,46.05493876400004],[-83.69153999899999,46.05559776400003],[-83.69082699899997,46.06128876500003],[-83.693917,46.06194776500007],[-83.69641200099994,46.05848476400007]]],[[[-83.70508800399995,46.06516376500008],[-83.70199800299997,46.06128876500003],[-83.69985900299997,46.06442176500008],[-83.70069100299997,46.06837976600008],[-83.70508800399995,46.06516376500008]]],[[[-83.71007900499995,46.05262876300003],[-83.70900900399994,46.04924776200005],[-83.70140400099996,46.04891776300008],[-83.70176000199996,46.05312376300003],[-83.71007900499995,46.05262876300003]]],[[[-83.72802400899997,46.046443761000035],[-83.72838000899998,46.04446376000004],[-83.72041800699998,46.04405076100005],[-83.71863500699999,46.046607761000075],[-83.72041800799997,46.05081476200007],[-83.72267600799995,46.05081476200007],[-83.72802400899997,46.046443761000035]]],[[[-83.72885600899997,46.040751760000035],[-83.72838000899998,46.03802975900004],[-83.72517200799996,46.03745175900008],[-83.72552800799997,46.04058676000005],[-83.72885600899997,46.040751760000035]]],[[[-83.73444100999995,46.03687475900006],[-83.73349000999997,46.035884759000055],[-83.73265900999996,46.03827675900004],[-83.73444100999995,46.03687475900006]]],[[[-83.76866700899996,45.93547374100007],[-83.76855700899995,45.93176174000007],[-83.76630100899996,45.93512474100004],[-83.76807300899998,45.93778774100008],[-83.76866700899996,45.93547374100007]]],[[[-83.77140002799996,46.090966765000076],[-83.76652802599995,46.08626876500006],[-83.76247002499997,46.08632676500008],[-83.76165602499998,46.08890576600004],[-83.76510202699995,46.09220276600007],[-83.77140002799996,46.090966765000076]]],[[[-83.77401502499998,46.05147475900003],[-83.77128202299997,46.044050758000026],[-83.76902402199994,46.04504075800003],[-83.76973702299995,46.05073275900003],[-83.76807302299994,46.050649759000066],[-83.76236901999994,46.04479375900007],[-83.75999201899998,46.03835975800007],[-83.75702101799999,46.03654475800005],[-83.74723101399996,46.03478675800005],[-83.74489901399994,46.036379758000066],[-83.74585001399998,46.040503759000046],[-83.73978901299995,46.045948760000044],[-83.73617601199999,46.04654076000003],[-83.73432201199995,46.05073276100006],[-83.73491701299997,46.05361876100005],[-83.74656301699997,46.05642276100008],[-83.750960019,46.06475176200007],[-83.75226701899999,46.06417476200005],[-83.75476301999998,46.066153762000056],[-83.75785302099996,46.06433976200003],[-83.76165602199995,46.06541176200005],[-83.76914202299997,46.05444376000003],[-83.77045002399996,46.05551576000005],[-83.77235102399999,46.05452575900006],[-83.77401502499998,46.05147475900003]]],[[[-83.77425302599994,46.06648276100003],[-83.77401502599997,46.06433976100004],[-83.77235102599997,46.06425676100008],[-83.77009302499994,46.068709762000026],[-83.77425302599994,46.06648276100003]]],[[[-83.78423503099998,46.08132276300006],[-83.78257103099997,46.080333763000056],[-83.78126403099998,46.085031764000064],[-83.78423503099998,46.08132276300006]]],[[[-83.79196002499998,46.00856975100004],[-83.79196002499998,46.007249751000074],[-83.78970202399995,46.007249751000074],[-83.79041502499996,46.009230751000075],[-83.79196002499998,46.00856975100004]]],[[[-83.79362302899995,46.03621475500006],[-83.79374202899999,46.03481175500008],[-83.79160302799994,46.03439975500004],[-83.79077102799994,46.038441756000054],[-83.79362302899995,46.03621475500006]]],[[[-83.79885203299995,46.05873175900007],[-83.79825803299997,46.056092758000034],[-83.79623803199996,46.05650575800007],[-83.797664033,46.061040759000036],[-83.79885203299995,46.05873175900007]]],[[[-83.81323203999995,46.07456276000005],[-83.81311303999996,46.073243760000025],[-83.81061803899996,46.074068760000046],[-83.80942903899995,46.07802576100005],[-83.81323203999995,46.07456276000005]]],[[[-83.82511603799998,46.02920175300005],[-83.82392803799996,46.02680875200008],[-83.82285803799994,46.030851753000036],[-83.82511603799998,46.02920175300005]]],[[[-83.82784904199997,46.056587757000045],[-83.82737404199997,46.05510375600005],[-83.82582904199995,46.05823675700003],[-83.82784904199997,46.056587757000045]]],[[[-83.82761204799993,46.10176176400006],[-83.82749304699996,46.09961976300008],[-83.81929304399995,46.09739476400006],[-83.82036204399998,46.092037763000064],[-83.81893604399994,46.091955763000044],[-83.81846104399995,46.094345763000035],[-83.81465804199996,46.09319176300005],[-83.81240004299997,46.10011376400007],[-83.80538903999997,46.10085576500006],[-83.80206103899997,46.099454765000075],[-83.80313103899994,46.092532764000055],[-83.79695103699999,46.09170876400003],[-83.79481203599994,46.09541676500004],[-83.78946403499998,46.09451076500005],[-83.78245203199998,46.090636765000056],[-83.77817402999995,46.08997776500007],[-83.77651102999994,46.09203776500004],[-83.78067003199999,46.09459276500007],[-83.77983803199999,46.09854876600008],[-83.78340303299996,46.09797176600006],[-83.79077103599997,46.10250376600004],[-83.79255403599996,46.101926766000076],[-83.79362303699997,46.105387766000035],[-83.79196003699997,46.10703576700007],[-83.79350503699999,46.107364767000035],[-83.80729004199998,46.105469766000056],[-83.81489604399997,46.10893076600007],[-83.81715404499994,46.10612976500005],[-83.81703504399997,46.10217376400004],[-83.81929304499994,46.10192676400004],[-83.82143204599998,46.105057765000026],[-83.82761204799993,46.10176176400006]]],[[[-83.83209478299995,43.66629136600005],[-83.82844978199995,43.66383736500006],[-83.82390978099994,43.66658036600006],[-83.81859677899996,43.665461366000045],[-83.81630177899996,43.671217367000054],[-83.81789877899996,43.673797368000066],[-83.82227878099997,43.67540136800005],[-83.82707778199995,43.67439236700005],[-83.83131878299997,43.67009836600005],[-83.83209478299995,43.66629136600005]]],[[[-83.83735704399999,46.04537075400003],[-83.83652504299994,46.042978754000046],[-83.83581204399997,46.04561875400003],[-83.83735704399999,46.04537075400003]]],[[[-83.85066705099996,46.066977757000075],[-83.84555604899998,46.063679757000045],[-83.84234804799996,46.064174757000046],[-83.84187204799997,46.06945175800007],[-83.84520004899997,46.07027575800004],[-83.84757705099997,46.07373875800005],[-83.85019105099997,46.07159475800006],[-83.85066705099996,46.066977757000075]]],[[[-83.85625205499997,46.08478475900006],[-83.85423205299998,46.08000375900008],[-83.85019105199996,46.078684759000055],[-83.85102305299995,46.08173475900003],[-83.85625205499997,46.08478475900006]]],[[[-83.85733405199994,46.05781475500004],[-83.85506405099994,46.05353675500004],[-83.84781404799998,46.052216755000074],[-83.84716204799997,46.05525075500003],[-83.85256804999995,46.05889675600008],[-83.85733405199994,46.05781475500004]]],[[[-83.86908705799993,46.078107758000044],[-83.86718505699997,46.07291375700004],[-83.85934205399997,46.06936875700006],[-83.85565805299996,46.07274975800004],[-83.85328105199994,46.07274975800004],[-83.85292505299998,46.076541758000076],[-83.85851005399996,46.076541758000076],[-83.86255105599997,46.08041575800007],[-83.86623505699998,46.080992758000036],[-83.86908705799993,46.078107758000044]]],[[[-83.88132705899994,46.05592775400004],[-83.87918805799995,46.054195753000045],[-83.87871305899995,46.05798975400006],[-83.88132705899994,46.05592775400004]]],[[[-83.88287204999995,45.97546174100006],[-83.88382305,45.972653740000055],[-83.88180304899998,45.97157974000004],[-83.88358504999997,45.96934974000004],[-83.88002004799995,45.96612773900006],[-83.88190404899996,45.96411273900003],[-83.87842704799993,45.96604674000008],[-83.87229504599998,45.96447574000007],[-83.86754204399995,45.961832739000045],[-83.86665704299998,45.959501739000075],[-83.86486604299995,45.95947373900003],[-83.86088704199994,45.96373274000007],[-83.853992039,45.95972574000007],[-83.85007203799995,45.960675740000056],[-83.84912203799996,45.96282374100008],[-83.84377403599996,45.95786774000004],[-83.84613503599996,45.95242873900003],[-83.83842603399995,45.95414974000005],[-83.83628703299996,45.95324074000007],[-83.83640603299995,45.95051373900003],[-83.83058303099995,45.94919174000006],[-83.82951302999999,45.94522573900008],[-83.83343503099996,45.94398573900003],[-83.83782203199996,45.93963473800005],[-83.83652903099994,45.93818673700008],[-83.83095802899999,45.93734973800008],[-83.82927502899997,45.940349738000066],[-83.82380902799997,45.94258073900005],[-83.82297702799997,45.94522573900008],[-83.82547302899997,45.94629973900004],[-83.82321502899998,45.95249674000007],[-83.82167002799997,45.95423174100006],[-83.81786702699998,45.95423174100006],[-83.81608402599994,45.95010074100003],[-83.80333402099996,45.94337174000003],[-83.80254802099995,45.941384740000046],[-83.80455702099994,45.939936740000064],[-83.80198401999996,45.93661973900004],[-83.79336801699998,45.93774474000003],[-83.79282001699994,45.93406573900006],[-83.78822501599996,45.93490774000003],[-83.78617301499997,45.93293274000007],[-83.77841201299998,45.940101741000035],[-83.77603501299996,45.949852743000065],[-83.77161301199999,45.94997074300005],[-83.76890501199995,45.95390174400006],[-83.76557701099995,45.95472774400008],[-83.75702100799998,45.95464474500005],[-83.75642700699996,45.94869574400008],[-83.75096000499997,45.94167174300003],[-83.74121300099995,45.93730374300003],[-83.736224,45.93985374300007],[-83.736105,45.941341744000056],[-83.73299099799993,45.937649743000065],[-83.731707998,45.938366743000074],[-83.72968799799997,45.94588674500005],[-83.72707299799998,45.94671274500007],[-83.72386399599998,45.944481745000076],[-83.71943399399998,45.93408674300008],[-83.71567299199995,45.93011674300004],[-83.71209899199994,45.93596974400003],[-83.70849298999997,45.934013744000026],[-83.70568198899997,45.934223744000064],[-83.69914598799994,45.94233374600003],[-83.68769598399996,45.93539874500004],[-83.67462197999998,45.94103374700006],[-83.66591797799998,45.94169074800004],[-83.65766597499999,45.94546974900004],[-83.65291597399994,45.94268774900007],[-83.64447897199994,45.947786750000034],[-83.64245897099994,45.94720875000007],[-83.63936896899997,45.939523749000045],[-83.63497196799995,45.94406875000004],[-83.63188196699997,45.94382075000004],[-83.63283296799995,45.94877875100008],[-83.63818096999995,45.95257975100003],[-83.63829996999993,45.954810751000025],[-83.63580396999998,45.95695875200005],[-83.63021896799995,45.95704075200007],[-83.62724796699996,45.95530575200007],[-83.62546496599998,45.95100975100007],[-83.62296896499998,45.950265751000074],[-83.62059296399997,45.94456475100003],[-83.63200096599996,45.93745774900003],[-83.63097196499996,45.929009748000055],[-83.62415796299996,45.93225074900005],[-83.61940396199998,45.930927749000034],[-83.61655196099997,45.933489749000046],[-83.61583896199994,45.93993675000007],[-83.61060995999998,45.938944750000076],[-83.60918395999994,45.94092875100006],[-83.60645095899997,45.94068075100006],[-83.60419295799994,45.93877975100003],[-83.60846795799995,45.92608474800005],[-83.58227794799996,45.91569374800008],[-83.58125694799998,45.92001574900007],[-83.57662194699998,45.92117374900005],[-83.57471994599996,45.919850749000034],[-83.57210594499998,45.92026375000006],[-83.57010494399998,45.91395374900003],[-83.56184094099996,45.91257174900005],[-83.56259894199997,45.91489074900005],[-83.56651994299995,45.91538674900005],[-83.56758994399996,45.92257875000007],[-83.56200494199999,45.92208275000007],[-83.55356693899995,45.91827975000007],[-83.55249693899998,45.91505575000008],[-83.55027193799998,45.91439875000003],[-83.54974893799994,45.91760075000008],[-83.54096993599995,45.92009875100007],[-83.54489193699999,45.92439775200006],[-83.54322793699998,45.928695753000056],[-83.53954393599997,45.92803475300008],[-83.53728593499994,45.92282675200005],[-83.52831693099995,45.91777775200006],[-83.51582892799996,45.92362575300007],[-83.51011592699996,45.931735755000034],[-83.51288692799994,45.93176775500007],[-83.51332492899996,45.93681775600004],[-83.50481392599994,45.94116375700003],[-83.50405892699996,45.94635775800003],[-83.49973492599997,45.947174758000074],[-83.49827592499997,45.949564758000065],[-83.49978692699995,45.95994576000004],[-83.49135392499994,45.96805676200006],[-83.48177092299994,45.97188276300005],[-83.47322592099994,45.98442976500007],[-83.47395092199997,45.98856876600007],[-83.48064192499999,45.99617076700008],[-83.48835492799998,45.99955076700007],[-83.49484792999993,45.99955076600003],[-83.49462192999994,45.99767376600005],[-83.50068293099997,45.99478476500008],[-83.50638693299999,45.99519676500006],[-83.51934893899994,46.00870776700003],[-83.53181894299996,46.00642376500008],[-83.53443394399994,46.00766276600007],[-83.533604944,46.01367176700006],[-83.54194094699994,46.01850976700007],[-83.54085294699996,46.02125676700007],[-83.54336994999994,46.03720577000007],[-83.54720795199995,46.047875771000065],[-83.55030695299996,46.04942277100008],[-83.55406695599999,46.058892773000025],[-83.56535795999997,46.061905772000046],[-83.56699596099998,46.06730777300004],[-83.57257596299996,46.06990577300007],[-83.57264396399995,46.074929774000054],[-83.57566596499998,46.078973774000076],[-83.57430996499994,46.080017775000044],[-83.58131896799995,46.08962377600005],[-83.58673696999995,46.09113877600004],[-83.59266497099998,46.088576775000035],[-83.59622997299994,46.08931777500004],[-83.61534597999997,46.09598677500003],[-83.62962398499997,46.10357477500003],[-83.64931299099999,46.10362277400003],[-83.65203999199997,46.10142577400006],[-83.65533399299994,46.10244277400005],[-83.66116799499997,46.100266773000044],[-83.70011600699996,46.10387577100005],[-83.70386200799999,46.10337577100006],[-83.70478700899997,46.101253771000074],[-83.71979301299996,46.101040770000054],[-83.72330201399996,46.09381976800006],[-83.72921201499997,46.091543768000065],[-83.72865801499995,46.090170768000064],[-83.73218301599996,46.08692776700008],[-83.72232101199995,46.08259576700004],[-83.72148801099996,46.08074576700005],[-83.71951801099993,46.081334767000044],[-83.69988800399994,46.07538376700006],[-83.67739799699996,46.07299676800005],[-83.67502099499995,46.06755476700005],[-83.67751699499996,46.063349766000044],[-83.67181299299995,46.060628766000036],[-83.67074299299998,46.05831976600007],[-83.67169399299996,46.05493876500003],[-83.67894299499994,46.05180476400005],[-83.68644399699997,46.050869764000026],[-83.69046999799997,46.05361876400008],[-83.69355999899994,46.04619576300007],[-83.68488499499995,46.04058676200003],[-83.68607299499996,46.037451762000046],[-83.68880699599998,46.035636761000035],[-83.69272799699996,46.035636761000035],[-83.70520700099996,46.03745176100006],[-83.70687000199996,46.03885376100004],[-83.70912800299999,46.03827676100008],[-83.71178200399999,46.04028776100006],[-83.72784200799998,46.03493275900007],[-83.73242100899995,46.02730375700003],[-83.73812500999998,46.02400275700006],[-83.74323501199996,46.024332756000035],[-83.74525601199997,46.02268275600005],[-83.74882101299994,46.02301275600007],[-83.74817601299998,46.02506675600006],[-83.75309901499998,46.02441575600005],[-83.75559501599997,46.025735756000074],[-83.75571401599996,46.02804675600004],[-83.76272501799997,46.024910755000064],[-83.76581501899994,46.02639575500007],[-83.76527901799994,46.01837275400004],[-83.77033101899997,46.01459575300004],[-83.77223202,46.01624575300008],[-83.77354001999998,46.01038575200005],[-83.77734202099998,46.01335775300004],[-83.78067002199998,46.01302675200003],[-83.77865002099998,46.01005575200003],[-83.77425301999995,46.008487752000065],[-83.77644101999994,46.00421275100007],[-83.77916702099998,46.00303675100008],[-83.77900601999994,45.999820750000026],[-83.78387902199995,45.998251750000065],[-83.78839402299997,46.00180175000003],[-83.78910802299998,45.998746750000066],[-83.79405702399998,45.99580874900005],[-83.79588102399998,45.98867474800005],[-83.80087302599998,45.987270747000025],[-83.79909002499994,45.98603174700003],[-83.80099202499997,45.984710747000065],[-83.80610202699995,45.98388474600006],[-83.81192502899995,45.98850974700008],[-83.81560902999996,45.987765747000026],[-83.81727303199995,45.99313274700006],[-83.81929303199996,45.99412374700006],[-83.82107503299994,45.99214274700006],[-83.82499703399998,45.99205974700004],[-83.82642303499995,45.99395874700008],[-83.81656003199998,46.00064574800007],[-83.81715403299995,46.00303974900004],[-83.82404603399993,45.99750874800003],[-83.82915703599997,45.99593974700008],[-83.83010703599996,45.99693074700008],[-83.82416503499996,46.00171874800003],[-83.82915703599997,46.00336974800007],[-83.82844403699994,46.00716674900008],[-83.83367203799997,46.00733174900006],[-83.83462303899995,46.00873574900004],[-83.82511603699999,46.01624575000005],[-83.83034503899995,46.02400275100007],[-83.83184703999996,46.022705751000046],[-83.84508104399998,46.026560751000034],[-83.86053004699994,46.00774474700006],[-83.86469004799994,46.00790974700004],[-83.86635304899994,46.00964274700004],[-83.86730404899998,46.00477274600007],[-83.87110704899999,46.00105874500008],[-83.87039404899997,45.99825174500006],[-83.86719504799999,45.99648174500004],[-83.87811904999995,45.98908774300003],[-83.88013204999999,45.98371774200007],[-83.87788104899994,45.97826974100008],[-83.88287204999995,45.97546174100006]]],[[[-83.88524906199996,46.069286755000064],[-83.88406106099995,46.06483375500005],[-83.88061405999997,46.063184755000066],[-83.87681105899998,46.06483375500005],[-83.87954506099999,46.072419756000045],[-83.88524906199996,46.069286755000064]]],[[[-83.89998506099994,46.01781374600006],[-83.90093606099998,46.01624574600004],[-83.89867805999995,46.01550274600004],[-83.89713305999999,46.01830874700005],[-83.89998506099994,46.01781374600006]]],[[[-83.98757009699995,46.09286175300008],[-83.98614409599998,46.089400753000064],[-83.98364809499998,46.08865875300006],[-83.98483709599998,46.09220275300004],[-83.98757009699995,46.09286175300008]]],[[[-83.99066009899997,46.10250375500004],[-83.99113509899996,46.100855754000065],[-83.98768909799998,46.098300754000036],[-83.98970909899998,46.10316275500003],[-83.99066009899997,46.10250375500004]]],[[[-84.01169510499994,46.091543752000064],[-84.01263910399996,46.087288751000074],[-84.00123709999997,46.079096750000076],[-83.97345508899997,46.06529375000008],[-83.97364408999994,46.067569750000075],[-83.97639909099996,46.06903875000006],[-83.97651809199994,46.07538775100005],[-83.98044009299997,46.07678875100004],[-83.98590609599995,46.084454752000056],[-83.98745109599997,46.084125752000034],[-83.98970909699995,46.086845752000045],[-83.98911509699997,46.08948275300003],[-83.99113509799997,46.089647753000065],[-83.99529509999996,46.09483975300003],[-84.00183110199998,46.09459275300003],[-84.00576510299999,46.097599753000054],[-84.00575310299996,46.093768752000074],[-84.01169510499994,46.091543752000064]]],[[[-84.02322210999995,46.10934275400007],[-84.02037010899994,46.10769475400008],[-84.02072610999994,46.10983675400007],[-84.02322210999995,46.10934275400007]]],[[[-84.17141516999999,46.21905876200003],[-84.16927616899994,46.21568776200007],[-84.16511716799994,46.21428976200008],[-84.16452316799996,46.215522762000035],[-84.16868216899996,46.218729763000056],[-84.17141516999999,46.21905876200003]]],[[[-84.20245614999999,45.96921772200005],[-84.20031414899995,45.96662172100008],[-84.19794014899998,45.968473722000056],[-84.20233815099994,45.97111772200003],[-84.20245614999999,45.96921772200005]]],[[[-84.43368521799994,45.92621070100006],[-84.42838021499995,45.91674070000005],[-84.42713421499997,45.920497701000045],[-84.43336521799995,45.92736570200003],[-84.43368521799994,45.92621070100006]]],[[[-84.44334122699996,45.97803570900004],[-84.43627022399994,45.97175870800004],[-84.43686722499996,45.974621709000075],[-84.44334122699996,45.97803570900004]]],[[[-84.51694230699997,46.442704777000074],[-84.51406830599996,46.44172277700005],[-84.51538930599997,46.44358877700006],[-84.51694230699997,46.442704777000074]]],[[[-84.58269726899994,45.96312869900004],[-84.58085726799999,45.95880069800006],[-84.56795526399998,45.95249269800007],[-84.56239526199994,45.95685269900008],[-84.56191426299995,45.963477700000055],[-84.56393826399994,45.966416700000025],[-84.57269526699997,45.968746700000054],[-84.57496026799998,45.97066270000005],[-84.58269726899994,45.96312869900004]]],[[[-84.59024525399997,45.81280967500004],[-84.58846025299994,45.807457674000034],[-84.58183524999998,45.80252067300006],[-84.56226824299995,45.796518674000026],[-84.54995623899998,45.79008167300003],[-84.52621822799995,45.76602867100007],[-84.52524522799996,45.76169967000004],[-84.50868722099995,45.75401867000005],[-84.50712421999998,45.74510066900007],[-84.50079021699997,45.73723566800004],[-84.48142620999994,45.73006066800008],[-84.47447720799994,45.73266366900003],[-84.46559520499994,45.73135966900003],[-84.45149219999996,45.72648366900006],[-84.44960419999995,45.72807566900008],[-84.44518719799999,45.72727466900005],[-84.43621719599997,45.728773670000066],[-84.41963218899997,45.720102670000074],[-84.41737718899998,45.72230467000003],[-84.41471418799995,45.72180367000004],[-84.41185618699996,45.72353667100003],[-84.40572218499995,45.722267671000054],[-84.39359118199997,45.72808167200003],[-84.39530818299994,45.73387367300006],[-84.39023718199996,45.73753967400006],[-84.39116618299994,45.73941267400005],[-84.38641218199996,45.741320675000054],[-84.38349517999995,45.739443675000075],[-84.37901817899996,45.74065867500008],[-84.38142117999996,45.743061676000025],[-84.38047017999997,45.74397467600005],[-84.37174617699998,45.74552567600006],[-84.36911317699997,45.74900167700008],[-84.37058817799993,45.75596167800006],[-84.36625917699996,45.758346679000056],[-84.36471217699994,45.76247268000003],[-84.35595017499998,45.77069968100005],[-84.35648317599998,45.77230368200003],[-84.37339618199996,45.77636068100003],[-84.39157018799995,45.78390468100008],[-84.39961819099994,45.78283668100005],[-84.40434019199995,45.78525868100007],[-84.42033119999996,45.81132568400005],[-84.42744920299998,45.81134168400007],[-84.42141019999997,45.80573168300003],[-84.42132619899996,45.792709681000076],[-84.4286962,45.78746668000008],[-84.43372920199994,45.786718679000046],[-84.44555920599998,45.791453680000075],[-84.47435521599994,45.79869367900005],[-84.50614322699994,45.81092367900004],[-84.52484123299996,45.80806967800004],[-84.53242923499994,45.808949677000044],[-84.53805323699999,45.80786367700006],[-84.57373424999997,45.81945067700008],[-84.57939025099995,45.81985867600008],[-84.58630125299999,45.81624667500006],[-84.58905525399996,45.81638067500006],[-84.59024525399997,45.81280967500004]]],[[[-84.61493126499994,45.83661767700005],[-84.60813626099997,45.82843467600003],[-84.61007226199996,45.82679467600008],[-84.59057925499997,45.82162967600004],[-84.58905525499995,45.82768367700004],[-84.59093625599996,45.82668167700007],[-84.60056225999995,45.83418967700004],[-84.61185126299995,45.83504467700004],[-84.61493126499994,45.83661767700005]]],[[[-84.641625289,45.972909697000034],[-84.63615028599997,45.96525269600005],[-84.64033228699998,45.96100169500005],[-84.64018428699995,45.95837769500008],[-84.63158028399994,45.95535869500003],[-84.61942227999998,45.95836469600005],[-84.61067527899996,45.96555169700008],[-84.61197127899999,45.967170698000075],[-84.60878827799996,45.967479698000034],[-84.62970028599995,45.97946869800006],[-84.63582728799997,45.98088369800007],[-84.63986828899993,45.978353698000035],[-84.63925228899996,45.974379697000074],[-84.641625289,45.972909697000034]]],[[[-84.65151727899996,45.86277867900003],[-84.65092227899999,45.85980667800004],[-84.63970027399995,45.852626678000036],[-84.63038627099996,45.850408678000065],[-84.61979426699997,45.84555667800004],[-84.61541726599995,45.849863679000066],[-84.60666426299997,45.84855667900007],[-84.60214726199996,45.852070680000054],[-84.62252727199996,45.87752668300004],[-84.62912127399994,45.88222868300005],[-84.64181127899997,45.88547568300004],[-84.64622627999995,45.88522468300005],[-84.64556627899998,45.87467668100004],[-84.65151727899996,45.86277867900003]]],[[[-84.68377136499998,46.49175977500005],[-84.68190736499997,46.49104577500003],[-84.67906236399995,46.49342977500004],[-84.68222736499996,46.493490775000055],[-84.68377136499998,46.49175977500005]]],[[[-84.75140130699998,45.83625366900003],[-84.75105430699995,45.83471866900004],[-84.74806230599995,45.83439566900006],[-84.74409630499997,45.83664166900007],[-84.74479230599997,45.83877467000008],[-84.74655430599995,45.83636666900003],[-84.75140130699998,45.83625366900003]]],[[[-84.88039235099995,45.86532866600004],[-84.87999035099995,45.86122366500007],[-84.86483234499997,45.854042665000065],[-84.86190834399997,45.85665166600006],[-84.86313934499998,45.86106866600005],[-84.86829334699996,45.861535666000066],[-84.86923934799995,45.86443766600007],[-84.87384934899995,45.86672066700004],[-84.878329351,45.867295666000075],[-84.88039235099995,45.86532866600004]]],[[[-85.07657135399995,45.765755256000034],[-85.07456839999998,45.76219063800005],[-85.05690739399995,45.75939763900004],[-85.05536639399998,45.761179639000034],[-85.03860538799995,45.76105664000005],[-85.03439138699997,45.75869564000004],[-85.02295338299996,45.75757064100003],[-85.01505438099997,45.76428964200005],[-85.02529538499994,45.76592264200008],[-85.03057338699995,45.769064642000046],[-85.04552639099995,45.76753564100005],[-85.04984039299995,45.76961464100003],[-85.04984539199995,45.76698864100007],[-85.05529839399998,45.76518764000008],[-85.05814839499999,45.76482964000007],[-85.06185939599999,45.76721864000007],[-85.07657135399995,45.765755256000034]]],[[[-85.20477947399996,46.044420675000026],[-85.20143247299995,46.04309467500008],[-85.199549473,46.04423067500005],[-85.20477947399996,46.044420675000026]]],[[[-85.30178647699995,45.81675663400006],[-85.29921447599997,45.81455263300006],[-85.29875047599995,45.81749763400006],[-85.30080747699998,45.81795563400004],[-85.30178647699995,45.81675663400006]]],[[[-85.425097511,45.78088462100004],[-85.40752450499997,45.77738362100007],[-85.39962650299998,45.77730862200008],[-85.38947249899996,45.77275962200008],[-85.37534549399999,45.76884562200007],[-85.37055649299998,45.77059262200004],[-85.36374549199996,45.77660462400007],[-85.35542748899996,45.77863262400007],[-85.35834349099997,45.78194962500004],[-85.35804049199999,45.79060962600005],[-85.35578249099996,45.79193562700004],[-85.35388148999994,45.79110762700003],[-85.34975348999996,45.79534162700003],[-85.34366148699996,45.793427628000074],[-85.33963848599996,45.79405362800003],[-85.35001848999997,45.79641662800003],[-85.35082249099997,45.80163362800005],[-85.34918648999997,45.80337362900008],[-85.35284649199997,45.80555262900003],[-85.36095949599996,45.817562630000054],[-85.36869249799997,45.81849663000003],[-85.37934850099998,45.81345962900008],[-85.37016249799996,45.809499628000026],[-85.36897349699996,45.80767762800008],[-85.37230149799996,45.804778628000065],[-85.37842949999998,45.805695627000034],[-85.37611049699996,45.791286625000055],[-85.37904149799994,45.78995962500005],[-85.37800549699995,45.78828962500006],[-85.38530049899998,45.78490262400004],[-85.38516949899997,45.78297762300008],[-85.38929549999995,45.780499623000026],[-85.39389750099997,45.780424623000044],[-85.39426950099994,45.77853862200004],[-85.39666350199997,45.77801362200006],[-85.425097511,45.78088462100004]]],[[[-85.53397554799994,45.800276617000065],[-85.53201854699995,45.79818061700007],[-85.50849153899998,45.79541561800005],[-85.49577653499995,45.79152161800005],[-85.49613253399997,45.78795861800006],[-85.50385753699999,45.78920161700006],[-85.50599653699999,45.78563761700008],[-85.51336453899995,45.78638361600008],[-85.50504553599995,45.78373161600007],[-85.50468953599994,45.78165961600007],[-85.50785953699994,45.78019261600008],[-85.50726853699996,45.77824461500006],[-85.49558053199996,45.77274761500007],[-85.48805152999995,45.776521616000025],[-85.48733852999999,45.77958761700006],[-85.48317952899998,45.780085617000054],[-85.47818752699999,45.77817861700004],[-85.48044552799996,45.77569261700006],[-85.47628852599996,45.77328461700006],[-85.46275152199996,45.77487061800008],[-85.46131252199996,45.77652161800006],[-85.45309051899994,45.77670861800004],[-85.46368952399996,45.78406361900005],[-85.46190652399997,45.78820662000004],[-85.45271352099996,45.78960262000004],[-85.45312152199995,45.79483262100007],[-85.45829952399998,45.797524621000036],[-85.46951252699995,45.79897862100006],[-85.47200852899994,45.80320462100008],[-85.469987528,45.80699862200004],[-85.49117153699996,45.81952662300006],[-85.51638554499993,45.827712623000025],[-85.523240548,45.828942622000056],[-85.52771354899994,45.828256622000026],[-85.52786354899996,45.824305621000065],[-85.52536754699997,45.82200662100007],[-85.52980554799996,45.81860862000008],[-85.53022754799997,45.816358620000074],[-85.52612054599996,45.81009161900005],[-85.51990054399994,45.80544061900008],[-85.52988354599995,45.80047061800008],[-85.53397554799994,45.800276617000065]]],[[[-85.56804447499997,45.09978950500005],[-85.56586547399996,45.09951050500007],[-85.56773847499994,45.101421505000076],[-85.56804447499997,45.09978950500005]]],[[[-85.58321945199998,44.863736466000034],[-85.58376045199998,44.861462466000035],[-85.58185445199996,44.86025146600008],[-85.57064844899998,44.86452846700007],[-85.57213044999997,44.86960346800004],[-85.57024844999995,44.87281346800006],[-85.58121245299998,44.869946467000034],[-85.58321945199998,44.863736466000034]]],[[[-85.59449457099998,45.83768862000005],[-85.58918456899994,45.83331861900007],[-85.58692656799997,45.833931619000055],[-85.58376256799994,45.839502620000076],[-85.58817756899998,45.84070862000004],[-85.59449457099998,45.83768862000005]]],[[[-85.61754357499996,45.810784614000056],[-85.61112957199998,45.80738461400006],[-85.60431457099997,45.81183261500007],[-85.61197257299995,45.81431061500007],[-85.61754357499996,45.810784614000056]]],[[[-85.628226553,45.601753581000025],[-85.62915955199998,45.59618958000004],[-85.62322154999998,45.58786057900005],[-85.62348554899995,45.58473557800005],[-85.61974054799998,45.58189057800007],[-85.61805454699999,45.58265557800007],[-85.60977254499994,45.580508578000035],[-85.60698754299995,45.578437578000035],[-85.60665454399998,45.58054757900004],[-85.60427654299997,45.58148257900007],[-85.60071154199994,45.58139957900005],[-85.59707953999998,45.57828757900006],[-85.58485553699995,45.57934558000005],[-85.57680853399995,45.57461457900007],[-85.56066352799996,45.57159258000007],[-85.55744352699998,45.57324958000004],[-85.54113452299998,45.575053582000066],[-85.53406952099994,45.57820658300005],[-85.53421652199995,45.58362158300008],[-85.53027852099996,45.58926158400004],[-85.52690051999997,45.59159858500004],[-85.51804351799996,45.59292058600005],[-85.50928151499994,45.59648358700008],[-85.50650051499997,45.602549588000045],[-85.49173251099995,45.607535590000055],[-85.48703151099994,45.621219592000045],[-85.48733851299994,45.63735859500008],[-85.49025751599999,45.65213059700005],[-85.500456521,45.66430659800005],[-85.50610952399995,45.681156600000065],[-85.50280552499999,45.69100660200007],[-85.49402152299996,45.69848460400004],[-85.49631652599999,45.71514460600008],[-85.50126252699994,45.71763460600005],[-85.50195552799994,45.720793607000076],[-85.49878252799994,45.72629960800003],[-85.50487152999995,45.73038160800007],[-85.50825453099998,45.730666608000035],[-85.51360253299998,45.73655560900005],[-85.52080853599995,45.737255608000055],[-85.52191653599994,45.739427609000074],[-85.52057453699996,45.74475360900004],[-85.51515053599996,45.74945961000003],[-85.50904553299995,45.748496611000064],[-85.50882353299994,45.74236661000003],[-85.49946052999996,45.74435261100007],[-85.49766152999996,45.74625461100004],[-85.50127253199997,45.75442361200004],[-85.50670953399998,45.75521561200003],[-85.52524253899998,45.750470610000036],[-85.53562554199993,45.75040260900005],[-85.54375554499995,45.75142160900003],[-85.54956554699999,45.75727461000008],[-85.55707454999998,45.75949661000004],[-85.56644655299993,45.760230609000075],[-85.56799655299994,45.758587609000074],[-85.56713355199997,45.75042760800005],[-85.56888455199999,45.74935160700005],[-85.56272854999997,45.74304860700005],[-85.56216854799999,45.73546160600006],[-85.56770054899994,45.72870760400008],[-85.57240055099999,45.72767960400006],[-85.57231454899994,45.71145760100006],[-85.58372955099998,45.70080459900004],[-85.59077455299996,45.69805959800004],[-85.59693155399998,45.69035659600007],[-85.59880755399996,45.69073059600004],[-85.60084755499997,45.68886859600008],[-85.60488655499995,45.68194059500007],[-85.60441955399995,45.674848594000025],[-85.60875355499996,45.672007593000046],[-85.60545555399995,45.66958959300007],[-85.61032155499998,45.66434659200007],[-85.60907955299996,45.65364759000005],[-85.60495655099999,45.647607589000074],[-85.60452654999995,45.63926458800006],[-85.60865854999997,45.63201658700007],[-85.61264155199996,45.63078858600005],[-85.61985555299998,45.62455558500005],[-85.62240655199997,45.60723058200006],[-85.628226553,45.601753581000025]]],[[[-85.69626459499995,45.77439960400005],[-85.69310759299998,45.77089560300004],[-85.68408059099994,45.77013360400008],[-85.68819759199994,45.775069604000066],[-85.69458059399994,45.77560160400003],[-85.69626459499995,45.77439960400005]]],[[[-85.700807592,45.73853359800006],[-85.69480658999998,45.73430159700007],[-85.69316358799995,45.72566459600006],[-85.68710858499998,45.71979859600003],[-85.68924758499998,45.71415659500008],[-85.69644058699998,45.712593594000055],[-85.69356558599998,45.709197594000045],[-85.69758658599994,45.69765759200004],[-85.69364558499996,45.69610859200003],[-85.68851758299996,45.697475592000046],[-85.68045958,45.69607059200007],[-85.67509757899995,45.69724459300005],[-85.67303257799995,45.69817559300003],[-85.67195557899998,45.70305959400008],[-85.65482857499995,45.715890597000055],[-85.65078957399999,45.72251059800004],[-85.65512357799997,45.73825260000007],[-85.65350057699999,45.74031760100007],[-85.64489857499996,45.742710602000045],[-85.66378458099996,45.74361360100005],[-85.68152258699996,45.74750360000007],[-85.68511358799998,45.74622060000007],[-85.68885558899996,45.74724660000004],[-85.69078758999996,45.746872600000074],[-85.68948558899996,45.74534760000006],[-85.69114858999995,45.744186599000045],[-85.69486859099999,45.744171599000026],[-85.69384558999997,45.742260599000076],[-85.69786759099998,45.73881159800004],[-85.700807592,45.73853359800006]]],[[[-85.78952158899995,45.48782955300004],[-85.79296658999993,45.48198455200003],[-85.78310458599998,45.477080552000075],[-85.77787558399996,45.47099755100004],[-85.77742758299996,45.46742055100003],[-85.77015157999995,45.46074555000007],[-85.76684358099999,45.475796553000066],[-85.77061658299993,45.48649755400004],[-85.77538058499994,45.49016255400005],[-85.78265158799996,45.49160455400005],[-85.78952158899995,45.48782955300004]]],[[[-85.84488363099996,45.69509858200007],[-85.84375563099996,45.69210958200006],[-85.83941562899997,45.693022582000026],[-85.83923062999997,45.695333583000036],[-85.83423362799994,45.69522858300007],[-85.83326562799994,45.69664058300003],[-85.83511462899997,45.699044584000035],[-85.83335562899998,45.702398584000036],[-85.83492162999994,45.70987058500003],[-85.84274463299994,45.712360585000056],[-85.84369463299998,45.711531585000046],[-85.84096163199996,45.70995458500005],[-85.84274463199995,45.70497558400007],[-85.84082163099998,45.70252058400007],[-85.84488363099996,45.69509858200007]]],[[[-85.88471261399997,45.444822541000065],[-85.87511360799994,45.42541853800003],[-85.86522260399994,45.41721853800004],[-85.84216859399999,45.39110253500007],[-85.83848359199999,45.382588534000035],[-85.83872159099997,45.377163533000044],[-85.83384958999994,45.37958353400006],[-85.83028458899997,45.384258534000026],[-85.82778858999995,45.39327253600004],[-85.82654959099995,45.405884538000066],[-85.83197259399998,45.420488540000065],[-85.85207860299994,45.43695554100003],[-85.88471261399997,45.444822541000065]]],[[[-86.06448863299994,45.139609482000026],[-86.05842462799995,45.117884479000054],[-86.06040362799996,45.108293477000075],[-86.05865862599995,45.10078447600006],[-86.05242962399996,45.09531947600004],[-86.04117761999998,45.09041247500005],[-86.03271361599997,45.081161475000044],[-86.01669960999999,45.06904247400007],[-86.00753260599998,45.05718047200003],[-85.99951560299996,45.05407147200003],[-85.99405360099996,45.05733547300008],[-85.98772159999999,45.05825447400008],[-85.97688859699997,45.062668475000066],[-85.96088459199996,45.06051647500004],[-85.97708759799997,45.07300147700005],[-85.98280460099994,45.08079547700004],[-85.98410060199996,45.08708147800007],[-85.98043860399997,45.11305448300004],[-85.97468460299996,45.12260048500008],[-85.97687760399998,45.12628948500003],[-85.97680860599996,45.13837148700003],[-85.98462160899999,45.14386448700003],[-85.98941761099996,45.151077488000055],[-86.00595161699994,45.15575948800006],[-86.04443562899996,45.15959048600007],[-86.05047863099998,45.15842648600005],[-86.05939863299994,45.152299484000025],[-86.06448863299994,45.139609482000026]]],[[[-86.15565964599995,45.01439845700003],[-86.15433164399997,45.00273945500004],[-86.13483763799996,44.99697145500005],[-86.12488263499995,44.99959245600007],[-86.11570463199996,44.99910145700005],[-86.093541626,45.00784645900006],[-86.09224062599998,45.01013746000007],[-86.09768062799998,45.01337946000007],[-86.10121962999995,45.01810946000006],[-86.10189963099998,45.02281946100004],[-86.09709962999995,45.030136463000076],[-86.08769762699995,45.032126463000054],[-86.07762162399996,45.03081146400007],[-86.07781562399998,45.032418464000045],[-86.08525462699998,45.039551465000045],[-86.11314163699996,45.045720464000055],[-86.11791363799995,45.048486464000064],[-86.13810064399996,45.04304646200006],[-86.14164964499997,45.04025946200005],[-86.15565964599995,45.01439845700003]]],[[[-86.65922688799998,45.73790754000004],[-86.66031688799995,45.736013540000044],[-86.65754188799997,45.73658454000008],[-86.65707988799994,45.74265154100004],[-86.65922688799998,45.73790754000004]]],[[[-86.66064486899995,45.57861251500003],[-86.65492486499994,45.55989951300006],[-86.65560986499997,45.55642551200003],[-86.65089986299995,45.55307051200003],[-86.64891486099998,45.544352511000056],[-86.64107385899996,45.54302351100006],[-86.63462985699994,45.544803511000055],[-86.62750085499994,45.54946451300003],[-86.62756185599994,45.552824513000076],[-86.62208685499996,45.559480515000075],[-86.62216085499995,45.56363851500004],[-86.62682585799996,45.57294251600007],[-86.63646186099999,45.57166751600005],[-86.63880486199997,45.573199516000045],[-86.63735186199995,45.57678251600004],[-86.64163286299998,45.57708751600006],[-86.64657886499998,45.58170751600005],[-86.64614586499994,45.58393551700004],[-86.65038686699995,45.58342251700003],[-86.65494086799998,45.58717951700004],[-86.66064486899995,45.57861251500003]]],[[[-86.67020986599994,45.52956850700008],[-86.66706186399995,45.52168850600003],[-86.66226286299997,45.52099150600003],[-86.65992086199998,45.52249950600003],[-86.66118486399995,45.53297050800006],[-86.66785386599997,45.53176050700006],[-86.67020986599994,45.52956850700008]]],[[[-86.70167688499998,45.60573451700003],[-86.701606885,45.603180516000066],[-86.69017487999997,45.59572951600006],[-86.68558287899998,45.59582051600006],[-86.682273878,45.59923751700006],[-86.67728287699998,45.60006851700007],[-86.67288487599996,45.60455851800003],[-86.66789387499995,45.60605551900005],[-86.67727487899998,45.61369752000007],[-86.69239588399995,45.61713451900005],[-86.69815788499994,45.61362951800004],[-86.70176388599998,45.61661251900006],[-86.69919888499999,45.61106851800008],[-86.70167688499998,45.60573451700003]]],[[[-86.70904600699998,46.545218660000046],[-86.70946900699994,46.54185966000006],[-86.70417200299994,46.52895065800004],[-86.701655,46.51122565500003],[-86.69648899799995,46.503531655000074],[-86.68473799299994,46.49964965500004],[-86.68381699299994,46.497734654000055],[-86.68855398999995,46.46370364900008],[-86.68760098899998,46.45623664800007],[-86.680244986,46.45233664800003],[-86.67168798299997,46.45061764800005],[-86.66443898199998,46.45986865000003],[-86.65992298199996,46.470264652000026],[-86.64471197699999,46.470837653000046],[-86.63888797599998,46.47239265300004],[-86.63591697499999,46.47141065400007],[-86.64114597499997,46.46437165200007],[-86.64780097699997,46.46257065100008],[-86.64078997399997,46.45438365100006],[-86.63520397199994,46.453483651000056],[-86.62961897099996,46.45602165200006],[-86.62308296899994,46.45651265200007],[-86.61333796699995,46.46486265400006],[-86.60793796599995,46.472184655000035],[-86.60695596699998,46.47956165700003],[-86.60889896899994,46.49257265800003],[-86.61238096999995,46.494164658000045],[-86.61638097099996,46.49119765800003],[-86.62077797199998,46.48420465600003],[-86.62822897299998,46.47778965500004],[-86.63579597499995,46.478537655000025],[-86.64680397999996,46.487505655000064],[-86.63978897999993,46.50163065800007],[-86.63442497899996,46.504967659000044],[-86.63213497799995,46.50933265900005],[-86.62633497999997,46.53491166400005],[-86.63224598199997,46.53790066400006],[-86.63834098499996,46.546499665000056],[-86.64537698799995,46.550796665000064],[-86.64601498899998,46.55388366500006],[-86.65336099199999,46.560706666000044],[-86.65611799199996,46.55873566500003],[-86.66664599499995,46.556703664000054],[-86.67595599799995,46.55712766400006],[-86.678549,46.560898664000035],[-86.68440200099997,46.559701664000045],[-86.69779900499998,46.554696662000026],[-86.70904600699998,46.545218660000046]]],[[[-86.71177088899998,45.609191517000056],[-86.70699188699996,45.60888151700004],[-86.70520988699997,45.61062751700007],[-86.70806188799997,45.61154251700003],[-86.71177088899998,45.609191517000056]]],[[[-86.71695287699998,45.50116150000008],[-86.71614287599994,45.497787499000026],[-86.71389987599997,45.499806500000034],[-86.71695287699998,45.50116150000008]]],[[[-86.72245700299999,46.48581365000007],[-86.71932900199994,46.47904164900007],[-86.71674800099998,46.47860765000007],[-86.72245700299999,46.48581365000007]]],[[[-86.72183687999996,45.51058750100003],[-86.72291687999996,45.50853150000006],[-86.71669887799999,45.50949150100007],[-86.72065887899998,45.51152950100004],[-86.72183687999996,45.51058750100003]]],[[[-86.72715788299996,45.522533502000044],[-86.72624488199995,45.52060650200008],[-86.72309788099994,45.520533502000035],[-86.72715788299996,45.522533502000044]]],[[[-86.74819101499997,46.51560865300007],[-86.74417301299997,46.505300652000074],[-86.73692200999994,46.50397865200006],[-86.73729301099996,46.51115665300006],[-86.74358801399995,46.51583965300006],[-86.74617201499996,46.51661565300003],[-86.74819101499997,46.51560865300007]]],[[[-86.76272792799995,45.80092554300006],[-86.76249092799998,45.798523543000044],[-86.75880692599998,45.79670054300004],[-86.75381492499997,45.79794354300003],[-86.755716926,45.80018054400006],[-86.76272792799995,45.80092554300006]]],[[[-86.76562892199996,45.74589053500006],[-86.76344092099998,45.74356453400003],[-86.75928191999998,45.74431053500007],[-86.76546192199999,45.748788535000074],[-86.76562892199996,45.74589053500006]]],[[[-86.78351889699996,45.50226949600005],[-86.78281189499995,45.48679049300006],[-86.779734895,45.48904049400005],[-86.774924893,45.48762249400005],[-86.76558088899998,45.47895849300005],[-86.75999488699995,45.477875493000056],[-86.75756988699999,45.48576449500007],[-86.75755388999994,45.50413149800005],[-86.76470489199994,45.50603149800003],[-86.77383789599997,45.51113249800005],[-86.78147989799999,45.50969349700006],[-86.78351889699996,45.50226949600005]]],[[[-86.82483349999995,41.76024787800003],[-86.51932340999997,41.759454894000044],[-86.12784929299994,41.76059991500006],[-85.79136819199994,41.75905893300006],[-85.17223500699998,41.759625965000055],[-84.80588789599994,41.76022398400005],[-84.80597689099994,41.69612597300005],[-84.20223719299997,41.71104665400003],[-83.88054361299999,41.72008902400006],[-83.45383648399996,41.73265504800003],[-83.45292448399994,41.740595049000035],[-83.43343447899997,41.74600305100006],[-83.428324477,41.74121505100004],[-83.42868147799999,41.75088005300006],[-83.44204548499994,41.78127605700007],[-83.44336848599994,41.78912605900007],[-83.44167248699995,41.80865406200007],[-83.43961648699997,41.81317006300003],[-83.43420848599999,41.81857006400003],[-83.41958448099996,41.82130706600003],[-83.41006247899998,41.82783306700003],[-83.39801147699995,41.85158207200004],[-83.38195947399998,41.870885076000036],[-83.37871547299994,41.87189907700008],[-83.37686747199996,41.867805076000025],[-83.37520347199995,41.86833607600005],[-83.37649447299998,41.87375407700006],[-83.37116247099993,41.87691907800007],[-83.35625946699997,41.87401507800007],[-83.35357446599994,41.87612307900008],[-83.34677546399996,41.87693707900007],[-83.34276446299998,41.87939208000006],[-83.335965462,41.88972908200003],[-83.33156646299994,41.91408808700004],[-83.32733046199996,41.91617408700006],[-83.32554846099998,41.920588088000045],[-83.32713446199995,41.92239908800008],[-83.32028446099997,41.93257109000007],[-83.30290845699994,41.943081093000046],[-83.29039345299998,41.944886094000026],[-83.28379545099995,41.944271094000044],[-83.27048844599994,41.93934309400004],[-83.26475544399995,41.930920093000054],[-83.26251444399998,41.93962309500006],[-83.253556442,41.94490509600007],[-83.25405744199998,41.949013097000034],[-83.25729644299997,41.950753097000074],[-83.25701344399994,41.95969409800006],[-83.25042144299994,41.97276610100005],[-83.22850643799995,41.987299105000034],[-83.22335843599996,41.98919910500007],[-83.21248343299999,41.98872810600005],[-83.19392242799995,41.99766410800004],[-83.17089442299994,42.01816311300007],[-83.17089442299994,42.02178311400007],[-83.18056642699997,42.02696511400006],[-83.19349743099997,42.02655011400003],[-83.20312343399996,42.035024115000056],[-83.195398432,42.039879116000066],[-83.19064543099995,42.04093811600006],[-83.18693242999996,42.04454211700005],[-83.18619943099998,42.051924118000045],[-83.19112043299998,42.064587120000056],[-83.16876342699999,42.07360912300004],[-83.15762842499998,42.085550126000044],[-83.13351541799994,42.08815112700006],[-83.12127441699994,42.11746213300006],[-83.11923241699998,42.12527113500005],[-83.12530841999995,42.13756413700003],[-83.13438842599999,42.17462914300006],[-83.13061042799995,42.21104714900008],[-83.12636542899997,42.23842015500003],[-83.11203442699997,42.26059515900005],[-83.09729442499997,42.29007616500007],[-83.07821142099993,42.308573169000056],[-83.06364141699999,42.316865172000064],[-83.01902840399998,42.33062417600007],[-82.988623395,42.33244717800005],[-82.95975438699998,42.34004118100006],[-82.94541938299994,42.34734518300007],[-82.92397437699998,42.352076185000044],[-82.92881937899995,42.35944518600007],[-82.92455537799998,42.36233718700004],[-82.92354937799996,42.36759518800005],[-82.91854637699998,42.37301418900006],[-82.91911837799995,42.37444518900003],[-82.91511837699994,42.378145190000055],[-82.89841737199998,42.38544519200008],[-82.88918736999995,42.39603719400003],[-82.88724736999995,42.40192319500005],[-82.88437536899994,42.40129819500004],[-82.88430236999994,42.402984196000034],[-82.88691636999994,42.40276819600007],[-82.88653036999995,42.40536419600005],[-82.88266436899994,42.404886196000064],[-82.88152336899998,42.40659919700005],[-82.88562136999997,42.40826719700004],[-82.87567636999995,42.43491420200007],[-82.87072836799996,42.43317520200003],[-82.86942036799996,42.43545620200007],[-82.87405136899997,42.43676120200007],[-82.87403636999994,42.43925320300008],[-82.87035136999998,42.45089620500005],[-82.86766836899994,42.45371920600007],[-82.86852136999994,42.456402206000064],[-82.87152137099997,42.45820920600005],[-82.87084937099996,42.46077420700004],[-82.87703037399996,42.47199020800008],[-82.88365937599997,42.47658720900006],[-82.88352137599998,42.479114209000045],[-82.88023937499997,42.47909720900003],[-82.87838837599998,42.49164721200003],[-82.88272237699994,42.49254121200005],[-82.88232037799997,42.50104321300006],[-82.87442037699998,42.52354321800004],[-82.87060937699994,42.52590521800005],[-82.87073537699996,42.52888721900007],[-82.85932037499998,42.54194322200004],[-82.84988937199995,42.54979722300004],[-82.84708637199998,42.55896222500007],[-82.84182537099997,42.56013522600006],[-82.84281737099997,42.56249822600006],[-82.83422036899998,42.56785722700005],[-82.82102036499998,42.570742229000075],[-82.81623236399997,42.56970422900008],[-82.81010836199994,42.571366229000034],[-82.79671935799996,42.571042230000046],[-82.78911835499997,42.56844223000007],[-82.78451835299995,42.56364222900004],[-82.78241835299997,42.56484222900008],[-82.78338035299998,42.56784323000005],[-82.78151835299997,42.571642231000055],[-82.78812035599998,42.58284323200007],[-82.78682735699994,42.592257234000044],[-82.77790435399999,42.59318123500003],[-82.77419735299998,42.59207123500005],[-82.76959435199996,42.59338823500008],[-82.77643735399994,42.596242235000034],[-82.78979835799998,42.596106235000036],[-82.79300635899995,42.601093235000064],[-82.79193735899997,42.60310523600003],[-82.78877335799996,42.603966236000076],[-82.81199636599996,42.61083423600007],[-82.81902136899998,42.61634123700003],[-82.82012236999998,42.626341238000066],[-82.81352236899994,42.64084124100003],[-82.80561336799997,42.64877324300005],[-82.79732236599995,42.65404024400004],[-82.79242236399995,42.65514024500004],[-82.78082135999995,42.65224024500003],[-82.76026935399994,42.65658024700008],[-82.76005635499996,42.66383824800005],[-82.75332135399998,42.66974024900003],[-82.74699235199995,42.67280125000008],[-82.73644634899995,42.672892251000064],[-82.73314034799995,42.67547325100003],[-82.73470434799998,42.67699525200004],[-82.72637034599995,42.68277625300004],[-82.70908334099994,42.68361425400008],[-82.70096833899999,42.68955625500007],[-82.69622633799997,42.690286256000036],[-82.68550433399997,42.69004425600008],[-82.67429133099995,42.68705725600006],[-82.65978532499997,42.67862625600003],[-82.65324532299996,42.67224025500008],[-82.64447731999996,42.67590725600007],[-82.63526631799994,42.67556025600004],[-82.63085531599995,42.67334925600005],[-82.62380131299994,42.66540325500006],[-82.62304731199998,42.65595925300005],[-82.62640031199999,42.64739325200003],[-82.63092631299997,42.642118251000056],[-82.63535331399999,42.63998325000006],[-82.63899031499994,42.64000725000005],[-82.64231731699994,42.64429125000004],[-82.65289432099996,42.65058525100005],[-82.66181632199994,42.63560324800005],[-82.66666132399996,42.64002524800003],[-82.66910732499997,42.63723324800003],[-82.66465932299997,42.632139247000055],[-82.66549132199998,42.62418224600003],[-82.67535532599999,42.62671824600005],[-82.68984032999998,42.62715624500004],[-82.69012832999994,42.625041245000034],[-82.68367432799994,42.62304524500007],[-82.68159732699996,42.618680244000075],[-82.67618732499994,42.61622424400008],[-82.67654332499995,42.612988243000075],[-82.68712032699995,42.60642824200005],[-82.70082233199997,42.60669524100007],[-82.71304633499994,42.59791223900004],[-82.71115533299997,42.59089223800004],[-82.70115632999995,42.58599923700007],[-82.68735832599998,42.589282239000056],[-82.67713732299995,42.59741924000008],[-82.67238432199997,42.59610624000004],[-82.66953232099996,42.59321924000005],[-82.66073831799997,42.59593124100007],[-82.65645931699999,42.59243224100004],[-82.66168831699997,42.58158223800007],[-82.66786831899998,42.58114523800003],[-82.66751131899997,42.57878223800003],[-82.67072031999999,42.576945237000075],[-82.67511732099996,42.57930723700008],[-82.68104032299993,42.57470323600006],[-82.68096732199996,42.57029223500007],[-82.68757532399997,42.566099234000035],[-82.68961332399994,42.55983123300007],[-82.69406632499994,42.55857023300007],[-82.68593232299997,42.56014023300003],[-82.68510032199998,42.55558823300004],[-82.68331732099995,42.55550123300003],[-82.67594931999997,42.56154123400006],[-82.66133231599997,42.568631236000044],[-82.65693531399995,42.56766823600003],[-82.64790331099994,42.55935323500006],[-82.65123031099995,42.55331223400003],[-82.66433931499995,42.54625223200003],[-82.67096031599993,42.53799723000003],[-82.67952631799994,42.53552822900008],[-82.68153531899998,42.53037222800003],[-82.68070331799998,42.52319022700004],[-82.67906331699999,42.52221822700005],[-82.66168131399996,42.54188323100004],[-82.64092030799998,42.55498123500007],[-82.63349530599999,42.55705923600004],[-82.62491130399997,42.55723723600005],[-82.61685230099994,42.55460923600003],[-82.60574629699994,42.54817523500003],[-82.58978329199994,42.550686237000036],[-82.58400029099994,42.55404923700007],[-82.57738428999994,42.56708624000004],[-82.55594228499996,42.58243324400007],[-82.54817328299998,42.59185624600008],[-82.52537827699996,42.605661249000036],[-82.51878627599996,42.61389625100003],[-82.50993927499997,42.637302256000055],[-82.51085527799995,42.665000261000046],[-82.49449527599995,42.70083126800006],[-82.48387427499995,42.71798827100008],[-82.48360827599998,42.73363227400006],[-82.46748727399995,42.76191828000003],[-82.46704927399998,42.76875528100004],[-82.47036827599999,42.782835283000054],[-82.48257828299995,42.80865228700003],[-82.46896528199994,42.85232229600007],[-82.46991628599994,42.88746730200006],[-82.45557828499994,42.926859309000065],[-82.44714628399998,42.93776031200008],[-82.42860727899995,42.952009315000055],[-82.41674127699997,42.96662131800008],[-82.41347827699997,42.97689532000004],[-82.42035027999998,42.98445932100003],[-82.42497328199994,42.993391323000026],[-82.42259028199999,43.00003732400006],[-82.41594127999997,43.005563325000026],[-82.42277228199998,43.007964325000046],[-82.42654428499998,43.01724832700006],[-82.46308730099997,43.06939633400003],[-82.47105730499999,43.087589337000054],[-82.48604631099994,43.10249433900003],[-82.48728631199998,43.11277734000004],[-82.49061831399996,43.11818034100003],[-82.49419831699998,43.14374434500007],[-82.50166032099997,43.161664348000045],[-82.50888532699997,43.19675635400006],[-82.51912733199998,43.21274535600003],[-82.52309033399996,43.22536935800008],[-82.52556433699993,43.24979936200003],[-82.52434333699995,43.25156236300006],[-82.52746333899995,43.259790364000025],[-82.52567833899997,43.26721436500003],[-82.52273533799996,43.26746836500007],[-82.52271933799994,43.269384366000054],[-82.52765433999997,43.27464936600006],[-82.52818434199997,43.28934836900004],[-82.53240034499999,43.30577837200008],[-82.52942034499995,43.31625137300006],[-82.53083034699995,43.338127377000035],[-82.53679834999997,43.34851837900004],[-82.53751135099998,43.35317137900006],[-82.53308035199996,43.38370738500004],[-82.53938535599997,43.401301388000036],[-82.53699835599997,43.407890389000045],[-82.54022935799998,43.42444539200005],[-82.53709535799999,43.43306039300006],[-82.54711236299994,43.44740639500003],[-82.54658036299998,43.45714239700004],[-82.55494636699996,43.467673398000045],[-82.55474736799994,43.47951740000008],[-82.56027236999995,43.48375740100005],[-82.56499637199994,43.49060140200004],[-82.56569537399997,43.50291240400003],[-82.57165737599996,43.510511405000045],[-82.57153037699999,43.516492406000054],[-82.57624637899994,43.52526740700006],[-82.57622337999999,43.52865140800003],[-82.58565838399994,43.543977410000025],[-82.58461638499995,43.553450412000075],[-82.58901838699995,43.56123941300007],[-82.59198238899995,43.57841241500006],[-82.59876639299995,43.59366841800005],[-82.60061339499998,43.61191542100005],[-82.59658039399994,43.615117422000026],[-82.60283239799998,43.63432642400005],[-82.60171439899995,43.643363426000064],[-82.60423639999993,43.64918242700003],[-82.60630440199998,43.66539143000006],[-82.60483440299998,43.678892432000055],[-82.60609540499996,43.68919043400007],[-82.61008240699994,43.698305435000066],[-82.60998240699996,43.702920436000056],[-82.606665406,43.704789436000056],[-82.60787940699998,43.70794343700004],[-82.60568440599997,43.710000437000076],[-82.61217340999997,43.725576440000054],[-82.61028840999995,43.73012644100004],[-82.61153841099997,43.741204442000026],[-82.61721741399998,43.74679644300005],[-82.61908341499998,43.756096444000036],[-82.61700541499994,43.76017644500007],[-82.61795941599996,43.76860444700003],[-82.61322841499998,43.77185044700008],[-82.61477741599998,43.779546449000065],[-82.62431241999997,43.78794345000006],[-82.62157241999995,43.79723345100007],[-82.62530042199995,43.802318452000065],[-82.62465542199999,43.80418545200007],[-82.62790542299996,43.80803945300005],[-82.63146742499998,43.820677455000066],[-82.63376642599997,43.82305245500004],[-82.63364542699998,43.831232457000056],[-82.63771942899996,43.83545645700008],[-82.64434943099997,43.83754745700003],[-82.64778843299996,43.842692458000045],[-82.64747143299996,43.84449845800003],[-82.64290343099998,43.84642745900004],[-82.64317043199998,43.85247646000005],[-82.64655543399994,43.856724460000066],[-82.64921043399994,43.85700146000005],[-82.65513343799995,43.869175462000044],[-82.67864644599996,43.88373846300004],[-82.68474344999998,43.90068846600008],[-82.68258444999998,43.908235467000054],[-82.69342745399996,43.91906146800005],[-82.69389445499996,43.92328946900005],[-82.69975745699998,43.92701046900004],[-82.69957145799998,43.93157147000005],[-82.702332459,43.93775447100006],[-82.70498145999994,43.939232471000025],[-82.70984346199998,43.94823447200008],[-82.71540446499995,43.95127347300007],[-82.71885046599994,43.95555147300007],[-82.72693146999995,43.97368547600007],[-82.73899647599995,43.989514478000046],[-82.74523347799999,43.99147147800005],[-82.75759248299994,44.003867479000064],[-82.76102648399996,44.003908479000074],[-82.76669748599994,44.008674480000025],[-82.78320249099994,44.00937447900003],[-82.78830249399994,44.013720480000075],[-82.79320949599997,44.023255481000035],[-82.81130850199997,44.028395481000075],[-82.81389550299997,44.03238248100007],[-82.82696450799995,44.033720481000046],[-82.83119050899995,44.03770748100004],[-82.83310750999993,44.03685948100008],[-82.84810251499994,44.03973148100005],[-82.85809951799996,44.042366481000045],[-82.85958451899995,44.044231481000054],[-82.87589352399993,44.04505448000003],[-82.88983552899998,44.05096048000007],[-82.89496953099996,44.05752148100004],[-82.89781653199998,44.05778548100005],[-82.90098653299998,44.060496482000076],[-82.91183953699993,44.06271248100006],[-82.92075953999995,44.06845548200005],[-82.92888854299997,44.069397482000056],[-82.94737254799998,44.062195479000025],[-82.95666255099997,44.06331447900004],[-82.95945255299995,44.06849648000008],[-82.96386555399994,44.06827448000007],[-82.96995955599994,44.06597947900008],[-82.99073255999997,44.04885447500004],[-82.99928756299994,44.04651847400004],[-83.02460857099999,44.04518247200008],[-83.02767957199995,44.046212472000036],[-83.03299457199995,44.03575347000003],[-83.03982657399996,44.030903469000066],[-83.03843957299995,44.02875946900008],[-83.04658157399996,44.01571846600007],[-83.05874557699997,44.00623246400005],[-83.06603057899997,44.00337446300006],[-83.07930158299996,44.001087462000044],[-83.09612458799995,44.001819461000025],[-83.11239759399996,44.00470646100007],[-83.11905859599995,44.00269146000005],[-83.13488559999996,43.99315545800005],[-83.15127160399999,43.98777245600007],[-83.16438260799998,43.98622345500007],[-83.17014460999997,43.98699345500006],[-83.17566061099996,43.983150454000054],[-83.18512961399995,43.98159445300007],[-83.19826561799994,43.98360645300005],[-83.22938162799994,43.98038845100007],[-83.24766563299994,43.97587744900005],[-83.26247563799996,43.97532344800004],[-83.26185463699994,43.969029447000025],[-83.26898463799995,43.956140445000074],[-83.28027963999995,43.94610344200004],[-83.28467264099999,43.93833044100006],[-83.29037364199996,43.93284643900006],[-83.31070464699997,43.919816436000076],[-83.32695465199998,43.91550043500007],[-83.36680266399998,43.91323943200007],[-83.38030866799994,43.91320543100005],[-83.39901267399995,43.91705643100005],[-83.40543967599996,43.915201430000025],[-83.40305167499997,43.910717430000034],[-83.39761467299996,43.90712642900007],[-83.38241266799997,43.90998143100006],[-83.34098065499995,43.90454943200007],[-83.33957365399993,43.90117543200006],[-83.33179265099994,43.893909431000054],[-83.33313464999998,43.88407342900007],[-83.34276065199998,43.872166426000035],[-83.36331965699998,43.85794342300005],[-83.37128165899998,43.85468742200004],[-83.37247065999998,43.858715423000035],[-83.37659466099996,43.85755142200003],[-83.37587266099996,43.85464742200003],[-83.38449166299995,43.854348421000054],[-83.38661166399999,43.85151642100004],[-83.39286366499994,43.84910442000006],[-83.39386166399999,43.83437441700005],[-83.39564366499997,43.83377441700003],[-83.39981066699994,43.84475241900003],[-83.40526866799996,43.841332418000036],[-83.40772366899995,43.83524041700008],[-83.41209866999998,43.83414441600007],[-83.41937067199996,43.83644841600005],[-83.41748767199994,43.84197541700007],[-83.42689867499996,43.84363141700004],[-83.43391067699997,43.840717416000075],[-83.43379167799998,43.84586041700004],[-83.42713667599998,43.85134541800005],[-83.42978267699993,43.85306741900007],[-83.42739367699994,43.85892842000004],[-83.43759468099995,43.86248542000004],[-83.44527368299998,43.86146441900007],[-83.44929268399994,43.85926641900005],[-83.45072768399996,43.855148418000056],[-83.44828968299998,43.85220241700006],[-83.44864668199995,43.84448841600005],[-83.44662668099994,43.84114641600007],[-83.44852768199996,43.83831741500006],[-83.45197368299995,43.83694541500006],[-83.45898568399997,43.82683041300004],[-83.46314468499997,43.82665841200003],[-83.46255068399995,43.82057141100006],[-83.46575968399998,43.812682410000036],[-83.46362068299999,43.80830840900006],[-83.46611568399999,43.80659340900007],[-83.46433368299995,43.80273340800005],[-83.46789868399998,43.800331408000034],[-83.47253368499997,43.80153240800007],[-83.47609868599994,43.79784440700007],[-83.47597968599996,43.79381240600003],[-83.47957168699998,43.793633406000026],[-83.48072968699995,43.791794406000065],[-83.46956268299994,43.78883740600003],[-83.46504668199998,43.79372740700006],[-83.45844268199994,43.81041741000007],[-83.45606568099998,43.81230341000003],[-83.44328967699994,43.812775411000075],[-83.44341767799995,43.81525441100007],[-83.435573676,43.81782741200004],[-83.42848567299995,43.81791541300004],[-83.41976866999994,43.80959441200008],[-83.43218267099996,43.78775540700008],[-83.43238767099996,43.78316940700006],[-83.43966167199994,43.77281340500008],[-83.44314467199996,43.76238140300006],[-83.45826267499996,43.742539398000076],[-83.46304567599998,43.74181139800004],[-83.47481068099995,43.746499398000026],[-83.47898768099998,43.74180239700007],[-83.47818868099995,43.740278397000054],[-83.46673767699997,43.73563939700006],[-83.46705067599999,43.72923839600003],[-83.48524968099997,43.71449639200006],[-83.49107268199998,43.71217739200006],[-83.49142868199993,43.70762439100008],[-83.49796468399995,43.70745339000007],[-83.498805684,43.71101739100004],[-83.50331268599996,43.71243539100004],[-83.50660868699998,43.71141239100007],[-83.51306168899998,43.71401539100003],[-83.51717269099998,43.71827939100007],[-83.52419469299997,43.71690339100007],[-83.53475669499994,43.707309388000056],[-83.53815269599994,43.70823938800004],[-83.55116269899997,43.69807038600004],[-83.54875069799994,43.69397838500004],[-83.55344469899995,43.69011138400003],[-83.55362369899996,43.685213384000065],[-83.55784269999998,43.684955383000045],[-83.56123170099994,43.686519383000075],[-83.57062170299997,43.67396638100007],[-83.57523470399997,43.672044380000045],[-83.58321470599998,43.66484237900005],[-83.59551470799994,43.649667375000035],[-83.64709071999994,43.604721365000046],[-83.65725372199995,43.59814236300008],[-83.65844072199997,43.59551236300007],[-83.66343172399996,43.59469536200004],[-83.66784972499994,43.59031136100003],[-83.67756472799994,43.58975536100007],[-83.68521172899995,43.584445360000075],[-83.69943073399998,43.58897636000006],[-83.70302473699996,43.60101336100007],[-83.73718974899998,43.619018363000066],[-83.78303276399998,43.63221836200006],[-83.79571876899996,43.63514036200007],[-83.80595377199995,43.63414936200007],[-83.81611677499995,43.637435362000076],[-83.81626077599998,43.64338236300006],[-83.82400377799996,43.64498836200005],[-83.83368778199997,43.649867363000055],[-83.83816478399996,43.654392363000056],[-83.84412278499997,43.65290436300006],[-83.85107978699995,43.64593336100006],[-83.85561178799998,43.64671236100003],[-83.88131379699996,43.658022362000054],[-83.88300679799994,43.66095936200003],[-83.89524680199997,43.66517236200008],[-83.91255080899998,43.677353363000066],[-83.93930182099996,43.71537736800008],[-83.94386982399999,43.72688137000006],[-83.94599182599995,43.73944437200004],[-83.95264682899995,43.74957537300003],[-83.95288382999996,43.758502375000035],[-83.95233282999999,43.76068137500005],[-83.94670482799995,43.76219337600003],[-83.94449982699996,43.759796375000064],[-83.93969282599994,43.76339537600006],[-83.93999782699996,43.77142037800007],[-83.93439382499997,43.77262637800004],[-83.93045482499997,43.77527937900004],[-83.92685382399998,43.78312138000007],[-83.92317382499994,43.800374383000076],[-83.91635082399995,43.81093538600004],[-83.91794482799997,43.84461739100004],[-83.91520382799996,43.85446639300005],[-83.91722782899996,43.85642539300005],[-83.91378582799996,43.85952939400005],[-83.91152782799998,43.86938239600005],[-83.91197882999995,43.88663739900005],[-83.90852383099997,43.90336740200007],[-83.90863383199996,43.915568404000055],[-83.90582383099996,43.91751140400004],[-83.90178282999995,43.91708340400004],[-83.89091682699996,43.92332240600007],[-83.88086682599999,43.94276041000006],[-83.88181782699996,43.94472841000004],[-83.87670782699996,43.95833141300005],[-83.86941082499999,43.96072741300003],[-83.86660682399997,43.95816041300003],[-83.86220982199995,43.95867341300004],[-83.86209082199997,43.960983414000054],[-83.85638582099995,43.96508941500008],[-83.85683882199999,43.969520415000034],[-83.84949381999996,43.97304341600005],[-83.85056281999994,43.97672141700008],[-83.84842381999994,43.97911541800005],[-83.84319481799997,43.97911541800005],[-83.83677781699998,43.982365419000075],[-83.83309381599997,43.98809442000004],[-83.80162680599994,43.98572642100004],[-83.79552480399997,43.98600542200006],[-83.79042980299994,43.989291422000065],[-83.78567680099997,43.98612742200004],[-83.75596679199998,43.98570042400007],[-83.75620379299994,43.98997542400008],[-83.75228279099997,43.99048842500008],[-83.74678378999994,43.98881542500004],[-83.74360678899995,43.993480426000076],[-83.73909078799994,43.99604542600008],[-83.73814078799995,43.99886642700005],[-83.72792078499998,44.00151642800006],[-83.72090878199998,43.99006042600007],[-83.71816378099999,43.993240427000046],[-83.70843077799998,43.99672942800004],[-83.70581577799999,43.99570342800007],[-83.70272577599997,43.990317427000036],[-83.700468775,43.99151442800007],[-83.69321877299996,43.98877842700006],[-83.68570177099997,43.988860428000066],[-83.68038476899994,43.98655542800003],[-83.67701776799998,43.991175429000066],[-83.68011276899995,43.994204429000035],[-83.68442477299999,44.01185943200005],[-83.68335577399995,44.02741243400004],[-83.67955377299995,44.03122043500008],[-83.67965877399996,44.036373436000076],[-83.67149277199997,44.04185043800004],[-83.65012076599999,44.05241244000007],[-83.62108275699995,44.05619444300004],[-83.61050575399997,44.056251443000065],[-83.57987074399995,44.049447444000066],[-83.59044174899998,44.06957744700003],[-83.59136575099996,44.07924544800005],[-83.58845674999998,44.085728449000044],[-83.57307574699996,44.10130645300006],[-83.56907774599995,44.10480145400004],[-83.56398274499998,44.10525145400004],[-83.56891974799998,44.126742457000034],[-83.56774875099995,44.15590746200007],[-83.55527875099995,44.18992846900005],[-83.54910075299995,44.227290475000075],[-83.53771475099995,44.248179479000044],[-83.52576774899995,44.25856248200006],[-83.52482174899995,44.261566482000035],[-83.51363674599997,44.268507484000054],[-83.50884374499998,44.27371948500007],[-83.50039674299995,44.276618486000075],[-83.47953573699994,44.28009848800008],[-83.46305373099995,44.278846488000056],[-83.45313272799996,44.276388488000066],[-83.44183272399994,44.270475488000045],[-83.44033772299997,44.26442948700003],[-83.44370972399997,44.26343048700005],[-83.45201572499997,44.253377485000044],[-83.45767672699998,44.25239148400004],[-83.45914972699995,44.24809948300003],[-83.45012672399997,44.25025048400005],[-83.44518072299996,44.25283148500006],[-83.42576671899997,44.27249548900005],[-83.41924071899996,44.28780849200007],[-83.41430571799998,44.294551494000075],[-83.40182671499997,44.30183949500008],[-83.37361170799994,44.32779250100003],[-83.36431670599995,44.33259850300004],[-83.34051069799995,44.33105650400006],[-83.33371269699995,44.33658750500007],[-83.33253769699996,44.340472506000026],[-83.33525269999996,44.35800350800008],[-83.33376170099996,44.37249451100007],[-83.32053669999993,44.406940517000066],[-83.32462070199995,44.41504751800005],[-83.32717570499995,44.42924252100005],[-83.32682870599996,44.44441952300008],[-83.31674470799999,44.49362953200006],[-83.31907170999995,44.508466534000036],[-83.31828371099994,44.514424535000046],[-83.30698970999998,44.54224354100006],[-83.31365371399994,44.56459654400004],[-83.31560771799997,44.59508754900003],[-83.31452171899997,44.60873355100006],[-83.30750871899994,44.62982455500003],[-83.29087771599995,44.64899155900008],[-83.28683171599994,44.660411561000046],[-83.28494171599993,44.661245561000044],[-83.28610071599996,44.663488562000055],[-83.28440371599999,44.670444563000046],[-83.27584271599994,44.69228456700006],[-83.27433171699994,44.70594556900005],[-83.27029271599997,44.70878857000008],[-83.27139271699997,44.713368571000046],[-83.28413272199998,44.72177457200007],[-83.29066972499999,44.72927357200007],[-83.29730472899996,44.74614257500008],[-83.29761972999995,44.75748757700006],[-83.29100772899994,44.765513578000025],[-83.29599673199994,44.77808358000004],[-83.29672273299997,44.78711458200007],[-83.29296773299995,44.797301583000035],[-83.29374373399997,44.80831558500006],[-83.30010673699996,44.81981958700004],[-83.30010273799996,44.828829588000076],[-83.30342273999997,44.83388958900008],[-83.31443374399998,44.84222859000005],[-83.32187474799997,44.85620059200005],[-83.31497074699996,44.868388594000066],[-83.31827974799995,44.87083559400003],[-83.317922749,44.874625595000055],[-83.31233574799995,44.88279259600006],[-83.32050775,44.880579596000075],[-83.32852275299996,44.88196659500005],[-83.33134375399999,44.88423259600006],[-83.33575475499998,44.883620595000025],[-83.34169075699998,44.88551659500007],[-83.34727575899996,44.88430959500005],[-83.364032765,44.89020259500006],[-83.37437176899994,44.896937595000054],[-83.37498376999997,44.90142559600008],[-83.38113077099996,44.900764596000045],[-83.39396477599996,44.903064595000046],[-83.39671377699995,44.90771259600007],[-83.39563877699999,44.910887597000055],[-83.40154677899994,44.91352759700004],[-83.40460078099994,44.91876959700005],[-83.42039478599997,44.92595459800003],[-83.42531578799998,44.92674959800007],[-83.43303679099995,44.932898598000065],[-83.43886079399994,44.94085159900004],[-83.44372279699996,44.95225560100005],[-83.44595079999993,44.98078960500004],[-83.45375680499995,44.99912960800003],[-83.44698280299997,45.004591609000045],[-83.434855799,45.001717609000025],[-83.43125879899998,45.00800661100004],[-83.43525379999994,45.01189161100007],[-83.45197380599996,45.01870661100003],[-83.45553980799997,45.02509061200004],[-83.45255580799994,45.028743613000074],[-83.44750480599998,45.02734661300008],[-83.45228580799994,45.03017961300003],[-83.45294480799998,45.032458613000074],[-83.44205680699997,45.051064617000065],[-83.43380280499997,45.057624618000034],[-83.42691580299999,45.05784261900004],[-83.42458880299995,45.06168162000006],[-83.42072480099995,45.060346620000075],[-83.41853480099996,45.06154962000005],[-83.41764280099994,45.06707662100007],[-83.41670479999993,45.065033621000055],[-83.41064179899996,45.06569362100004],[-83.40887679799994,45.06673862100007],[-83.40927879899994,45.06951262200005],[-83.40727679799994,45.06629562100005],[-83.39925979599997,45.070372622000036],[-83.39304179299995,45.068526622000036],[-83.39067679299995,45.069059623000044],[-83.38970179299997,45.07387162400005],[-83.37710478899999,45.07605362500004],[-83.37270778799996,45.07479462500004],[-83.36676578499998,45.068919624000046],[-83.36759578499993,45.06181462300003],[-83.35761377999995,45.05062162100006],[-83.34911477699995,45.04974662200004],[-83.34026177399994,45.04155362100005],[-83.32792876999997,45.03814962100006],[-83.31984076699996,45.037979621000034],[-83.31326276399994,45.03370962100007],[-83.30470376199997,45.03365362200003],[-83.30236676099997,45.030969621000054],[-83.28797875599997,45.026470621000044],[-83.26656874899999,45.02278262200008],[-83.26455874799996,45.020214622000026],[-83.26066174699997,45.025902623000036],[-83.26590074899997,45.026852623000025],[-83.27138675199996,45.03942762400004],[-83.27835675499995,45.045793625000044],[-83.28488575699998,45.04549762500005],[-83.30627676399996,45.04969562400004],[-83.30758376499995,45.05246662500008],[-83.30247376399996,45.058175626000036],[-83.28776375899997,45.05970462700003],[-83.291350761,45.06260562700004],[-83.29090376099998,45.068260628000075],[-83.28845076099998,45.07043062900004],[-83.29974076499997,45.08217963000004],[-83.29827976599995,45.09049163100008],[-83.30380676799996,45.09634663200006],[-83.31328777199997,45.10080463200006],[-83.31364477199998,45.105501633000074],[-83.31011477199996,45.108867634000035],[-83.31147577199994,45.11221963400004],[-83.31625877399995,45.11279863400006],[-83.31839777499994,45.114811634000034],[-83.31732877499996,45.118082635000064],[-83.32041877599994,45.11841763500007],[-83.31816077599996,45.12286163500005],[-83.31362477499994,45.12564363600006],[-83.32202777799995,45.13392263700007],[-83.32181877799997,45.13775763800004],[-83.31592877699995,45.14000063800006],[-83.31612277699998,45.14196663900003],[-83.33012978199997,45.14601063900005],[-83.33289678199998,45.14222863800006],[-83.33527378299993,45.14331863800004],[-83.34868878999998,45.16152464000004],[-83.35989979299995,45.16302864000005],[-83.36368279499999,45.16647764000004],[-83.36395579499998,45.169326640000065],[-83.36805079699997,45.172486641000035],[-83.36923279799998,45.17845064200003],[-83.36710079799997,45.18323764300004],[-83.37345380099998,45.19423464400006],[-83.38028680399998,45.203764645000035],[-83.38426980499997,45.20348064500007],[-83.39317480899996,45.21373364600004],[-83.39737481099996,45.215887646000056],[-83.39719781099996,45.21848964700007],[-83.39477080999995,45.21997664700007],[-83.40503281499997,45.227245648000064],[-83.40840481599997,45.235552649000056],[-83.41227781799995,45.23983664900004],[-83.41257381899999,45.245815650000054],[-83.40937181799995,45.247012651000034],[-83.40931081799994,45.249087651000025],[-83.41655982099996,45.25176465100003],[-83.41834282199994,45.25410665100003],[-83.41560882099998,45.25577965200006],[-83.39156581299994,45.25244565200006],[-83.38738681199999,45.25572165300008],[-83.38219181199997,45.270627656000045],[-83.38827881499998,45.27692465700005],[-83.39395581699995,45.27820065700007],[-83.40808482199998,45.287677657000074],[-83.42239382699995,45.29078365700008],[-83.42299382799996,45.297564658000056],[-83.42835882999998,45.299767658000064],[-83.43325583199999,45.304262659000074],[-83.44518383599996,45.30808365900003],[-83.44662983699999,45.31241365900007],[-83.44992383799996,45.31440465900005],[-83.45116483899994,45.320678660000056],[-83.45386483999994,45.31918766000007],[-83.46124384199999,45.31915665900004],[-83.46445284399994,45.32542366000007],[-83.463395844,45.33065366100004],[-83.469443846,45.33294266100006],[-83.47122584699997,45.331939661000035],[-83.47514784799995,45.33319366100005],[-83.47693084799994,45.326509660000056],[-83.48263484999995,45.32801366000007],[-83.48655685199998,45.331522660000076],[-83.48988385399997,45.33845566100007],[-83.485962853,45.34246566200005],[-83.47779884999994,45.34189966200006],[-83.47664984999994,45.34471666300004],[-83.48394085299998,45.34864666300007],[-83.49078685599994,45.358950664000076],[-83.49488285799998,45.360223664000046],[-83.49794985799997,45.35904266400007],[-83.49142885499998,45.34981566300007],[-83.49190485399998,45.34054466100008],[-83.49451885499997,45.33937466100008],[-83.51163186099996,45.34580666100004],[-83.52026286399996,45.34724766100004],[-83.52498486599995,45.351414661000035],[-83.53831087099996,45.358175661000075],[-83.54573387299996,45.35840566100006],[-83.54680387299999,45.352645660000064],[-83.55239887499994,45.34996465900008],[-83.55547587499996,45.34934265900006],[-83.56552087899996,45.351238659000046],[-83.57036587999994,45.34720665800006],[-83.57969788299994,45.350710658000025],[-83.58457888499998,45.355823659000066],[-83.58780788599995,45.350901658000055],[-83.59207788799995,45.35456465800007],[-83.59682388899995,45.35211465700007],[-83.59927788999994,45.35256965700006],[-83.60507889199994,45.36051065800007],[-83.61046489399996,45.36312865800005],[-83.63070590099994,45.365003657000045],[-83.66415091299996,45.383786659000066],[-83.67217591599996,45.385299658000065],[-83.68109291999997,45.390597659000036],[-83.68518392099998,45.39070465900005],[-83.69732092499999,45.39624765900004],[-83.70578392899995,45.40272865900005],[-83.71026393099999,45.41100966000005],[-83.715994933,45.414889661000075],[-83.73597793899995,45.41163165900008],[-83.73825993899999,45.405494658000066],[-83.74123093999998,45.403742658000056],[-83.74467694099997,45.40382565700003],[-83.74895494299994,45.40824765800005],[-83.75793594599998,45.41202265800007],[-83.76005694699995,45.41228265800004],[-83.76380994799996,45.40774765700007],[-83.77117794999998,45.40699665600005],[-83.78258695399995,45.410667656000044],[-83.78425095499995,45.41379365700004],[-83.77310895199997,45.41779065800006],[-83.78888495599995,45.41583965700005],[-83.81083596399998,45.42059065600006],[-83.81425396499998,45.42422665700008],[-83.82450896899996,45.42697065700003],[-83.83083597199999,45.43477265800004],[-83.83351797199998,45.43315965700003],[-83.84154797499997,45.43529565700004],[-83.85856498199996,45.44687365800007],[-83.88181799099993,45.467915660000074],[-83.89797199699996,45.47636666000005],[-83.90947700199996,45.48579266100006],[-83.93926601199996,45.49319766100007],[-83.95333301699998,45.49441566000007],[-83.96240401999995,45.493229660000054],[-83.97179002299998,45.49518765900007],[-83.98978602799997,45.49160265800003],[-84.00000703099994,45.49122865700008],[-84.00958703499998,45.49507765700008],[-84.03669404399994,45.49780665600008],[-84.03683004299995,45.49494065600004],[-84.04253004499998,45.49281765500007],[-84.06342005099998,45.488902653000025],[-84.06998605299998,45.48926665300007],[-84.08976305999994,45.49444165300008],[-84.10924306699997,45.50517965300003],[-84.12002307199998,45.51831065500005],[-84.12697607699994,45.54243665800004],[-84.12653707799996,45.55662466000007],[-84.13232408199997,45.567057662000025],[-84.13730608399999,45.57243266200004],[-84.15712609099995,45.58531366300008],[-84.15777709199995,45.58963566400007],[-84.16699909499994,45.59220666400006],[-84.16951009699994,45.596696664000035],[-84.18051910099996,45.60464766500007],[-84.19604810799996,45.621464667000055],[-84.20110710999995,45.623089667000045],[-84.21527311499995,45.63477566800003],[-84.24056412399995,45.637873667000065],[-84.27024313399994,45.64479866600004],[-84.28678913999994,45.65242666700004],[-84.32954215499996,45.664388666000036],[-84.37640816799995,45.65557366200005],[-84.40028817699994,45.66335366200008],[-84.41364718199998,45.66943566200007],[-84.42750018599997,45.669209661000025],[-84.43231118699998,45.664308660000074],[-84.43596018799997,45.66338766000007],[-84.42681818499995,45.66097866000007],[-84.42705518499997,45.659483660000035],[-84.41790518099998,45.65358565900004],[-84.42004418099998,45.65001365900008],[-84.42717418299998,45.64527865700006],[-84.43050218399998,45.64502865700007],[-84.44235318899996,45.65477965800005],[-84.46163819499998,45.65308765700007],[-84.47321519899998,45.65925765700007],[-84.47958320099997,45.659649657000045],[-84.483101203,45.66214665700005],[-84.49054020499995,45.663863657000036],[-84.49832720799998,45.67059465700004],[-84.49795920899999,45.67280665800007],[-84.51109021299999,45.67566565700008],[-84.52289421799998,45.68450665800003],[-84.53670622199996,45.68785065800006],[-84.53876522299998,45.69106165800008],[-84.55331622899996,45.69857465900003],[-84.55710823099997,45.70892466000004],[-84.57363623699996,45.71038965900004],[-84.63246225799998,45.732632659000046],[-84.64933126399995,45.742801660000055],[-84.66160226799997,45.74395566000004],[-84.67955127399995,45.74910365900007],[-84.68197227599995,45.756205660000035],[-84.72142228999996,45.76677666000006],[-84.72558129199996,45.77431966100005],[-84.72486829199994,45.77697266100006],[-84.71890928999994,45.77760766200004],[-84.71937129099996,45.78009366200007],[-84.72886529499993,45.78815366300006],[-84.73407029599997,45.78821366200003],[-84.74200529799998,45.78414266100003],[-84.75157630099994,45.782741660000056],[-84.77277030799996,45.78930966000007],[-84.78031831099997,45.78723265900004],[-84.79315831399998,45.78047165800007],[-84.78786631199995,45.776127657000075],[-84.78800631099995,45.77123965700008],[-84.78117930899998,45.77110265700003],[-84.77980530799994,45.769658657000036],[-84.77943430799996,45.76611465600007],[-84.78440530799998,45.75674365400005],[-84.78882630899994,45.75229165300004],[-84.79956331199998,45.74713865200005],[-84.80664731399997,45.74617965200008],[-84.811027315,45.74671065100006],[-84.82243431999996,45.752820652000025],[-84.82544632099996,45.753004651000026],[-84.83247332199994,45.74715065000004],[-84.84098632499996,45.74475964900006],[-84.85131632799994,45.74885764900006],[-84.85776032999996,45.74947964900008],[-84.88268133899999,45.75672264900004],[-84.88663733999994,45.75552864800005],[-84.89251634099998,45.749659647000044],[-84.90392934399995,45.746586646000026],[-84.92466935199997,45.756905646000064],[-84.93831735699996,45.75990064600006],[-84.96619136499999,45.75788764400005],[-84.98259537099995,45.75987364300005],[-84.98468037099997,45.75863364300005],[-84.99480637399995,45.75825164200006],[-85.01345038099998,45.76387664200007],[-85.01566338099997,45.75993264200008],[-85.01215637899998,45.75619564100003],[-84.99783337499997,45.75267164100006],[-84.99542837399997,45.750595641000075],[-84.98358836999995,45.749788642000055],[-84.98349236899998,45.74802564200007],[-84.98058036899994,45.75221064200008],[-84.97807336799997,45.75234464300007],[-84.97395736699997,45.749530642000025],[-84.97354136599995,45.746130642000026],[-84.962307362,45.74463164200006],[-84.95675235999994,45.73935964200007],[-84.95084535799998,45.73690164200008],[-84.94044735299997,45.725399640000035],[-84.94376135299996,45.71029863800004],[-84.95100835399995,45.707429637000075],[-84.95434835499998,45.70182563600008],[-84.95889335599998,45.69815263500004],[-84.96161835699996,45.69807363500007],[-84.96831535799998,45.68906563300004],[-84.97577335899996,45.68318263200007],[-84.98281536099995,45.68117163100004],[-84.98785236299994,45.68300563100007],[-84.992963364,45.679991630000075],[-85.00115936499998,45.66123362700006],[-85.00703136599998,45.656368626000074],[-85.01534636799994,45.65157262400004],[-85.04342337599996,45.645405622000055],[-85.05077837799996,45.64095762100004],[-85.06149338099993,45.63951362000006],[-85.06891938299998,45.63528461900006],[-85.07491538399995,45.629250617000025],[-85.07569138399998,45.623696617000064],[-85.07953338399994,45.61709161500005],[-85.09143838599994,45.60593761300004],[-85.09353038599994,45.600129612000046],[-85.11191438999998,45.58583760800008],[-85.11864239099998,45.57518360600005],[-85.11974239099999,45.56903460500007],[-85.11724338899995,45.56181260400007],[-85.11548438599993,45.53941460100003],[-85.10885338099996,45.51849359800008],[-85.09825137599995,45.49981059600003],[-85.09373037199998,45.48157259300007],[-85.08097536699995,45.47077759200005],[-85.06247535899996,45.45129759000008],[-85.05923635799996,45.45083359000006],[-85.03695534899998,45.434910589000026],[-85.01298734099998,45.431540590000054],[-85.00423833799994,45.42668458900005],[-85.00000833699994,45.42682259000003],[-84.99106233299995,45.421607589000075],[-84.98414833099997,45.419513590000065],[-84.97861332899998,45.41867159000003],[-84.97712132899994,45.420043590000034],[-84.98384133099995,45.42077259000007],[-84.99079033399994,45.42527259000008],[-84.99004633399994,45.427626590000045],[-84.98095833099995,45.42939059100007],[-84.97208432799994,45.427374591000046],[-84.95582132299995,45.42759459200005],[-84.92201131199994,45.42192259300003],[-84.91617030999998,45.41764759300003],[-84.91296130799998,45.40978459200005],[-84.91300030599996,45.39924759000007],[-84.91585530699996,45.39312358900003],[-84.92457430899998,45.390996588000064],[-84.92994230999994,45.38700358700004],[-84.93711531299994,45.38692358700007],[-84.95772931799996,45.377084584000045],[-84.96049631899996,45.377876584000035],[-84.96922032099997,45.37569458300004],[-84.98729232599999,45.36882558100007],[-84.99386632799997,45.36815958100004],[-84.99843632999995,45.37004858100005],[-85.009371333,45.36985658000003],[-85.01297133399999,45.37109958000008],[-85.02445633799994,45.36799257900003],[-85.03777734099998,45.36209957700004],[-85.04310634299998,45.36151457700004],[-85.05566334699995,45.36468257700005],[-85.10933136399996,45.36670557400004],[-85.12201536799995,45.368714573000034],[-85.12844236999996,45.37177057400004],[-85.13794737299997,45.37349657300007],[-85.14570637499997,45.36943257200005],[-85.15345937799998,45.36983757200005],[-85.15708137899998,45.367107571000076],[-85.16442138099995,45.36767757100006],[-85.16866638199997,45.364797570000064],[-85.18247638599996,45.36083256900008],[-85.19275538899996,45.36019556800005],[-85.20362139299993,45.36189556800008],[-85.20987939399998,45.35878656700004],[-85.20967839399998,45.356945567000025],[-85.22319739699998,45.34647456400006],[-85.23563439999998,45.339382562000026],[-85.24190540199999,45.33928256200005],[-85.24356240199995,45.340594562000035],[-85.24979240399995,45.33969756100004],[-85.25505540399996,45.325683559000026],[-85.26300140599994,45.319515557000045],[-85.27379440899995,45.31545155600003],[-85.28957341399996,45.314060555000026],[-85.29338841499998,45.31505055500003],[-85.29886241699995,45.321804556000075],[-85.30069841799997,45.32129155600006],[-85.31282641999996,45.306105552000076],[-85.32152442199998,45.30305755100005],[-85.32786642399998,45.30304255100003],[-85.33488142599998,45.29764455000003],[-85.33502142499998,45.29403554900006],[-85.34240642699996,45.286892548000026],[-85.35078342899999,45.284510547000025],[-85.35425942999996,45.284768547000056],[-85.35680543099994,45.28762254700007],[-85.36141643299999,45.28710354700007],[-85.35614643099996,45.28455054600005],[-85.35662142999996,45.27995154600006],[-85.36030543099997,45.27710854500003],[-85.36623443299999,45.27644854500005],[-85.37159843399996,45.27084254300007],[-85.38883543499998,45.23385453700007],[-85.38642343399994,45.22939653600008],[-85.38992143399997,45.217253534000065],[-85.38796143299999,45.21455353300007],[-85.38866643199998,45.207580532000065],[-85.38681143099996,45.205472532000044],[-85.38814542999995,45.19153953000006],[-85.38409242799997,45.188392530000044],[-85.38322742799994,45.18345852900006],[-85.380469426,45.180884529000025],[-85.37875742499995,45.16985452700004],[-85.37887142199997,45.151610524000034],[-85.38097042199996,45.14556752300007],[-85.37690742099994,45.14201452300006],[-85.37257641799994,45.126249520000044],[-85.36349541299995,45.11163251800008],[-85.36703741199995,45.09434551600003],[-85.36676141099997,45.086420514000054],[-85.370513411,45.07437151200003],[-85.36687240999998,45.07286751200007],[-85.36641740899995,45.06903151100005],[-85.37759141099997,45.05572150900008],[-85.38066441099994,45.04632750700006],[-85.37929440999994,45.039987506000045],[-85.38136340999995,45.03298650500005],[-85.38165940799996,45.01841550300003],[-85.37600040499996,45.00743750100003],[-85.37588540399997,45.00329850000003],[-85.38452440499998,44.988819498000055],[-85.38198740299998,44.977754496000045],[-85.38482540299998,44.96556949400008],[-85.39039740399994,44.95683149200005],[-85.38926140199999,44.94806549100008],[-85.39442340299996,44.93900348900007],[-85.39580540199995,44.93102648800004],[-85.40395740299994,44.91927148500008],[-85.40597540299996,44.910546484000065],[-85.40960140399994,44.90514448300007],[-85.41742540599995,44.90166848200005],[-85.41792340499995,44.89866148100003],[-85.42369040699998,44.89483048000005],[-85.42580940599998,44.88165447800003],[-85.43520540699996,44.868224475000034],[-85.44311540899997,44.859826473000055],[-85.45141441099997,44.85395947200004],[-85.45290340999998,44.845695471000056],[-85.46165141199998,44.83453946800006],[-85.46292141099997,44.82507546700003],[-85.47148841299997,44.81660446500007],[-85.49938541999995,44.804352461000065],[-85.50737242099996,44.79537145900008],[-85.50721742099995,44.79082645900007],[-85.50951542099995,44.78717745800003],[-85.50524941899994,44.781602457000076],[-85.50478041699995,44.76809045500005],[-85.51536341999997,44.759901453000055],[-85.52719742199997,44.747508451000044],[-85.53829042499996,44.746829450000064],[-85.55433143,44.74875244900005],[-85.57130643599999,44.75530144900006],[-85.57657143899996,44.76021645000003],[-85.57247143799998,44.76566345100008],[-85.57023243799995,44.77277745200007],[-85.56494743699994,44.776682453000035],[-85.55964643599998,44.785945455000046],[-85.56146643799997,44.79212445600007],[-85.56038343799997,44.80067145700008],[-85.55809243799996,44.80408545800003],[-85.56023643899994,44.81008045900006],[-85.55589943899997,44.81826446000008],[-85.53992943599997,44.83417446400006],[-85.53496243399997,44.83565146400008],[-85.52870043299998,44.84074846500005],[-85.52215243099994,44.841968466000026],[-85.51899843099994,44.84555646700005],[-85.50862242799997,44.84788046800003],[-85.50706042799999,44.85252146900007],[-85.49975042599993,44.85609647000007],[-85.500782427,44.86217547100006],[-85.49755842699994,44.86935347200006],[-85.49991842799994,44.87232547200006],[-85.49338242699997,44.88413847400005],[-85.49303542799998,44.89051847600007],[-85.48862942799997,44.90171547800003],[-85.49249542999996,44.90822847800007],[-85.488886429,44.91602848000008],[-85.49129143099998,44.92759348200008],[-85.48461143199995,44.95255648600005],[-85.48746443399995,44.958947487000046],[-85.48211643299999,44.96222748800005],[-85.46665542699998,44.95885248800005],[-85.46494942699996,44.961070488000075],[-85.47494243399996,44.99172949300004],[-85.49260543899999,44.98984249200004],[-85.50008543999996,44.98105749000007],[-85.52003944599994,44.97400448700006],[-85.52210544499997,44.96673548600006],[-85.52021044399999,44.960355485000036],[-85.524351444,44.95076048300007],[-85.52903844499997,44.94692648300003],[-85.52907144399995,44.93558548100003],[-85.53436244499994,44.92753047900004],[-85.53355844399994,44.92577047900005],[-85.53834844499994,44.92204847800008],[-85.53970844499997,44.91678747700007],[-85.54575644699997,44.91317847600004],[-85.56451445,44.89525447200003],[-85.56082644799994,44.88881247100005],[-85.55714044699994,44.887568471000066],[-85.54926044599995,44.89491747300008],[-85.54819144599998,44.900389474000065],[-85.54617044499997,44.90106247400007],[-85.53369244099997,44.90081047500007],[-85.52501743799996,44.89618047500005],[-85.53065443899999,44.88977147300005],[-85.52953343799999,44.88473047300005],[-85.53293643799998,44.873198470000034],[-85.53810643899999,44.86869246900005],[-85.54891344199996,44.86321746800007],[-85.55391144299995,44.85701746700005],[-85.56416744299997,44.83126746200003],[-85.56849644399995,44.825366461000044],[-85.57909444599994,44.81773345900007],[-85.58215144499997,44.80174545600005],[-85.59099044599998,44.78392245300006],[-85.59034144499998,44.78212945200005],[-85.59436144599994,44.77481545100005],[-85.59357644499994,44.76879145000004],[-85.59544144499995,44.76711945000005],[-85.61290044999998,44.76493244800008],[-85.61938345199997,44.76552144800007],[-85.61985545299996,44.76680244800008],[-85.62811445499995,44.76723444800007],[-85.63888945899998,44.77234344800007],[-85.64078645999996,44.775569449000045],[-85.63700546099994,44.790086451000036],[-85.63349945999994,44.79244145200005],[-85.63326846099994,44.800445453000066],[-85.641657464,44.810824454000056],[-85.65144046999995,44.83163245700007],[-85.65236047199994,44.849100460000045],[-85.64779647299997,44.86754846300005],[-85.64893747399998,44.87401846400007],[-85.64546147399994,44.883653466000055],[-85.63770547299998,44.89214646700003],[-85.62990847199995,44.90644547000005],[-85.63103247199996,44.90771447000003],[-85.62550247199994,44.92111547300004],[-85.61630346999993,44.923947474000045],[-85.60068446499997,44.924506475000044],[-85.60476146799994,44.93839447700003],[-85.60218546799996,44.950706479000075],[-85.60370146999998,44.957825480000054],[-85.60144546899994,44.96222648100007],[-85.60236147099994,44.97428048300003],[-85.59886447099996,44.98123048400004],[-85.59953247199996,44.98999248500007],[-85.60416447399996,44.99198648500004],[-85.60709247399996,44.99112348500006],[-85.61117647499998,44.983077484000034],[-85.63007147899998,44.96693648000007],[-85.63613248099995,44.96727248000008],[-85.63948548199994,44.96971148000006],[-85.64148048199996,44.968197479000025],[-85.64552148399997,44.96971047900007],[-85.64932348599996,44.97408248000005],[-85.64742248499994,44.97845348100003],[-85.64136148399996,44.98400148200005],[-85.63470648399993,44.99795348500004],[-85.62983448299997,45.002491486000054],[-85.62188348099994,45.00453748600006],[-85.59965747599995,45.02175749000003],[-85.59655947699997,45.044154494000054],[-85.59085447599995,45.04625349500003],[-85.58883447599999,45.05414549600005],[-85.58645747599996,45.05540449700004],[-85.57980247299997,45.05515349700005],[-85.57398146999998,45.043369495000036],[-85.57016546899996,45.041286495000065],[-85.56613546799997,45.04364149600008],[-85.56607146999994,45.05920949800003],[-85.56960347099994,45.06198449900006],[-85.57220247299995,45.06878450000005],[-85.57406047299997,45.06941550000005],[-85.57445447299995,45.06682149900007],[-85.57659347399994,45.06623349900008],[-85.58253547599998,45.067660499000056],[-85.58444147699998,45.07426950000007],[-85.59844648299998,45.09146950200005],[-85.59848648399998,45.09583850200005],[-85.59540148299999,45.09925650300005],[-85.59693748399997,45.104706504000035],[-85.59972948499995,45.10435850400006],[-85.60560048799994,45.107997504000025],[-85.61391049199995,45.12309550600003],[-85.61432449299997,45.12757050600004],[-85.61024849199998,45.13355550800003],[-85.60192548999999,45.14050850900003],[-85.59980649099998,45.14929451100005],[-85.58658948699997,45.15398051200003],[-85.58263648599996,45.15415251300004],[-85.57920848399993,45.15144851200006],[-85.57679848399994,45.15159151200004],[-85.57688648399994,45.155078513000035],[-85.57389848299994,45.15549651300006],[-85.57018348199995,45.15515351300007],[-85.56566347999996,45.151836513000035],[-85.56284847899997,45.146193512000025],[-85.56461747799995,45.137506511000026],[-85.55837847599997,45.133217511000055],[-85.56185747799998,45.143401512000025],[-85.55971847799998,45.14432351200003],[-85.55408847599995,45.14257651200006],[-85.55773947699998,45.14576551300007],[-85.56168547999994,45.15894851500008],[-85.55787147899997,45.16226851500005],[-85.55472747799996,45.162510515000065],[-85.55218447799996,45.16736051600003],[-85.53693647399996,45.172787518000064],[-85.53146647299997,45.17725551900003],[-85.52673947299996,45.18932452100006],[-85.53206947499996,45.19788252200004],[-85.53736947699997,45.20087452300004],[-85.53799647799997,45.20736852400006],[-85.54075347899999,45.21091452400003],[-85.54491348099998,45.21112152400008],[-85.55107748299997,45.21075052300006],[-85.559441484,45.201177521000034],[-85.56181448499996,45.20053252100007],[-85.56465948499994,45.192554520000044],[-85.58599148999997,45.18038951700004],[-85.59306949199998,45.17853551600007],[-85.60696849599998,45.178485515000034],[-85.61168949799998,45.18111251500005],[-85.61317949899995,45.18463251600008],[-85.61836650099997,45.187028516000055],[-85.62972250299998,45.17463851300005],[-85.63243650299995,45.16937451200005],[-85.65602950799996,45.14579650700006],[-85.65979550799995,45.13585250500006],[-85.67573550999998,45.11536350100005],[-85.67567650899997,45.105548499000065],[-85.68110150899997,45.092701497000064],[-85.69251151199995,45.08344349500004],[-85.69382251099995,45.07946149400004],[-85.70331251299996,45.07100049200005],[-85.72205351799994,45.061281490000056],[-85.74458252399995,45.05339848700004],[-85.75362852499995,45.040965484000026],[-85.76035152599997,45.02632548200006],[-85.76346352699994,45.02433848100003],[-85.76295052599994,45.02260848100008],[-85.78004753,45.00963347800007],[-85.77621252799997,45.00058247700008],[-85.78044452599994,44.97794047300005],[-85.80740853099996,44.94982246700005],[-85.83615553899995,44.94026446400005],[-85.85430954499998,44.938155462000054],[-85.86985754899996,44.93903946100005],[-85.87993955299999,44.94331346200005],[-85.89154855799995,44.957791463000035],[-85.89763156099997,44.96202246300004],[-85.91585656699993,44.96831546300007],[-85.93160557199997,44.96879646300005],[-85.93859457399998,44.96456746100006],[-85.94391557399996,44.95103645900008],[-85.95272657499999,44.94076645700005],[-85.96160857699994,44.93557545600004],[-85.96717457799997,44.92949245400007],[-85.97282957799996,44.914789452000036],[-85.98022457999997,44.906144450000056],[-85.98522358099996,44.902941449000025],[-85.99254058299994,44.90003444800004],[-86.00171158499995,44.89879444700006],[-86.00936058799994,44.899462447000076],[-86.02151859199995,44.90278244700005],[-86.04381359999996,44.91473744700005],[-86.05886760399994,44.911020446000066],[-86.06381860499994,44.90813844500008],[-86.06675060599997,44.905693445000054],[-86.07099560599994,44.89588444300006],[-86.07247360499997,44.88479644100005],[-86.06653459799998,44.83493343300006],[-86.06651959599998,44.819877431000066],[-86.07175159599996,44.80472542800004],[-86.07859759699994,44.794401426000036],[-86.07400159299993,44.769884422000075],[-86.07793859199995,44.758242420000045],[-86.08956959399995,44.74199241700006],[-86.10618759799996,44.731096414000035],[-86.12113060199994,44.72798041300007],[-86.13473760599999,44.728432412000075],[-86.15664661299996,44.731664411000054],[-86.16539061499998,44.724437410000064],[-86.173707617,44.72063840900006],[-86.23248763399994,44.70605840300004],[-86.24221363599997,44.70242340200008],[-86.24847963799994,44.69905440100007],[-86.25500163899994,44.69194339900008],[-86.25903463699996,44.663662395000074],[-86.24406762799998,44.62712139000007],[-86.23717362499997,44.61852638900007],[-86.22545561899994,44.59459838500004],[-86.22133161399995,44.56545938100004],[-86.22379361299994,44.54905137800006],[-86.23389661299996,44.52421237400006],[-86.23874861199994,44.50169037000006],[-86.24375061199999,44.48893736700006],[-86.24891961299994,44.483012366000025],[-86.25184861099996,44.451640361000045],[-86.24832560799996,44.43476635800005],[-86.24808860599995,44.42095435600004],[-86.25193160499998,44.40099235300005],[-86.25883460499995,44.38382334900007],[-86.26631460399994,44.35107334400004],[-86.27538860499999,44.33570834100004],[-86.30026960899994,44.308205335000025],[-86.31603061099997,44.284218330000044],[-86.32729261199995,44.26306532600006],[-86.34379861599996,44.249616323000055],[-86.351643616,44.229437319000056],[-86.36285261699999,44.20812131500003],[-86.38512862099998,44.18450531000008],[-86.400650623,44.15685630400003],[-86.42111362599996,44.12948829900006],[-86.42987662699994,44.119790297000065],[-86.44688863099998,44.10597829300008],[-86.50045864399993,44.075615285000026],[-86.50876964599996,44.067889284000046],[-86.51470764599998,44.058127282000044],[-86.51474764499994,44.047928280000065],[-86.50883264199996,44.03276327800006],[-86.50174363799994,44.02192027600006],[-86.48333662999994,44.001187274000074],[-86.46314162099998,43.97098427000003],[-86.46035061799995,43.94839826700007],[-86.45409761499997,43.94015726600003],[-86.44792061099997,43.91809726300005],[-86.44546060699997,43.88973425800003],[-86.43392059899998,43.85561625300005],[-86.43020759499996,43.82758324900004],[-86.43358159299999,43.80182324400005],[-86.44512859399998,43.77157223900008],[-86.46155959599997,43.74669323400008],[-86.52918460899997,43.677897218000055],[-86.53848760999995,43.658803215000034],[-86.54092160799996,43.63316621000007],[-86.53850260499996,43.61750920800006],[-86.52951259999998,43.593470205000074],[-86.52021059499998,43.57672620200003],[-86.47928157599995,43.515343194000025],[-86.47199057199998,43.50069319200003],[-86.46514956899995,43.484650190000025],[-86.44874855799998,43.43202118200003],[-86.42883554699995,43.38478117600005],[-86.42704954499999,43.37494917400005],[-86.39575552999997,43.316233166000075],[-86.34693450699996,43.24267715700006],[-86.33727750199995,43.22360915400003],[-86.32556349699996,43.21011615200007],[-86.28076147599995,43.136023142000056],[-86.25465146299996,43.08341713500005],[-86.25052245999996,43.06700113200003],[-86.25130645899998,43.06011613100003],[-86.24428245599995,43.04968913000005],[-86.23271244899996,43.015770125000074],[-86.22058743899998,42.95579911500005],[-86.21621443399994,42.91901510900004],[-86.21074242599997,42.85913610000006],[-86.21042841899998,42.79123808800006],[-86.21225041799994,42.772974085000044],[-86.20965741699996,42.769863085000054],[-86.20712641399996,42.74728008100004],[-86.20660140999996,42.709544074000064],[-86.20865940899995,42.69209807100003],[-86.21788740799997,42.65944506500006],[-86.22905540899995,42.63770106100003],[-86.22561840399999,42.59477305400003],[-86.22943440399996,42.57898405100008],[-86.23444140399994,42.56833504900004],[-86.24064740299997,42.54000804400005],[-86.24708339999995,42.49097703500007],[-86.26157839999996,42.443902026000046],[-86.27688340099996,42.41332502000006],[-86.28497440199999,42.401822018000075],[-86.28445340199994,42.39457101600004],[-86.29717340199994,42.35821500900005],[-86.32180840399997,42.310751],[-86.35622340899994,42.25417398800005],[-86.38518441399998,42.21728698000004],[-86.40415141799997,42.19638697600004],[-86.46626742999996,42.13441396200005],[-86.48902843499997,42.116231957000025],[-86.48789843499998,42.113754957000026],[-86.49012743399999,42.105146955000066],[-86.50132743599994,42.08454795100005],[-86.55642644399995,42.00004993400006],[-86.58220244599994,41.94224892200003],[-86.59790444799995,41.91829891700007],[-86.62177445299994,41.89194191100006],[-86.65075645899998,41.868361906000075],[-86.66901446299994,41.85570390300006],[-86.68445546599997,41.84018689900006],[-86.70591747199995,41.827866896000046],[-86.71704247399998,41.819356894000066],[-86.77723248899997,41.78474788400007],[-86.82483349999995,41.76024787800003]]],[[[-86.89996205899996,46.487838639000074],[-86.89910405799998,46.484157639000045],[-86.89110105499998,46.47946863900006],[-86.89053305599998,46.48623464000008],[-86.89529505699994,46.48902564000008],[-86.89996205899996,46.487838639000074]]],[[[-87.40383722899998,46.59368062400006],[-87.39941722699996,46.595054624000056],[-87.40263922899999,46.59555362400005],[-87.40383722899998,46.59368062400006]]],[[[-87.42014023499996,46.60298262400005],[-87.41988623399999,46.60004162300004],[-87.41651423299999,46.59748462300007],[-87.41008523199997,46.60272662400007],[-87.41336823299997,46.60540462500006],[-87.42014023499996,46.60298262400005]]],[[[-87.46124325199997,46.63682762600007],[-87.45716825099998,46.63810962700006],[-87.45831825199997,46.63979662700007],[-87.46124325199997,46.63682762600007]]],[[[-87.65066741899994,47.41747772900004],[-87.65230941899995,47.41621872800005],[-87.62990441199997,47.41528073000006],[-87.61753740699999,47.407719729000064],[-87.60034840199995,47.40771973100004],[-87.60032340199996,47.410807731000034],[-87.59526340099995,47.41649273200005],[-87.58623039899999,47.418344733000026],[-87.58676339899995,47.41988573300006],[-87.59514440199996,47.418824733000065],[-87.59729240299998,47.42177073300007],[-87.60235740499996,47.42276673300006],[-87.61692140899999,47.42302773200004],[-87.62367941199994,47.42629173200004],[-87.62957141299995,47.42238973100007],[-87.63789041499996,47.42045773000007],[-87.63962741599994,47.41817973000008],[-87.65066741899994,47.41747772900004]]],[[[-87.95935444899999,46.94998164000003],[-87.95542944699997,46.94878164100004],[-87.95655544799996,46.95159264100005],[-87.95935444899999,46.94998164000003]]],[[[-87.97942045499997,46.95368564000006],[-87.97564745399995,46.953233640000064],[-87.97146545299995,46.950287640000056],[-87.96243244999994,46.94998164000003],[-87.96903945199995,46.95396664000003],[-87.97788445499998,46.955106640000054],[-87.97942045499997,46.95368564000006]]],[[[-88.00541346499995,46.96587364000004],[-87.99939146299994,46.96121263900005],[-88.00154546299996,46.95695063900007],[-87.99713146099998,46.95675463900005],[-87.99718546199995,46.96282364000007],[-88.00322246499996,46.96622764000006],[-88.00541346499995,46.96587364000004]]],[[[-88.27976656399994,47.07000763700006],[-88.27470556299994,47.071428637000054],[-88.26881656099994,47.06952763800007],[-88.26755856099999,47.07366363800003],[-88.26921456199995,47.07652563900007],[-88.27439856299998,47.07510463800003],[-88.27976656399994,47.07000763700006]]],[[[-88.36616076099995,48.22625579600003],[-88.36779476099997,48.22296079500006],[-88.33634875299998,48.23714679900007],[-88.34086475499998,48.238808799000026],[-88.35251075799994,48.23548479800007],[-88.36104075999998,48.23104779700003],[-88.36616076099995,48.22625579600003]]],[[[-88.73276685599996,48.101362753000046],[-88.73405985599999,48.10066375300005],[-88.72122485299997,48.10395275500008],[-88.70550084899998,48.11118375700005],[-88.73276685599996,48.101362753000046]]],[[[-88.85168386399994,47.91300871900006],[-88.85127386399995,47.91150171900006],[-88.84723786299998,47.91265371900005],[-88.84506586199996,47.91524972000008],[-88.85168386399994,47.91300871900006]]],[[[-89.26280698399995,47.869872685000075],[-89.25638698199998,47.86847268500003],[-89.23826597699997,47.87300468700005],[-89.22554997399999,47.876910688000066],[-89.21045797099998,47.88575769000005],[-89.20380296899998,47.88631569100005],[-89.20023696699997,47.88336669100005],[-89.22269797199993,47.86830168700004],[-89.22162897099997,47.86606868700005],[-89.22885697199996,47.85829168500004],[-89.23454197399997,47.855381685000054],[-89.23453997299998,47.85172668400003],[-89.20844596499995,47.85153268600004],[-89.20181896299994,47.850251686000036],[-89.19221395799997,47.84106868500004],[-89.19268795699998,47.83343868400004],[-89.19017695599996,47.83161168400005],[-89.17977295299994,47.831035685000074],[-89.16955094899998,47.82493068500003],[-89.16205494599996,47.823572685000045],[-89.14653694199995,47.827552687000036],[-89.12414093499996,47.82862468800005],[-89.11917093399995,47.82773768900006],[-89.11661993399997,47.83226968900004],[-89.08028992499999,47.84534569400006],[-89.06258691999994,47.849260696000044],[-89.06045691899999,47.85128469600005],[-89.04446991499998,47.855758698000045],[-89.02274290899999,47.85854070000005],[-89.01441090699996,47.86264470100008],[-88.95143188999998,47.879214707000074],[-88.936922886,47.88418270900007],[-88.93642188599995,47.88589570900007],[-88.92978988399994,47.88610171000005],[-88.91167187899998,47.89135271200007],[-88.90789787899996,47.89667071300005],[-88.89899287699996,47.900693714000056],[-88.89970487699998,47.902453714000046],[-88.95043589099998,47.890538709000054],[-88.95572489299997,47.89123370900006],[-88.95747189399998,47.89444370900003],[-88.96879889699994,47.89326170800007],[-88.97147789799999,47.89507670800003],[-88.97738489999995,47.895229708000045],[-89.00094290699997,47.890618706000055],[-89.00379490799997,47.89269070600005],[-89.00510190899996,47.89866670600003],[-88.99742090699993,47.90068170700005],[-89.00296290899996,47.90233170700003],[-89.00391390999994,47.90711170800006],[-88.98606490599997,47.914894710000056],[-88.96542390099995,47.92143571200006],[-88.94688089599998,47.93037971500007],[-88.92449288999995,47.93671571700003],[-88.92464789099995,47.94326571800008],[-88.89919088499994,47.95330872100004],[-88.89506688399996,47.954233722000026],[-88.89181288299994,47.95391272200004],[-88.88987888199995,47.95180072200003],[-88.88452887999995,47.952353722000055],[-88.88132087899999,47.95353572300007],[-88.88193087999997,47.95530972300003],[-88.86638387599999,47.961834725000074],[-88.85292987199995,47.96533072600005],[-88.83439586699996,47.964242727000055],[-88.80916885999994,47.971937730000036],[-88.791965856,47.978946732000054],[-88.77247884999997,47.98070973400007],[-88.76587784799995,47.98448573500008],[-88.75717184599995,47.98330873500004],[-88.75242084399997,47.98464273600007],[-88.75311884499996,47.98688673600003],[-88.71856183499995,47.99514274000006],[-88.67007982299998,48.01145474500004],[-88.63960781599997,48.026568749000035],[-88.63699381499998,48.02945375000007],[-88.60248980699998,48.04548475400003],[-88.579790802,48.058677758000044],[-88.57396580099999,48.06485375900007],[-88.57375080199995,48.074780761000056],[-88.57840180399995,48.07801176100003],[-88.57671880499998,48.08500776200003],[-88.56694480299996,48.09372776400005],[-88.46825877999999,48.14357977700007],[-88.41988176899997,48.170739784000034],[-88.41825076999999,48.18037878600006],[-88.42260777299998,48.19098378700005],[-88.44724277999995,48.18292478400008],[-88.45974178399996,48.183815784000046],[-88.48204578999997,48.17992378100007],[-88.49196779199997,48.17547478000006],[-88.50109479399998,48.168189779000045],[-88.52475980099996,48.16529977700003],[-88.54703980899995,48.174899776000075],[-88.57841981699994,48.16237877200007],[-88.61403282699996,48.15480576900006],[-88.63271883199997,48.148592767000025],[-88.66652784099995,48.13563476300004],[-88.67419884199995,48.12717376100005],[-88.67563484099998,48.120452760000035],[-88.68444084299995,48.11579375900004],[-88.70776484899994,48.105170756000064],[-88.76426286299994,48.08519774900003],[-88.77207186499999,48.078914748000045],[-88.77393886399994,48.07342074700006],[-88.77883086499997,48.069606746000034],[-88.77771986499994,48.06793674600004],[-88.78756286699996,48.063043744000026],[-88.81046787299994,48.05525574200004],[-88.81365087399996,48.055389741000056],[-88.81226187399994,48.05822974200004],[-88.81518787499994,48.058226742000045],[-88.82482187699998,48.053165740000054],[-88.82232687599998,48.05189474000008],[-88.823514876,48.05046474000005],[-88.84918488299996,48.044108737000045],[-88.84965988399995,48.04569773800006],[-88.83581288099998,48.057109740000044],[-88.89370789599997,48.03477873300005],[-88.89633389599999,48.031809732000056],[-88.895075895,48.029067732000044],[-88.90528089799994,48.02538573100003],[-88.92386290299999,48.02077072900005],[-88.929863905,48.02203872900003],[-88.94125590799996,48.01912972800005],[-88.94472690899994,48.016944727000066],[-88.94972990999997,48.016705727000044],[-88.95340291099996,48.01328672600005],[-88.99416992199997,48.002298722000035],[-89.00164492299996,47.997656720000066],[-89.00792892499999,47.99673272000007],[-89.09521394799998,47.967930710000076],[-89.17916096899995,47.935038700000064],[-89.18825896999994,47.92863869800004],[-89.20171797399996,47.92262769600006],[-89.20087497299994,47.91997269600006],[-89.20315997299997,47.91779669500005],[-89.22072297799997,47.91099769300007],[-89.22257897699996,47.90041969200007],[-89.22633397699997,47.895446691000075],[-89.23218797899995,47.89482669000006],[-89.24713398199998,47.88851168800005],[-89.24301998099997,47.885279688000026],[-89.22887797699997,47.88934369000003],[-89.22448097599994,47.89308869100006],[-89.216993974,47.892212691000054],[-89.21532997299994,47.88838769000006],[-89.22281697499994,47.88599669000007],[-89.22293597399994,47.88480168900003],[-89.21937097299997,47.88392469000007],[-89.22412397399995,47.88025868900007],[-89.23541397699995,47.877707688000044],[-89.24575297999996,47.878026687000045],[-89.25520898299999,47.87611068600006],[-89.26280698399995,47.869872685000075]]],[[[-90.41814314199996,46.56610242000005],[-90.41460313999994,46.557328419000044],[-90.40785013699997,46.554513419000045],[-90.40560013599998,46.54759241800008],[-90.40004813399997,46.54439241800003],[-90.39557513099999,46.53632541700006],[-90.39242613,46.53621841800003],[-90.39214912999995,46.53484941800008],[-90.39527913099994,46.53394941700003],[-90.39332712999999,46.53262341700008],[-90.38596212799996,46.53379941800006],[-90.38026512699997,46.53670141900005],[-90.37685712599995,46.536183419000054],[-90.37620812599994,46.53816741900005],[-90.36709012299997,46.54117142000007],[-90.36474312199994,46.53959442000007],[-90.36069212099994,46.54138842100008],[-90.35973112099998,46.53937642000005],[-90.35734911999998,46.53900242000003],[-90.35032511799994,46.540501421000045],[-90.34580611799998,46.54515142200006],[-90.34681311799994,46.54935842300006],[-90.34234311699998,46.54783942300003],[-90.33941111599995,46.549296423000044],[-90.34434511799998,46.552095423000026],[-90.33692811599997,46.55408442400005],[-90.33189411499995,46.55328642400008],[-90.33257711499994,46.551873424000064],[-90.32735311299996,46.55113342400006],[-90.32669311199999,46.546158424000055],[-90.32067010999998,46.54661442400004],[-90.31845510899996,46.54425142400004],[-90.31520310799993,46.544455424000034],[-90.31633810799997,46.540882424000074],[-90.31086610599993,46.539373424000075],[-90.31061210499996,46.53256242300006],[-90.31294310599998,46.53044942200006],[-90.31189310499997,46.528703422000035],[-90.31444110499996,46.52379242100005],[-90.31778410599998,46.52164542100007],[-90.31699010499995,46.51732742000007],[-90.31384610399994,46.51620742000006],[-90.30854410199998,46.516820421000034],[-90.30772310199995,46.51840042100008],[-90.29829109899998,46.51782842100005],[-90.29441809799994,46.518856422000056],[-90.29475709899998,46.52165442200004],[-90.28343009499997,46.51887642300005],[-90.28227309499994,46.52158342300004],[-90.27892709399998,46.52227942300004],[-90.27713809399995,46.524495424000065],[-90.27180309199997,46.51927342300007],[-90.27506709199997,46.518406423000044],[-90.27758409299997,46.51503042200005],[-90.27472809199998,46.51542442300007],[-90.27042908999994,46.51169842200005],[-90.27298308999997,46.50514742100006],[-90.26657408799997,46.50786342200007],[-90.26432808799996,46.50664042200003],[-90.26527608699996,46.50383742200006],[-90.26051108599995,46.502830422000045],[-90.25716708499994,46.50472442200004],[-90.24340208099994,46.505253423000056],[-90.23159407799994,46.50985042500008],[-90.22940907699996,46.508000425000034],[-90.23033107699996,46.50174042400005],[-90.22053907399999,46.50341142500008],[-90.21660107299994,46.501767425000025],[-90.21119906999996,46.49311942400004],[-90.21176006899998,46.49035942300003],[-90.20570306699994,46.484454423000045],[-90.20401606499996,46.47818342200003],[-90.19340106099997,46.472495422000065],[-90.19266406099996,46.46858442200005],[-90.18900305999995,46.46902342200008],[-90.19330105999995,46.46315142100008],[-90.19075605899997,46.460181420000026],[-90.18769405799998,46.45821442000005],[-90.18034305499998,46.45675442100003],[-90.18028605599994,46.45874442100006],[-90.17833205499994,46.45741642100006],[-90.17893105399997,46.450275420000025],[-90.17677005299998,46.44768342000003],[-90.17793705199995,46.44023741800004],[-90.17041104999998,46.439446419000035],[-90.16777704899994,46.44213041900008],[-90.16342904699997,46.43461341900007],[-90.16235604599996,46.427499418000025],[-90.15964204499994,46.42529341800008],[-90.16059804499997,46.423007417000065],[-90.15861004399994,46.42266441700008],[-90.15785804199999,46.40929941500008],[-90.15401303999994,46.40667941500004],[-90.15294303899998,46.401301414000045],[-90.14677703699994,46.39914041500003],[-90.14747103699995,46.39560241400005],[-90.14436603499996,46.39026341300007],[-90.14080003399994,46.388431413000035],[-90.13941703299997,46.38500741300004],[-90.13225702999995,46.38125741300007],[-90.13425702999996,46.379139413000075],[-90.13283002999998,46.37826041200003],[-90.13387802899996,46.37183641100006],[-90.12293002499996,46.36361141100008],[-90.12248802399995,46.360607411000046],[-90.11883402299998,46.359249411000064],[-90.11674802099998,46.350660410000046],[-90.12355602299994,46.346514409000065],[-90.12189802199998,46.34447940800004],[-90.12020502099995,46.34507440900006],[-90.11799901999996,46.341381408000075],[-90.12138702099998,46.33813940700003],[-90.12049601999996,46.336860407000074],[-89.63842286299996,46.243812426000034],[-89.091636683,46.13851344700004],[-88.85027659699995,46.04028244800003],[-88.84390959399997,46.03305844700003],[-88.83860759199996,46.03013244700003],[-88.81909058499997,46.02632244800003],[-88.81543358399995,46.022962447000054],[-88.81603258399997,46.020594447000065],[-88.80577758099997,46.021562448000054],[-88.80176757999999,46.02374544800006],[-88.79646657799998,46.02361344900004],[-88.79624857899995,46.02686144900008],[-88.80067657999996,46.03004444900006],[-88.79618857999998,46.03372045000003],[-88.78835757599995,46.02862145000006],[-88.78441757599995,46.03271745100005],[-88.77863457399997,46.031279451000046],[-88.77874057399998,46.02888345100007],[-88.78401357399997,46.02299245000006],[-88.78016257199994,46.015403449000075],[-88.76971856999995,46.018976450000025],[-88.77005257099995,46.02573645100006],[-88.75862456599998,46.01955045100004],[-88.75218256499994,46.02359245200006],[-88.74000056199998,46.027316453000026],[-88.73350555899998,46.02555145300005],[-88.73068155899995,46.026543454000034],[-88.72480755699996,46.02451145400005],[-88.72113155499994,46.022021453000036],[-88.72212155499994,46.01735845300004],[-88.71803055299995,46.015619453000056],[-88.71840355299997,46.01329245200003],[-88.71305555199996,46.01267645300004],[-88.71226655199996,46.01619245300003],[-88.70772154999997,46.01540445300003],[-88.70469354999994,46.01816245400005],[-88.69872254799998,46.01791145400006],[-88.68990854499998,46.01411645400003],[-88.68682154399994,46.015026455000054],[-88.67913854099999,46.01354645500004],[-88.67461253999994,46.01057545500004],[-88.67592253999999,46.008554454000034],[-88.67121353799996,46.00469145400007],[-88.671273537,45.999034453000036],[-88.66704253599994,45.99724245300007],[-88.66719553499996,45.994043453000074],[-88.66361553399997,45.99240545300006],[-88.67060753599998,45.98983845200007],[-88.67083353599998,45.98855545200007],[-88.66370353299999,45.98909245200008],[-88.66337453299997,45.98767745200007],[-88.65776653199998,45.98929545300007],[-88.65142352999999,45.987574453000036],[-88.64788952899994,45.98867545300004],[-88.64647652799994,45.98711845300005],[-88.63750652499994,45.98496845300008],[-88.63483952399997,45.985667454000065],[-88.63406152399995,45.98800745400007],[-88.61641151899994,45.987708455000075],[-88.61306951799997,45.990635456000064],[-88.61592851999995,45.99334345600005],[-88.61156951899994,45.99881845700003],[-88.61271851999999,46.00447045800007],[-88.60694551899996,46.00846245900004],[-88.60744451899996,46.01099945900006],[-88.60144651799999,46.01760746100007],[-88.59809951699998,46.017631461000065],[-88.59386651599993,46.015140461000044],[-88.58900651299996,46.00508545900004],[-88.58067651099998,46.00698346000007],[-88.57155950899994,46.01381946200007],[-88.565491507,46.01571646300005],[-88.56068750599997,46.01428546300008],[-88.55499350399998,46.01498546300007],[-88.55076250199994,46.01290446300004],[-88.54108449999995,46.01377146400006],[-88.53627449899994,46.01769646500003],[-88.53290349799994,46.018105465000076],[-88.53420249799996,46.020894465000026],[-88.51460749199998,46.01993446600005],[-88.50621148899995,46.01714246700004],[-88.50648248899995,46.011122466000074],[-88.50013948499998,46.00046546400006],[-88.49690448399997,45.99902046400007],[-88.49742348399997,45.995157464000044],[-88.49380948299995,45.99427046400007],[-88.49250148199997,45.99216546400004],[-88.48676147999998,45.990957464000076],[-88.48380847899995,45.99241346400004],[-88.48043847799994,45.99164746400004],[-88.47600847699994,45.992834465000044],[-88.47400247699994,45.994447465000064],[-88.47470147699994,45.99877846600003],[-88.47086147699997,46.00101246600008],[-88.45866447299994,45.999399467000046],[-88.45377447099997,45.997027467000066],[-88.45426747,45.99343446600005],[-88.450331469,45.99018946600006],[-88.44075546599998,45.990858467000066],[-88.43881046499996,45.98874946700005],[-88.43476846399994,45.98834846700004],[-88.43388146299998,45.985609467000074],[-88.42613146099995,45.98411046700005],[-88.42232845899997,45.98017846600004],[-88.42305045899997,45.978555466000046],[-88.41692045699995,45.97533146600006],[-88.40987045499998,45.97969646700005],[-88.40285445299997,45.98120246800005],[-88.395314451,45.98039946800003],[-88.38794544899997,45.98317546900006],[-88.38432444899996,45.98812147000007],[-88.38524044899998,45.99024747000004],[-88.38018944799995,45.99166247100004],[-88.37371144499997,45.988564471000075],[-88.37145544399993,45.985364471000025],[-88.35928543999995,45.98151647100008],[-88.34542343499999,45.97399347000004],[-88.34144343299994,45.96872747000003],[-88.33474643099999,45.96863547000004],[-88.33014342899997,45.96595947000003],[-88.32787842699997,45.95894246900008],[-88.33030242799998,45.95663346900005],[-88.32695942699996,45.955079469000054],[-88.32053742499994,45.95997147000003],[-88.31970442599999,45.963634471000034],[-88.31690042399998,45.960977470000046],[-88.30097141899995,45.95617647100005],[-88.29527041699998,45.95126147000008],[-88.29238741599994,45.95112347000003],[-88.28498041399996,45.95533747200005],[-88.26895040899996,45.956421473000034],[-88.25934940699995,45.95950247400003],[-88.25482240599996,45.963546475000044],[-88.24635240299995,45.96339747500008],[-88.24575840199998,45.95415547400006],[-88.23994739899996,45.949370473000045],[-88.23019939599999,45.94725947400008],[-88.22377939399996,45.94872047400003],[-88.21914539299996,45.947511475000056],[-88.20380338799998,45.947949476000076],[-88.19763338699994,45.953090477000046],[-88.19199738499998,45.95274847700006],[-88.18617238299998,45.949312477000035],[-88.17801437999998,45.94711947700006],[-88.17010237699998,45.93947847600003],[-88.16396537499998,45.938348477000034],[-88.16118137399997,45.940609477000066],[-88.15611737199998,45.93752247700007],[-88.14616936899995,45.93680247800006],[-88.14642536899999,45.93420247700004],[-88.14100736699999,45.93061647700006],[-88.12642536199996,45.92561647700006],[-88.12638836099995,45.921507477000034],[-88.10291435399995,45.921877478000056],[-88.09497435099996,45.914677477000055],[-88.10197935199994,45.91055847600006],[-88.10663035299996,45.90222147500003],[-88.10598735199994,45.89709947400007],[-88.10253334999999,45.89223047400003],[-88.10182034899998,45.883512472000064],[-88.09650234699996,45.87986947200005],[-88.08182634199994,45.880209473000036],[-88.069891338,45.87272547300006],[-88.07557233899996,45.869943472000045],[-88.07483433799996,45.86491347100008],[-88.07754033899994,45.86383347100008],[-88.08259634099994,45.86495247100004],[-88.08883134099995,45.85586846900003],[-88.09833234299998,45.85015046800004],[-88.106628345,45.84108046600005],[-88.11173234599994,45.83920446500008],[-88.13507335099996,45.82170246100003],[-88.13559634999996,45.81731546000003],[-88.12946734799993,45.80929645900005],[-88.11603034299998,45.80408745900007],[-88.10833733999993,45.80347346000008],[-88.10536133899996,45.80011245900005],[-88.10635733899994,45.79758145900007],[-88.10325333699996,45.79136945800008],[-88.09405333399997,45.78566645800004],[-88.07977032899998,45.78495845900005],[-88.07638132799997,45.781614458000035],[-88.07209732599995,45.78026945900007],[-88.05064031999996,45.78098046000008],[-88.04175031799997,45.78374246100003],[-88.03973531799994,45.78963446200004],[-88.02723431399994,45.78919846300005],[-88.01759431099998,45.792463464000036],[-88.00704930799998,45.792200464000075],[-87.99588230499995,45.79544346600005],[-87.99145330399995,45.795401466000044],[-87.98794830199995,45.79308346600004],[-87.98087629799994,45.77698546400006],[-87.98179529799995,45.77508946300003],[-87.985603299,45.77493446300008],[-87.98966229999996,45.77203346300007],[-87.98643529899994,45.769604462000075],[-87.96697629199997,45.76402946300004],[-87.96345828999995,45.758228462000034],[-87.95928328899998,45.75737546200003],[-87.95446528799994,45.758422463000045],[-87.94548428499996,45.75669546300003],[-87.93459128199999,45.758102464000046],[-87.92913627999997,45.760372465000046],[-87.92200527799997,45.75699746500004],[-87.91728427699996,45.75949146500005],[-87.91134227399994,45.75654746500004],[-87.90587927299998,45.75937246600006],[-87.89836926999999,45.752511465000055],[-87.88226726499994,45.75478746700003],[-87.87581926299998,45.75389646700006],[-87.87334526199999,45.75044746700007],[-87.86811725999996,45.749485467000056],[-87.86599825899998,45.74654546600004],[-87.86221725799999,45.74502646600007],[-87.86432625799995,45.73714746500008],[-87.85548625399997,45.72695146400008],[-87.83734924699996,45.71692746400004],[-87.82418624199994,45.71266346400006],[-87.81015023799995,45.71023846400004],[-87.80508723499997,45.70498246400007],[-87.80908123599994,45.69972546300005],[-87.80188623299995,45.69387046200006],[-87.78223222599996,45.68306146200007],[-87.78162922399997,45.67328846100003],[-87.795361228,45.67134245900007],[-87.80329622999994,45.666502458000025],[-87.82317023599995,45.66274045600005],[-87.82269923499996,45.65608545500004],[-87.82468223499995,45.653219455000055],[-87.82410823399994,45.64714645400005],[-87.81020022799999,45.638740453000025],[-87.80448722599994,45.62894145200005],[-87.79698922299997,45.623621452000066],[-87.79588622199998,45.61885445100006],[-87.79202221999998,45.61676445100005],[-87.78085121599997,45.61460745200003],[-87.77767721499998,45.609212451000076],[-87.77757221399997,45.60401945000007],[-87.774688213,45.60203245000008],[-87.77720521199996,45.58850744800003],[-87.78677321399994,45.58283844600004],[-87.78880421299993,45.56595544400005],[-87.79237821299995,45.56306344300003],[-87.80611021799996,45.56287144200007],[-87.81042621899996,45.56531644200004],[-87.82935222499998,45.56878444200004],[-87.83169522599997,45.56804344100004],[-87.83359722599994,45.56253744000003],[-87.83230222499998,45.55877544000003],[-87.81374321799996,45.54862443900004],[-87.80339621399997,45.53828043800007],[-87.80472621299998,45.531252437000035],[-87.80224720999996,45.51306743500004],[-87.79880020799999,45.50629543400004],[-87.79322120599994,45.50503643400003],[-87.79277520599999,45.49997543300003],[-87.79794920599994,45.494052432000046],[-87.79896620599999,45.48515543100007],[-87.80689720699996,45.47910042900003],[-87.80577920599995,45.47314742800006],[-87.81147520699994,45.46799942700005],[-87.81298220699995,45.464167426000074],[-87.82027020899994,45.46232242600007],[-87.81984020899995,45.460599426000044],[-87.82551520999993,45.45803442500005],[-87.83122321199994,45.45719342400008],[-87.83601421299994,45.450885423000045],[-87.84482121499997,45.44841942200003],[-87.84743521499996,45.44418542100004],[-87.85530421699997,45.44138742000007],[-87.86170321799995,45.434481419000065],[-87.86043821699997,45.42351241700004],[-87.85713021499998,45.420200417000046],[-87.85622221399996,45.41610941600004],[-87.85053921199994,45.41169341600005],[-87.84932821099994,45.40388041500006],[-87.850975211,45.40193341500003],[-87.85913721299994,45.39897541400006],[-87.85960921299994,45.39641741300005],[-87.85683621199996,45.393114413000035],[-87.85942421199996,45.38823541200003],[-87.87091121499998,45.38312441000005],[-87.87543021599998,45.379381410000065],[-87.87569821499994,45.37706040900008],[-87.87127421299994,45.37147540900003],[-87.884861216,45.362800406000076],[-87.888058216,45.35470540500006],[-87.88517621499994,45.351744405000034],[-87.88112021399996,45.35128640500005],[-87.87037321099996,45.356275406000066],[-87.870090211,45.359030407000034],[-87.87580321399997,45.365322407000065],[-87.87024421199999,45.36644440800006],[-87.86600521099996,45.36320240800006],[-87.86576920999994,45.35628840700008],[-87.86349520899995,45.35302840600008],[-87.85042420399998,45.34750040600005],[-87.85013920299997,45.34044340500003],[-87.83814719999998,45.34510940700005],[-87.83530919999998,45.350988408000035],[-87.83261819899997,45.35225740800007],[-87.82692419699998,45.35054640800007],[-87.82303419599998,45.35265840900007],[-87.81008219199998,45.35127740900003],[-87.80047018999994,45.35361641000003],[-87.79033018599995,45.353452411000035],[-87.78308218399997,45.349733411000045],[-87.76917817999998,45.351203412000075],[-87.76213417699995,45.34840941200008],[-87.75411017499994,45.34945041200007],[-87.75093417499994,45.355045414000074],[-87.73846317099998,45.35716441500006],[-87.733415171,45.364440416000036],[-87.71889716799996,45.377470419000076],[-87.70833516499994,45.381226420000075],[-87.70434316399997,45.385470421000036],[-87.693962162,45.38990142200004],[-87.68594015899998,45.388719423000055],[-87.68287215799995,45.38495842200007],[-87.67502315499996,45.38246242200006],[-87.67351915399996,45.37695442200004],[-87.65735514799997,45.36876042100005],[-87.65663814599998,45.35862542000007],[-87.65357414499994,45.35421241900008],[-87.65066714399995,45.35380642000007],[-87.64773514299998,45.35072941900006],[-87.64813214099996,45.339404417000026],[-87.65578114299996,45.33085541600008],[-87.66160914399995,45.32761641500008],[-87.66150614299994,45.32139441400005],[-87.67267514499997,45.31022141100004],[-87.67194114499995,45.308212411000056],[-87.67909114699995,45.305849410000064],[-87.68033614699993,45.30280841000007],[-87.68750414799996,45.298063409000065],[-87.69037014799994,45.29027840700007],[-87.69825414999997,45.28152040500004],[-87.69878614799995,45.26942840300006],[-87.70584314999996,45.26588340200004],[-87.71045614999997,45.25933240100005],[-87.70778514999995,45.25835140100003],[-87.71113714999996,45.25293640000007],[-87.71134514799996,45.239973398000075],[-87.71827014999997,45.238341397000056],[-87.72521115199999,45.23154739600005],[-87.72136014999995,45.22685539500003],[-87.72695814999997,45.21895739400003],[-87.72620414899995,45.20939939200008],[-87.73634515199996,45.20466139100006],[-87.74173815199998,45.198209390000045],[-87.73521614799995,45.17765038700003],[-87.73651514799997,45.17339738600003],[-87.73514114699998,45.171546386000045],[-87.72777414499996,45.16960438600006],[-87.71795114099996,45.16116438500006],[-87.71011413799994,45.15902138600006],[-87.70349813499996,45.152214385000036],[-87.692381131,45.149513385000034],[-87.68390812799998,45.14414338500006],[-87.67582212499997,45.13506738400008],[-87.67821512499995,45.13009238300003],[-87.67450512299996,45.12657438300005],[-87.67245312199998,45.12130238200007],[-87.661302117,45.11257438100006],[-87.65995811599998,45.10752038100003],[-87.65141811399997,45.10856638100006],[-87.64819711299998,45.106376381000075],[-87.63154110799996,45.10623238200003],[-87.62764610599999,45.103336382000066],[-87.59204709399995,45.09426038300006],[-87.59027609399999,45.09641438300008],[-87.60012609799998,45.10301938400005],[-87.61007910199999,45.114149385000076],[-87.61202510399994,45.12338538600005],[-87.60792410299996,45.12608838700004],[-87.60974610399995,45.13082738700007],[-87.60718910399999,45.13553038800006],[-87.60237210299994,45.13754338900003],[-87.59914010099999,45.135830389000034],[-87.59591810099994,45.13916939000006],[-87.60080210299998,45.146850390000054],[-87.59982010299996,45.150482391000025],[-87.58607409999996,45.15865239300007],[-87.58840710099997,45.161148393000076],[-87.58565710099998,45.166402394000045],[-87.57825709899998,45.17111339600007],[-87.57347409799996,45.17170839600004],[-87.56342309699994,45.18407839900004],[-87.54897009299998,45.191599401000076],[-87.53975409099996,45.19415840200003],[-87.53292608999999,45.206342404000054],[-87.52080508699999,45.21427240600008],[-87.51703708699995,45.21847840700008],[-87.51250808499998,45.21993940700003],[-87.512342086,45.22426040800008],[-87.48309608099999,45.25394241400005],[-87.47568807899995,45.26053041600005],[-87.47271007799998,45.26137741600007],[-87.46520707799993,45.27335941800004],[-87.44283407299997,45.29121942300003],[-87.43655007099994,45.294054423000034],[-87.43726307299994,45.30550842500003],[-87.43169007299997,45.31639142700004],[-87.42196707099998,45.32594742900005],[-87.407995068,45.332895431000054],[-87.40995806899997,45.34234843300004],[-87.40322106799994,45.34834843400006],[-87.39573106599994,45.349535435000064],[-87.39335906599996,45.35534143600006],[-87.39478106699994,45.36450043700006],[-87.39214906699993,45.369402438000066],[-87.38601606599997,45.37289743900004],[-87.38058406399995,45.37348743900003],[-87.38186906499999,45.37566244000004],[-87.37377406299998,45.37962044100004],[-87.36894806199996,45.387258442000075],[-87.36437406099998,45.38854044300007],[-87.35871006099995,45.40429544500006],[-87.33615805599999,45.41536844800004],[-87.32775505499995,45.425315451000074],[-87.32584005499996,45.43004845100006],[-87.33324605799999,45.436905452000076],[-87.33315305899998,45.447216454000056],[-87.32828305799995,45.45270445500006],[-87.32519705699997,45.45320745500004],[-87.31970905699995,45.464937457000076],[-87.30697305399997,45.473372459000075],[-87.30492505499996,45.482952461000025],[-87.29224505299999,45.49852046400008],[-87.28824505199998,45.50090546500007],[-87.28479305199994,45.51265546700006],[-87.27887405099995,45.51898246800005],[-87.27261805099994,45.532794471000045],[-87.26575104999995,45.54012747200005],[-87.26349405099995,45.55204047400008],[-87.26052304999996,45.55697747500005],[-87.25222204899995,45.567711477000046],[-87.23932804599997,45.57613547900007],[-87.23461804599998,45.58882548200006],[-87.22752204499994,45.594362483000054],[-87.20535904199994,45.624064489000034],[-87.20070904099998,45.62723249000004],[-87.19602804099998,45.63962649200005],[-87.18677303899995,45.64417449300004],[-87.18548403899996,45.64700649400004],[-87.17991003699996,45.64824049400005],[-87.17083103399995,45.64473849400008],[-87.16824303299995,45.64156349400008],[-87.16940503399996,45.64523649400007],[-87.17661803599998,45.65002349500003],[-87.17451803699998,45.659442496000054],[-87.17224703699998,45.66179649700007],[-87.15248503099997,45.66965649900004],[-87.14667802999998,45.67349550000006],[-87.14266602899994,45.67339450000003],[-87.12941802599994,45.68171850200008],[-87.11164402099996,45.68591350400004],[-87.10114301799996,45.68628850500005],[-87.09928401799993,45.69129350600008],[-87.10043201899998,45.69760050700006],[-87.09546101799998,45.701047507000055],[-87.05953900799994,45.708505511000055],[-87.06106200899995,45.71149551100007],[-87.07044801199999,45.71878751200006],[-87.06538301199998,45.72557551300008],[-87.06263601099994,45.726786513000036],[-87.06172701199995,45.73282951400006],[-87.05745001099996,45.736830515000065],[-87.04833300799999,45.73774151600003],[-87.03820600499995,45.741527517000065],[-87.03733500499999,45.743594518000066],[-87.05520001199994,45.74882551700006],[-87.05555601199995,45.75154351800006],[-87.06241201399996,45.75330451800005],[-87.06430801599998,45.75883651800007],[-87.06280601699996,45.77262052100008],[-87.05841801599996,45.773038521000046],[-87.05638201499994,45.77586252100008],[-87.05967601699996,45.77996652200005],[-87.05937301799997,45.787822523000045],[-87.05449201599998,45.78885552400004],[-87.05861401799996,45.79416852400004],[-87.05744501999999,45.81249152700008],[-87.05225201999997,45.82226552900005],[-87.04567201799995,45.82701653000004],[-87.03984801799999,45.83425353100006],[-87.03144101499998,45.83724653200005],[-87.01890801199994,45.83889453300003],[-87.01693401099999,45.84096453400008],[-87.01042900999994,45.84236053400008],[-86.99898900699998,45.84775253600003],[-87.00267300799999,45.85023653600007],[-87.01182401099999,45.852222536000056],[-87.02061801499997,45.85818253600007],[-87.02287601499995,45.85727153600004],[-87.02204401499995,45.86008553600004],[-87.01396301399996,45.86695453800007],[-87.00897101199996,45.86803053800003],[-87.00267301099996,45.87332554000005],[-86.99994001099998,45.87704954000003],[-87.00148401099995,45.87779354000003],[-86.99090800999994,45.89020254300004],[-86.97913600699997,45.89405354400003],[-86.98650400899999,45.896782544000075],[-86.98412700899996,45.90133154500006],[-86.97794700799994,45.90563154600005],[-86.96440000299998,45.90447454700006],[-86.94990099799998,45.89893354700007],[-86.94740599599999,45.88652654500004],[-86.94823699499995,45.876764544000025],[-86.95287199599994,45.87138654200004],[-86.96511299799994,45.864104541000074],[-86.97093599899995,45.85475153900006],[-86.98377100199997,45.84738453700004],[-86.98769200199996,45.83653953500004],[-87.00508600699999,45.83172653300005],[-87.00552800599996,45.828806533000034],[-87.00308000499996,45.82363253200003],[-86.99984600399995,45.82147253200003],[-87.00067900299996,45.81770353100006],[-86.990864,45.81369753100006],[-86.98844399899997,45.810629531000075],[-86.98692599699996,45.79710052900003],[-86.98162999399995,45.79222952900005],[-86.98360099199994,45.769382525000026],[-86.98083798999994,45.760313524000026],[-86.97567398799998,45.75582852300005],[-86.97520698699998,45.748917522000056],[-86.97766098499994,45.728776519000064],[-86.97911798499996,45.72461051800008],[-86.981667986,45.72443051800008],[-86.98459398399996,45.70582051500003],[-86.98089098199995,45.69506551400008],[-86.97911198199995,45.69572551400006],[-86.96977097799999,45.691903514000046],[-86.96732097699999,45.68493151300004],[-86.96786097499995,45.66826951000007],[-86.96416997399996,45.66915251100005],[-86.96428097399996,45.67276951100007],[-86.96010897399998,45.679206512000064],[-86.95700097299994,45.68371751300003],[-86.95213797199995,45.68485851400004],[-86.94956797199995,45.691682515000025],[-86.94520397099996,45.693993516000035],[-86.94146397099996,45.70216451700003],[-86.93350096899997,45.70382451800003],[-86.92530096599995,45.70257951800005],[-86.91826796299995,45.69610951800007],[-86.90944696099996,45.70191951900006],[-86.90330795999995,45.70907452100005],[-86.88783195499997,45.71126452200008],[-86.86640594899995,45.71023952300004],[-86.86163094799997,45.715197524000075],[-86.84268294299994,45.719692526000074],[-86.83875194199999,45.722315527000035],[-86.84116194299997,45.725099527000054],[-86.84056794299994,45.72996152800005],[-86.84517594599998,45.73681852800007],[-86.84211294499994,45.74157352900005],[-86.83866394399996,45.74183953000005],[-86.83368494299998,45.746925531000045],[-86.83206394299998,45.75108853100005],[-86.82084093999998,45.75608653300003],[-86.819414941,45.76072953400006],[-86.82374894299994,45.76549453400003],[-86.82152894199999,45.770364535000056],[-86.80408893799995,45.776634537000064],[-86.79802393499995,45.77274953700004],[-86.78946693299997,45.77183753700007],[-86.79243793399996,45.77498753800006],[-86.79754793599994,45.774904537000054],[-86.799330936,45.776562537000075],[-86.80646093999997,45.787751539000055],[-86.80265893999996,45.79355154000007],[-86.78388093399997,45.794614541000044],[-86.76938292999995,45.79744554200005],[-86.77900893299994,45.79918554200003],[-86.77328493299996,45.811393544000055],[-86.77461793399993,45.821704546000035],[-86.77723093599997,45.82719154600005],[-86.78615793899996,45.83253754700007],[-86.78811493999996,45.83561654700003],[-86.78248393899997,45.84113954800006],[-86.78113093999997,45.848869550000074],[-86.78412494199995,45.85630755100004],[-86.78208594199998,45.86020355100004],[-86.75845493499997,45.86728255400004],[-86.74964393299996,45.86780455400003],[-86.74247192999997,45.86472755400007],[-86.74035392899998,45.86040755400006],[-86.73672492699995,45.859172554000054],[-86.73697692699994,45.85753755400003],[-86.73270592599994,45.85502455400007],[-86.73174392499999,45.84859955300004],[-86.72852592399994,45.84876755300007],[-86.72111892099997,45.84543955300006],[-86.71923291999997,45.83943755200005],[-86.71697191899995,45.84205755200003],[-86.70696791599994,45.84383055300003],[-86.69903691399998,45.84337755400003],[-86.67308990499998,45.83832455500004],[-86.66183290099997,45.834221555000056],[-86.65993190099994,45.83728455500005],[-86.65434589899996,45.83778155600004],[-86.64757289699998,45.83355855500008],[-86.64483189599997,45.834713556000054],[-86.64650289699995,45.83819555600007],[-86.64436389699995,45.84299755700005],[-86.63248389299997,45.84331755800008],[-86.63317389599996,45.86007656000004],[-86.62440889399994,45.86979056200005],[-86.61835189199996,45.87039256300005],[-86.61753989199997,45.87347156300007],[-86.61354189199994,45.87599056400006],[-86.59887988699995,45.87658456500003],[-86.59021588599995,45.88654256700005],[-86.58737788599996,45.89248956800003],[-86.58232888399993,45.89612156900006],[-86.56772487999996,45.900508571000046],[-86.55950387799999,45.89925757100008],[-86.53521186899997,45.88581357000004],[-86.52957886599995,45.87498256900005],[-86.52801986199995,45.85326256600007],[-86.53422386299997,45.847414564000076],[-86.54047586499996,45.84591256400006],[-86.53922786399994,45.838687563000065],[-86.55121386699994,45.83532756200003],[-86.55754786799997,45.828324560000055],[-86.56003286799995,45.82004255900006],[-86.55555286599997,45.813507558000026],[-86.55722086599997,45.80818055700007],[-86.56339786699994,45.80447755600005],[-86.57117786999999,45.80546055600007],[-86.57531087099994,45.80324455500005],[-86.57802687099996,45.800472555000056],[-86.57926987099995,45.794923554000036],[-86.58176487199995,45.79480555300006],[-86.57995286999994,45.78990555300004],[-86.56996986699994,45.785513553000044],[-86.55951186199997,45.774904552000066],[-86.55963086199995,45.772252551000065],[-86.56236386299997,45.770428551000066],[-86.56676086399995,45.77026255100003],[-86.58635087099998,45.778808551000054],[-86.59612687399994,45.77706355000004],[-86.598491874,45.77283254900004],[-86.60431487599999,45.771754549000036],[-86.60715287699998,45.777995549000025],[-86.61214287899998,45.779364549000036],[-86.61421587999996,45.77841254900005],[-86.61496487999995,45.78257355000005],[-86.61734188099996,45.78354655000004],[-86.63110188499996,45.78212454800007],[-86.62974688399999,45.77697754800005],[-86.62356688199998,45.77225254700005],[-86.62796388299995,45.77042854700005],[-86.63129088399995,45.771920547000036],[-86.63318188499994,45.771174547000044],[-86.63697088499998,45.76474654500004],[-86.63093488299995,45.762884546000066],[-86.62273487999994,45.76396254600007],[-86.62047687899997,45.762221546000035],[-86.62356687899995,45.75102754400007],[-86.62570587999994,45.75061354400003],[-86.62677587999997,45.75475954500007],[-86.63212288199998,45.75575454400007],[-86.63611788299994,45.74883154300005],[-86.63444088199998,45.749482543000056],[-86.63314388199996,45.74766254300005],[-86.64366488399997,45.739979541000025],[-86.64702688399996,45.729739539000036],[-86.65146588499994,45.72813153900006],[-86.65886988699998,45.72989453900004],[-86.66276788799996,45.72897253800005],[-86.66718088899995,45.72216253700003],[-86.67155888999997,45.720855537000034],[-86.66926888799998,45.71086853500003],[-86.66551688699997,45.70903853500005],[-86.66472888599998,45.705823535000036],[-86.66568288599996,45.702225534000036],[-86.67618988799995,45.69187053200005],[-86.68910789099994,45.687870530000055],[-86.70518989699997,45.690909530000056],[-86.71326389899997,45.68650752900004],[-86.71751789899997,45.680299527000045],[-86.71835489799997,45.668269526000074],[-86.70808789199998,45.648057523000034],[-86.70544789199994,45.654919524000036],[-86.69760388999998,45.65566752500007],[-86.69534588899995,45.65383952500008],[-86.69505088799997,45.64693452400007],[-86.68877788499998,45.63997752300003],[-86.68880988499996,45.635561522000046],[-86.67749687999998,45.627583522000066],[-86.66613287599995,45.621697521000044],[-86.65217187099995,45.61810852200006],[-86.65021387099995,45.616078522000066],[-86.63322986599997,45.61825752300007],[-86.62348686199994,45.612048523000055],[-86.62065485999995,45.60815252200007],[-86.61689885899995,45.60680452200006],[-86.61427185699995,45.60012952100004],[-86.60623285499997,45.603910522000035],[-86.60757185599994,45.60555852300007],[-86.60526585599996,45.60776452300007],[-86.60945585699994,45.609294523000074],[-86.61158585799996,45.61410852400007],[-86.61764586099997,45.61878852400008],[-86.61647986099996,45.62117352400003],[-86.61916986199998,45.62417652500005],[-86.62268986399994,45.635135526000056],[-86.62744586899998,45.659884530000056],[-86.62043586799996,45.66710653100006],[-86.61131186499995,45.669741532000046],[-86.59361885899995,45.66563353300006],[-86.58753385699998,45.66646453300007],[-86.59138185899997,45.669535533000044],[-86.58937185899998,45.67408353400003],[-86.59126085999998,45.679598535000025],[-86.58477685899999,45.68201553600005],[-86.58247885799994,45.68539753600004],[-86.58321885999999,45.69395753800006],[-86.58552486099995,45.69789753800006],[-86.58506286099998,45.70490353900004],[-86.58094186099999,45.71192854100008],[-86.57063285799995,45.71642054200004],[-86.55814385399998,45.712492542000064],[-86.54781385099994,45.71302654300007],[-86.54472884999996,45.71124354300008],[-86.54509484999994,45.70968954300008],[-86.54143584799994,45.70811854200008],[-86.53726384699996,45.70836954300006],[-86.53328584599996,45.71085754300003],[-86.53283884599995,45.71316054400006],[-86.53526884699994,45.71544254400004],[-86.532772847,45.71768254400007],[-86.52483284499993,45.719481545000065],[-86.52517184499999,45.720805545000076],[-86.53301084799995,45.72266054500005],[-86.53443684799998,45.725564546000044],[-86.53301084799995,45.729297546000055],[-86.52564284599998,45.73037654700005],[-86.52185484499995,45.733315548000064],[-86.52174784599998,45.73580054800004],[-86.52445384699996,45.73750954800005],[-86.53336684999994,45.73950054800008],[-86.53503085099999,45.741905548000034],[-86.53241684999995,45.746632549000026],[-86.52076984699994,45.74837455000005],[-86.51613584499995,45.74771055000008],[-86.51389784499997,45.751899551000065],[-86.50817784399999,45.75320755100006],[-86.50217484199999,45.752717552000036],[-86.49510083899997,45.74812555200003],[-86.486033836,45.746616552000035],[-86.48395083599996,45.752672553000025],[-86.47953283499999,45.75343255300004],[-86.48060283599995,45.75965155400007],[-86.47679983499995,45.76421155500003],[-86.47347183399995,45.76437755500007],[-86.45516282799997,45.75549855500003],[-86.44839682599996,45.76296755700008],[-86.44209782399997,45.76247055700003],[-86.43966682399997,45.760677557000065],[-86.43663782299996,45.76170555700003],[-86.43425482299995,45.76661555800007],[-86.43048182099994,45.76628655800005],[-86.43192682199998,45.76776455800007],[-86.42872182199994,45.774845560000074],[-86.42452182099998,45.776105560000076],[-86.42895182299998,45.78253256100004],[-86.428428823,45.78559556100004],[-86.42483382299997,45.78975556200004],[-86.41597681999997,45.793801563000045],[-86.40166181599994,45.79542056500003],[-86.39794981399996,45.791155564000064],[-86.393415813,45.789534564000064],[-86.39368881299998,45.79337356500008],[-86.39052181299996,45.795954565000045],[-86.37816280799996,45.790651565000076],[-86.37471580699997,45.79131456600004],[-86.37210180599999,45.78758556500003],[-86.36627880499998,45.79156256600004],[-86.36354480399996,45.78932556600006],[-86.36047080299994,45.79253556700007],[-86.35468380099996,45.791521567000075],[-86.35611580199998,45.79266856700008],[-86.35321880099997,45.797041568000054],[-86.35141480099998,45.79822956800007],[-86.34690879899995,45.79730656800007],[-86.34640779899996,45.79901256800008],[-86.35327780199998,45.802358569000035],[-86.35506780299994,45.805363569000065],[-86.35284980299997,45.81406057000004],[-86.34573280199999,45.82131957200005],[-86.34913980499994,45.834168574000046],[-86.34029680299994,45.84229357500004],[-86.34035980399995,45.84695557600003],[-86.33836280299994,45.84895957700007],[-86.32711379999995,45.85507357800003],[-86.32916680199997,45.85993357900003],[-86.33208680299998,45.86093157900007],[-86.335163804,45.86622157900007],[-86.33256480499995,45.87451658100008],[-86.32512380399999,45.88701958300004],[-86.32724180499997,45.88795758300006],[-86.32656980499996,45.89275258400005],[-86.32251580399998,45.89725958500003],[-86.32537580599995,45.90214358600008],[-86.32423780599999,45.90608858600007],[-86.31598680399998,45.915255588000036],[-86.30622980199996,45.92150959000003],[-86.29224879799995,45.92609759100003],[-86.28903379699995,45.92471559100005],[-86.28570579599995,45.92605759200006],[-86.27753079499996,45.933310593000044],[-86.28172279699999,45.93861659400005],[-86.27577379599995,45.94355959500007],[-86.25234178899996,45.94951259700008],[-86.24035078499998,45.94808059800005],[-86.23649678399994,45.945619598000064],[-86.23361878299994,45.94581059800004],[-86.22592878099994,45.95088859900005],[-86.22055177999994,45.95889160100006],[-86.20826077699996,45.96298660200006],[-86.19662377299994,45.963193603000036],[-86.17939676699996,45.95717760300005],[-86.17463576599994,45.95806360300003],[-86.16656376299994,45.95647960400004],[-86.16306076199999,45.954086604000054],[-86.15058175799999,45.953744604000065],[-86.14571975699994,45.957380605000026],[-86.13779275399997,45.95666060500008],[-86.13594775399997,45.957522606000055],[-86.13655875399996,45.96030860600007],[-86.12357275099998,45.96475660800007],[-86.09475874199995,45.96671261000006],[-86.09197474099994,45.96498960900004],[-86.08520673899994,45.96612661000006],[-86.07207273499995,45.965321611000036],[-86.05096172799995,45.96221361200003],[-85.99887371099999,45.95097661300008],[-85.95692769599998,45.938126613000065],[-85.94397469099994,45.929533613000046],[-85.93452068799996,45.928044613000054],[-85.92077668299999,45.92068861300004],[-85.91377467999996,45.919447613000045],[-85.91001167899998,45.92187261400005],[-85.91456768099994,45.92278861400007],[-85.91711368199998,45.92841261400008],[-85.92602268599995,45.93211261400006],[-85.92621868599997,45.93810161500005],[-85.92214568599996,45.94458261700004],[-85.92274268699998,45.94829561700004],[-85.91773368599996,45.952928618000044],[-85.91095568399999,45.95533061900005],[-85.90910568399994,45.95908262000006],[-85.89949768099996,45.96260262100003],[-85.89320167999995,45.96726162200008],[-85.88244767699996,45.96862862300003],[-85.87309267299997,45.96699862300005],[-85.86116266999994,45.968175624000025],[-85.84848866599998,45.96689062400003],[-85.84039466299998,45.96382462400004],[-85.83878366299996,45.966178625000055],[-85.83260866099994,45.967750626000054],[-85.82582465999997,45.97630062700006],[-85.81756365799998,45.97945562800004],[-85.81044765599995,45.98009562900006],[-85.79064464899994,45.977602630000035],[-85.76578263999994,45.96893963000008],[-85.76015463899995,45.968918630000076],[-85.74362363299997,45.965181630000075],[-85.74089863199998,45.96215463000004],[-85.73523862999997,45.962524631000065],[-85.73104162899995,45.96559563100004],[-85.72425162699994,45.965417632000026],[-85.71985762499997,45.96302263200005],[-85.71080762299994,45.96360263200006],[-85.70368361999994,45.96112163200007],[-85.69875261799996,45.961075633000064],[-85.69134261599999,45.95777663200005],[-85.68658861499995,45.964219634000074],[-85.68298561399996,45.96616563400005],[-85.66397160799994,45.96702163600003],[-85.65913660699994,45.96504563600007],[-85.65438260499997,45.96603763600007],[-85.65248160499993,45.96851563600006],[-85.65319460599994,45.974627637000026],[-85.64858660599998,45.983703639000055],[-85.63501160199996,45.98932664100005],[-85.62978360099999,45.993454642000074],[-85.62664060099996,46.00018464300007],[-85.61776459899994,46.00559464400004],[-85.60744559799997,46.022480648000055],[-85.59238659499994,46.03788365100007],[-85.57427158999997,46.046883653000066],[-85.56524058899998,46.06067565600006],[-85.54086358399996,46.07958966000007],[-85.52157557899994,46.09126566300006],[-85.50621557499994,46.09640166500003],[-85.480608567,46.096387667000045],[-85.46907056299995,46.092721667000035],[-85.46745156199995,46.09080166600006],[-85.46573092699998,46.09197858200008],[-85.45796355899995,46.09048166700006],[-85.448526556,46.08507866700006],[-85.44409255399995,46.08685666700006],[-85.44717655599999,46.08873866700003],[-85.44607355599999,46.090735668000036],[-85.43987455399997,46.09159966800007],[-85.44193755499998,46.095801669000025],[-85.43706955399995,46.09771066900004],[-85.43179555199998,46.09771567000007],[-85.43172555199999,46.09999867000005],[-85.42692155099996,46.101972671000055],[-85.41206954599994,46.10144567100008],[-85.40769654399998,46.097822671000074],[-85.40324654299997,46.098831672000074],[-85.39089853899998,46.093615671000066],[-85.38988753799998,46.08713667100005],[-85.38320353499995,46.083999670000026],[-85.38018753399996,46.07978667000003],[-85.38028653299995,46.07588466900006],[-85.37804553199999,46.07492966900003],[-85.37269853099997,46.080399671000066],[-85.37039153099994,46.079822671000045],[-85.36970953099996,46.08208667100007],[-85.36521652899995,46.082722671000056],[-85.36662752999996,46.08678667200007],[-85.36229552899994,46.09006667300008],[-85.34517452399996,46.093461674000025],[-85.33591652099994,46.09260367500008],[-85.32552751799994,46.09025367500004],[-85.311481513,46.08446467500005],[-85.30923051199994,46.081025674000045],[-85.30097150899996,46.07995667500006],[-85.29628750699999,46.07760667500003],[-85.29576650699994,46.075382674000025],[-85.29870250699997,46.07425567400003],[-85.28984150499997,46.07321967400003],[-85.28928150399997,46.07209667400008],[-85.29324550499996,46.07003767400005],[-85.28859650399994,46.06934667400003],[-85.28388650299996,46.07265767500007],[-85.28261450199994,46.070341674000076],[-85.26244949499994,46.064495675000046],[-85.26049749399994,46.06225067400004],[-85.25099349099997,46.06431467500005],[-85.23511548599998,46.057981675000065],[-85.23166948399995,46.05806367500003],[-85.22896448399996,46.06003667600004],[-85.21134747799994,46.05575467600005],[-85.20920847699995,46.05468267600003],[-85.21095347699998,46.05301867600008],[-85.20940147699997,46.05239967600005],[-85.20619547599995,46.05365767600006],[-85.19863247299998,46.050393676000056],[-85.19542347199996,46.050806676000036],[-85.19459147199996,46.04907467600003],[-85.19752847199999,46.04488667500004],[-85.19063546999996,46.04763067600004],[-85.18734246999998,46.05377567700003],[-85.19055047099994,46.055672677000075],[-85.18781747099996,46.05814667800007],[-85.18282646999995,46.06053767900005],[-85.17712146799994,46.05996067900003],[-85.17272446599998,46.05715667900006],[-85.16583346299996,46.047762678000026],[-85.15203245899994,46.050733679000075],[-85.14084045499999,46.04960967900007],[-85.13043845099997,46.046084680000035],[-85.10480644199998,46.03347867900004],[-85.10156243999995,46.029277679000074],[-85.10251043999995,46.027637678000076],[-85.09829643899997,46.029101679000064],[-85.09412543799994,46.02721867900004],[-85.08882343599998,46.02838667900005],[-85.07525343099996,46.02494167900005],[-85.05483942499995,46.02281368000007],[-85.03477541799998,46.015356680000025],[-85.01399541099994,46.01078268100008],[-85.00360240699996,46.00613868100004],[-84.973561395,45.98614267900007],[-84.94230538199997,45.961308677000034],[-84.91358936899996,45.92587667400005],[-84.90575236599994,45.92289767300008],[-84.89890536399997,45.92299567400005],[-84.89547136299996,45.92521567400007],[-84.88822236099998,45.92447167500006],[-84.88037835799997,45.91835467400006],[-84.87817635599998,45.91362167400007],[-84.87442635499997,45.91271367400003],[-84.874823355,45.90911967300008],[-84.86471635099997,45.90735067300005],[-84.85868234899993,45.90221167300007],[-84.85292134699995,45.90011967300006],[-84.83937934199997,45.89759867300006],[-84.83807134199998,45.89577967300005],[-84.84103634199994,45.89346067300005],[-84.83762934099997,45.88906267200008],[-84.83847733999994,45.88152067100003],[-84.83140133699999,45.87204667000003],[-84.82123533299995,45.86822567000007],[-84.80350332799998,45.87044467100003],[-84.79998132599997,45.86829467100006],[-84.79687732499997,45.86169467000008],[-84.79276832299996,45.85869967000008],[-84.75833030999996,45.84224166900003],[-84.75815330999995,45.840314669000065],[-84.75199230799996,45.83961366900007],[-84.74846630699994,45.83975767000004],[-84.73670130399995,45.84712567100007],[-84.72276929999998,45.84662967200006],[-84.72084129899997,45.84811567300005],[-84.70638829499995,45.848666673000025],[-84.70172729399997,45.85162567400005],[-84.70118829399996,45.853100674000075],[-84.70608029599998,45.85901667500008],[-84.71721129999997,45.864154675000066],[-84.71529829999997,45.86593867600004],[-84.72814430399995,45.869554675000074],[-84.72980830499995,45.87129267600005],[-84.72921430499997,45.87311267600006],[-84.72038630199995,45.87454967700006],[-84.72567930599996,45.89203267900007],[-84.73354430899997,45.89707367900007],[-84.73373030999994,45.90851568100004],[-84.73586931099999,45.909755681000036],[-84.73206631099998,45.91554368200008],[-84.72612430899994,45.918106683000076],[-84.71325630499996,45.91605568400007],[-84.71361930499995,45.92037468400008],[-84.71896030799996,45.927457685000036],[-84.72503830999995,45.92894468500003],[-84.73355431299996,45.934042685000065],[-84.73937531599995,45.941824686000075],[-84.73885431599996,45.94580068700003],[-84.73018431599996,45.96120669000004],[-84.72304431399994,45.96728769100008],[-84.71018331,45.967086692000066],[-84.71196431099997,45.971548692000056],[-84.70782330999998,45.97314069300006],[-84.69605830599994,45.97108469300008],[-84.68771730299994,45.97126869400006],[-84.68525930299995,45.973462694000034],[-84.68437330299997,45.97750769500004],[-84.69401830699996,45.98561469600003],[-84.69294930699994,45.988782696000044],[-84.68710130599999,45.99244269700006],[-84.68765430599996,45.99560169800003],[-84.68446330599994,45.99956669800008],[-84.68548930699995,46.00311969900008],[-84.68394330599995,46.00542569900006],[-84.69250530999994,46.01697670100003],[-84.69047231099995,46.02795570300003],[-84.687327311,46.034888704000025],[-84.67584030899997,46.04601770600004],[-84.66671530599996,46.05049470700004],[-84.65657230299996,46.05266270800007],[-84.64761429999999,46.04971270800007],[-84.63277929399999,46.03987470800007],[-84.62156529099997,46.03829470800008],[-84.61578028899999,46.03575870800006],[-84.61191928599999,46.02721270700005],[-84.60906828499998,46.02642670700004],[-84.60455128399997,46.029605708000076],[-84.60152128299995,46.02800970800007],[-84.58830427899994,46.02712570800003],[-84.58204227599998,46.02202170800007],[-84.58176827699998,46.03049870900003],[-84.57933227699993,46.03119470900003],[-84.57501127499995,46.02945470900005],[-84.57412027499998,46.031624710000074],[-84.56389627199997,46.03246771100004],[-84.54441026499995,46.02286871000007],[-84.54100026299994,46.01950971000008],[-84.53961326199999,46.01440670900007],[-84.54196726199996,46.01134570900007],[-84.53516625999998,46.00888770900008],[-84.53343125899994,46.00572870800005],[-84.53226325799994,45.997261707000064],[-84.53362825799996,45.99453170600003],[-84.53044925599994,45.99139370600005],[-84.53211025599995,45.983007705000034],[-84.53490525599994,45.97891870400008],[-84.53239725399999,45.96945670300005],[-84.52278525099996,45.96842170300005],[-84.51407624899997,45.97130070400004],[-84.51367424899996,45.97419870400006],[-84.51657424999996,45.977104705000045],[-84.50975024899998,45.98273170600004],[-84.51348924999996,45.98436570600006],[-84.51637225199994,45.99073070700007],[-84.51352025099999,45.99271170700007],[-84.50720624899998,45.99117770700008],[-84.50912324999996,45.99444570800006],[-84.50579524899996,45.997995709000065],[-84.49545624599995,45.994693709000046],[-84.49272324499998,45.99593170900005],[-84.48416624199996,45.993785709000065],[-84.48153223899999,45.977587707000055],[-84.47673323799995,45.97652770700006],[-84.47202723599997,45.97156070600005],[-84.46313323299995,45.96893370600003],[-84.46149723199994,45.969609707000075],[-84.46432023399996,45.97660970800007],[-84.45921023299996,45.98189470900007],[-84.46503323499996,45.98643670900003],[-84.46027923399998,45.98759271000006],[-84.46550823599995,45.991638710000075],[-84.46527123599998,45.99304171000006],[-84.46158723499997,45.993785710000054],[-84.46515223599994,45.994858710000074],[-84.46883623799994,45.998490711000045],[-84.46907423799996,46.00063771100008],[-84.46503323699994,46.00550771200005],[-84.45790323499995,46.00550771200005],[-84.44815823199997,46.00220571300008],[-84.44732623199997,46.00550771300004],[-84.44114622999996,46.00724171400003],[-84.42272622399997,46.00204071400003],[-84.40822821799998,45.99180371300008],[-84.40050321499996,45.99097771400005],[-84.39277821199994,45.984785713000065],[-84.40347421499996,45.98239071200004],[-84.40917821699998,45.98272071200006],[-84.41749722099996,45.989409712000054],[-84.42391422299994,45.99238171200005],[-84.43033222499997,45.99337271200005],[-84.41357521799995,45.979334711000035],[-84.41821021899995,45.97470971000007],[-84.42296422099997,45.97504071000003],[-84.44007722699996,45.98263771000006],[-84.42141921999996,45.972066709000046],[-84.41761621799998,45.96925870900003],[-84.41678421799998,45.96636770900005],[-84.42106221799997,45.95959370700007],[-84.424271219,45.95835470700007],[-84.43389722299997,45.96322870700004],[-84.43594922299997,45.96302970700003],[-84.43500022299997,45.96109570700003],[-84.43213022199996,45.95859770700008],[-84.41712621599999,45.95379170700005],[-84.40095220999996,45.94333370600003],[-84.37643420099994,45.93197070600007],[-84.39016420599995,45.94273770700005],[-84.39230320799999,45.94629170700006],[-84.39123320699997,45.94786170700007],[-84.37709220199997,45.941167707000034],[-84.35511719499993,45.93976170800005],[-84.34522419299998,45.94535471000006],[-84.35581919699996,45.958602711000026],[-84.34346019299994,45.95562871100003],[-84.33870619199996,45.957528712000055],[-84.33325018999994,45.95512171200005],[-84.33002618899997,45.95625571200003],[-84.33050618999994,45.958684712000036],[-84.32824818899996,45.95876771300004],[-84.32252818699999,45.95566571200004],[-84.31949918599997,45.95634371300008],[-84.31785118599998,45.96046271300003],[-84.31083818299999,45.96004871400004],[-84.31083818399998,45.96318771400007],[-84.30917518299998,45.96318771400007],[-84.29442417799999,45.953823714000066],[-84.28271617399997,45.95517271500006],[-84.28201317399999,45.957426715000054],[-84.27670717299998,45.959362716000044],[-84.26556516899996,45.955339716000026],[-84.25843016699997,45.95723971600006],[-84.25495716499995,45.95607671600004],[-84.25997516699994,45.95946971700005],[-84.25878616799997,45.96715271800008],[-84.27316617499997,45.98623072000004],[-84.27352317499998,45.98821172000004],[-84.27114617399997,45.989450721000026],[-84.26940717399998,45.98854472100004],[-84.26722417299999,45.990771721000044],[-84.25819216999997,45.98267972000008],[-84.24654616599997,45.98218372100007],[-84.24440716499998,45.979788721000034],[-84.23276116099998,45.97673372100007],[-84.23216616099995,45.98028472200008],[-84.22361015799999,45.97805472200008],[-84.22230315699994,45.97309972100004],[-84.21383715399998,45.968962721000025],[-84.21445915399994,45.97119972100006],[-84.22075815699998,45.97458572100004],[-84.22004515699996,45.976485722000064],[-84.22313415799994,45.98086272200004],[-84.22182715799994,45.98523972300006],[-84.21612315699997,45.985486723000065],[-84.21208215499996,45.98111072300003],[-84.19794014899998,45.97243872200005],[-84.19354314799995,45.97227372200007],[-84.19592014899996,45.975411723000036],[-84.19425614899995,45.97673372300005],[-84.18831414699997,45.976237723000054],[-84.18593814599996,45.973512723000056],[-84.18427414599995,45.97648572400004],[-84.18142214499994,45.97623772400004],[-84.17806514299997,45.96918372300007],[-84.17032813999998,45.965565723000054],[-84.16912113999996,45.96672272300003],[-84.17393514199995,45.97293472400003],[-84.18154114499998,45.97805472400006],[-84.17952014399998,45.98044972500003],[-84.17274614199994,45.97681572400006],[-84.17048814099996,45.97830272500005],[-84.16157513799999,45.974172725000074],[-84.14956713399994,45.97340872500007],[-84.14538413299994,45.97475972600006],[-84.14672013399996,45.97813772600006],[-84.14458113299997,45.979458726000075],[-84.14220513299995,45.979871727000045],[-84.13216912899998,45.97588972700004],[-84.13231713,45.98091272700003],[-84.12860912899998,45.98157272800006],[-84.12556712699995,45.98005372800003],[-84.12243012699997,45.98309272800003],[-84.11701012499998,45.983356729000036],[-84.11165612299999,45.978549728000075],[-84.10550712099996,45.976617728000065],[-84.10436611999995,45.97523072800004],[-84.10616811999995,45.97170572700003],[-84.10075311799994,45.967631727000025],[-84.10313011899996,45.97265372800007],[-84.09837611799998,45.97410672800004],[-84.09333811599998,45.97166272800007],[-84.09419311599999,45.96782972700004],[-84.09175711499995,45.96688172700004],[-84.08885411499995,45.969938728000045],[-84.08040811199999,45.96981172900007],[-84.06931710799995,45.965431729000045],[-84.06012310499995,45.96743372900005],[-84.03460509699994,45.961501730000066],[-84.02734709399994,45.96154973000006],[-84.01757009099998,45.95905473000005],[-84.00756108699994,45.95350073000003],[-84.00306508499995,45.94805573000008],[-84.00135308499995,45.948748730000034],[-83.99529708199998,45.94581873000004],[-84.00047008499996,45.95152573000007],[-83.99647608399994,45.96146973200007],[-83.98514608199997,45.96714173400005],[-83.98251608099997,45.965545734000045],[-83.98114507999998,45.96809573400003],[-83.97865707999995,45.96868873400007],[-83.96939407599996,45.96530673400008],[-83.96181007399997,45.96632073500007],[-83.95928107399999,45.96957273500004],[-83.95726607299997,45.969762736000064],[-83.95263107099998,45.96769773600005],[-83.95218807099997,45.965506735000076],[-83.94962906999996,45.96460073500003],[-83.94744106899998,45.96564673600005],[-83.94507406799994,45.96298873500007],[-83.94359906799997,45.963980735000064],[-83.94455006899994,45.969019736000064],[-83.93124006499994,45.968358737000074],[-83.92922006399994,45.96579773700006],[-83.92232706199997,45.967367737000075],[-83.91686005999998,45.96464173700008],[-83.91377105899994,45.96645873800003],[-83.91353305799998,45.96075873700005],[-83.91911805999996,45.96026273600006],[-83.92126205999995,45.95808373600005],[-83.91617305799997,45.955334736000054],[-83.91382205799994,45.955702736000035],[-83.90973405699998,45.95968573700003],[-83.91139405799998,45.966871738000066],[-83.90545205599994,45.967119738000065],[-83.91139405899997,45.97108373800006],[-83.90996805899994,45.973314739000045],[-83.90509505699998,45.973809739000046],[-83.90771005799996,45.97859974000005],[-83.89546905499998,45.98644474200006],[-83.90054005899998,45.99892674300003],[-83.90858806299997,46.01147974500003],[-83.92460106799996,46.01601574500006],[-83.92719906899998,46.01896974500005],[-83.92905506999995,46.01727774500006],[-83.93547507199997,46.020393745000035],[-83.93611207299995,46.02903674600003],[-83.93682507399996,46.03019174600007],[-83.94124607499998,46.03024874600004],[-83.941936076,46.032171746000074],[-83.94823407699994,46.02854174500004],[-83.95881108099996,46.029778745000044],[-83.96381308199994,46.02784174400006],[-83.96415908199998,46.024663744000065],[-83.96213808099998,46.023672744000066],[-83.96641708199996,46.019051743000034],[-83.97426008399998,46.01822674200008],[-83.97770608499997,46.019381742000064],[-83.98186608699996,46.02449774300004],[-83.98127208699998,46.02730374300006],[-83.98471808899995,46.02779874300006],[-83.98166308799995,46.03074874400005],[-83.98471808899995,46.030273744000056],[-83.98887708999996,46.03192374400004],[-83.99113509199998,46.036131744000045],[-83.99957309499996,46.04091674400007],[-84.00159309599997,46.04471074500003],[-84.00373209699995,46.04553574500005],[-84.00967409799995,46.04372074400004],[-84.01240809899997,46.04446374400004],[-84.01466609999994,46.047597745000076],[-84.01989510199996,46.04801074400007],[-84.03284810799994,46.06079374600006],[-84.03225410799996,46.06598874600007],[-84.03782410999997,46.06586174600005],[-84.04580211299998,46.074727747000054],[-84.07174612399996,46.092449748000035],[-84.06915212399997,46.10398675000005],[-84.06208312299998,46.11131975200004],[-84.05923112199997,46.111731752000026],[-84.05756712099998,46.110413752000056],[-84.05792312199998,46.11420375300003],[-84.05364511999994,46.11362675300006],[-84.05190512099995,46.11981875400005],[-84.03870111699996,46.12562875500004],[-84.03104111399995,46.12319475600003],[-84.03035211499997,46.128206756000054],[-84.02654111399994,46.13165675700003],[-84.02963911499995,46.134547757000064],[-84.06038812599996,46.146146757000054],[-84.07147112999996,46.143935756000076],[-84.08097813299997,46.14961675700005],[-84.08931413599998,46.14644075600006],[-84.09582313799996,46.14774175600007],[-84.10013113999997,46.15077875600008],[-84.10046813999998,46.15529675700003],[-84.10890614299996,46.15817775700003],[-84.10790514299998,46.161486757000034],[-84.11175814499995,46.161470757000075],[-84.11437214599994,46.163445757000034],[-84.11326414599995,46.16886875800003],[-84.11494614699996,46.174122759000056],[-84.12283014999997,46.17888975900007],[-84.12768215099999,46.175132758000075],[-84.13314915299998,46.17694275800005],[-84.13029715099998,46.17011275700003],[-84.13279215199998,46.16920775700004],[-84.13754615399995,46.16978375700006],[-84.14301315599994,46.172663757000066],[-84.14562715699998,46.17916475800007],[-84.15204415999995,46.181879758000036],[-84.15513415999999,46.17686075700004],[-84.16535516299996,46.173568756000066],[-84.16808816399998,46.17521475600006],[-84.16963016499994,46.181673757000056],[-84.17914016899994,46.18566475700004],[-84.17933816799996,46.18212675600006],[-84.18182316899998,46.17983875600004],[-84.17842716699994,46.17570875500007],[-84.18139816799999,46.17381575500008],[-84.18579516899996,46.17406275500008],[-84.18888517099998,46.17891775500004],[-84.19233117199997,46.174721754000075],[-84.19102117099999,46.17136575400008],[-84.19667417199997,46.16615875300005],[-84.22100617899997,46.16307075100008],[-84.23000318299995,46.16871375100004],[-84.23525018399994,46.16907575100004],[-84.25142918999995,46.17589675100004],[-84.24769218999995,46.17989875200004],[-84.24462118899999,46.18048175200005],[-84.24319518999994,46.191506754000045],[-84.24523818999995,46.192579754000064],[-84.25270219199996,46.186981753000055],[-84.26244719599998,46.190272753000045],[-84.27302319999995,46.20145975400004],[-84.26803219899995,46.20474975500008],[-84.26957719999996,46.208203755000056],[-84.26327919799996,46.210424756000066],[-84.26351619899998,46.21437175600005],[-84.25793119799994,46.218154757000036],[-84.24224419299998,46.22341675900003],[-84.23962919199994,46.22062075900004],[-84.23658119099997,46.22025775900005],[-84.22382418799998,46.23163776100006],[-84.21324718499994,46.23163776200005],[-84.21110818499994,46.23467976300003],[-84.21217718599996,46.24388576400003],[-84.20801818499996,46.24602176500008],[-84.18936017899995,46.24191276500005],[-84.18918917799994,46.23485176400004],[-84.18722117699997,46.23196676400005],[-84.16678117099997,46.238953766000066],[-84.159490168,46.23324176500006],[-84.15739216699995,46.228924765000045],[-84.15485816599994,46.22968876500005],[-84.15250416499998,46.22788376500006],[-84.15287616499995,46.22127876400003],[-84.15537216499996,46.21889476300004],[-84.15941316599998,46.21831876300007],[-84.14871716299996,46.21519376300006],[-84.14586516199995,46.21716776400007],[-84.14595516299994,46.225003765000054],[-84.14400616199998,46.22623676500007],[-84.14645916399996,46.22859576500008],[-84.14039816199994,46.23015776600005],[-84.13730816099996,46.22818476600003],[-84.13465715999996,46.23214876700007],[-84.12792015799994,46.22908976700006],[-84.12958415799994,46.22654076600003],[-84.12685015699998,46.22543876600008],[-84.12209715599994,46.228645767000046],[-84.11639315499997,46.23916776900006],[-84.10809415299997,46.24124677000003],[-84.09777115099996,46.256520773000034],[-84.11556815899996,46.26823377300008],[-84.11963416499998,46.31502178000005],[-84.10625216199998,46.32197178200005],[-84.11912716799998,46.337022784000055],[-84.13891117799994,46.37222978800003],[-84.14617718599999,46.41852879500004],[-84.11123018599994,46.50412781000006],[-84.11793018899994,46.51762781200006],[-84.12333019199997,46.520927812000025],[-84.12893019399996,46.530127813000036],[-84.13943119799995,46.53222781300008],[-84.16603320599995,46.52622881100007],[-84.17743320899996,46.52692881000007],[-84.19402521599994,46.54015781100003],[-84.22613622599994,46.53392880800004],[-84.25443923099994,46.500829801000066],[-84.265396233,46.49440180000005],[-84.27581923599996,46.49282979900005],[-84.29302124199995,46.49281179800005],[-84.32537625299994,46.50002979700008],[-84.34143225899999,46.50769779700005],[-84.37397326999996,46.509106796000026],[-84.39473027499997,46.499250793000044],[-84.42027928299996,46.501085792000026],[-84.44515428999995,46.48902478900004],[-84.46332729299996,46.46744378400007],[-84.45526128999995,46.46279378400004],[-84.45553228899996,46.45390578200005],[-84.46260228899996,46.44094878000004],[-84.47185329099995,46.43429777800003],[-84.47951829399994,46.43258177800004],[-84.48295029499997,46.433593778000045],[-84.49015329799994,46.43927577800008],[-84.49279829899996,46.43933277800005],[-84.497122301,46.44684377900006],[-84.50028630199995,46.44673077900006],[-84.50399730299995,46.44545177800006],[-84.50539630299994,46.442674778000026],[-84.50299530199999,46.44063777800005],[-84.50372430199997,46.43919877700006],[-84.51078230399997,46.43317377600005],[-84.51576930499994,46.43312777600005],[-84.51782230599997,46.43476177600007],[-84.52320830799994,46.43355277500007],[-84.53068430899998,46.42769877400008],[-84.55150131499994,46.418530771000064],[-84.58331432399996,46.413513769000076],[-84.59626832799995,46.41515276800004],[-84.59935832999997,46.41818376900005],[-84.60423033299998,46.43178277000004],[-84.60244833299998,46.43792477100004],[-84.598645332,46.44152877200003],[-84.59496133099998,46.44259277300006],[-84.59187132999995,46.44160977300004],[-84.58735532799994,46.43751577200004],[-84.58664232699994,46.43129077100008],[-84.57986832499995,46.432928772000025],[-84.57487732299995,46.42760477100006],[-84.57352732299995,46.427903772000036],[-84.58029732599994,46.436920773000054],[-84.59917433399994,46.451805774000036],[-84.60795033699998,46.456755774000044],[-84.62155334399995,46.47820177600005],[-84.63102534799998,46.48487677700007],[-84.65388535499994,46.48225877500005],[-84.67842836299997,46.48770277500006],[-84.68503536499998,46.483911774000035],[-84.68967736599996,46.48393177300005],[-84.72334337499996,46.46827476900006],[-84.76915638799994,46.45353176400005],[-84.80010639699998,46.446227761000046],[-84.81731240199997,46.44432776000008],[-84.82937740599994,46.44449675900006],[-84.83926740899994,46.44630075900005],[-84.84391241099996,46.44866975900004],[-84.849202414,46.45893876000008],[-84.86145341899999,46.46993876100004],[-84.87507542299994,46.46678976000004],[-84.89342842799994,46.465414758000065],[-84.91518943599993,46.46752375700004],[-84.92193643799999,46.469970757000056],[-84.93443744299998,46.480323758000054],[-84.93546144499999,46.48907576000005],[-84.93715044499999,46.489260760000036],[-84.93995344599995,46.48532275900004],[-84.94328044699995,46.485159759000055],[-84.94727444799997,46.487407759000064],[-84.95125844899997,46.485910758000045],[-84.94988244899997,46.48509475800006],[-84.95531244999995,46.48027775700007],[-84.96431745199999,46.47679575600006],[-85.01521646899994,46.47972075300004],[-85.02560347199994,46.48303675300008],[-85.03377147499998,46.48767875400006],[-85.04194947899998,46.498343755000064],[-85.04985248299994,46.503971755000066],[-85.05494848499995,46.51475875600005],[-85.05613848699994,46.52652875800004],[-85.05295948699995,46.53283575900008],[-85.04553948499995,46.53770276100005],[-85.02708847999997,46.543046762000074],[-85.02549647999996,46.54640576300005],[-85.02737948199996,46.55376476400005],[-85.02959948199998,46.55442776400008],[-85.02902648299994,46.56330776500005],[-85.03548148799996,46.581555768000044],[-85.03706149099997,46.60100377100008],[-85.02829649699999,46.675133783000035],[-85.03008349899994,46.68477778400006],[-85.02751849999999,46.69745978600008],[-85.02016449899997,46.71247178900006],[-85.00762149699995,46.72834779200008],[-84.98754449299997,46.74549179600007],[-84.96440348799996,46.762080800000035],[-84.95330248499994,46.76792380100005],[-84.95029248399999,46.76802980100007],[-84.95625348699997,46.77190280200006],[-84.97222149199996,46.77332380100006],[-84.99740949999995,46.77132579900007],[-85.03629151099994,46.76044379500007],[-85.06356151899996,46.75786479300007],[-85.09635852899999,46.758876791000034],[-85.15782254999993,46.76515578900006],[-85.21728556699998,46.75675778400006],[-85.25686557899996,46.75338878100007],[-85.31093459399995,46.73753477500003],[-85.36319260799996,46.71653876900007],[-85.36447660899995,46.717905769000026],[-85.37079560999996,46.714420768000025],[-85.40827962099996,46.70261676400003],[-85.42647162599997,46.69847676200004],[-85.48210164099999,46.68044075600005],[-85.50951564899998,46.67579475400004],[-85.54252265899999,46.67427175100005],[-85.58735067299995,46.67463574900006],[-85.62457868599995,46.678870747000076],[-85.66875869999996,46.68041274500007],[-85.71442071299998,46.67716474100007],[-85.75061172499994,46.67737673900007],[-85.79492873899994,46.68109173700003],[-85.84106275499994,46.68890473500005],[-85.87791376699994,46.690922734000026],[-85.90917577599998,46.686893731000055],[-85.97255279399997,46.670587725000075],[-85.98206079699997,46.67124072400003],[-85.98360479699994,46.67352372400006],[-85.97148379399994,46.67678472600005],[-85.97167379499996,46.679942726000036],[-85.99504980099994,46.673684724000054],[-86.03697481299997,46.66763572000008],[-86.05816281899996,46.661420718000045],[-86.087944828,46.65532871500005],[-86.10577283299995,46.65436871400004],[-86.11986783799995,46.657264714000064],[-86.12545684099996,46.664319714000044],[-86.13830084599994,46.67294371500003],[-86.16168685299994,46.669483713000034],[-86.18802985899998,46.654016709000075],[-86.34989589899999,46.57804368700005],[-86.39041490999995,46.56320268300004],[-86.40691091499997,46.55946168100007],[-86.44387192499994,46.54731167700004],[-86.45326292799996,46.552025677000074],[-86.45522192899995,46.55059967700004],[-86.46160393099996,46.553482677000034],[-86.467750933,46.552464676000056],[-86.47090693299998,46.54775467500008],[-86.48196193599995,46.54271767400007],[-86.48400893599995,46.53597367300006],[-86.48955693699997,46.53283167200004],[-86.49505993799994,46.52488267000007],[-86.50553493999996,46.51886066900005],[-86.51639294299997,46.516449668000064],[-86.52418494399996,46.506172666000055],[-86.53133194599997,46.50254966500006],[-86.53193294599998,46.50013066400004],[-86.54816394999995,46.495160663000036],[-86.55135795099994,46.49557266200003],[-86.56836895399994,46.477244659000064],[-86.58244195799995,46.467943656000045],[-86.59574995999998,46.45290965300006],[-86.60516096299995,46.454207653000026],[-86.60836996399996,46.45266465200007],[-86.60753896199998,46.443329651000056],[-86.62940496599998,46.424082647000034],[-86.63011796599994,46.42006864600006],[-86.63499096699996,46.41392364500007],[-86.63812796799994,46.41169464400008],[-86.64471196899996,46.41080964400004],[-86.65124797199996,46.41212064400003],[-86.66218097599995,46.418675644000075],[-86.66253797599995,46.421952644000044],[-86.65279297499995,46.43153664600004],[-86.65531197699994,46.44251064800005],[-86.66921598199997,46.44562264800004],[-86.68335798499999,46.43915364600008],[-86.70323599099999,46.43938664400008],[-86.71057899399995,46.444916645000035],[-86.721704,46.45873564600004],[-86.72759500199999,46.46108264600008],[-86.732358004,46.46560664700007],[-86.73110200399998,46.47176864800008],[-86.73738500699994,46.475861648000034],[-86.74175200799993,46.47557364800008],[-86.75016301099998,46.479117648000056],[-86.76608801599997,46.47828064600003],[-86.76674501599996,46.479445647000034],[-86.78187202099997,46.47756464500003],[-86.78923002299996,46.478450645000066],[-86.78993602299994,46.47630664500008],[-86.80356302599995,46.466677642000036],[-86.80544002599999,46.46205564200005],[-86.80882302699996,46.46061964100005],[-86.80972602599996,46.454501640000046],[-86.81223902699998,46.452760640000065],[-86.81156702599998,46.44621863900005],[-86.81603202599996,46.43790063700004],[-86.83745403199998,46.43419463500004],[-86.85011703599997,46.43412263500005],[-86.875157044,46.43728863300004],[-86.88003804599998,46.43898963300006],[-86.88621804899998,46.444230634000064],[-86.88398204899994,46.450984635000054],[-86.88936105099998,46.45490863500004],[-86.88940405199997,46.45891563600003],[-86.90374805699997,46.466146636000076],[-86.92773106399994,46.46457463400003],[-86.94266706899998,46.46928263400008],[-86.94708307099995,46.47207263400003],[-86.94932207299996,46.47828563500008],[-86.94320807099996,46.48156563600003],[-86.94698607299995,46.484575636000045],[-86.95425107699998,46.49607363700005],[-86.95535707799996,46.50153263800007],[-86.96284808099995,46.509654639000075],[-86.96454008199998,46.51655764000003],[-86.97070708499996,46.51979264000005],[-86.97696408799999,46.526589640000054],[-86.98249608999998,46.528404640000076],[-86.99424309299997,46.52695663900005],[-86.99959109499997,46.52867363900003],[-87.00232509599994,46.53104464000006],[-87.00186209599997,46.53306464000008],[-87.00531409699994,46.53396164000003],[-87.00873009799994,46.532731639000076],[-87.01758510099995,46.53368863900005],[-87.01972510199994,46.53545963900007],[-87.02163610299993,46.53422263900006],[-87.01991310099999,46.52810063800007],[-87.03346110499996,46.52507563700004],[-87.03785410599994,46.52641163700008],[-87.04602810799997,46.519964635000065],[-87.07283811599996,46.51579863300003],[-87.07493611699994,46.517143633000046],[-87.07728511699997,46.515347632000044],[-87.08032211899996,46.51800763300008],[-87.08493711899996,46.51103463100003],[-87.09099112099994,46.50925463100003],[-87.09238112099996,46.50694163000003],[-87.10241312299996,46.50222662900006],[-87.10469512299994,46.49789962800003],[-87.11664012699998,46.494816627000034],[-87.13457713199995,46.493926626000075],[-87.15199513799996,46.49671862500003],[-87.15842613999996,46.49856962500007],[-87.16257514199998,46.50536062600003],[-87.16607414299995,46.506171626000025],[-87.17127014499994,46.50404962500005],[-87.17507114499995,46.497556624000026],[-87.20241015299996,46.49083562100003],[-87.25873816999996,46.48826361700003],[-87.31076118599998,46.492025614000056],[-87.33371819399997,46.496209613000076],[-87.35941620299997,46.50346061300007],[-87.38552921299998,46.52048561400005],[-87.39145421599994,46.52824661500006],[-87.39095921699999,46.532713615000034],[-87.39344821699996,46.532183615000065],[-87.39399121799994,46.53319161500008],[-87.39030621799998,46.54258561700004],[-87.38415721599995,46.543061617000035],[-87.37492921299997,46.54661561800003],[-87.38131321599997,46.55022561800007],[-87.38101921599997,46.55561761900003],[-87.38761321899995,46.56139762000004],[-87.39298022199995,46.57253162100005],[-87.39247622299996,46.577299622000055],[-87.38974222299998,46.58048462200003],[-87.38605822199997,46.58228162300003],[-87.38165521999997,46.58006762300005],[-87.37954521999995,46.58160962300008],[-87.37701621999997,46.590345625000054],[-87.38003622099995,46.59351662500006],[-87.38396722199997,46.59307862500003],[-87.38629622299999,46.59110262400003],[-87.38641522199998,46.585467623000056],[-87.39532822499996,46.584405623000066],[-87.40792522899994,46.58783562200006],[-87.40887622999998,46.59412462300003],[-87.41196623099995,46.59363462300007],[-87.41089623099998,46.59249062300006],[-87.41267923099997,46.591674623000074],[-87.43121823699994,46.59044962100006],[-87.43442623799996,46.59175562100006],[-87.43466423799998,46.59494062200008],[-87.43953623999994,46.59477762100005],[-87.44322024099995,46.598860622000075],[-87.441200241,46.59959562200004],[-87.44261824199998,46.60278462200006],[-87.45137424499995,46.60593162200007],[-87.45243024599995,46.60913362300005],[-87.45653324699998,46.609221622000064],[-87.46411424999997,46.61481962300007],[-87.46264524999998,46.617652623000026],[-87.46756925299997,46.62623662400006],[-87.46654325299994,46.63156362500007],[-87.46255125199997,46.63571662600003],[-87.46797125399996,46.63563162600008],[-87.49286626299994,46.64256962500008],[-87.50303126699998,46.647505625000065],[-87.51137327099997,46.66197062700007],[-87.52487927699997,46.67632162800004],[-87.52245227699996,46.68102162900004],[-87.52461727799994,46.686645630000044],[-87.52002927799998,46.69004963000003],[-87.52067327799995,46.69107763100004],[-87.52540327899999,46.69054463000003],[-87.52941928099995,46.69400663000005],[-87.54061128499995,46.696956630000045],[-87.54378928599994,46.70007063000003],[-87.54363528699997,46.70329163100007],[-87.55669129099994,46.70935163100006],[-87.56214329399995,46.71492463100003],[-87.56162429399996,46.716704632000074],[-87.56521029499999,46.715440631000035],[-87.57349929799994,46.72024763200005],[-87.58275130199996,46.730535632000056],[-87.58483630399996,46.73637963300007],[-87.58287830299997,46.737912634000054],[-87.59077330799994,46.75301763500005],[-87.59548531199994,46.77434063800007],[-87.59039531199994,46.78245664000008],[-87.59531331299996,46.78295863900007],[-87.60799431799995,46.78841663900005],[-87.62808732699995,46.80516564100003],[-87.63330632899994,46.81211564100005],[-87.64189333199994,46.813741641000036],[-87.65151633499994,46.81241964000003],[-87.66787933999996,46.81710364000003],[-87.67435134299996,46.82405864000003],[-87.67454734499995,46.836972642000035],[-87.68067434799997,46.84250464300004],[-87.68717034999997,46.84175064200008],[-87.68570434799994,46.83253864100004],[-87.69459634999998,46.827190640000026],[-87.71374335599995,46.82554263800006],[-87.72736435999997,46.827664637000055],[-87.73152836199995,46.83120463800003],[-87.73433136399996,46.83696363800004],[-87.73673836599994,46.847224640000036],[-87.73487636599998,46.85012864000004],[-87.73713536699995,46.85182764000007],[-87.74102036999994,46.86525564200008],[-87.74665237099998,46.86543564200008],[-87.75587437399997,46.86046164000004],[-87.77161837899996,46.863179640000055],[-87.77681038099996,46.86683164000004],[-87.77875838199998,46.87043064000005],[-87.77631938199994,46.87259964100008],[-87.77693638199997,46.87673464200003],[-87.78003838399997,46.87889364200004],[-87.79504138899995,46.88149264100008],[-87.80373239099998,46.88139164000006],[-87.81322839499995,46.88616564100005],[-87.81680039699995,46.89116264100005],[-87.82716839999995,46.88972164000006],[-87.84123440299999,46.88437163800006],[-87.84620140499999,46.88391363800008],[-87.87454441499995,46.89258663800007],[-87.89765942399998,46.90891563800005],[-87.90145442499994,46.90982763800008],[-87.92177443099996,46.90854663700003],[-87.95600644199999,46.90905963500006],[-87.98971645199998,46.90490763200006],[-87.99872145499995,46.90535963100007],[-88.012153459,46.910047631000054],[-88.03241446599998,46.90889863000007],[-88.06519847699997,46.91857162900004],[-88.08187648199998,46.92046662800004],[-88.10132148799994,46.91721562600003],[-88.12693349499995,46.90984862400006],[-88.14012849899996,46.90897862300005],[-88.16191950499996,46.90494962100007],[-88.18479251199994,46.904656619000036],[-88.18859451299994,46.90165261800007],[-88.21533351899996,46.89133961500005],[-88.21141251799997,46.88752261500008],[-88.21129351699994,46.884110614000065],[-88.23235852199997,46.872670611000046],[-88.24266752399996,46.86136360900008],[-88.24195452299995,46.860063609000065],[-88.25455152399996,46.83917560500004],[-88.26215652599996,46.83641060400004],[-88.26489052599999,46.829581603000065],[-88.27297152799997,46.82421560100005],[-88.28342953099997,46.82299560100006],[-88.28283553199998,46.83202060200006],[-88.27147152899994,46.83788360400007],[-88.26037452799994,46.85299260700003],[-88.25466952799997,46.86599460900004],[-88.24979752599995,46.865669609000065],[-88.25122352799997,46.87119461000003],[-88.24266752699998,46.88508561200007],[-88.23411052599994,46.89475061400003],[-88.21200652099998,46.90904061800006],[-88.20737151899993,46.908147618000044],[-88.20059751799994,46.91456161900004],[-88.18752851499994,46.91900762100005],[-88.15012050699994,46.94363862700004],[-88.14703450599995,46.94724662800007],[-88.14708150699994,46.95391062900006],[-88.14475050699997,46.95621962900003],[-88.12914950299995,46.962685631000056],[-88.13669750499997,46.962581631000035],[-88.14296050799999,46.96691163100007],[-88.15061650999996,46.96387163000003],[-88.15538051099998,46.96507763000005],[-88.16723351399997,46.958863628000074],[-88.18982651999994,46.95232462600006],[-88.19873452199994,46.94392062400004],[-88.21698752699996,46.93967362200004],[-88.24444353399997,46.92962061900005],[-88.26159953699994,46.91552461600003],[-88.28125054199995,46.906640613000036],[-88.31029654799994,46.889756609000074],[-88.31466954899997,46.884507608000035],[-88.34247655499996,46.86565860300004],[-88.35194655699996,46.85703660100006],[-88.35508955699999,46.856097601000045],[-88.36877356199994,46.857321600000034],[-88.375767565,46.86170460000005],[-88.37268756499998,46.872285602000034],[-88.37996556699994,46.872033601000055],[-88.38973356999998,46.86710860000005],[-88.39953157099995,46.85744959800007],[-88.40399457199999,46.85142959700005],[-88.40405057099997,46.847806596000055],[-88.390141568,46.851603598000054],[-88.38205856399998,46.84544559700004],[-88.38141656299996,46.838474596000026],[-88.41523156999995,46.81172359000004],[-88.43384157299994,46.793510586000025],[-88.43967957299998,46.781979584000055],[-88.44906857399997,46.77074858200007],[-88.45144557499998,46.766190581000046],[-88.45061357399999,46.763178581000034],[-88.46748857699998,46.75194257800007],[-88.47640157999996,46.74949957700005],[-88.49733658699995,46.755115577000026],[-88.49958158799996,46.75909157700005],[-88.49853758799998,46.76239957800004],[-88.48210558599999,46.78263058200008],[-88.47739358499996,46.78416958200006],[-88.46998958199998,46.78031158200008],[-88.46235558099994,46.786719584000025],[-88.46225958099996,46.789710584000034],[-88.47279758599996,46.80432558500007],[-88.47324358799995,46.81275758700008],[-88.48258559199996,46.82620558800005],[-88.48430559399998,46.832511589000035],[-88.47794159399996,46.85056859200006],[-88.47895859599998,46.86173759300004],[-88.47432759699996,46.87672859600008],[-88.47586559899997,46.886050597000064],[-88.46958959799997,46.89481059900004],[-88.45541059799996,46.92332960400006],[-88.44857659899998,46.94677760800005],[-88.44533960099994,46.96997161100006],[-88.44390760099998,46.97225961200007],[-88.42720059699997,46.97708761400003],[-88.41115159199995,46.97799261500006],[-88.38561258799996,47.004530620000025],[-88.373972585,47.012270622000074],[-88.36763058399998,47.01922162400007],[-88.36721358499994,47.02722462500003],[-88.35906058399996,47.039747627000054],[-88.35373158499993,47.05484763000004],[-88.35319758699995,47.06907163200003],[-88.34995858699995,47.07638563300003],[-88.34671558599996,47.079380634000074],[-88.34215258499995,47.079725634000056],[-88.33520658299994,47.083372635000046],[-88.32179857999995,47.08688663700008],[-88.31381157799996,47.09187263800004],[-88.29763157399998,47.09851364000008],[-88.28835357299994,47.114555643000074],[-88.28717957399994,47.12042864400007],[-88.28904657599998,47.12969764500008],[-88.28170757499998,47.138220647000026],[-88.27202357199997,47.14351964800005],[-88.26297856999997,47.14518264900005],[-88.25530956699998,47.143648649000056],[-88.25079156499999,47.14021764900008],[-88.24957756399994,47.13623964900006],[-88.24763456399995,47.13598964900007],[-88.23990156199994,47.13944465000003],[-88.23217055999999,47.14598365100005],[-88.23180356099994,47.149617652000074],[-88.23672756199994,47.149295651000045],[-88.23947656299998,47.151145651000036],[-88.24266656499998,47.15843465200004],[-88.24201256799995,47.174775655000076],[-88.23901856799995,47.18624665600004],[-88.22899356699997,47.19905065900008],[-88.22002156499997,47.20257166000005],[-88.21236756299999,47.20943166200004],[-88.19422455799997,47.209250663000034],[-88.17971755399998,47.21297266400006],[-88.17448855199996,47.21192366400004],[-88.16636154999998,47.21554266600003],[-88.15725654899995,47.22596766800007],[-88.13281954299998,47.23772167100003],[-88.11746254099995,47.255182674000025],[-88.10883953799998,47.259139676000075],[-88.10155553599998,47.25937367600005],[-88.09685753499997,47.26135967700003],[-88.08910053399995,47.270467679000035],[-88.06009652899996,47.295804684000075],[-88.05485552699997,47.29824868500003],[-88.03681052199994,47.30025068600003],[-88.01648451699998,47.306283689000054],[-87.98913950999997,47.32264169300004],[-87.98528550899994,47.32327469300003],[-87.96861050499996,47.33259069600007],[-87.95839250299997,47.33444369600005],[-87.94635849899998,47.33426269700004],[-87.94336649799999,47.33590769800003],[-87.93825649699994,47.34230769900006],[-87.93879349799994,47.346785700000055],[-87.94698050199997,47.35311870000004],[-87.94740350199999,47.35546970000007],[-87.95480250499998,47.35681770000008],[-87.96257350799993,47.36255170000004],[-87.96560450999993,47.36865370100003],[-87.96506950999998,47.37443870200008],[-87.95706450999995,47.387268704000064],[-87.94161950499995,47.390081706000046],[-87.91017149599998,47.39300270800004],[-87.89653449199994,47.39170370900007],[-87.88225148799995,47.39559671000006],[-87.86641648299997,47.39384071100005],[-87.85670647999996,47.39539571200004],[-87.84333547499995,47.39343271300004],[-87.83847547299996,47.39002771200006],[-87.830636471,47.389962713000045],[-87.82712146899996,47.386168713000075],[-87.81537746499998,47.384798713000066],[-87.80030046199994,47.392156715000056],[-87.78909145899996,47.393822716000045],[-87.77327045299995,47.39232271700007],[-87.76738645199998,47.393971718000046],[-87.76469845099996,47.39607971800007],[-87.76502545199997,47.39866071800003],[-87.75906345099997,47.40302171900004],[-87.75138644799995,47.40507472000007],[-87.74731344699995,47.40404872000005],[-87.74242344599998,47.40583172100003],[-87.73217244199998,47.40260972100003],[-87.72128043799995,47.40104072200006],[-87.71242743599998,47.40140872200004],[-87.71047743599996,47.40620872300008],[-87.71683743999995,47.421807725000065],[-87.71562343999994,47.42657372600007],[-87.71303343999995,47.42642472600005],[-87.71594844199996,47.439824728000076],[-87.73081044799994,47.449120728000025],[-87.75674545799995,47.46072572800006],[-87.79477847099997,47.47149472700005],[-87.80085647299995,47.471627727000055],[-87.80119047399995,47.47330972700007],[-87.80923447599997,47.47392572600006],[-87.80987347599995,47.47259272600007],[-87.81696447799999,47.472006726000075],[-87.84718748799997,47.47384472400006],[-87.85630349099995,47.47617072400004],[-87.86083849199997,47.47428172300005],[-87.85630349099995,47.47254972300004],[-87.85473648999994,47.47353872300005],[-87.84982648899995,47.472867724000025],[-87.84752848699998,47.46937272300005],[-87.86387549199998,47.46774872200007],[-87.86768849399994,47.46937272200006],[-87.87557449599996,47.46764272100006],[-87.90226250499995,47.47216172000003],[-87.89677850299995,47.473926721000055],[-87.88560249999995,47.47353872100007],[-87.87846549799997,47.47534672200004],[-87.89804250399999,47.474880721000034],[-87.90242250599994,47.47705372100006],[-87.93831151699999,47.47976171900007],[-87.97585352899995,47.480195716000026],[-88.04029754799996,47.47600771100008],[-88.048083551,47.474981711000055],[-88.04933254999997,47.46979371000003],[-88.07639455799995,47.46776070800007],[-88.07908855899996,47.468051708000075],[-88.08058755999997,47.470472708000045],[-88.08332856099997,47.470311708000054],[-88.10952356799999,47.46526770500003],[-88.14770857899998,47.461236702000065],[-88.15057757999995,47.46010170200003],[-88.14924057999997,47.45867470200005],[-88.14397057799994,47.460253702000045],[-88.14088057699996,47.45781770200006],[-88.15072957999996,47.45532270100006],[-88.15928958199999,47.45518770100006],[-88.16055758299996,47.458268701000065],[-88.15826758199995,47.45885570100006],[-88.16045158299994,47.46016570100005],[-88.17622258799997,47.45711170000004],[-88.18182658899997,47.457665699000074],[-88.19598759299998,47.454164698000056],[-88.19578159299994,47.452356698000074],[-88.19853059399998,47.45118469700003],[-88.20036159399996,47.452093697000066],[-88.21577059899994,47.450161696000066],[-88.21938959999994,47.44901969600005],[-88.21677659899996,47.448116696000056],[-88.21843059899999,47.44159369500005],[-88.22745259999994,47.435101693000036],[-88.23916760299994,47.42997769200008],[-88.25299960699994,47.42667969000007],[-88.28520161599994,47.42240068700005],[-88.30345362099996,47.41221268500004],[-88.32408962599999,47.40355068200006],[-88.35511063399997,47.39374567900006],[-88.37288363899995,47.39199167700008],[-88.38111564099995,47.38635467600005],[-88.38946564299994,47.38443967500007],[-88.41418464899994,47.371770672000025],[-88.42006565099996,47.37161167100004],[-88.42587365199995,47.368330670000034],[-88.44556465499994,47.34900066600005],[-88.45926865799998,47.339911664000056],[-88.47049065999994,47.327661662000025],[-88.47773965999994,47.31346865900008],[-88.50078666399997,47.29351165500003],[-88.55187267599996,47.26210664700005],[-88.57400367999998,47.24599764300007],[-88.58491868299996,47.24236964200003],[-88.61181969099994,47.23902663900003],[-88.61894969199994,47.233392638000055],[-88.64032969799996,47.22679263600003],[-88.65636570199996,47.22563263400008],[-88.67240170599996,47.21914563200005],[-88.69966671299994,47.20483962900005],[-88.72969471899995,47.18584262400003],[-88.76131972499996,47.156758618000026],[-88.77522472799996,47.15037461600008],[-88.78981973299994,47.15093361500004],[-88.80069773499997,47.14676961300006],[-88.805053736,47.14334261300007],[-88.81484073899998,47.14140761200008],[-88.82190174099998,47.137215611000045],[-88.83559474299994,47.12179060700004],[-88.84583074499994,47.11466260600008],[-88.85537874699997,47.114271605000056],[-88.86161874899994,47.11052260400004],[-88.87233775199996,47.10779060300007],[-88.88914675599995,47.10058360100004],[-88.89213975599995,47.09594960000004],[-88.90371275799998,47.086169598000026],[-88.90251575699995,47.08280459700006],[-88.90558675799997,47.07764959600007],[-88.908460758,47.074293596000075],[-88.91171475899995,47.07379759500003],[-88.91419575799995,47.05925459300005],[-88.93362375899994,47.03080158800003],[-88.95081776199999,47.014111584000034],[-88.97280876699995,47.002104581000026],[-88.98720377099994,46.99724757900003],[-89.01639977999997,46.99404857700006],[-89.02300078199994,46.99512857700006],[-89.02893678399994,47.00114857700004],[-89.03949678699996,46.99942757600007],[-89.06310979299997,46.98853057300005],[-89.07812679699998,46.98576057200006],[-89.10047280399993,46.98539957000003],[-89.11316480799996,46.98936457000008],[-89.11834581099998,46.994228570000075],[-89.12870481399995,46.99260756900003],[-89.14260181699996,46.98486756700004],[-89.14828281799998,46.979633566000075],[-89.14873681699999,46.97666856600006],[-89.15764281899999,46.96930656400008],[-89.17323682299997,46.96389356200007],[-89.18186882399993,46.95147156000007],[-89.20151782699998,46.93115755500003],[-89.22792083199994,46.91296255100008],[-89.28355784599995,46.889874544000065],[-89.29481284899998,46.887871543000074],[-89.31200085299997,46.879278541000076],[-89.32580985699997,46.87617453900003],[-89.32878885799994,46.87671853900008],[-89.35229686299994,46.862981535000074],[-89.42533788199995,46.84146052700004],[-89.47154689599995,46.83736752400006],[-89.48078389899996,46.83890952300004],[-89.49125890199997,46.83845652300005],[-89.49908690499996,46.84162952200006],[-89.50266890599994,46.84005152200007],[-89.51394490899997,46.841843521000044],[-89.53568991499998,46.83588651900004],[-89.54445391699994,46.83503551800004],[-89.55150191999996,46.836722518000045],[-89.55616492099995,46.83461151800003],[-89.59518393199994,46.826404514000046],[-89.60088993299996,46.82292151300004],[-89.61933593799995,46.81889851100004],[-89.63494494299994,46.81949651000008],[-89.64226194599996,46.825348510000026],[-89.66063195199996,46.83106451000003],[-89.67338195599996,46.83323750900007],[-89.68693995999996,46.83074350800007],[-89.72028396999997,46.83042150600005],[-89.79066998999997,46.81847749900004],[-89.831963,46.80406149400005],[-89.84865900399996,46.795719492000046],[-89.91847301699994,46.740332479000074],[-89.93236801999996,46.73341547700005],[-89.95710802499997,46.71693747300003],[-89.98038003099998,46.70726347000004],[-89.99604103399997,46.69323346700003],[-90.02839904099994,46.674398462000056],[-90.04542704499994,46.66828046000006],[-90.10070205999995,46.65514045500004],[-90.16403307699994,46.64552344900005],[-90.23761609599995,46.62449344100003],[-90.26530110399995,46.618524438000065],[-90.30661611399995,46.60274943300004],[-90.33297712299998,46.608737432000055],[-90.41814314199996,46.56610242000005]]]]}},{"type":"Feature","properties":{"shapeName":"Illinois","shapeISO":"US-IL","shapeID":"66186276B11383391196245","shapeGroup":"USA","shapeType":"ADM1"},"geometry":{"type":"Polygon","coordinates":[[[-89.13269075899996,36.982206889000054],[-89.16645276999998,37.00334389100004],[-89.17360077299998,37.01141589200006],[-89.17898077499996,37.02093489400005],[-89.18251477699994,37.03728189700007],[-89.18137477799996,37.046311899000045],[-89.17573077699996,37.06207590200006],[-89.16809277599998,37.07422490500005],[-89.15450977299997,37.08891390800005],[-89.14660177099995,37.09072090900003],[-89.14132576999998,37.093871910000075],[-89.13493676899998,37.10328491200005],[-89.11119476299996,37.11905891600003],[-89.09905276099994,37.14097392100007],[-89.09293976099997,37.156445924000025],[-89.08653175999996,37.16560892600006],[-89.07622675799996,37.17513192800004],[-89.04126874999997,37.202887935000035],[-89.03757374899999,37.20393893600004],[-89.02998674699995,37.21115093700007],[-89.01400874299998,37.21609693900007],[-89.00097373999995,37.22440794100004],[-88.98326573499997,37.22869194300006],[-88.97471673299998,37.22971494300003],[-88.96730273099996,37.226944943000035],[-88.95030372599996,37.22485294400008],[-88.93286972099997,37.22520494500003],[-88.93175072099996,37.227599945000065],[-88.91693971599994,37.224297945000046],[-88.86953570199995,37.20971794500008],[-88.83505669099998,37.196492944000056],[-88.80572568199995,37.18860194400003],[-88.78695267599994,37.178590943000074],[-88.77595567199995,37.168786941000064],[-88.75307366499999,37.15470794000004],[-88.73211065799995,37.14396293900006],[-88.72022965499997,37.140647939000075],[-88.70255864999996,37.14265294000006],[-88.69398864699997,37.141161940000075],[-88.64487763199998,37.122850939000045],[-88.625894626,37.11946493900007],[-88.61144562199996,37.11275193800003],[-88.58921261499995,37.099661937000064],[-88.57683460999993,37.08976293600006],[-88.57325460899995,37.08000793400004],[-88.56606660599994,37.07521093300005],[-88.56498960599998,37.077275934000056],[-88.53158159599997,37.06719893400003],[-88.51436159099995,37.06523793400004],[-88.50444258799996,37.065271934000066],[-88.49007358399996,37.06788093600005],[-88.48286158199994,37.06712093600004],[-88.45895357599994,37.07380293800003],[-88.44461057399997,37.09860794400004],[-88.44354357399999,37.10919894600005],[-88.43470657299997,37.12643094900005],[-88.42440857199995,37.15243495500005],[-88.43378757499994,37.16407695700008],[-88.43778657799999,37.18001396000005],[-88.44776958199998,37.20353396400003],[-88.45876858599996,37.213542965000045],[-88.47175858999998,37.220161966000035],[-88.47973559299999,37.22961296700004],[-88.48728259599994,37.24408396900003],[-88.50803660299994,37.260267972000065],[-88.50933360399995,37.262136972000064],[-88.50694760399995,37.26666297300005],[-88.51594460699994,37.28404997600006],[-88.51150260699995,37.29853397900007],[-88.48446760299998,37.345615989000066],[-88.48211860399994,37.36462199300007],[-88.47659760399995,37.386881997000046],[-88.47022960299995,37.396261999000046],[-88.45600559999997,37.40848900200007],[-88.43933859599997,37.41642300500007],[-88.42598659199996,37.41944800600004],[-88.41311358899998,37.42447500700007],[-88.40881358799999,37.425223008000046],[-88.39734558399994,37.421651008000026],[-88.37751257799994,37.409832006000045],[-88.37121957499994,37.40273700500006],[-88.36547657399996,37.40167000500003],[-88.34841056899995,37.41073300800008],[-88.333188566,37.42721701200003],[-88.317530563,37.436185014000046],[-88.31259056199997,37.440598015000035],[-88.28167255399995,37.45260301900004],[-88.25519854599997,37.45675502100005],[-88.22501753799997,37.457397023000055],[-88.18862052799994,37.461903025000026],[-88.13514751299994,37.47163303000008],[-88.12801551099994,37.47051403000006],[-88.09262650099998,37.47366503200004],[-88.08907749999997,37.471638032000044],[-88.08523449899997,37.471547032000046],[-88.08177049799997,37.47302803200006],[-88.07452549699997,37.48128203400006],[-88.07346749699997,37.48530103500008],[-88.06784949499996,37.48587403600004],[-88.06522349499994,37.48942903600005],[-88.06129749499996,37.50523904000005],[-88.06331649599997,37.51576204100007],[-88.07224749999995,37.52883304300008],[-88.08805450499995,37.535131044000025],[-88.10559051099995,37.55618704700004],[-88.12152251699996,37.56817304900005],[-88.13339852099995,37.57424204900008],[-88.13997852299997,37.58645805100008],[-88.14223052499995,37.60374405400006],[-88.15683253199995,37.63280805900007],[-88.16019253499996,37.65759906400007],[-88.15821253499996,37.664549065000074],[-88.15165153299995,37.67510506700006],[-88.14543953199995,37.68259706900005],[-88.13428752999994,37.69150507100005],[-88.13234652999995,37.69714907300005],[-88.12241752799997,37.70969207500008],[-88.11780852699997,37.712590076000026],[-88.10184952299994,37.71804307800005],[-88.085906519,37.72859408100004],[-88.07254351499995,37.733293082000046],[-88.05959351199994,37.74261508500007],[-88.04994750999998,37.75408508700008],[-88.04260750899994,37.76712709000003],[-88.03583250899999,37.79192409500007],[-88.02803550799996,37.799231097000074],[-88.03004150899994,37.806515098000034],[-88.03762851099998,37.80987109800003],[-88.04575851299995,37.808136098000034],[-88.05966751699998,37.80120309600005],[-88.06772151899997,37.80057709500005],[-88.07640952199995,37.804642096000066],[-88.09004452699998,37.81677809700005],[-88.09185352799994,37.82211509800004],[-88.09009752699995,37.82564909900003],[-88.08573252599996,37.829395100000056],[-88.08085952499994,37.83090910000004],[-88.058060518,37.82245610000007],[-88.04383651399996,37.82153210000007],[-88.03301651099997,37.82439010100006],[-88.02869850999997,37.82711610200005],[-88.02592650999998,37.83270110300003],[-88.02822251099997,37.83859210400004],[-88.03331451199995,37.84192410500003],[-88.04822051699995,37.84484310500005],[-88.05943051999998,37.84873910500005],[-88.06504152199994,37.85317910500004],[-88.07853452799998,37.879125110000075],[-88.09496153399994,37.89369611200004],[-88.09776553599994,37.904033113000025],[-88.09448153499994,37.90596911400007],[-88.08624253199997,37.905720114000076],[-88.07145452699996,37.89582011300007],[-88.05537852299994,37.891245113000025],[-88.02914351499999,37.89264411500005],[-88.024823514,37.88886711400005],[-88.02028951199998,37.888058114000046],[-88.01516051099998,37.89079911500005],[-88.01336051099997,37.89486111600007],[-88.01782151299994,37.902703117000044],[-88.02006551399995,37.91290711900007],[-88.02251851499994,37.91476311900004],[-88.03185151799994,37.91375811800003],[-88.06302852699997,37.918203118000065],[-88.06823052899995,37.92271211800005],[-88.06961852899997,37.92685511900004],[-88.06756652899998,37.930221120000056],[-88.05977252699995,37.93386312100006],[-88.054762526,37.933494121000024],[-88.04866652299995,37.92676412000003],[-88.04130152099998,37.92429712000006],[-88.03535051899996,37.92553512000006],[-88.03042051799997,37.93011112200003],[-88.03612952099996,37.942753124000035],[-88.03679852199997,37.956800126000076],[-88.03199452099994,37.958597127000075],[-88.02087351799997,37.959358128000076],[-88.01631651699995,37.961581128000034],[-88.01293451599997,37.96655112900004],[-88.01257951699995,37.977069131000064],[-88.02583652299995,38.007252136000034],[-88.02243652299995,38.01715213800003],[-88.01693652199998,38.02405214000004],[-88.00763651999995,38.029152141000054],[-88.01213652099995,38.03385214200006],[-88.01763652299996,38.03475214200006],[-88.02773652599996,38.03175214100003],[-88.03413752699998,38.032052141000065],[-88.04023752899997,38.03565214100007],[-88.04214152999998,38.03901914200003],[-88.04213753099998,38.046352143000036],[-88.03783753,38.05025214400007],[-88.03263752799995,38.051752144000034],[-88.00133551999994,38.05155214600006],[-87.97874051399998,38.05982214900007],[-87.96723151099997,38.06711215000007],[-87.95666950899994,38.08620915500006],[-87.96046851199998,38.09909315700003],[-87.96221551199994,38.10006115700003],[-87.96803651299996,38.09628315600003],[-88.00470252299993,38.08397215200006],[-88.01139552499995,38.084698152000044],[-88.01673452699998,38.09726415400007],[-88.01312352699995,38.103534155000034],[-87.99831552299997,38.10849515700005],[-87.98307351899996,38.107146157000045],[-87.97530451699998,38.11006015800007],[-87.97377951699997,38.11445415900005],[-87.97427751699996,38.12198816000006],[-87.96946951699994,38.130751162000024],[-87.96576051599999,38.13262816300005],[-87.95587751299996,38.132904163000035],[-87.94547750899994,38.12662316300003],[-87.93514050699997,38.139435166000055],[-87.92663250499999,38.142553167000074],[-87.925505505,38.14625816700004],[-87.92827550599998,38.15090016800008],[-87.91518950299997,38.15779517000004],[-87.91143350199997,38.16174717100006],[-87.91062850299994,38.166611172000046],[-87.91567150499998,38.17332917300007],[-87.92290650699994,38.173298173000035],[-87.925294507,38.17032317200005],[-87.92451850599997,38.16203217000003],[-87.92639350599995,38.15884717000006],[-87.93121650799998,38.15635516900005],[-87.93430450899996,38.156466169000055],[-87.93376450899996,38.16435817000007],[-87.93644851,38.171362172000045],[-87.94049651199998,38.17490917200007],[-87.95892851799994,38.18405317300005],[-87.97582452399996,38.197841175000065],[-87.98397852699998,38.20911417600007],[-87.98563252799994,38.21800017800007],[-87.98487552899996,38.228530180000064],[-87.98047452799995,38.235419181000054],[-87.97963452799996,38.24055718200003],[-87.98240552999994,38.24870318400008],[-87.98804253199995,38.255493185000034],[-87.98762353199999,38.257388185000025],[-87.98471053099996,38.25796018500006],[-87.98187352999997,38.25645118500006],[-87.97226452699994,38.247046184000055],[-87.96897352499997,38.237396182000055],[-87.96428452299995,38.236304182000026],[-87.96023052199996,38.237125183000046],[-87.95799752199997,38.24010318300003],[-87.95761552299996,38.25005318500007],[-87.95403752199996,38.25303918600008],[-87.94607051999998,38.25532618700004],[-87.94207251899996,38.26030818800007],[-87.95065652199997,38.26682618900003],[-87.95220352299998,38.27310919000007],[-87.95030352299995,38.276799191000066],[-87.94233851999996,38.27940919200006],[-87.93921751999994,38.28293019200004],[-87.93752451999995,38.29205319400006],[-87.93356151899997,38.29590319500005],[-87.92283851599996,38.29920519600006],[-87.91649451499995,38.299379197000064],[-87.90954151199998,38.29606819600008],[-87.90799951199995,38.29233819600006],[-87.91947551399994,38.27455419200004],[-87.91762051299997,38.27008519100008],[-87.91111551099993,38.26803819100007],[-87.90684650999998,38.26964119100006],[-87.89780850799997,38.279489194000064],[-87.88785450499995,38.28530619500003],[-87.88008850499995,38.30536019900006],[-87.87566950399997,38.30993820100008],[-87.87054250299997,38.31222720100004],[-87.86427650099995,38.31071020100006],[-87.86112549899997,38.30783320100005],[-87.86045849899995,38.30312020000008],[-87.86625349999997,38.28998719700007],[-87.86303749799998,38.28017919600006],[-87.85965649699995,38.27671819500006],[-87.85113549399995,38.27512719500004],[-87.84345549199998,38.27817919600005],[-87.83898449099996,38.28233419700007],[-87.83095848999994,38.29937220100004],[-87.83340749199994,38.31665720400008],[-87.83198749299999,38.32698020600003],[-87.82341649199998,38.34597521000006],[-87.81379648999996,38.35379921200007],[-87.80608048799996,38.36315021400003],[-87.78308448199994,38.368869216000064],[-87.76972647899998,38.38070221900006],[-87.74525947399997,38.40900322500005],[-87.73977247499994,38.43798423100003],[-87.73070447299995,38.442915233000065],[-87.73037447299998,38.447891233000064],[-87.73197947399996,38.450787234000074],[-87.74053047599995,38.45472323400003],[-87.75080247899996,38.45420423400003],[-87.75593648099994,38.455883234000055],[-87.75536048099997,38.46396723500004],[-87.74464947899997,38.477273238000066],[-87.73465147699994,38.48008523900006],[-87.71405247099995,38.47988724000004],[-87.68592646399998,38.491850244000034],[-87.67837946199995,38.49844524500003],[-87.67238746099997,38.50740324700007],[-87.66981645999994,38.50718524800004],[-87.66370645799998,38.50293824700003],[-87.65674645599995,38.50176424700004],[-87.650097454,38.504613248000055],[-87.64535045399998,38.510166249000065],[-87.64623145399997,38.51509725000005],[-87.65528845699998,38.520807251000065],[-87.66098345999995,38.53215225300005],[-87.66923746299994,38.541749254000024],[-87.67007646299999,38.54524425500006],[-87.66544046299998,38.54995325600004],[-87.65070945899998,38.55624725800004],[-87.65275045999994,38.56446625900003],[-87.65153445999994,38.56817326000004],[-87.65018645999999,38.57006626000003],[-87.63957245699999,38.57417026200005],[-87.63807845699995,38.577835262000065],[-87.64021545799994,38.58980226400007],[-87.63763245799998,38.59266126500006],[-87.63482845699997,38.59269926500008],[-87.62290245299994,38.586205265000046],[-87.61451345099994,38.58751726500003],[-87.61196544999996,38.589255266000066],[-87.61135544999996,38.59361826700007],[-87.61346645099997,38.595049267000036],[-87.61944845299996,38.59483126600003],[-87.62414845399996,38.59696226700004],[-87.62735345599998,38.605447268000034],[-87.62660745599999,38.60832726900003],[-87.62053745499998,38.61217227000003],[-87.62276445599997,38.61709127000006],[-87.62179945599996,38.61960427100007],[-87.61615745399996,38.62322227200008],[-87.61574145399999,38.62729927300006],[-87.62090545699994,38.636135274000026],[-87.62012545699997,38.639496275000056],[-87.61732045599996,38.64216427500003],[-87.60582245299997,38.64652527700008],[-87.60295545299994,38.65124327800004],[-87.60286845299999,38.65637027900004],[-87.60018545299994,38.66246928000004],[-87.59725245199996,38.66532128100005],[-87.57940244799994,38.67248228300008],[-87.54005643699998,38.67915028600004],[-87.53123643499998,38.684043287000065],[-87.52204443299996,38.69335729000005],[-87.51904343199999,38.69953329100008],[-87.51952443299996,38.710462293000035],[-87.51671243299995,38.71633929400008],[-87.50852043099997,38.72577529600005],[-87.50534443099997,38.73497729800005],[-87.49652542899997,38.73934329900004],[-87.49608142899996,38.74212030000007],[-87.50332343199995,38.74708730000003],[-87.50401143199997,38.74971730100003],[-87.49895343099996,38.75778130300006],[-87.49700343099994,38.765313304000074],[-87.49822143199998,38.76831430500005],[-87.50252143299997,38.76918030500008],[-87.51197443599995,38.767545304000066],[-87.51437843699995,38.76917930400003],[-87.51455343699996,38.77182830500004],[-87.51180343599998,38.773565305000034],[-87.50430643399994,38.773853305000046],[-87.49743543199997,38.77744530600006],[-87.49520443199998,38.78198630700007],[-87.49591043299995,38.78544130800003],[-87.50313443499994,38.79288130900005],[-87.50821643699999,38.79572330900004],[-87.52734744399999,38.818128312000056],[-87.52168644299996,38.82658331400006],[-87.52670044599995,38.838585316000035],[-87.52589844599999,38.848802318000025],[-87.52819944699996,38.851698319000036],[-87.53725344999998,38.85359931900007],[-87.55203345499996,38.860325319000026],[-87.55339945499998,38.86241731900003],[-87.55207145499998,38.86451832000006],[-87.545724453,38.863037320000046],[-87.54319345299996,38.86422132000007],[-87.54261145299995,38.86664832100007],[-87.54761645499997,38.87252332200006],[-87.54737545499995,38.87562132200003],[-87.53682145199997,38.87741532300004],[-87.53492445099994,38.87888132300003],[-87.53828545299996,38.88580632400004],[-87.54429745499993,38.88896032500003],[-87.54409445499994,38.89510032600003],[-87.53912745399998,38.89612632600006],[-87.53570845199994,38.88721432500006],[-87.53447745199998,38.89234632600005],[-87.53659645299996,38.89557332600003],[-87.53370045299994,38.90096432800004],[-87.51801344899997,38.90271232900005],[-87.51673344799997,38.904130329000054],[-87.51773744899998,38.905679329000066],[-87.52431945099994,38.90520132900008],[-87.52730045199996,38.907222329000035],[-87.52603845199997,38.91361333000003],[-87.52770745299995,38.91845633100007],[-87.52606345199996,38.92136233200006],[-87.52063945099997,38.92167233200007],[-87.51883144999994,38.92321233200005],[-87.51663345099996,38.93300233400004],[-87.52185645299994,38.94007633500007],[-87.51293245099998,38.95014033800004],[-87.51219245099998,38.95442433900007],[-87.52496945599995,38.963852340000074],[-87.52950145699998,38.97193234100007],[-87.57653647199999,38.98671834100003],[-87.57849847299997,38.98975634200008],[-87.57698947299997,38.991277342000046],[-87.56519846899994,38.98880234200004],[-87.56204846799994,38.989476343000035],[-87.56043246799999,38.992432343000075],[-87.56289346899996,38.994436343000075],[-87.56709046999998,38.993551343000036],[-87.575427473,38.996485343000074],[-87.57865947399995,38.999509344000046],[-87.57889447399998,39.00242034400003],[-87.57376647299998,39.008691345000045],[-87.56970147299995,39.01942034800004],[-87.575032476,39.03406935000004],[-87.58025747799996,39.03938435100008],[-87.58021247799996,39.04194735100003],[-87.57256047599998,39.05006335300004],[-87.57259347699994,39.05729335500007],[-87.57870747899995,39.06170535500007],[-87.58355148099997,39.06795435600003],[-87.59152048399994,39.07318835600006],[-87.59556448499995,39.07898535700008],[-87.60110648699998,39.08141235800008],[-87.61070148999994,39.08124135700007],[-87.61596949199998,39.08257335700006],[-87.62098349299998,39.08810335800007],[-87.62039249399999,39.09152935800006],[-87.61547049299998,39.095778359000064],[-87.61395149199996,39.09954336000004],[-87.61488649299997,39.10266236100006],[-87.61839049399998,39.10429136100004],[-87.63859049999996,39.105901360000075],[-87.649171503,39.104810359000055],[-87.65280150399997,39.10684636000008],[-87.65504750499997,39.11092836000006],[-87.65102750399996,39.116446361000044],[-87.64159350199998,39.11454936200005],[-87.63590849999997,39.118336363000026],[-87.63510549999995,39.122305363000066],[-87.64217550199999,39.12321936300003],[-87.64315050299996,39.12856936400004],[-87.65524450699996,39.13229036400003],[-87.65875050799997,39.136004365000076],[-87.65320650699994,39.14400036600006],[-87.65172450799997,39.15060936800006],[-87.64218050499994,39.15710436900008],[-87.63744850399996,39.156780370000035],[-87.63438450299998,39.153426369000044],[-87.62874850099996,39.15392436900004],[-87.62774750099999,39.15623737000004],[-87.63038050199998,39.15834737000006],[-87.64141750499994,39.16035837000004],[-87.64043950599995,39.166734371000075],[-87.63649550499997,39.168840372000034],[-87.62052649999998,39.17033737300005],[-87.62040550099994,39.18520237600006],[-87.61855650099994,39.18641137600008],[-87.61105049899999,39.18409737600007],[-87.60517849699994,39.18590437700004],[-87.60305049699997,39.19131137800008],[-87.58659549299995,39.19963338000008],[-87.58498249299998,39.20528338100007],[-87.57703449099995,39.21113038300007],[-87.57456349099994,39.218411384000035],[-87.579324494,39.24355938800005],[-87.57307949299997,39.24670038900007],[-87.57133849299998,39.251388390000045],[-87.57344449399994,39.254589391000025],[-87.58065749599996,39.255244391000076],[-87.58518549699994,39.25314539000004],[-87.58716349699995,39.24962338900008],[-87.59111549799997,39.247268389000055],[-87.59349149899998,39.24745938800004],[-87.60495250299994,39.26021939000003],[-87.60195350399994,39.27517239300005],[-87.60734750499995,39.276213393000035],[-87.60992050599998,39.28142239400006],[-87.60875850599996,39.286696395000035],[-87.59732850399996,39.29696439700007],[-87.59842150499998,39.30009339800006],[-87.60535350699996,39.303224398000054],[-87.61500250899996,39.30090839700006],[-87.61896951099999,39.30169839700005],[-87.62118151199996,39.30416939700007],[-87.62049051199995,39.30714039800006],[-87.60592550799998,39.31108340000003],[-87.58908950499995,39.33383840500005],[-87.58485750399996,39.33733640500003],[-87.57408550099996,39.341430407000075],[-87.56069749699998,39.33885840700003],[-87.55440549499997,39.34049540800004],[-87.55026549399997,39.343355408000036],[-87.54948349399996,39.34774740900008],[-87.54401849299995,39.35291441000004],[-87.53727649099994,39.35209641000006],[-87.53165148899996,39.34806941000005],[-87.53326153499995,39.871989505000045],[-87.53146455799998,40.14799555500008],[-87.52632758799996,40.49399961700004],[-87.52583904799997,40.85179969200004],[-87.52670164899996,41.14922973300003],[-87.52417070199994,41.708321830000045],[-87.52823270299996,41.71088583000005],[-87.52660470299998,41.71224183100003],[-87.52902370399994,41.715383831000054],[-87.52522070299995,41.717558832000066],[-87.52462770399995,41.72352983300004],[-87.52926070599995,41.73276583400008],[-87.53106670799997,41.748075837000044],[-87.54327071199998,41.75200483700007],[-87.54449371199996,41.754829837000045],[-87.54075471199997,41.757267838000075],[-87.54388771299995,41.75997283800007],[-87.54752271399997,41.75854583800003],[-87.55420171599997,41.76058483800006],[-87.56047871799996,41.76553183800007],[-87.56036871799995,41.76845583900007],[-87.57286572299995,41.77935084000006],[-87.57231072299999,41.781068840000046],[-87.57950372699997,41.79344084200005],[-87.57580672599994,41.796298843000045],[-87.58016672699995,41.79883684300006],[-87.58219272799994,41.80437184400006],[-87.60055473599994,41.82684084600004],[-87.60945574099998,41.84524084900005],[-87.61050774199998,41.851913850000074],[-87.60652873999999,41.85320985100003],[-87.60586074199995,41.86685685300006],[-87.61625674499999,41.868940853000026],[-87.61654274599994,41.882403855000064],[-87.61318374499996,41.88360385500005],[-87.61369474599996,41.89055185700005],[-87.60955374499997,41.88961985700007],[-87.60969074499997,41.89318485700005],[-87.60227274299996,41.893309858000066],[-87.60237474399997,41.896342858000025],[-87.61009774599995,41.89637485800006],[-87.61204674599998,41.89372085700006],[-87.61428174699995,41.89364985700007],[-87.61985774899995,41.90139985800005],[-87.62294974999998,41.902027858000054],[-87.62405775099995,41.90423985800004],[-87.62554775199999,41.91047885900008],[-87.62068475099994,41.91322186000008],[-87.62712075299999,41.917066860000034],[-87.63330475699996,41.94238786400007],[-87.64074376099995,41.953858866000076],[-87.64145176199997,41.961701867000045],[-87.63593776,41.961419868000064],[-87.63148575899999,41.96348586800008],[-87.63242575899994,41.96529786800005],[-87.63920776099997,41.96621286800007],[-87.64565076399998,41.97143886900005],[-87.64991276599994,41.978525870000055],[-87.65400176799994,41.98898487100007],[-87.65766177099994,42.00697687400003],[-87.66898777599994,42.029149877000066],[-87.67316277999998,42.04798788000005],[-87.67051777899997,42.052987881000035],[-87.67146777999994,42.058341882000036],[-87.68236478499995,42.07573688400004],[-87.68147078499999,42.07844888500006],[-87.69453078999999,42.08438888500007],[-87.71096579599998,42.09533588600004],[-87.73616780599997,42.12081888900008],[-87.80177983399994,42.21055890100007],[-87.81152083899997,42.228459903000044],[-87.81959484399994,42.25179290700004],[-87.82857484799996,42.26992990900004],[-87.83477485299994,42.30152991400007],[-87.83039685299997,42.31226091600007],[-87.83200985499997,42.32835391900005],[-87.82720185499994,42.33744192100005],[-87.82352385599995,42.36418592500007],[-87.82176485599996,42.36433592600008],[-87.82069585499994,42.361516925000046],[-87.81680985399998,42.36159392500008],[-87.81501485399997,42.369366927000044],[-87.80326585299997,42.39048593100006],[-87.804587858,42.43122593800007],[-87.80084185799996,42.44506694000006],[-87.79807685999998,42.47172894500005],[-87.80209686299997,42.49258394800006],[-88.11529095599997,42.49622693100008],[-88.30263937199999,42.49478344700003],[-88.63865910999994,42.49505090100007],[-88.78668715299995,42.49199089100006],[-88.99266521399994,42.49603288000003],[-89.25076528899996,42.49800186500005],[-89.69009441799994,42.50519884000005],[-89.95529749499997,42.505633825000075],[-90.07367652899995,42.508282818000055],[-90.40593362499999,42.506898798000066],[-90.64284969299996,42.508488784000065],[-90.64863369399995,42.49810978200003],[-90.65593369499999,42.49171078000006],[-90.65653369499995,42.489210780000064],[-90.65403369299997,42.47851077800004],[-90.64673368999996,42.47191177700006],[-90.62433468199998,42.458911777000026],[-90.60633467599996,42.45151277600007],[-90.56797466399996,42.440396777000046],[-90.56044566099996,42.43290477600004],[-90.55817465899997,42.42099177400007],[-90.55502465799998,42.41614577400003],[-90.50683564199994,42.398799774000054],[-90.50013463999994,42.395546774000024],[-90.48716063499995,42.385148773000026],[-90.47728563199996,42.38380177300007],[-90.47027962899995,42.37836277300005],[-90.46262562599998,42.367260771000076],[-90.452730622,42.359310771000025],[-90.44388061899997,42.35522577100005],[-90.43055261299997,42.33686776800005],[-90.41903360899994,42.32851276800005],[-90.41620660699994,42.32132176700003],[-90.42105360799997,42.31611676600005],[-90.42046060699994,42.30538176400006],[-90.42433260699994,42.29333376200003],[-90.43074160799995,42.284218760000044],[-90.43089060699998,42.278237759000035],[-90.41933260099995,42.254474756000036],[-90.400659594,42.239300754000055],[-90.39111458999997,42.22548075200007],[-90.37513558399996,42.21481875200004],[-90.35697057799996,42.20545275100005],[-90.32827956899996,42.20105475200006],[-90.31778056499996,42.193796752000026],[-90.29844855899995,42.18758375200008],[-90.28217955299993,42.17885375100008],[-90.26908654899995,42.17450775100008],[-90.25013554299994,42.171476752000046],[-90.21611353199995,42.156737752000026],[-90.20948552999994,42.15268775100003],[-90.20742752899997,42.149116751000065],[-90.20536652699997,42.13908674900006],[-90.20141052499997,42.13094474800005],[-90.19045852099998,42.12578674800005],[-90.17097651599994,42.12520574900003],[-90.16290151199996,42.11672574800008],[-90.16151050999997,42.098919745000046],[-90.16341150899996,42.08762074300006],[-90.16836450999995,42.07578674100006],[-90.16556150699995,42.06264573900006],[-90.16449150499994,42.042112736000036],[-90.15158549999995,42.03064073500008],[-90.14810249799996,42.02002173300008],[-90.14117349499998,42.00893873200005],[-90.14006749399994,42.00325973100007],[-90.14061949299997,41.996006729000044],[-90.14603949399998,41.98814672800006],[-90.14623149299996,41.98133672700004],[-90.15384049499994,41.97412372500003],[-90.16414149599996,41.956185721000054],[-90.16385349399997,41.94494172000003],[-90.15160648899996,41.93100971800004],[-90.15359048699997,41.90662171400004],[-90.17004748899996,41.87644670800006],[-90.17301248799998,41.857409705000066],[-90.18190748899997,41.843223702000046],[-90.18397948799998,41.83307770000005],[-90.18096048499996,41.80936169600005],[-90.18797548599997,41.80317069500006],[-90.21689549399997,41.79534269200008],[-90.26329250499998,41.772119685000064],[-90.27863950899996,41.76736568300004],[-90.30278851399999,41.750038679000056],[-90.31071451499997,41.74222167700003],[-90.31522651599994,41.73427167600005],[-90.31767451499996,41.722697674000074],[-90.31289951199994,41.70753567100007],[-90.31344151099995,41.69808967000006],[-90.31732151199998,41.69167766800007],[-90.33022851499999,41.68396166600007],[-90.33453151499998,41.67956666500004],[-90.33673551499999,41.66453966300003],[-90.34345851499995,41.64696665900004],[-90.33953450799999,41.59864065200003],[-90.34323450799997,41.58784064900004],[-90.36413451399994,41.579640647000076],[-90.39793652199995,41.57224064400003],[-90.41283652599998,41.56534064200008],[-90.42223652799998,41.55424063900006],[-90.43273752999994,41.54954063800005],[-90.44523753199996,41.53614063500004],[-90.46143853599995,41.52354063200005],[-90.47433853899997,41.51974063000006],[-90.50063954599995,41.51804062900004],[-90.51314054999995,41.51954062800007],[-90.54094155899998,41.526140628000064],[-90.55624156299996,41.52423962600005],[-90.56724256499996,41.51753962500004],[-90.58204256899995,41.51513962300004],[-90.59524357199996,41.511039622000055],[-90.60214357399997,41.50603962100007],[-90.60594357399998,41.49423961800005],[-90.61854357599998,41.48503961600005],[-90.63254457999994,41.47873961400006],[-90.65584558499995,41.462139610000065],[-90.67644558999996,41.46083960900006],[-90.70116559699994,41.45475060600006],[-90.75014860999994,41.44963960300004],[-90.80728962699999,41.45447360000003],[-90.84656463799996,41.45514859800005],[-90.85756064099996,41.45275859700007],[-90.90047765099996,41.431161591000034],[-90.93002265799998,41.42141158700008],[-90.94979766399996,41.42417058600006],[-90.97517467299997,41.433992587000034],[-90.97982167399994,41.43432858600005],[-90.98490467499994,41.43387658600005],[-91.00585267999998,41.42614258400005],[-91.02779368599994,41.42361058200004],[-91.03713768899996,41.420024581000064],[-91.04589669099994,41.414092579000055],[-91.05033468999994,41.40005657700004],[-91.05158668899998,41.38529057400007],[-91.06506469099998,41.36910857100003],[-91.06652669099998,41.36525357000005],[-91.07155868999996,41.339658565000036],[-91.07484768699999,41.305585559000065],[-91.08688668999997,41.29437855700007],[-91.09204068999998,41.28691855500006],[-91.10114869099993,41.267176551000034],[-91.11419269299995,41.250036548000026],[-91.11365469199995,41.24140854600006],[-91.09302468399994,41.22264254400005],[-91.07298667699996,41.20715854300005],[-91.05507566999995,41.18577354000007],[-91.04154266399996,41.16614553800008],[-91.02722065899997,41.16338053800007],[-91.00759265399995,41.16619054000006],[-90.99496664999998,41.160631540000054],[-90.98966964799996,41.155723539000064],[-90.97085763999996,41.130114536000065],[-90.96591163799997,41.11956653400006],[-90.95725263399999,41.11109253400008],[-90.94663362999995,41.09663953200004],[-90.94938962799995,41.07271852800005],[-90.94555562599999,41.06173752600006],[-90.94225962199994,41.03470952200007],[-90.94595561999995,41.00650251700006],[-90.94964061999997,40.995255514000064],[-90.95814862099996,40.97977451100007],[-90.95272161799994,40.96209450900005],[-90.95223961699998,40.95405450700008],[-90.96535061699996,40.92164050100007],[-90.98546862199998,40.91214849800008],[-90.99850662499995,40.908127497000066],[-91.00954262799996,40.90057249500006],[-91.02156862899994,40.88402849200003],[-91.02749563099997,40.87918049000007],[-91.03910363299997,40.873572489000026],[-91.04465963399997,40.86836348800006],[-91.05643663599994,40.84839448300005],[-91.06716563799995,40.84200448200005],[-91.09299964299998,40.82108647700005],[-91.09765564299994,40.80558247400006],[-91.09226263999994,40.79291647200006],[-91.09170963899999,40.77971547000004],[-91.09811163899997,40.76324046700006],[-91.10820664099998,40.75094246400005],[-91.11043064099994,40.74553546300007],[-91.11574163999995,40.72517545900007],[-91.111101637,40.708289457000035],[-91.11194663599997,40.69702545500007],[-91.11541363699996,40.691832454000064],[-91.12082663599995,40.67278445000005],[-91.123934637,40.66915944900006],[-91.13806163999999,40.660900447000074],[-91.18698665099998,40.63730444000004],[-91.19791265399994,40.63611443900004],[-91.21844366,40.63844443800008],[-91.25308066999997,40.63796943600005],[-91.26495967299996,40.633900435000044],[-91.30653068399994,40.62623843100005],[-91.33972569199994,40.61349542700003],[-91.34873969399996,40.60970242600007],[-91.35987969699994,40.60181242400006],[-91.37975869899998,40.574457418000065],[-91.40148870399997,40.559465415000034],[-91.40637970499995,40.55183841300004],[-91.40620870399994,40.54270541100004],[-91.40413170299996,40.53913441100008],[-91.38453769599994,40.530955411000036],[-91.36906568999996,40.512539408000066],[-91.36421768799994,40.50005040700006],[-91.36492168599995,40.48417540400004],[-91.36808068599998,40.47464940200007],[-91.37991368699994,40.45211739800004],[-91.38177568699996,40.44256239600003],[-91.38097168599995,40.43540239500004],[-91.37372768199998,40.41789839200004],[-91.37256067999994,40.401207389000035],[-91.37575267999995,40.391886387000056],[-91.38196468199999,40.387639386000046],[-91.39700268499996,40.38313438500006],[-91.41301768999995,40.38228438400006],[-91.41942869099995,40.378271383000026],[-91.42663869299997,40.37199538100003],[-91.44483969699996,40.363177379000035],[-91.46214669999995,40.342421374000025],[-91.46660969999994,40.33446837200006],[-91.47183269999994,40.31734736900006],[-91.48608470199997,40.293433364000066],[-91.49273370199995,40.27822436100007],[-91.49053069999997,40.25950535800007],[-91.49811069999998,40.247429356000055],[-91.50323770199998,40.24348135500003],[-91.50583470199996,40.23884635400003],[-91.50428869999996,40.22430635100005],[-91.507275699,40.209345349000046],[-91.50448369799994,40.198269347000064],[-91.51107969799995,40.18880134500006],[-91.51298069799998,40.181069344000036],[-91.50823069499995,40.15767234000003],[-91.51175569499998,40.147098338000035],[-91.51032869199997,40.12800133500008],[-91.49766968399996,40.078264327000056],[-91.48961267999994,40.05744232400008],[-91.49488467899994,40.03646032000006],[-91.46925366799996,39.99533431400005],[-91.46532166599997,39.98400231200003],[-91.458858664,39.97902231200004],[-91.44156665599996,39.95130630800003],[-91.42578864999996,39.937772307000046],[-91.41936664799994,39.92772430500003],[-91.41881364699998,39.922133304000056],[-91.42088464699998,39.91487230300004],[-91.44351965099997,39.89359029800005],[-91.44785065099995,39.87795829500004],[-91.44639164999995,39.87040129400003],[-91.43292564299998,39.84056128900005],[-91.37797762499997,39.811280287000045],[-91.36797262099998,39.800410286000044],[-91.363450619,39.79281128500003],[-91.36157761799996,39.787555284000064],[-91.36570061799995,39.77491728200005],[-91.36513161699997,39.758730279000076],[-91.36995961699995,39.74504927600003],[-91.37001561599999,39.73253127400005],[-91.36775961499995,39.729036274000066],[-91.34530660599995,39.70940927200007],[-91.30535459299995,39.68396426900006],[-91.30249159199997,39.679638269000066],[-91.27614658299996,39.66576626800003],[-91.26048157699995,39.649031266000065],[-91.24878557299996,39.64088726500006],[-91.24123156999997,39.63007426400003],[-91.22932356599995,39.620860263000054],[-91.18194255099996,39.602684262000025],[-91.17465754799997,39.59332026100003],[-91.16842554399994,39.56493525600007],[-91.15363453799995,39.548255254000026],[-91.14828153599996,39.54580525400007],[-91.10031352199996,39.53870225500003],[-91.07977551399995,39.50773525100004],[-91.06431150799995,39.49465025000006],[-91.06242050599997,39.474129246000075],[-91.05944550399994,39.46886724500007],[-91.03827649699997,39.44844324300004],[-91.02361649199997,39.438701242000036],[-90.99379548199994,39.42296624100004],[-90.97762447699995,39.41829724100006],[-90.96748647299995,39.411955240000054],[-90.94830546799994,39.40750924100007],[-90.94077246499995,39.40399124100003],[-90.93742546399994,39.400810240000055],[-90.93401346199994,39.39213423900003],[-90.92875145999994,39.38755123800007],[-90.92098245799997,39.38369423800003],[-90.90486845299995,39.37941023800005],[-90.90010145099995,39.372361237000064],[-90.89378344899995,39.36735023700004],[-90.84750643399997,39.34527923500008],[-90.81685742299999,39.32050323300007],[-90.79346741499995,39.30950523200005],[-90.79068141399995,39.30291523100004],[-90.77567940899996,39.29281823000008],[-90.76765440599996,39.28003222800004],[-90.75160539999996,39.26543922600007],[-90.73909339599999,39.26190022600008],[-90.72996639299998,39.25590122600005],[-90.72698739199996,39.25118022500004],[-90.72159938799996,39.232737222000026],[-90.72184138799997,39.224115221000034],[-90.717119385,39.21391921900005],[-90.71741038399995,39.197421216000066],[-90.71048637999996,39.17637321300003],[-90.70790837699997,39.15086720800008],[-90.70292937499994,39.13875620700003],[-90.68605736799998,39.11779220400007],[-90.68109236499998,39.10059720100003],[-90.68275036499995,39.088355199000034],[-90.70043036799996,39.07179419500005],[-90.70214236799995,39.065575194000075],[-90.71359136999996,39.05557419100006],[-90.71158636899997,39.04680519000004],[-90.69240936099999,39.01666318500003],[-90.68772535899996,39.00538118400004],[-90.67819935499995,38.991858182000044],[-90.67640335399994,38.984103180000034],[-90.67595535199996,38.96214717600003],[-90.66923534899996,38.948183174000064],[-90.66337834499996,38.928049171000055],[-90.65317034099996,38.91614816900005],[-90.63992333699997,38.908279169000025],[-90.62512833099998,38.88866116600008],[-90.58339431799999,38.869037165000066],[-90.56656331299996,38.86885416600006],[-90.54587830799994,38.87401516800003],[-90.51696930199995,38.89882517400008],[-90.50745729899995,38.90277417500005],[-90.50012329799995,38.91041517700006],[-90.48698029599996,38.925989180000045],[-90.48273129499995,38.93471918200004],[-90.48242529599997,38.944467184000075],[-90.47212829399996,38.958845187000065],[-90.46241729199994,38.96432918800008],[-90.45079828899998,38.967771189000075],[-90.44008428599994,38.96737119000005],[-90.424732281,38.96379219000005],[-90.40637327599995,38.96256119100008],[-90.39582227299996,38.960044191000065],[-90.34644825699996,38.94079719000007],[-90.33353925299997,38.93349619000003],[-90.30946024599996,38.924127189000046],[-90.27747723699997,38.92372319100008],[-90.26279823199997,38.920351191000066],[-90.25025422799996,38.91935119100003],[-90.22304721999996,38.90739619100003],[-90.19761621099997,38.88765518900004],[-90.18691520799996,38.88505518900007],[-90.16641520099995,38.87635518800005],[-90.15151419599994,38.86715518700004],[-90.11333318399994,38.849313186000074],[-90.10941318199997,38.84355518500007],[-90.10911318199999,38.83745518400008],[-90.11471318099996,38.81505518000006],[-90.11771318099994,38.80575517800003],[-90.12311318199994,38.79805517600005],[-90.14671418799998,38.783056172000045],[-90.16641519199999,38.77265616900007],[-90.17511519399994,38.76025616700008],[-90.17631519399998,38.75445616600007],[-90.18341519499995,38.746856164000064],[-90.19131519699994,38.74295616300003],[-90.20521619999994,38.73215716000004],[-90.20991620099994,38.72605715900005],[-90.21201619999994,38.71175715600003],[-90.20921619799998,38.70275715500003],[-90.20221619599994,38.693457153000054],[-90.19521619299996,38.68755715300006],[-90.18641618999999,38.67475715100005],[-90.18111618699999,38.65955714800003],[-90.17771618399996,38.642757145000076],[-90.17801618399994,38.63375714400007],[-90.18451618399996,38.61155813900007],[-90.19601718499996,38.59445813600007],[-90.21671818999994,38.578758132000075],[-90.22421819199997,38.57505813100005],[-90.26032019799999,38.52835912000006],[-90.27922119799996,38.47246010900005],[-90.28522119799999,38.44346010400005],[-90.29532219899994,38.426760100000024],[-90.32232320499998,38.40176009400005],[-90.34312420899994,38.38546009000004],[-90.34974920999997,38.377616088000025],[-90.35632421099996,38.36036108500008],[-90.37082521299999,38.33356107900005],[-90.37393520899997,38.28186007000005],[-90.363932203,38.23636206200007],[-90.35390819799994,38.213862058000075],[-90.33156018899996,38.18758705500005],[-90.32235918599997,38.18160005400006],[-90.30049617999998,38.17525305400005],[-90.29077117699995,38.170460054000046],[-90.27493417099998,38.15762205200008],[-90.25012416199996,38.12506104700003],[-90.24312215899994,38.11267604500006],[-90.21871414999998,38.09437204300008],[-90.17222613499996,38.06964304100006],[-90.16341713299994,38.07435404200004],[-90.15853913199999,38.07474204300007],[-90.13079412299999,38.06234804200005],[-90.12640212099996,38.05490404100004],[-90.12620011999996,38.040709038000045],[-90.11052611399998,38.02655403600005],[-90.08826610699998,38.01577903500004],[-90.08096510499996,38.01543503600004],[-90.07228910299995,38.01700803700004],[-90.05937309899997,38.015550037000025],[-90.05540509799994,38.01196003600006],[-90.05136309599999,38.003591035000056],[-90.04591409399995,38.00005903500005],[-90.03241608999997,37.995265035000045],[-90.00835908099998,37.970186031000026],[-89.99710907799994,37.96323203000003],[-89.97892507199998,37.962798031000034],[-89.94210506299999,37.97012803400003],[-89.93774606099998,37.96500103400007],[-89.93589205999996,37.959588033000045],[-89.92509105699997,37.96002803300007],[-89.92539505699995,37.95413703200006],[-89.93247305799997,37.94750403100005],[-89.93793305999998,37.94620003000006],[-89.94743506199995,37.940343029000076],[-89.95965206499994,37.94020302800004],[-89.96227906499996,37.93437002700006],[-89.97492406799995,37.92672602500005],[-89.97364806699994,37.91766802300003],[-89.95060005799996,37.88153301800003],[-89.93738905399994,37.874700017000066],[-89.92319104899997,37.87067901700004],[-89.90183804299994,37.869829018000075],[-89.88148103799995,37.87959802100005],[-89.86295503499997,37.89691302500006],[-89.85105403199998,37.90398702700003],[-89.84265502999995,37.90520302700003],[-89.81365301999995,37.887717026000075],[-89.79933901599998,37.88152402500003],[-89.79768401399997,37.87420902400004],[-89.80036601499995,37.86863202300003],[-89.79609301299996,37.85951202100006],[-89.78637500899998,37.85174102000008],[-89.78204100899995,37.85509902100006],[-89.77431200599995,37.85213002100005],[-89.76522800399994,37.85178902100006],[-89.75411,37.846365021000054],[-89.73987899599996,37.84693702200008],[-89.72943199199995,37.83508802000006],[-89.71748598799996,37.825731019000045],[-89.669649973,37.79992901700007],[-89.66038596899995,37.786303015000044],[-89.66119596799996,37.77573901300008],[-89.66799896899994,37.759491009000044],[-89.66335796699997,37.75005900800005],[-89.64953596299995,37.74550500700008],[-89.63337595799999,37.74578900800003],[-89.62402895599996,37.74912700900006],[-89.61728395399996,37.74972701000007],[-89.61559195299998,37.742357009000045],[-89.59657194699997,37.732893008000076],[-89.58332194199994,37.71326800500003],[-89.56670993599994,37.707196004000025],[-89.53143292599998,37.70034100500004],[-89.51669092099996,37.69276900400007],[-89.51201491899997,37.68553200300005],[-89.51204591899995,37.68099200200004],[-89.51615191899998,37.667982],[-89.51586591699999,37.64556199500004],[-89.51772391699996,37.641223995000075],[-89.50656891299997,37.625056992000054],[-89.48579790599996,37.60716399000006],[-89.47840490299996,37.59887598900008],[-89.47593790199994,37.593004988000075],[-89.47755390199995,37.585891986000036],[-89.48606790399998,37.580859985000075],[-89.49405690599997,37.58012298400007],[-89.51394891199999,37.58482198400003],[-89.51981391299995,37.582754984000076],[-89.52193091199996,37.560741979000056],[-89.51705690899996,37.537284975000034],[-89.50292290399994,37.51787697200007],[-89.49205689899998,37.494014968000045],[-89.47553089199994,37.47139496500006],[-89.45097488399995,37.45007596200003],[-89.43977487999996,37.437206960000026],[-89.42594587399998,37.40747795500005],[-89.42105987099995,37.387674952000054],[-89.42819086999998,37.356164945000046],[-89.43284187099994,37.34706294400007],[-89.43604587199997,37.344447943000034],[-89.44756187499996,37.34048194200005],[-89.47457488199996,37.33817194000005],[-89.48901088599996,37.33337493800008],[-89.49516588699998,37.32480193600003],[-89.50817988999995,37.31566893400003],[-89.51184788999996,37.31083193300003],[-89.51839888999996,37.289360928000065],[-89.51703788999998,37.28192692700003],[-89.50677888599995,37.268543925000074],[-89.48992087999994,37.251321923000035],[-89.47053087399996,37.25336392400004],[-89.46266587199995,37.251526924000075],[-89.45883287099997,37.248667924000074],[-89.45830786999994,37.24037492200006],[-89.46750587099996,37.22185091800003],[-89.46186786799996,37.19952391400005],[-89.45611086499997,37.18812691200003],[-89.43828085799998,37.16129390800006],[-89.43520785699997,37.15209690700004],[-89.42558585299997,37.13824190400004],[-89.41173584799998,37.12251390200004],[-89.38805583999994,37.107487900000024],[-89.37871583699996,37.09459289800003],[-89.37562083499995,37.08594289700005],[-89.37571783499999,37.080511896000075],[-89.38543983599999,37.055136891000075],[-89.38394283399998,37.046447889000035],[-89.37828283199997,37.039611888000024],[-89.36240282699998,37.030162887000074],[-89.34600182199995,37.02552788700007],[-89.32298781499998,37.01609688600007],[-89.29213580499999,36.99219588300008],[-89.27863380099996,36.98867688300004],[-89.26956979799996,36.99340788400008],[-89.26353279699998,37.00005688600004],[-89.25761379699998,37.01550288900006],[-89.26000879799994,37.023294891000035],[-89.27772080399996,37.03614689200003],[-89.29119080799995,37.04041489200006],[-89.304757812,37.047571893000054],[-89.31082481499999,37.05790389500004],[-89.30829581499995,37.06837789700006],[-89.30773181499995,37.06966089700006],[-89.28369080799996,37.06674289800003],[-89.28038080699997,37.06523089800004],[-89.25994180099997,37.06407789800005],[-89.25493579999994,37.07202090000004],[-89.23405879199998,37.03728389400004],[-89.20504378199996,37.02005389300007],[-89.20079878099995,37.01617089200005],[-89.19503477799998,37.00005788900006],[-89.19504477699996,36.98977488700007],[-89.19210277599996,36.980001886000025],[-89.18549677299995,36.973524885000074],[-89.17001376899998,36.970304885000076],[-89.13269075899996,36.982206889000054]]]}},{"type":"Feature","properties":{"shapeName":"Ohio","shapeISO":"US-OH","shapeID":"66186276B76680759932915","shapeGroup":"USA","shapeType":"ADM1","meshregion":"oki"},"geometry":{"type":"MultiPolygon","coordinates":[[[[-82.73571125299998,41.603369060000034],[-82.73577025299994,41.60099006000007],[-82.72583124899995,41.595207059000074],[-82.71768724699996,41.59500705900007],[-82.70543024299997,41.59230405900007],[-82.70306424199998,41.58705805900007],[-82.69977124099995,41.58504005800006],[-82.68874823699997,41.58590405900003],[-82.67665123499995,41.597202062000065],[-82.67944723599999,41.59945806200005],[-82.67838923599999,41.60817306400003],[-82.68111023699998,41.61085106400003],[-82.67328923599996,41.62416606700003],[-82.67552723699998,41.62502806700007],[-82.68015423799994,41.61897806500008],[-82.69112723999996,41.61133906400005],[-82.70021224299995,41.61219806300005],[-82.70547524499995,41.61490006400004],[-82.70344224499996,41.617742064000026],[-82.70731424599995,41.61961706400007],[-82.71880624899995,41.619637064000074],[-82.72305624999996,41.616621063000025],[-82.72419424999998,41.60965906200005],[-82.73571125299998,41.603369060000034]]],[[[-82.74231524599998,41.496535040000026],[-82.74088924499995,41.48923603900005],[-82.73708624399995,41.48941403900005],[-82.73090724199994,41.49386504000006],[-82.72734124199997,41.50258704200007],[-82.73328324399995,41.50276504200008],[-82.73518524399998,41.500095041000066],[-82.73993824599995,41.49884904100003],[-82.74231524599998,41.496535040000026]]],[[[-82.78801427599996,41.678119071000026],[-82.78669227499995,41.676787071000035],[-82.78387427399997,41.67861307100003],[-82.78801427599996,41.678119071000026]]],[[[-82.82644728799994,41.68478207000004],[-82.82477228699997,41.68249907000006],[-82.81741628499998,41.681192070000066],[-82.81361928299998,41.67084906800005],[-82.80862828099998,41.670672069000034],[-82.80542727999995,41.671928069000046],[-82.80720228099995,41.674933069000076],[-82.80672628099995,41.67795107000006],[-82.80316128099997,41.68150107100007],[-82.80363728099996,41.688779072000045],[-82.80007128099999,41.69144107300008],[-82.77994227499994,41.69573507500007],[-82.78081927499994,41.69765307500006],[-82.80063928099997,41.69437007300007],[-82.80435028199997,41.692328073000056],[-82.81280928399997,41.69201007200007],[-82.82644728799994,41.68478207000004]]],[[[-82.83035328999995,41.69181407100007],[-82.82964728999997,41.69081807100008],[-82.82250428699996,41.69183407200006],[-82.82611528899997,41.693495072000076],[-82.83035328999995,41.69181407100007]]],[[[-82.83558129299996,41.710831075000044],[-82.83512229299998,41.70897907400007],[-82.82906829099994,41.709719075000066],[-82.81613728699995,41.70674007500003],[-82.80887328499995,41.70834107500008],[-82.81192628599996,41.71728907700003],[-82.81049128599994,41.720532078000076],[-82.81349328699997,41.72347607800003],[-82.82041328999998,41.72455707800003],[-82.82572429099997,41.722818077000056],[-82.82795229099997,41.71808307600003],[-82.83271329299998,41.71565807600007],[-82.83558129299996,41.710831075000044]]],[[[-82.84385428999997,41.64648306300006],[-82.83778128799997,41.642854062000026],[-82.84210328799998,41.62833105900006],[-82.83466628599996,41.62933906000006],[-82.82701528399997,41.63370906100005],[-82.82455228299995,41.63764106200006],[-82.81241228,41.64594706400004],[-82.81242528099995,41.65109106500006],[-82.80975427999994,41.65427306600003],[-82.80262027799995,41.65395406600004],[-82.79307327599997,41.66470006800006],[-82.79633727699996,41.665981068000065],[-82.80518327999994,41.66428906800007],[-82.81100528099995,41.657532066000044],[-82.81552128199996,41.65557906600003],[-82.81956128399997,41.65895306600004],[-82.82552628599996,41.659738066000045],[-82.83409628799996,41.65712906500005],[-82.84385428999997,41.64648306300006]]],[[[-82.85657929699994,41.68203606800006],[-82.85030529499994,41.67753206800006],[-82.84461929299994,41.67845706800006],[-82.85657929699994,41.68203606800006]]],[[[-82.86787829699995,41.64593306100005],[-82.868334297,41.64451506100005],[-82.86206929499997,41.645135061000076],[-82.86328029599997,41.64671406200006],[-82.86787829699995,41.64593306100005]]],[[[-83.11061737999995,41.73776006600008],[-83.10584137799998,41.736504066000066],[-83.10210637699998,41.73864506600006],[-83.10128837699995,41.741971067000065],[-83.10500737799998,41.74273606700007],[-83.11061737999995,41.73776006600008]]],[[[-80.51899449399997,40.638808984000036],[-80.51989451399999,40.90666903400006],[-80.51879754499998,41.30551710900005],[-80.51935705699998,41.64429317400004],[-80.51942859999997,41.977531233000036],[-80.54359960699998,41.97152823000005],[-80.54746260799999,41.97111723000006],[-80.55013960899998,41.97281923000003],[-80.55661360999994,41.96755722900008],[-80.55862961099996,41.97086523000007],[-80.55961761099996,41.96794622900006],[-80.56505861299996,41.963522228000045],[-80.58188561699995,41.95761822600008],[-80.59699462199995,41.95489222500004],[-80.63049363099998,41.943536221000045],[-80.65335863799999,41.94061622000004],[-80.66839664299994,41.934734218000074],[-80.72081965799998,41.91975221300004],[-80.75325866699995,41.916057211000066],[-80.77313867299995,41.90822620800003],[-80.78255167599997,41.907477208000046],[-80.78272267599993,41.911657208000065],[-80.78450067699998,41.911785208000026],[-80.78982567799994,41.91156620800007],[-80.78986167799997,41.91028320800007],[-80.79607167999995,41.91135120800004],[-80.800529682,41.91011020700006],[-80.80870068299998,41.901614205000044],[-80.82495268799994,41.89336620300003],[-80.82802568899996,41.89369120300006],[-80.84586869399999,41.889120201000026],[-80.85069069499997,41.88565720100007],[-80.87772870299995,41.877653198000075],[-80.90034570899996,41.868920195000044],[-80.92684871699998,41.865014193000036],[-80.93624771999998,41.86236019200004],[-80.95271272499997,41.86213019200005],[-80.95749772599999,41.85973719100008],[-81.00368773999998,41.85283718800008],[-81.01491674299996,41.84706618600006],[-81.04716175199997,41.83894718300007],[-81.05818275499996,41.833221181000056],[-81.06973875899996,41.831387181000025],[-81.08598276299995,41.82461917900008],[-81.10730976899998,41.817809176000026],[-81.11288877099997,41.81757917600004],[-81.14924178099994,41.80290817200006],[-81.21662779899998,41.77223716300006],[-81.24867580799997,41.76129915900003],[-81.26422781299993,41.75815115800003],[-81.27881981799999,41.75902715800004],[-81.28413281999997,41.763527158000045],[-81.30162982399997,41.75055115500004],[-81.32777083099995,41.73989515200003],[-81.34509683599998,41.729898149000064],[-81.35323283799994,41.72775114800004],[-81.35878183899996,41.72275914700003],[-81.36650184199993,41.72003114600005],[-81.38863584699999,41.70715214300003],[-81.44194986099996,41.67408913400004],[-81.44446886199995,41.673408134000056],[-81.44683386299994,41.67462513400005],[-81.44646786199996,41.67120113400006],[-81.44902686299997,41.666564133000065],[-81.46604186599996,41.64915612900006],[-81.48864387199995,41.631356124000035],[-81.51456787899997,41.61832312100006],[-81.52974588299998,41.61455611900004],[-81.58075389599998,41.57454911000008],[-81.58320289599999,41.57368111000005],[-81.58567889699998,41.57590811000006],[-81.59297089899997,41.571091109000065],[-81.59062789799998,41.56870110800003],[-81.59975089999995,41.560657106000065],[-81.62721990699998,41.54415010200006],[-81.63365990999995,41.54820610200005],[-81.63845791099999,41.54255910100005],[-81.63325390899996,41.54183110100007],[-81.63641690999998,41.540003101000025],[-81.63803991099996,41.54079910100006],[-81.64680591299998,41.53467609900008],[-81.64861391299996,41.536543100000074],[-81.65423291499997,41.53344709900006],[-81.65546091499994,41.52910009800007],[-81.66323591699995,41.52679009700006],[-81.66427791799998,41.527602097000056],[-81.66207991699997,41.52875109800004],[-81.66506891799997,41.531628098000056],[-81.68887692399994,41.51818409400005],[-81.693716925,41.51370709300005],[-81.69229392499994,41.509458093000035],[-81.694369925,41.51176009300008],[-81.69504492599998,41.51009309300008],[-81.69644392599997,41.51154609300005],[-81.71091192999995,41.50332809100007],[-81.70994592899996,41.50206009000004],[-81.71720093099998,41.499298090000025],[-81.71603893099996,41.49805908900004],[-81.72065393199995,41.49793708900006],[-81.731363935,41.49206908800005],[-81.73410993599998,41.49320208800003],[-81.73965193799995,41.49115408700004],[-81.73875893699994,41.48855808700006],[-81.74475893899995,41.48715808600008],[-81.76563994599996,41.49204708600007],[-81.76885994699995,41.49165708600003],[-81.78226195099995,41.49605808600006],[-81.79064895399995,41.495033085000046],[-81.79443295499993,41.49616008500004],[-81.79448995499996,41.49753408600003],[-81.79805495599999,41.49757608600004],[-81.82016196299998,41.49405508400008],[-81.86026597399996,41.48384908000003],[-81.87736397899994,41.48345307900007],[-81.94466200099998,41.49244007800007],[-81.95846700599998,41.498650078000026],[-81.96727100899994,41.50494307900004],[-81.99575001899996,41.51448307900006],[-82.01197002399994,41.515647079000075],[-82.11788405399994,41.48953206900006],[-82.16537706699995,41.47444806400006],[-82.17790907099999,41.47159506300005],[-82.18696407399995,41.474355063000075],[-82.18638707399998,41.471805062000044],[-82.19008807499995,41.47052006200005],[-82.18984107399996,41.467770062000056],[-82.19337907499994,41.46454806100007],[-82.21585508099997,41.45433005800004],[-82.23976208699997,41.44115405400004],[-82.24588108899997,41.43856805400003],[-82.25262009099998,41.43791105300005],[-82.25249309099996,41.43575505300004],[-82.25480309099999,41.434608052000044],[-82.26848309499997,41.43085005100005],[-82.29158410199994,41.42845005000004],[-82.32297311199994,41.43035804800007],[-82.34412211799997,41.429814047000036],[-82.35087311999996,41.42739604600007],[-82.36388312399998,41.42811604600007],[-82.36531512499994,41.42533604500005],[-82.37257912599995,41.42173004400007],[-82.39809013399997,41.41395304200006],[-82.43131914199995,41.39687403700003],[-82.46060314999994,41.38632403400004],[-82.48121815599995,41.38135003200006],[-82.49910316199998,41.38154903100008],[-82.51383116699998,41.38426503100004],[-82.54836917799997,41.39837103200006],[-82.55136817899995,41.39762303100008],[-82.55808418099997,41.40001303200006],[-82.57279518699994,41.408522032000064],[-82.59219919299994,41.41461303300008],[-82.60178119699998,41.42136003300004],[-82.60210119599998,41.41727503300007],[-82.61190519999997,41.42120303300004],[-82.62570020399994,41.42365603300004],[-82.62814620499995,41.42838603300004],[-82.63883220899999,41.43038503300005],[-82.63717820799997,41.42728203300004],[-82.63926520899997,41.42651703300004],[-82.64163620999994,41.43203303300004],[-82.65269921399994,41.437039034000065],[-82.65975221599996,41.43471503300003],[-82.66004721599995,41.43963803400004],[-82.66584921799995,41.44226503400006],[-82.66983121999994,41.446333035000066],[-82.67773922199996,41.44457403400003],[-82.67663222199997,41.44646703400008],[-82.66322421799998,41.44888403500005],[-82.66164421799994,41.452746036000065],[-82.664590219,41.455380037000054],[-82.67042022099997,41.45537403600008],[-82.67234622099994,41.45340803600004],[-82.67960722299995,41.454780036000045],[-82.68202222399998,41.45306703500006],[-82.68360222399997,41.453227035000054],[-82.68321022399994,41.45521403600003],[-82.69111122699996,41.45632703500007],[-82.69234422699998,41.45471903500004],[-82.69824622899995,41.45877403600008],[-82.69683822899998,41.460773036000035],[-82.70072123099999,41.46430503600004],[-82.72851123799995,41.45406503300006],[-82.72799923799994,41.451491033000025],[-82.73066223899997,41.45002503200004],[-82.73133023899999,41.45263803300003],[-82.73400323999994,41.452076033000026],[-82.73066323999996,41.462048035000066],[-82.73320223999997,41.460714034000034],[-82.73790024099998,41.44828503200006],[-82.74065524199995,41.45116203200007],[-82.74456024299997,41.45058803200004],[-82.75467524499999,41.44399703000005],[-82.76632124899999,41.44577903000004],[-82.78390925499997,41.45468603100005],[-82.80102226099996,41.46430503200003],[-82.81171826499997,41.47534703300005],[-82.81266826499996,41.46982603200007],[-82.82122526799998,41.469292032000055],[-82.82645426999994,41.473566032000065],[-82.83001927099997,41.47285403200004],[-82.82883926899996,41.45823402900004],[-82.83144526999996,41.45433002800007],[-82.83952627199994,41.450233027000024],[-82.84520327299998,41.449253027000054],[-82.85854127699997,41.44114702500008],[-82.86876127999994,41.44043402400007],[-82.88107528399996,41.44314802400004],[-82.88818828599995,41.43750302300003],[-82.88890728599995,41.43481302200007],[-82.89607128799997,41.43418302200007],[-82.90125028899996,41.43191402100007],[-82.90631428999995,41.42742602000004],[-82.92271429499993,41.421188018000066],[-82.92318929499999,41.41922801700008],[-82.94220430099995,41.41976201700004],[-82.95052330299995,41.42279201700006],[-82.95860430599998,41.43045501800003],[-82.97140331199995,41.44944102100004],[-82.97710031399998,41.454167021000046],[-82.98682531699995,41.451552020000065],[-82.98605531599998,41.44778902000007],[-82.98748231699994,41.44616401900004],[-82.99396031899994,41.445174019000035],[-82.99741831899996,41.44074001800004],[-83.00231132099998,41.43877901700006],[-83.00315731999996,41.43374301600005],[-82.99906131899996,41.43162701600005],[-83.00143031899995,41.428939015000026],[-83.00389131999998,41.428688015000034],[-83.00334231999994,41.43092901600005],[-83.00607932099996,41.428849015000026],[-83.00957432199993,41.42876001500008],[-83.01136232299996,41.43649101600005],[-83.01145032399995,41.44118001700008],[-83.00986832299998,41.44246001800008],[-83.01582332499999,41.44557301800006],[-83.02412032799998,41.44738201800004],[-83.02489732799995,41.44875501800004],[-83.01591032599998,41.450381019000076],[-83.00593332199998,41.44470301800004],[-83.00734232299999,41.44584401800006],[-83.00352932199996,41.44869101900008],[-83.00700332299994,41.45188201900004],[-83.01973932699997,41.454014019000056],[-83.03086533099997,41.45488601900007],[-83.03506133199994,41.45376601800007],[-83.03917133399995,41.459747019000076],[-83.03820233399995,41.46314802000006],[-83.03247833199998,41.464817020000055],[-83.02149832799995,41.46183602000008],[-83.00738832399998,41.46427002200005],[-82.99309931999994,41.45953502100008],[-82.98552231799994,41.46640602300005],[-82.97445531399995,41.46739402400004],[-82.97452831499999,41.46911402400008],[-82.96877231299999,41.47425802500004],[-82.96418531299997,41.48395702700003],[-82.95904631199994,41.48750302800005],[-82.95384530999996,41.48830502900006],[-82.93388530399994,41.486209029000065],[-82.92033729999997,41.48870203000007],[-82.91154329699998,41.487811031000035],[-82.90726529599993,41.488880031000065],[-82.90275329399998,41.48768203100008],[-82.89443029199998,41.489236032000065],[-82.88302928799999,41.48861503200004],[-82.86329428299996,41.49315203400005],[-82.85592628099994,41.49813703500007],[-82.84451727799996,41.50169703600005],[-82.83762527499994,41.499917036000056],[-82.82407727099996,41.490304035000065],[-82.82098726999999,41.491550036000035],[-82.81884826999999,41.499027037000076],[-82.81528326899996,41.50240903800005],[-82.80720226699998,41.505969039000036],[-82.79579326299995,41.504367039000044],[-82.79294126199994,41.50650304000004],[-82.78557325999998,41.505079040000055],[-82.78010625799999,41.505969040000025],[-82.77487725699996,41.504723040000044],[-82.77416425599995,41.50205304000008],[-82.76560825399997,41.50240904000003],[-82.75396225099996,41.51041904200008],[-82.74635624899997,41.51202104300006],[-82.72648024199998,41.511629044000074],[-82.72577624199994,41.50917304300003],[-82.72078324099994,41.50894004400004],[-82.72072523999998,41.501870042000064],[-82.71522223799997,41.496546042000034],[-82.71424123699995,41.48573004000008],[-82.71254823599998,41.48713204000006],[-82.71390823799999,41.50170504300007],[-82.71981523999995,41.510304044000065],[-82.72191824199996,41.51668504500003],[-82.71926024099997,41.52056304600006],[-82.71565123999994,41.52176504600004],[-82.71151223899994,41.52818804800006],[-82.71306923999998,41.53407104900003],[-82.71093923999996,41.536656049000044],[-82.71522024099994,41.538179049000064],[-82.71788224199997,41.541938050000056],[-82.74991125299994,41.54647804900003],[-82.77201425899995,41.54058804700003],[-82.78550026299996,41.54068304600003],[-82.79432826599998,41.54649404700007],[-82.80553027099995,41.56010504900007],[-82.82021127599995,41.57067205000004],[-82.83410528199994,41.58759505200004],[-82.84766128599995,41.58564705100008],[-82.85296128699997,41.58333505100006],[-82.85953528899995,41.576379049000025],[-82.86020428899997,41.57463904900004],[-82.85478428699997,41.57243304900004],[-82.85670328699996,41.56800504800003],[-82.85520128599995,41.56412204700007],[-82.85146628499996,41.56127504700004],[-82.85599528599994,41.55612204600004],[-82.85677428499997,41.54827004400005],[-82.86148628699993,41.54458504300004],[-82.86127928599996,41.54255604300005],[-82.86942628799994,41.53397004100003],[-82.87523328999998,41.52969204000004],[-82.88820429299994,41.52251603800005],[-82.89773229599996,41.519249037000066],[-82.91225629999997,41.51593603600003],[-82.93437330599994,41.514361034000046],[-82.937096307,41.51679403500003],[-82.96964631799995,41.524237034000066],[-82.99877232799997,41.53800003500004],[-82.99992032899996,41.54000603600008],[-83.02807633799995,41.55566403700004],[-83.04756034599995,41.57240403900005],[-83.05291934799999,41.58025304000006],[-83.06120435099996,41.58652004100003],[-83.06149435199995,41.58940704200006],[-83.06659735399995,41.59534804200007],[-83.08604036099996,41.60668804300008],[-83.10393236699997,41.61356604400004],[-83.14589137999997,41.61791204300005],[-83.19452839599995,41.631016043000045],[-83.21476540299994,41.638356043000044],[-83.22274940499994,41.63845904300007],[-83.23637840999999,41.64506804300004],[-83.23493840999998,41.64827004400007],[-83.23764641099996,41.65101604400007],[-83.28305942699996,41.67578604600004],[-83.29997143199995,41.675613045000034],[-83.30591643399998,41.67689404500004],[-83.30870643499998,41.682832046000044],[-83.30450043399998,41.68738204700003],[-83.33561344499998,41.70603004900005],[-83.34182144599998,41.693526047000034],[-83.35094944899998,41.68955104500003],[-83.35243944899997,41.687447045000056],[-83.35695544999999,41.68673704500003],[-83.38072345799998,41.68656004300004],[-83.392634462,41.69195504400005],[-83.39813446299996,41.69035504300007],[-83.40137946399994,41.69159304300007],[-83.40953546699996,41.69125504300007],[-83.41257246699996,41.68922204200004],[-83.41612246899996,41.69111604200003],[-83.42303047099995,41.689400042000045],[-83.43016047299994,41.69082004200004],[-83.43610247499998,41.693659042000036],[-83.43420147499995,41.69632204200008],[-83.41987347099996,41.70292104400005],[-83.428021474,41.712115046000065],[-83.44333047799995,41.705062044000044],[-83.44790847899998,41.70104204300003],[-83.46109148299996,41.69588204100006],[-83.46675448399998,41.69127504000005],[-83.47249348599996,41.69301704000003],[-83.46949448499998,41.69619704100006],[-83.47707748799996,41.69849304100006],[-83.47871648899996,41.70207304100006],[-83.47463648799999,41.70445504200006],[-83.46953748699997,41.718697045000056],[-83.46653148699994,41.72254104600006],[-83.46029348499997,41.727380047000054],[-83.45563048399998,41.72745304700004],[-83.45383648399996,41.73265504800003],[-83.88054361299999,41.72008902400006],[-84.20223719299997,41.71104665400003],[-84.80597689099994,41.69612597300005],[-84.80392386599993,41.43553892700004],[-84.80323883799997,41.12142187100005],[-84.80217480999994,40.80060881300005],[-84.80255178399995,40.50181775800007],[-84.80450877699997,40.41156274200006],[-84.80392176799995,40.31012272300006],[-84.81418373099996,39.81421963100007],[-84.81575870399996,39.477359568000054],[-84.81945569099997,39.30515953500003],[-84.82016167599994,39.10548749700007],[-84.78768466699995,39.115304501000026],[-84.76675366299997,39.13856550600008],[-84.75445365999997,39.14666550800007],[-84.74415365699997,39.14746550900003],[-84.73205265299998,39.14446550900004],[-84.71855264799996,39.13706650800003],[-84.68975163699997,39.104166503000044],[-84.68485163599996,39.100466503000064],[-84.65725062699994,39.095467503000066],[-84.65035062499999,39.09166750300005],[-84.63245061799995,39.07676750100006],[-84.62011661399998,39.073464501000046],[-84.60793261099997,39.07324550100003],[-84.60168660899996,39.07412250200008],[-84.59241260599998,39.07809550300004],[-84.57214860099998,39.082067505000055],[-84.56394859899996,39.08736750600008],[-84.55754859699994,39.09486750800005],[-84.55084859599998,39.09936750900005],[-84.54134859299995,39.09916750900004],[-84.52464858699994,39.092167509000035],[-84.50974758299998,39.093667510000046],[-84.49654757999997,39.10026751200007],[-84.48774757799998,39.11076751400003],[-84.47624757499995,39.11916751600006],[-84.47054657399997,39.12146751700004],[-84.46204657099997,39.12176751700008],[-84.45534656899997,39.120367517000034],[-84.44524656599998,39.114468517000034],[-84.43554556199996,39.10226851500005],[-84.43284555999998,39.09426851300003],[-84.43464555999998,39.08686851200008],[-84.43294555999995,39.08396851100008],[-84.43234555799995,39.06756850800008],[-84.42984555699996,39.058269507000034],[-84.42573455499996,39.05306650600005],[-84.40694554899994,39.045669505000035],[-84.38684454299994,39.045169506000036],[-84.36044353499994,39.04136950700007],[-84.34604352999997,39.036970507000035],[-84.32654352399999,39.02747050600004],[-84.31368451899993,39.01698850400004],[-84.30470251599996,39.00646250300008],[-84.29725951199998,38.98970150000008],[-84.29508050999993,38.968302496000035],[-84.28816850699997,38.955796494000026],[-84.27992050399996,38.94517549200003],[-84.25701449499996,38.92321548900003],[-84.23445748599994,38.89323348400006],[-84.23213648499996,38.88049048200003],[-84.23373148299999,38.85358347700003],[-84.23131048099998,38.83055947200006],[-84.22530447799994,38.81767247000005],[-84.21290847299997,38.805714468000076],[-84.19836246899996,38.800927468000054],[-84.15591645599994,38.79491646900004],[-84.13509244899996,38.78949246900004],[-84.10884043999994,38.77925446800003],[-84.07149542899998,38.77048246800007],[-84.04449042099998,38.77057946900004],[-83.99545140699996,38.78191947400006],[-83.97881840199994,38.787111476000064],[-83.96212739699996,38.78739147600004],[-83.94398239199995,38.78362347700005],[-83.92845838599999,38.774590475000025],[-83.92859538599998,38.772210475000065],[-83.92699038599994,38.771569475000035],[-83.87317236899997,38.76242547600003],[-83.85903236399997,38.756800475000034],[-83.85208936199996,38.75144047400005],[-83.84621135999998,38.742297473000065],[-83.84169335699994,38.724271470000076],[-83.83670035499995,38.71786446900006],[-83.82185834999996,38.709582468000065],[-83.79855334299998,38.70467546800006],[-83.78711733899996,38.699496467000074],[-83.78362433799998,38.69564846700007],[-83.77576533299998,38.666755462000026],[-83.76935132999995,38.65522746000005],[-83.76244932799995,38.65211045900003],[-83.74992432399995,38.64962045900006],[-83.72078331499995,38.64671146000006],[-83.71340931299994,38.64159846000007],[-83.70401030999994,38.639731460000064],[-83.67948830199998,38.630043459000035],[-83.66391529699996,38.627937459000066],[-83.65542929499998,38.629742460000045],[-83.64974129299998,38.63276046100003],[-83.64299829199996,38.64328046300005],[-83.63621229199998,38.670591469000044],[-83.62692628999997,38.67939447100008],[-83.60909928499996,38.685020473000066],[-83.60157628199994,38.68394547300005],[-83.59191627999996,38.68879047400003],[-83.56910227299994,38.69284947600005],[-83.54930226799996,38.698794478000025],[-83.53334326299995,38.70211247900005],[-83.52095725999999,38.70305248000005],[-83.50436925499997,38.69926348000007],[-83.49334625099993,38.69419448000008],[-83.46806324199997,38.67547747700007],[-83.45705923899999,38.67397247700006],[-83.44699323499998,38.67015047700005],[-83.42019822699996,38.66843547800005],[-83.38475921599996,38.66317847800008],[-83.36666521099994,38.65854447800007],[-83.35644920699997,38.654016478000074],[-83.32764019699994,38.637496476000024],[-83.32238719499998,38.63062247500005],[-83.31754619199995,38.609249471000055],[-83.30783618899994,38.60083147000006],[-83.29419718399998,38.59659547000007],[-83.28651818199995,38.59924847000008],[-83.26851417799998,38.61511147400006],[-83.26769817799999,38.61822847500008],[-83.26401517699998,38.62154247600006],[-83.254562175,38.62341047700005],[-83.25110717399997,38.62623147700003],[-83.24557617199997,38.62794347800008],[-83.23240816799995,38.62757647800004],[-83.21103116099994,38.61858547800006],[-83.20245715899995,38.61696347800006],[-83.17265114999998,38.62025948000007],[-83.156930145,38.62055448000007],[-83.14284014099997,38.625083482000036],[-83.13505013899999,38.63172648300008],[-83.12897713799998,38.640238485000054],[-83.12255113799995,38.65920748900004],[-83.11237613599997,38.671692492000034],[-83.10275013299997,38.67732349400006],[-83.08423012799994,38.681097495000074],[-83.06432312199996,38.68898349800003],[-83.05310812,38.695838500000036],[-83.04234211699998,38.708326502000034],[-83.03596811599994,38.72015950500003],[-83.03070611499999,38.725727506000055],[-83.02175611299998,38.728797507000024],[-83.01182010999997,38.730064508000055],[-82.97939909999997,38.72598350900006],[-82.96869909699996,38.72878351000003],[-82.94315108999996,38.74328751400003],[-82.92369808499996,38.750083516000075],[-82.89419707599995,38.75658351800007],[-82.88919707499997,38.75608351900007],[-82.87949607199994,38.75148351800004],[-82.87129606799994,38.73938351600003],[-82.87039606699994,38.72208451300003],[-82.87759606699996,38.69018450600004],[-82.87489606499997,38.68283450500007],[-82.86329506099997,38.66928450300003],[-82.85939505899995,38.660385501000064],[-82.85629505699995,38.64608549900004],[-82.85679505599995,38.63288549600003],[-82.85429505399998,38.613461492000056],[-82.84431005,38.59086948800007],[-82.82016504099994,38.57271048600006],[-82.80011603399998,38.563190485000064],[-82.78978003099996,38.55995848500004],[-82.77947602799998,38.55903048500005],[-82.76369902299996,38.56040648600003],[-82.73096201299995,38.559271487000046],[-82.72485001099994,38.55760748700004],[-82.71414600799994,38.550551486000074],[-82.69662500199996,38.54211948500006],[-82.68996899899997,38.53592748400007],[-82.67572799399994,38.51551148100003],[-82.65705498699998,38.49682347800007],[-82.63771097999995,38.48445647700004],[-82.61847797399997,38.47709647600004],[-82.61046197099995,38.47146447500006],[-82.60409296799997,38.45984847300008],[-82.60076496599999,38.43743246900004],[-82.59348396299998,38.42182846600008],[-82.59348596199999,38.41825946600005],[-82.58758995999995,38.41274846500005],[-82.57161695499997,38.40514546400004],[-82.54980294799998,38.40320946400004],[-82.54020294499998,38.403673465000054],[-82.529582942,38.405189466000024],[-82.50768193599998,38.410789468000075],[-82.48658092999995,38.41808947000004],[-82.43437891499997,38.430089475000045],[-82.40488590699994,38.43935447800004],[-82.38974990199995,38.434362477000036],[-82.38177689999998,38.434790478000025],[-82.34064388799999,38.44095548100006],[-82.33033888499995,38.44450748200006],[-82.32400288399998,38.449275483000065],[-82.31811488199997,38.457883485000025],[-82.31064288199997,38.483179490000055],[-82.30422688099998,38.496315493000054],[-82.30397488199998,38.517690498000036],[-82.29567488099997,38.53849050200006],[-82.29327488199993,38.56029050600006],[-82.29387488299994,38.57269050900004],[-82.29127488299997,38.57899051000004],[-82.27427387899996,38.59369051400006],[-82.26207387499994,38.598190515000056],[-82.24597287099994,38.59849051600003],[-82.22217186299997,38.591391516000044],[-82.20517485799996,38.59172651600005],[-82.18877085299994,38.59499151800003],[-82.17727084999996,38.60379152000007],[-82.17206984999996,38.61929152300007],[-82.17267085099996,38.629691525000055],[-82.17907085399997,38.64889052900003],[-82.18557085699996,38.65959053000006],[-82.18607085699995,38.66679053200005],[-82.19087085999996,38.680390534000026],[-82.19017085999997,38.68738953600007],[-82.18247085899998,38.708789540000055],[-82.19560986599998,38.752448548000075],[-82.20154086899998,38.76037954900005],[-82.21661787399995,38.768357550000076],[-82.22045287499998,38.773746551000045],[-82.22156987699998,38.78719455400005],[-82.21727287599998,38.795687556000075],[-82.20929387399997,38.80267955700003],[-82.19117586899995,38.81514456100007],[-82.17948186599995,38.81738356200003],[-82.16157386099997,38.82463956400005],[-82.14487085699994,38.84048756800007],[-82.13922785699998,38.86502757300008],[-82.14527085999998,38.88348657600005],[-82.14317086099999,38.89808657900005],[-82.12886985699998,38.909986582000045],[-82.11166985399996,38.93258658700006],[-82.10906885399999,38.94558659000006],[-82.09486885099994,38.96458559400003],[-82.09156885099998,38.97378559600003],[-82.05156683999996,38.99438560200008],[-82.04566683899998,39.00378560400003],[-82.04156683899998,39.01788560700004],[-82.03596683799998,39.025485608000054],[-82.01756583199995,39.03008561000007],[-82.00706582899994,39.02958561000003],[-82.00226482799997,39.027885610000055],[-81.99496482499995,39.02248561000005],[-81.98706482199998,39.01198560800003],[-81.98376481999998,39.005485607000026],[-81.98203581899998,38.99570460500007],[-81.97937481799994,38.99320060500003],[-81.96777281499999,38.99296260500006],[-81.95145080999998,38.99603960600007],[-81.94183280699997,38.99330260600004],[-81.93318980399994,38.98766660500007],[-81.90059878999995,38.93767859700006],[-81.89847378899998,38.92961059600003],[-81.90091378999995,38.924345595000034],[-81.92667479599999,38.90131858900003],[-81.92800379599998,38.893499587000065],[-81.91031578899998,38.879301585000064],[-81.89854478499996,38.87458958500008],[-81.88923678199995,38.87428658500005],[-81.85597477399995,38.89274159000007],[-81.84865677199997,38.90141459200004],[-81.84531577199994,38.91009559400004],[-81.84448977299996,38.92875359800007],[-81.83151976999994,38.943704601000036],[-81.82735776899995,38.94590560200004],[-81.81969576699998,38.94702360200006],[-81.81423876499997,38.94617560300003],[-81.80614076199998,38.94211960200005],[-81.796379759,38.93250560100006],[-81.78565075499995,38.92620060000007],[-81.77410975099997,38.92297260000004],[-81.76266274799997,38.924128600000074],[-81.75850974699995,38.92794960100008],[-81.75613474599999,38.93355260300007],[-81.75697874699995,38.937159603000055],[-81.76101974799997,38.938010603000066],[-81.76708675099997,38.946336605000056],[-81.77884875499996,38.95589960600006],[-81.78182375599994,38.96494260800006],[-81.77573775599996,38.980744611000034],[-81.77672675599996,38.98514961200004],[-81.77406575599997,38.99368961400006],[-81.76515675399997,39.00258661600003],[-81.76425675499996,39.01528661800006],[-81.77285775799999,39.02618662000003],[-81.80335876899994,39.04768562300006],[-81.81165877199999,39.05958562500007],[-81.81385877399998,39.07928562800004],[-81.810658774,39.083285629000045],[-81.80305877099994,39.083885630000054],[-81.78555776599995,39.07858563000008],[-81.77555776299994,39.07838563000007],[-81.76075675899995,39.08408563200004],[-81.74725675499997,39.095385634000024],[-81.74295675499997,39.10658563700008],[-81.74215675499994,39.11678463900006],[-81.74484175699996,39.13090564200007],[-81.74356875699993,39.141940644000044],[-81.74462475799999,39.148420645000044],[-81.75625776399994,39.17728365000005],[-81.75575776399995,39.180983651000076],[-81.75275776299998,39.18468365200005],[-81.74153675999997,39.18960365300006],[-81.73708875899996,39.193843654000034],[-81.73336075899994,39.205875657000036],[-81.72697675799998,39.215075659000036],[-81.70091174999999,39.22085166100004],[-81.69239874799996,39.22645066200005],[-81.69107074799996,39.23014666300003],[-81.69663975099996,39.246130666000056],[-81.69638375099998,39.257042668000054],[-81.68363074899997,39.27094667100005],[-81.67019074499996,39.275970673000074],[-81.64318173699996,39.27720267400008],[-81.62130872999995,39.273650675000056],[-81.60841172599999,39.27605067600007],[-81.60335572499997,39.27553867600005],[-81.58556271899994,39.268754675000025],[-81.57025071399994,39.26768267600005],[-81.56525071299995,39.276182677000065],[-81.56505071399994,39.29388168100007],[-81.55755071499993,39.338781690000076],[-81.54234971199998,39.35288169300003],[-81.53447370999999,39.35824169500006],[-81.52431270699998,39.36161769600005],[-81.50319270099999,39.37324969900004],[-81.48904769799998,39.38408170200006],[-81.47319169399998,39.40017770600008],[-81.45614668999997,39.40928170800004],[-81.44654668699997,39.410381709000035],[-81.43564568299996,39.40848170900006],[-81.41270967499997,39.394625707000046],[-81.40669267299995,39.38809770600005],[-81.39379766599995,39.35171370000006],[-81.38455966299995,39.34345669800007],[-81.37596465999997,39.34170469800006],[-81.35691465499997,39.34318570000005],[-81.34757065199994,39.34577770000004],[-81.29752063899997,39.374385708000034],[-81.28140863399994,39.37926571000003],[-81.27071963099996,39.38592171200003],[-81.24184362299997,39.39028371400008],[-81.22358461699997,39.38606971400003],[-81.21731861499995,39.38759771400004],[-81.21165761399999,39.39298471500007],[-81.21143661499997,39.40203871700004],[-81.20823461399993,39.40715471800007],[-81.19071760999998,39.423569722000025],[-81.18594960899998,39.43073872400004],[-81.17063760499997,39.43918272600007],[-81.15253759999996,39.44318272800007],[-81.13813759499999,39.44378272800003],[-81.13253759399998,39.446282729000075],[-81.11443658999997,39.46628273400006],[-81.10083658699995,39.48718273800006],[-81.07059757999997,39.51599874500005],[-81.05198557499995,39.52931774900003],[-81.04490557299994,39.53630775000005],[-81.03017256999993,39.54521875300003],[-81.02005856699998,39.555417755000065],[-80.99369855999998,39.57126075900004],[-80.97043955499998,39.59013476400003],[-80.93690954599998,39.61262377000003],[-80.92584454299998,39.617403771000056],[-80.91762353999997,39.61871077200004],[-80.89221153299997,39.61676377300006],[-80.88036352899996,39.62071377400008],[-80.87600552799995,39.62709177500005],[-80.866650527,39.652623781000045],[-80.86633352899997,39.68317478600005],[-80.86370152899997,39.69173178800003],[-80.85200352599998,39.69856779000003],[-80.84472452399996,39.69944779100007],[-80.83388552099996,39.70350479200005],[-80.82976751999996,39.71184679400005],[-80.83155452099999,39.71948279500003],[-80.83660052299996,39.72393279600004],[-80.84609452699993,39.73781979800003],[-80.85472052999995,39.74259979800007],[-80.86534253399998,39.753258800000026],[-80.86993653599995,39.763562802000024],[-80.86909553599997,39.76637180200004],[-80.86305153499995,39.775204804000055],[-80.83531452799997,39.79069780900005],[-80.82608252499995,39.79859181000006],[-80.82218452499995,39.811715813000035],[-80.82248352599998,39.824978816000055],[-80.82623152799994,39.83580981800003],[-80.82612752899996,39.84424581900004],[-80.82128252799998,39.849989821000065],[-80.81643352699996,39.85303982100004],[-80.79990152199997,39.858919823000065],[-80.79076451999998,39.86728782500006],[-80.79015951999997,39.87225982600006],[-80.79399252199994,39.882794828000044],[-80.80234252499997,39.89161782900004],[-80.80901452799998,39.90323383100008],[-80.80928652899996,39.91032183300007],[-80.80602152799997,39.91713783400007],[-80.80339752699996,39.918769835000035],[-80.79571752499999,39.91969783500008],[-80.78285252099994,39.91716983500004],[-80.77264451699995,39.911313834000055],[-80.76259551399994,39.90891383400003],[-80.75929951299997,39.90947383500003],[-80.75643551299999,39.91393783600006],[-80.75678751299995,39.92059383700007],[-80.76131551499998,39.929105838000055],[-80.76448251799997,39.95025784200004],[-80.75853051699994,39.95924884400006],[-80.74012951199995,39.97080084700008],[-80.73872051199999,39.985120850000044],[-80.74190451499999,40.007936854000036],[-80.73739251499995,40.02760085800003],[-80.73150751399999,40.037479860000076],[-80.73090751399997,40.046679862000076],[-80.73310751599996,40.05877986400003],[-80.73710751799996,40.064979865000055],[-80.73860751899997,40.075679867000076],[-80.73680751899997,40.08007986800004],[-80.73070751699998,40.08647987000006],[-80.71300651299998,40.096879873000034],[-80.70910551199995,40.10147987400006],[-80.70670551199998,40.11087987600007],[-80.71055751399996,40.125278878000074],[-80.710045515,40.13831888100003],[-80.70460551399998,40.154830884000035],[-80.68614051099996,40.18161489000005],[-80.67260350699996,40.19237889300007],[-80.66810350699996,40.199678894000044],[-80.66154650699997,40.22980590000003],[-80.65210150499996,40.24497790400005],[-80.644601503,40.25127790500005],[-80.62250049699998,40.261777908000056],[-80.61930049599994,40.265177909000045],[-80.61619949599998,40.27227791000007],[-80.61679949699999,40.285276913000075],[-80.61489949699995,40.29197691400003],[-80.60289849399999,40.307076918000064],[-80.59989849399994,40.31767692000005],[-80.60289849599997,40.32787692100004],[-80.61079949899994,40.340875924000045],[-80.61279950099998,40.34767592500003],[-80.60759850099998,40.369575929000064],[-80.60969850199996,40.37497593000006],[-80.61919950499998,40.38177593100005],[-80.63074350899996,40.38490793100004],[-80.63359950999995,40.390474932000075],[-80.63219950999996,40.39367493300006],[-80.61519850499997,40.39987493500007],[-80.61219850399993,40.40267493500005],[-80.61229850699993,40.43487494100003],[-80.59609750399994,40.463373947000036],[-80.59549750499997,40.47527395000003],[-80.59919750599994,40.48257395100006],[-80.60906150999995,40.48951395200004],[-80.61800651399994,40.50205695400007],[-80.62751051899994,40.535800960000074],[-80.63311052099994,40.538712960000055],[-80.65243952899993,40.56255196400008],[-80.66692053399998,40.573671965000074],[-80.66796053499996,40.58250396700004],[-80.66256753399995,40.59160796900005],[-80.65171953099997,40.59775197000005],[-80.63435852699996,40.61610297500005],[-80.62717452499999,40.61994397600006],[-80.59876751699994,40.62527097800006],[-80.59205251499998,40.622503978000054],[-80.58363651199994,40.615527977000056],[-80.57673950899994,40.61423197700003],[-80.56784350699996,40.61755997800003],[-80.56072350499994,40.62368797900007],[-80.55112950299997,40.628854981000075],[-80.54589550099996,40.629709981000076],[-80.53274049799995,40.635597983000025],[-80.52566349499995,40.63607598300007],[-80.51899449399997,40.638808984000036]]]]}},{"type":"Feature","properties":{"shapeName":"Wisconsin","shapeISO":"US-WI","shapeID":"66186276B91272823970344","shapeGroup":"USA","shapeType":"ADM1"},"geometry":{"type":"MultiPolygon","coordinates":[[[[-86.95617293199996,45.35549746200007],[-86.95613493099995,45.34227546000005],[-86.94809292699995,45.33530446000003],[-86.93175392199998,45.33239146000005],[-86.92717491999997,45.329703460000076],[-86.91820791599997,45.317029459000025],[-86.91059891299994,45.314019459000065],[-86.90671091199994,45.31046445800007],[-86.90304390999995,45.302061457000036],[-86.90490390999997,45.29684745600008],[-86.89989690799996,45.29519345600005],[-86.89707990699998,45.296069457000044],[-86.90038590999995,45.31150345900005],[-86.90867291299998,45.31663245900006],[-86.90914091399998,45.32279246000007],[-86.90317491299999,45.33312046200007],[-86.900448913,45.33602646300005],[-86.89148990999996,45.33819946400007],[-86.87512290499996,45.33087846400008],[-86.86646090299996,45.33569246500008],[-86.86550490299999,45.34098946600005],[-86.86859990499994,45.34955746700007],[-86.86774890499998,45.35307346700006],[-86.86360890399999,45.35590446800006],[-86.86356890499997,45.364896470000076],[-86.85310890299996,45.37086947100005],[-86.84940990099994,45.37014447100006],[-86.84112090099995,45.38661947400004],[-86.82438889799994,45.40614347800005],[-86.81807889699996,45.40815547900007],[-86.80830889299995,45.40607547900004],[-86.80542089299996,45.407332480000036],[-86.81006089599998,45.42262748200005],[-86.81707489899998,45.426971482000056],[-86.82866690199995,45.428547482000056],[-86.83090590299997,45.42603148100005],[-86.82914890099994,45.41649848000003],[-86.83035890099995,45.410860479000064],[-86.85315090699999,45.405555476000075],[-86.86147790999996,45.41207547700003],[-86.87750791499997,45.41398947600004],[-86.89289891999994,45.40898847500006],[-86.91427392599996,45.40823547300005],[-86.91898792699999,45.404652472000066],[-86.92350392799995,45.397310471000026],[-86.92920792899997,45.39897847100008],[-86.92706892999996,45.40915847300005],[-86.93051693199999,45.41754447400007],[-86.93428193399996,45.42115747400004],[-86.93739893499998,45.42097447400005],[-86.94304693599997,45.41525847300005],[-86.95520993599996,45.38372946700008],[-86.94751593099994,45.366442465000034],[-86.94630292999994,45.35869846400004],[-86.94827792999996,45.35569046300003],[-86.95463993199996,45.358577463000074],[-86.95617293199996,45.35549746200007]]],[[[-86.95791492799998,45.315075456000045],[-86.96051692799995,45.311068455000054],[-86.95722792699996,45.304764454000065],[-86.94416592199997,45.300640455000064],[-86.94317092199998,45.304628455000056],[-86.94760692399996,45.31232945600004],[-86.95791492799998,45.315075456000045]]],[[[-87.21192798899995,45.18135342000005],[-87.21385898899996,45.17865141900006],[-87.21168998899998,45.176327419000074],[-87.20788798699994,45.176159419000044],[-87.20669898799997,45.18051542000006],[-87.21192798899995,45.18135342000005]]],[[[-87.27054700499997,45.16603541400008],[-87.26802100299994,45.15672041200003],[-87.26326700199996,45.15672041300007],[-87.26279200199997,45.161245413000074],[-87.26588100399994,45.16526741400003],[-87.26398000399996,45.17230541500004],[-87.25589900199998,45.176159416000075],[-87.25780000299994,45.17984541700008],[-87.26778300499996,45.17398141500007],[-87.27054700499997,45.16603541400008]]],[[[-87.37755403999995,45.18393241000007],[-87.37678403899997,45.177307409000036],[-87.32729202099995,45.15737240900006],[-87.33798402599996,45.17001841000007],[-87.33861102699996,45.175824411000065],[-87.33580002699995,45.18017441200004],[-87.33480902899998,45.19642941500007],[-87.33725302999994,45.20103741500003],[-87.33235002899994,45.20639241600003],[-87.33416602999995,45.21167841700003],[-87.33704503099995,45.21168141700008],[-87.34393403299998,45.20756941600007],[-87.34634803299997,45.20202541500004],[-87.35446103499999,45.197781414000076],[-87.36071503699998,45.19836241300004],[-87.36325903799997,45.20226141400008],[-87.36558403899994,45.20285641400005],[-87.36900503899994,45.198488413000064],[-87.37661804099997,45.198181412000054],[-87.37438003999995,45.189374411000074],[-87.37755403999995,45.18393241000007]]],[[[-87.50619006399995,45.05957338300004],[-87.49015705799997,45.055047383000044],[-87.49642106099998,45.061080383000046],[-87.50619006399995,45.05957338300004]]],[[[-90.46547221999998,47.00260147900008],[-90.46724521999994,46.99428747800005],[-90.44867721499998,46.99944948000007],[-90.44108821199995,46.99835348000005],[-90.43140420999998,47.00145848200003],[-90.42070820799995,47.01231748400005],[-90.41343520599997,47.013178484000036],[-90.40882420499997,47.01734148500003],[-90.40350620499999,47.02537448700008],[-90.40603620699994,47.036471488000075],[-90.40069420699996,47.044684490000066],[-90.39886920799995,47.053037491000055],[-90.39432620699995,47.057836492000035],[-90.39325420799997,47.06885549400005],[-90.39596420999999,47.072116494000056],[-90.393513209,47.07532249500008],[-90.39537420999994,47.07718349500004],[-90.40193921199995,47.07689149400005],[-90.40982221399997,47.07407749300006],[-90.41727921699999,47.07757849300003],[-90.43727822199997,47.07349149100003],[-90.44908222499998,47.066021489000036],[-90.45713522399996,47.04406648600008],[-90.45525821999996,47.024008483000046],[-90.45746021899998,47.01279148100008],[-90.46547221999998,47.00260147900008]]],[[[-90.51706421699998,46.87598045800007],[-90.49445320899997,46.87003745800007],[-90.47442420399994,46.87503846100003],[-90.47205120399997,46.88157446200006],[-90.46744520299995,46.881801462000055],[-90.458411201,46.888971464000065],[-90.44977519899999,46.892723465000074],[-90.44773819899996,46.89621846500006],[-90.45046219999995,46.89891146600007],[-90.45854220299998,46.89733046500004],[-90.48585120899997,46.88748546200003],[-90.49701521199995,46.88602846100008],[-90.50508821399995,46.88085945900008],[-90.51706421699998,46.87598045800007]]],[[[-90.57551325799994,47.033872476000056],[-90.57506325699995,47.02930947500005],[-90.56985225499994,47.02714347600005],[-90.56795825199998,47.00957247300005],[-90.56332324899995,46.99657147200003],[-90.55868124699998,46.99619047200008],[-90.54649124499997,47.00533547400005],[-90.54488324599998,47.017392476000055],[-90.56628525499997,47.03096347600007],[-90.56220725499998,47.03993447800008],[-90.56451425599994,47.04058947800007],[-90.56985225699998,47.038807477000034],[-90.57551325799994,47.033872476000056]]],[[[-90.59086026699998,47.06524647900005],[-90.58943826599995,47.05895347900008],[-90.58473926499994,47.06260048000007],[-90.58295426499996,47.069146481000075],[-90.58652426799995,47.07568848100004],[-90.58958726799995,47.07240948100008],[-90.59086026699998,47.06524647900005]]],[[[-90.62499426799997,47.003970468000034],[-90.62721726899997,47.00262246800003],[-90.62204726599998,46.99334446700004],[-90.61745426399995,46.98943446700008],[-90.60972526199998,46.991215468000064],[-90.60667626099996,46.99438846800007],[-90.60317926099998,46.99538146900005],[-90.60258426099995,47.00251847000004],[-90.60597926299994,47.00705047000008],[-90.618212267,47.00800546900007],[-90.62499426799997,47.003970468000034]]],[[[-90.65254928099995,47.034047471000065],[-90.65183727999994,47.02997347000007],[-90.64638527799997,47.02568547000004],[-90.64184527699996,47.02512447000004],[-90.63973027599997,47.026333471000044],[-90.63806627599996,47.02827747100008],[-90.63979727699996,47.032231471000046],[-90.63648927699995,47.03642747200007],[-90.63708427699999,47.038212472000055],[-90.64363027999997,47.041184472000054],[-90.64876227999997,47.035567471000036],[-90.65254928099995,47.034047471000065]]],[[[-90.65427026499998,46.922348455000076],[-90.65481626499997,46.91954345400006],[-90.65075426299995,46.91422745400007],[-90.64415125999994,46.908387454000035],[-90.63909425799994,46.90649545400004],[-90.61762625199998,46.91101545600003],[-90.61443125199997,46.91261245600003],[-90.61096425199997,46.91968545700007],[-90.60708425099995,46.921233458000074],[-90.60166524899995,46.920183458000054],[-90.59544424599994,46.915135458000066],[-90.58530124299995,46.91572345900005],[-90.58054824199996,46.91750945900003],[-90.576485242,46.92136246000007],[-90.56890123999995,46.923191461000044],[-90.56200923699998,46.92221746100006],[-90.55083823299998,46.91523646100006],[-90.54917423199998,46.91296346100006],[-90.55250123199994,46.90776746000006],[-90.54452222999998,46.908601461000046],[-90.53746822799997,46.91196846100007],[-90.54358623099995,46.91442746100006],[-90.54583623199994,46.91873146200004],[-90.54717923299995,46.92409646300007],[-90.54441523299994,46.93148846400004],[-90.53947523199997,46.93357846400005],[-90.52540622799995,46.93260546500005],[-90.52012622799998,46.945031467000035],[-90.50900622599994,46.954025469000044],[-90.50710522599996,46.95775647000005],[-90.52330523199998,46.96761247000006],[-90.52881123399999,46.968505470000025],[-90.55801224199996,46.95966846700003],[-90.57647224699997,46.95847246500006],[-90.60116025399998,46.95246546300007],[-90.61786325699995,46.94461446100007],[-90.62879026099995,46.94438646000003],[-90.63713226299996,46.94194745900006],[-90.65427026499998,46.922348455000076]]],[[[-90.67845027699997,46.956435458000044],[-90.67159227399998,46.948983457000054],[-90.66120927199995,46.95324945900006],[-90.65327826999999,46.95759446000005],[-90.64851626899997,46.96320846100008],[-90.64082126699998,46.96567046200005],[-90.63410926599994,46.97099046300008],[-90.63412926799998,46.979637464000064],[-90.63696526899997,46.98114446400007],[-90.64296626999999,46.98103446400006],[-90.65492927299994,46.97694146300006],[-90.65837027399994,46.97258946200003],[-90.66872727599997,46.96700246000006],[-90.67270727599998,46.96014845900004],[-90.67845027699997,46.956435458000044]]],[[[-90.69300029299995,47.03107146800005],[-90.69272929099998,47.02208846600007],[-90.67932128699994,47.018582467000044],[-90.678913288,47.024086468000064],[-90.67157928699999,47.034919470000034],[-90.66991528699998,47.04091347100007],[-90.65042528299995,47.04965947300008],[-90.646787282,47.05450747400005],[-90.65705828499995,47.05294147300003],[-90.66445128699996,47.047135472000036],[-90.67753528999998,47.04475447100003],[-90.68340829199997,47.04528847000006],[-90.68868629299999,47.043230470000026],[-90.69300029299995,47.03107146800005]]],[[[-90.70271527399996,46.886979446000055],[-90.70263827399998,46.88396844600004],[-90.69677327199997,46.879831446000026],[-90.68968126899995,46.87897544600003],[-90.67320126499999,46.88328744800003],[-90.66744826399997,46.89136345000003],[-90.67107926599994,46.89449345000003],[-90.67791326799994,46.89586644900004],[-90.70271527399996,46.886979446000055]]],[[[-90.71178014699996,46.987599904000035],[-90.71203629199994,46.98526846000004],[-90.70728228999997,46.98288846000003],[-90.69478528599996,46.98288846100007],[-90.69225728599997,46.98613846100005],[-90.66921228099994,47.00013846500008],[-90.68051128599996,47.00727946500007],[-90.69657129099994,47.00846946400003],[-90.70549729199996,47.00073346200003],[-90.71178014699996,46.987599904000035]]],[[[-90.73087231199997,47.08001447200007],[-90.73004630899999,47.06562247000005],[-90.72674530799998,47.062138470000036],[-90.72198030599998,47.06321747000004],[-90.72077930799998,47.07329847200003],[-90.72399830899997,47.077950472000055],[-90.72871631099997,47.080629472000055],[-90.73087231199997,47.08001447200007]]],[[[-90.76325710299994,46.83330054800007],[-90.75991028299995,46.83091243500007],[-90.75167028099997,46.833179435000034],[-90.73277627799996,46.84757043900004],[-90.72256227599996,46.860222441000076],[-90.72051727699994,46.86568544200003],[-90.72663727899999,46.87236344300004],[-90.73023928099997,46.87347444300008],[-90.73599028199999,46.87284544200003],[-90.74948828499998,46.86247744000008],[-90.75785728499994,46.85041843700003],[-90.76325710299994,46.83330054800007]]],[[[-90.76529630199997,46.94702945100005],[-90.76261029999995,46.94169345000006],[-90.75530329799994,46.93697945000008],[-90.75420329599996,46.92989844900006],[-90.74852929399998,46.92734044900004],[-90.73670328799994,46.91345044800005],[-90.69325527599995,46.91616145100005],[-90.68899527499997,46.917469452000034],[-90.69083127699997,46.92903445300004],[-90.69449627899996,46.93671845400007],[-90.70549628399993,46.94451045400007],[-90.715652289,46.958371456000066],[-90.72760929199995,46.95825745500008],[-90.73425029499998,46.959761455000034],[-90.74055429699996,46.964215455000044],[-90.76529630199997,46.94702945100005]]],[[[-90.77693131699994,47.02433146100003],[-90.77401431599998,47.02150146100007],[-90.77354431399993,47.01175045900004],[-90.76798931099995,47.00233545800006],[-90.76021030899994,47.002082459000064],[-90.75545130699999,46.99933745900006],[-90.75053030599997,47.00026845900004],[-90.74874130499995,46.99889845900003],[-90.74763630499996,47.002836460000026],[-90.74003130399996,47.00915746100003],[-90.73843330399995,47.01401946200008],[-90.74026830499997,47.01904246300006],[-90.744305307,47.02139646300003],[-90.74565830799997,47.02641746300003],[-90.74978730899994,47.02608946300006],[-90.75891731299998,47.03472746300008],[-90.77069131599995,47.03006046200005],[-90.77345731599996,47.02574646100004],[-90.77693131699994,47.02433146100003]]],[[[-90.79156928599997,46.78499142600003],[-90.79097228499995,46.78138142500006],[-90.78309328199998,46.77294742500004],[-90.78214228099995,46.76796342400007],[-90.78929728099996,46.758987422000075],[-90.78790127999997,46.752781421000066],[-90.77123527499998,46.75304242300007],[-90.76365427299999,46.75493542300006],[-90.75287427099994,46.76076342500005],[-90.74861426999996,46.76595242600007],[-90.73943226799997,46.768029427000045],[-90.72394526499994,46.78174543000006],[-90.71646326399997,46.785426431000076],[-90.69647225699998,46.78204843200007],[-90.65718624599998,46.78880843600007],[-90.65222624599994,46.794519437000076],[-90.65292324599994,46.79776343700007],[-90.65531724699997,46.79918143700007],[-90.67005625199994,46.79950443600006],[-90.67532825399996,46.80539543700007],[-90.67681225599995,46.812610438000036],[-90.67385425599997,46.81967843900003],[-90.64263224799998,46.827783442000054],[-90.61382923999997,46.837950446000036],[-90.58449623199994,46.839833448000036],[-90.57827022999999,46.84166144900007],[-90.57487522999998,46.84534344900004],[-90.57015122899998,46.846346450000055],[-90.57001322899998,46.84970445000005],[-90.58034323299995,46.85354545000007],[-90.58739923599995,46.85806445000003],[-90.60255924199998,46.872714451000036],[-90.61645924699997,46.874474451000026],[-90.62205524799998,46.872880450000025],[-90.63405524999996,46.86440444800007],[-90.64322525199998,46.853852446000076],[-90.65695325399997,46.84348444300008],[-90.67537125799998,46.833937441000046],[-90.71238826699994,46.82075143600008],[-90.72093926899998,46.81590543500005],[-90.72782527099997,46.81044243400004],[-90.72855326999996,46.804364433000046],[-90.73300827099996,46.80022743200004],[-90.75245127599999,46.798110430000065],[-90.76708027999996,46.79148242800005],[-90.78626128499997,46.78825242700003],[-90.79156928599997,46.78499142600003]]],[[[-90.80495431799994,46.97331345200007],[-90.80590831799998,46.970456451000075],[-90.80161631599998,46.96885545100008],[-90.78972631299996,46.969979452000075],[-90.79097431399998,46.97253345200005],[-90.78897231299999,46.975783453000076],[-90.78450331199997,46.97824245400005],[-90.78878031399995,46.98092745400004],[-90.79723031699996,46.979965453000034],[-90.79829331599996,46.97568945200004],[-90.80495431799994,46.97331345200007]]],[[[-90.87859834299996,46.99132644900004],[-90.87634234099994,46.98497044800007],[-90.87027933899998,46.983381448000046],[-90.859687335,46.97640344800004],[-90.85635333399995,46.97640344800004],[-90.851027333,46.98305745000005],[-90.85127433399998,46.98539645000005],[-90.85650733499995,46.98674945000005],[-90.86338733699995,46.98532744900007],[-90.87123033999995,46.986949449000065],[-90.87586134199995,46.99210844900006],[-90.87859834299996,46.99132644900004]]],[[[-90.98210837299996,46.98586344100005],[-90.98389437199995,46.979321440000035],[-90.98032336999995,46.97158543900008],[-90.97381736799997,46.97221444000007],[-90.97083036699996,46.97034744000007],[-90.96583436399999,46.962199439000074],[-90.96188336299997,46.96147243900003],[-90.95299836099997,46.964142440000046],[-90.94641835899995,46.96266244000003],[-90.93196335399995,46.963125441000045],[-90.93035835499995,46.96742344200004],[-90.93447435799999,46.98247644400004],[-90.92380035599996,46.987919445000045],[-90.93090335999995,47.002105447000076],[-90.93749236199994,47.00311344600004],[-90.93790936099998,46.99646144500008],[-90.950298364,46.990320444000076],[-90.95593236599996,46.991215443000044],[-90.98210837299996,46.98586344100005]]],[[[-91.03784338299994,46.94461443100005],[-91.03641738199997,46.940882431000034],[-91.03427838199997,46.94429043100007],[-91.03570438299994,46.94623743200003],[-91.03784338299994,46.94461443100005]]],[[[-90.41814314199996,46.56610242000005],[-90.43760314699995,46.56150041800004],[-90.47376715999997,46.57418641800007],[-90.50591617199996,46.58962241800003],[-90.51281017399998,46.59000341700005],[-90.52550517699996,46.58693441600008],[-90.53796917999995,46.581089414000076],[-90.55814818699997,46.586392414000045],[-90.58625619699995,46.59987141400006],[-90.69472823899997,46.66441041500008],[-90.76213626599997,46.71024941700006],[-90.77572627199999,46.72404141800007],[-90.78443227599996,46.729383418000054],[-90.80111528099997,46.73159441800004],[-90.80777028299997,46.73175741700004],[-90.80869228299997,46.72939441700004],[-90.78828127599996,46.72621841800003],[-90.77663427199997,46.719863418000045],[-90.76702226699996,46.70784641700004],[-90.74787525999994,46.697046416000035],[-90.71127224499998,46.67147941500008],[-90.71222324499996,46.66593441400005],[-90.74400725499999,46.670532413000046],[-90.74809725599994,46.66982541200008],[-90.76166125899994,46.661693410000055],[-90.76094825899997,46.66038841000005],[-90.746211255,46.663977412000065],[-90.73955625199994,46.65973641200003],[-90.73765525099998,46.65533141100008],[-90.74787525299996,46.65157941000007],[-90.770199258,46.63613540600005],[-90.79478226299995,46.62494940300007],[-90.82246327099995,46.619479400000046],[-90.86180727999994,46.60366039500008],[-90.87316128299994,46.60123139400008],[-90.87527128399995,46.601958394000064],[-90.90559029099995,46.58639339000007],[-90.90557929,46.58353238900003],[-90.91827329399996,46.58307838800005],[-90.94156230199997,46.58924338700007],[-90.94507030299997,46.588982387000044],[-90.94792130399998,46.59152438700005],[-90.94681330399999,46.59346638800008],[-90.94962830599997,46.60298338900003],[-90.93868730399998,46.60833039000005],[-90.92898130199995,46.618087392000064],[-90.92185730199998,46.62852039400008],[-90.92084230299997,46.63735939600008],[-90.91550530199999,46.64542239700006],[-90.91515930399999,46.65841839900003],[-90.91128830399998,46.66309140000004],[-90.90002030099998,46.666879401000074],[-90.88786929699995,46.667190402000074],[-90.87816129599997,46.67673240400006],[-90.86847529399995,46.68038340600003],[-90.85383629099994,46.693465408000066],[-90.85271129199998,46.69959040900005],[-90.87040329999996,46.72330141200007],[-90.88340330799997,46.746995414000025],[-90.88502830999994,46.756349415000045],[-90.86659330499998,46.76441641800005],[-90.86234030499998,46.76814341800008],[-90.859452305,46.77399342000007],[-90.86354930699997,46.78057342000005],[-90.85702930599996,46.78587642100007],[-90.85653830599995,46.78889342200006],[-90.85073730399995,46.790253422000035],[-90.84406730199998,46.788953423000066],[-90.83561429999997,46.78976742300006],[-90.82806429899995,46.797423425000034],[-90.82570329899994,46.80386642600007],[-90.82136629799999,46.80699242700007],[-90.81380129599995,46.808416428000044],[-90.81222429599995,46.81358142800008],[-90.79894329399997,46.82315143100004],[-90.79327029299998,46.832350432000055],[-90.79364129399994,46.83544843300007],[-90.78530729299996,46.84263743400004],[-90.78828129399994,46.845494435000035],[-90.788281295,46.85280943600003],[-90.78097929399996,46.85899743700003],[-90.77259429299994,46.871173439000074],[-90.77017729299996,46.87630444000007],[-90.77116829399995,46.882546441000045],[-90.76831629399999,46.88449544200006],[-90.76157429099999,46.88317844200003],[-90.75474128999997,46.88488844300008],[-90.75103828899995,46.887971443000026],[-90.75086528999998,46.89304344400006],[-90.75455929199995,46.89827844400003],[-90.76786129699997,46.90814844500005],[-90.78043730099995,46.90901944400008],[-90.78322630199995,46.91205344400004],[-90.78303430299997,46.92057244600005],[-90.79211530799995,46.93379144700003],[-90.799831311,46.93738644700005],[-90.80556131299994,46.93784144600005],[-90.81498231499995,46.93101644500007],[-90.824883318,46.93255844400005],[-90.83011231999996,46.935967445000074],[-90.82926532099998,46.94856144600004],[-90.83172632299994,46.95387944700008],[-90.83772332499996,46.95744644700005],[-90.84675032799998,46.958683447000055],[-90.85588133099998,46.96224044600007],[-90.86390633399998,46.96267044600006],[-90.87962833799997,46.958096444000034],[-90.88097933699999,46.95168944300008],[-90.88333633799994,46.94984644300007],[-90.90860534399997,46.941313440000044],[-90.91384534499997,46.93340843800007],[-90.92181834699994,46.93133043700004],[-90.93097434999999,46.93238943700004],[-90.94854135599996,46.93820943700007],[-90.95454435699997,46.93843743600007],[-90.96487236099995,46.943788436000034],[-90.96842636199995,46.94391843600005],[-90.97376236399998,46.94131243500004],[-90.98462436499995,46.92561043200004],[-90.99515636599995,46.91758543000003],[-90.99885536699998,46.91598343000004],[-91.00520636899995,46.91621142900004],[-91.01914837299995,46.91151042800004],[-91.03452537599998,46.90306142600008],[-91.03662937499996,46.89360242400005],[-91.03989737599994,46.88923842300005],[-91.05299837799998,46.88133342100008],[-91.06822738199998,46.87831742000003],[-91.08095838699995,46.883617420000064],[-91.09092338999994,46.88267841900006],[-91.09372138999998,46.87989041800006],[-91.09657238799997,46.86153841500004],[-91.10549739099997,46.85762841400003],[-91.12311639599994,46.85618141300006],[-91.13495539999997,46.85899441200007],[-91.13651939999994,46.86098341200005],[-91.13334440099999,46.87034941400003],[-91.13467540099998,46.87249841400006],[-91.14017240299995,46.87320941400003],[-91.14427340399999,46.87030941300003],[-91.14971940399994,46.858082411000055],[-91.15390140499994,46.85587341100006],[-91.16461340799998,46.85495041000007],[-91.16760840699999,46.84476840800005],[-91.17829940999997,46.844267407000075],[-91.19026641399995,46.848418407000054],[-91.20011441799994,46.85402540700005],[-91.20444641999995,46.85882440700004],[-91.19386441899996,46.87369041000005],[-91.18175741699997,46.88024141200003],[-91.17969441699995,46.885740413000065],[-91.18656841899997,46.885740412000075],[-91.20198242099997,46.871100409000064],[-91.21111942299996,46.86670440800003],[-91.22680342799998,46.86361840600006],[-91.23274042899999,46.860043406000045],[-91.25671243299996,46.83689540100005],[-91.27528443699998,46.83264739900005],[-91.288678442,46.83344839800003],[-91.29034744199998,46.83054739700003],[-91.30230244499995,46.830351396000026],[-91.31482244799997,46.82683339500005],[-91.33825745399997,46.81771239200003],[-91.35219845699999,46.80742539000005],[-91.36081145799994,46.798144388000026],[-91.368826459,46.793844387000036],[-91.39147646599997,46.79021338500007],[-91.40170846899997,46.792205384000056],[-91.40326046999996,46.79414338400005],[-91.40940747199994,46.79381438400003],[-91.41180647199997,46.78964838300004],[-91.41887147299997,46.787182382000026],[-91.42372047399994,46.78217838100005],[-91.43385647699995,46.78041338000003],[-91.43866847799995,46.77634437900008],[-91.47018848599998,46.76891937600004],[-91.49243649199997,46.766671374000055],[-91.49970349299997,46.76125137300005],[-91.51108449599997,46.75746137100003],[-91.53712250399997,46.754796369000076],[-91.57429851499995,46.757496367000044],[-91.59069151899996,46.75433936500008],[-91.64550953299994,46.734741359000054],[-91.69632554599997,46.72324735400008],[-91.74965755999995,46.70913734800007],[-91.79013956999995,46.694683343000065],[-91.820034578,46.69018434000003],[-91.84029558399999,46.68970133900007],[-91.85746958899995,46.692370338000046],[-91.88681659699995,46.68962033500003],[-91.94299561299994,46.67994733000006],[-91.96189661799997,46.682547329000045],[-91.97339662199994,46.68644732900003],[-91.98789662799999,46.69274732900004],[-92.00813063599998,46.705913329000055],[-92.01529763799994,46.70647732900005],[-92.02029663899998,46.70404732800006],[-92.03399764399995,46.70894732800008],[-92.08949766599994,46.74924832900007],[-92.116597674,46.74864832700007],[-92.137897679,46.739548324000054],[-92.14329767999999,46.734648323000044],[-92.14339867899997,46.72814832200004],[-92.14129867799994,46.72524832200003],[-92.14629867799994,46.71594832100004],[-92.15519868099994,46.71594832000005],[-92.167298685,46.71994932000007],[-92.17429868599999,46.717249319000075],[-92.18909869099997,46.71754931800007],[-92.19739869199998,46.70764931600007],[-92.20469869299995,46.70404931500008],[-92.20519969299994,46.69834931400004],[-92.19849868999995,46.69614931400008],[-92.18309868599994,46.69524931500007],[-92.17649868299998,46.690249315000074],[-92.17609868199997,46.68634931400004],[-92.18139868299994,46.68024931300005],[-92.19249968599996,46.67674931200003],[-92.20409968799999,46.666949310000064],[-92.20549968799997,46.66474930900006],[-92.20159968499996,46.656649308000055],[-92.20709968599994,46.65194930700005],[-92.21639968899996,46.64984930600008],[-92.22349969099997,46.65264930600006],[-92.22849969299995,46.65294930600004],[-92.23559969399997,46.65004930500004],[-92.24250069599998,46.64924930400008],[-92.25659970199996,46.65874930500007],[-92.26600070299997,46.651049303000036],[-92.27059970499994,46.650749303000055],[-92.27439970699999,46.65744930300008],[-92.28619971099994,46.66035030300003],[-92.28739971199997,46.66735030400008],[-92.29129971299994,46.66815030300006],[-92.29404062599997,46.07438521900008],[-92.31933663299998,46.06929721700004],[-92.33291963599999,46.06270521500005],[-92.34346663599996,46.042998211000054],[-92.34375263399994,46.028533209000045],[-92.34928863499994,46.02363220800004],[-92.34998463399995,46.01699020700005],[-92.35176763399994,46.01569320700003],[-92.36214863699996,46.013111206000076],[-92.37272463999994,46.01420620500005],[-92.39268864699994,46.019548205000035],[-92.410656653,46.027267205000044],[-92.42070365599994,46.02677720400004],[-92.42856265799998,46.02424920300007],[-92.44226666099996,46.01618520100004],[-92.44430165999995,46.00916920000003],[-92.45295966099997,45.99779019700003],[-92.45338066099998,45.992921197000044],[-92.46248466299994,45.98785819500006],[-92.46451966299998,45.98504619500005],[-92.46126766099997,45.979435194000075],[-92.46936166299997,45.973819193000054],[-92.47276866299995,45.97296019200007],[-92.48464066699995,45.975880192000034],[-92.49100366899995,45.975568191000036],[-92.50254267299994,45.98000319100004],[-92.51949567899999,45.983925191000026],[-92.52705968099997,45.98325319000003],[-92.53771668299999,45.97782618800005],[-92.54981368499995,45.967994186000055],[-92.54986568399994,45.95704718500008],[-92.55194068299994,45.95165918400005],[-92.57489968999994,45.94811118200005],[-92.59014569299995,45.94178118000008],[-92.60246769699995,45.94082317900006],[-92.61432169899996,45.93453717700004],[-92.62272770199996,45.93519417600004],[-92.62926770299998,45.93241217600007],[-92.63632370599998,45.93464217500008],[-92.63883170599996,45.93417417500007],[-92.63912370499997,45.92456317400007],[-92.65613270999995,45.924450173000025],[-92.67617471399996,45.912080169000035],[-92.67661471299994,45.90637816800006],[-92.69899071799995,45.89645916600006],[-92.70770971999997,45.89490916500006],[-92.72113572299997,45.88381316200008],[-92.73404672399994,45.86811615900007],[-92.73999872299999,45.846291155000074],[-92.74556472399996,45.84146315400005],[-92.75946572699996,45.83534915300004],[-92.76515372799997,45.830191151000065],[-92.76568872699994,45.827260151000075],[-92.75795472299995,45.811224149000054],[-92.75782272199996,45.806582149000064],[-92.76184072299998,45.801266147000035],[-92.77207272499999,45.79523814600003],[-92.77650372499994,45.79002214500008],[-92.78462872399996,45.76420414100005],[-92.802637727,45.75189613800006],[-92.80984472799997,45.74418013600007],[-92.81656672999998,45.74204513500007],[-92.82898873199997,45.73372213300007],[-92.83592473399995,45.732810132000054],[-92.84308673599998,45.729171131000044],[-92.84885873699994,45.72875913100006],[-92.85094073699997,45.723839130000044],[-92.86260573999994,45.72224912900003],[-92.86920074199998,45.717576128000076],[-92.87178273999996,45.69978212500007],[-92.870152739,45.69676512500007],[-92.87549573899997,45.68902212300003],[-92.87893973699994,45.66561412000004],[-92.88251173699996,45.659479119000025],[-92.88793673599997,45.639014115000066],[-92.88804273399995,45.624967113000025],[-92.88253672999997,45.610224112000026],[-92.88644972999998,45.59868711000007],[-92.88642872899999,45.594889109000064],[-92.88328472699999,45.58983910900008],[-92.88496172599997,45.578826107000054],[-92.88375672499996,45.57549110700006],[-92.87108972099998,45.56758910600007],[-92.84645471299996,45.56652310800007],[-92.82331670599996,45.56094210900005],[-92.80151069999994,45.562862110000026],[-92.78574869599998,45.56789611200003],[-92.77599569299997,45.56848611300006],[-92.77023069099994,45.566947113000026],[-92.75691368599996,45.55750711300004],[-92.74559868199998,45.55302411300005],[-92.72608967499997,45.541120113000034],[-92.72465767399996,45.536752112000045],[-92.72803067299998,45.52566011000005],[-92.72668467099999,45.51447010900006],[-92.71189766599997,45.50328910800005],[-92.70223166099998,45.493054107000034],[-92.69162665599998,45.476281106000044],[-92.68024165099996,45.464352105000046],[-92.65355664199996,45.455354105000026],[-92.64660963799997,45.441643104000036],[-92.65027663599994,45.41917610000007],[-92.64668363399994,45.413235100000065],[-92.65057763399994,45.40331609800006],[-92.65042963299999,45.39851509700003],[-92.66410963599998,45.39331709600003],[-92.67696863799995,45.38014509300007],[-92.67920063799994,45.37271809200007],[-92.69650664199997,45.36353708900003],[-92.70272764299995,45.35848008800008],[-92.70406164199994,45.353668087000074],[-92.69897463799998,45.336382085000025],[-92.70997563899994,45.321310082000025],[-92.72774464299994,45.309296079000035],[-92.73712964399994,45.300467077000064],[-92.75082664699994,45.29298807500004],[-92.75871764899995,45.29097307400008],[-92.76187564999998,45.28702107300006],[-92.76062264799998,45.27883507200005],[-92.75267364499996,45.269573071000025],[-92.75166664399995,45.265918071000044],[-92.75171664299995,45.261674070000026],[-92.76025664399998,45.24960806800004],[-92.75746364099996,45.23053406500003],[-92.75171563699996,45.21867406400003],[-92.75401563699995,45.21277406300004],[-92.76391563899995,45.204874061000055],[-92.76693963799994,45.19511906000008],[-92.76681563699998,45.18547405800007],[-92.75241163099997,45.17392405800007],[-92.75691463099997,45.16517405600007],[-92.75771462999995,45.15547405400008],[-92.74943462499994,45.13812505300007],[-92.74570162199996,45.12312005100006],[-92.73959161899995,45.11560605000005],[-92.74675661999999,45.10705904800005],[-92.77401762599999,45.089146044000074],[-92.79153562899995,45.07965504100008],[-92.80217063099997,45.06756303900005],[-92.80308662999994,45.06098603800007],[-92.80206362899997,45.05743103700007],[-92.79328962499994,45.04718603600003],[-92.77036961699997,45.03381103600003],[-92.76206761299994,45.02432803500005],[-92.77123861299998,45.00138603100004],[-92.76905660999995,44.98820302900003],[-92.76945260799994,44.972158027000035],[-92.76722560699994,44.96809202600008],[-92.760708605,44.964987026000074],[-92.75461060199996,44.95577502500004],[-92.75065259799999,44.93730702300007],[-92.75870859699995,44.90898701800006],[-92.77311059999994,44.90137501600003],[-92.77457859999998,44.89809201600008],[-92.773953598,44.89000501400005],[-92.76340959299995,44.87417501300007],[-92.76910959299994,44.86217501100003],[-92.76528558899997,44.83719400700005],[-92.77227358999994,44.82805400500007],[-92.77267058899997,44.82143200400003],[-92.78043758999996,44.812597003000064],[-92.78521358799998,44.79231099900005],[-92.80032059099995,44.777386996000075],[-92.80529459099995,44.76836899400007],[-92.80799558899997,44.75147799200005],[-92.80240958699994,44.745174991000056],[-92.78791358199999,44.73743999100003],[-92.76606157499998,44.72961199100007],[-92.75699757099994,44.72383699100004],[-92.73726656499997,44.717162991000066],[-92.70095555099994,44.69375899000005],[-92.66099553499998,44.66089198800006],[-92.63211252499997,44.64903498900003],[-92.62174052099994,44.638990988000046],[-92.61978652,44.63420298700004],[-92.61978151899996,44.62922198600006],[-92.62335551899997,44.62072098500005],[-92.62146351799998,44.61502498400006],[-92.61457651499995,44.61173798400006],[-92.60152351199997,44.61205998500003],[-92.59047450799994,44.60594398500007],[-92.58622350599995,44.60009598400006],[-92.58159850399994,44.60087098500003],[-92.57715550399996,44.60506198600007],[-92.56944150099997,44.603546986000026],[-92.54978449299995,44.581137984000065],[-92.55151749199996,44.57161498200003],[-92.54806748999994,44.567799982000054],[-92.54055848799999,44.56726598300003],[-92.52734448499996,44.57356198400004],[-92.51836548299997,44.57519098500006],[-92.50876647899997,44.57033298500005],[-92.49381547499996,44.56607098600006],[-92.48100847099994,44.56828398700003],[-92.45511246299998,44.561893988000065],[-92.44075245899995,44.56284098900005],[-92.43110845699994,44.56579399000003],[-92.41509645099995,44.560366990000034],[-92.39928844599996,44.55829999100007],[-92.36152543599997,44.55894299300007],[-92.33612142799996,44.554011994000064],[-92.31994542199999,44.54494799400004],[-92.31407841899994,44.53802199300003],[-92.31083441699997,44.52876399200005],[-92.30305341399998,44.518653991000065],[-92.30222241099995,44.500305989000026],[-92.29101240599994,44.48547198700004],[-92.27679139999998,44.47365698600004],[-92.24489138899997,44.456849986000066],[-92.23247938399999,44.44544198500006],[-92.21517037799998,44.43851098500005],[-92.19538537199998,44.433799986000054],[-92.16246136099994,44.42721598700007],[-92.12452034999995,44.42212298900006],[-92.11109234499997,44.413955988000055],[-92.08724833699995,44.408855989000074],[-92.07861233399996,44.40487698900006],[-92.05649332799999,44.40273699000005],[-92.03815432,44.388738990000036],[-92.01932031399997,44.38122499000008],[-92.00618630999998,44.378832990000035],[-91.98729630299994,44.36912699000004],[-91.97027329799994,44.36584999100006],[-91.959530294,44.35941199000007],[-91.94131828599996,44.340985989000046],[-91.92559728099997,44.33355598900005],[-91.91863227699997,44.322678987000074],[-91.91358127399997,44.31039998600005],[-91.92410927599997,44.29710298300006],[-91.92462027499994,44.29182298200004],[-91.92028927299998,44.286503982000056],[-91.90579626899995,44.28162198200005],[-91.89639526499997,44.27469798200008],[-91.89601526299998,44.26287898000004],[-91.88704725899998,44.25177997900005],[-91.89297025899998,44.23515697600004],[-91.89270525799998,44.23111297500003],[-91.87743625199994,44.21292897400008],[-91.87516524899996,44.20058297200006],[-91.86439424599996,44.19658197200005],[-91.84476123899998,44.18488597100003],[-91.82917423299995,44.178357971000025],[-91.81730922799994,44.16424297000003],[-91.80807122499994,44.159269970000025],[-91.77449321399996,44.147546970000064],[-91.75175420499994,44.13479397000003],[-91.73065519899995,44.132907971000066],[-91.72155919599999,44.130349971000044],[-91.71060419199995,44.120487970000056],[-91.70749818899998,44.10391396800003],[-91.69531718499996,44.09857796800003],[-91.68153717999996,44.09740796900007],[-91.66701317499997,44.08697196800006],[-91.65951817099995,44.074210967000056],[-91.64788016699998,44.06411696600003],[-91.64472416499996,44.062789966000025],[-91.63812216399998,44.06329296600006],[-91.62790715999995,44.05581496600007],[-91.61049415399998,44.04931796600005],[-91.60355715099996,44.04368896600005],[-91.59762414799997,44.034972965000065],[-91.59207714599995,44.03137996400005],[-91.58002614199995,44.02693296500007],[-91.55901113599998,44.02532296600003],[-91.54703513199996,44.022233966000044],[-91.52432212599996,44.021440967000046],[-91.50712811999995,44.01898796800003],[-91.49499511599998,44.012543968000045],[-91.48087711099998,44.00815296800005],[-91.46352210599997,44.00904896900005],[-91.44054309899997,44.00150897000003],[-91.43252909599994,43.996834970000066],[-91.42414109199996,43.98263896800006],[-91.41249808699996,43.97341896700004],[-91.40740208499994,43.965155966000054],[-91.38579207699996,43.95424696600003],[-91.36664906999994,43.937470965000045],[-91.36324906699997,43.926570963000074],[-91.35743306399996,43.917238962000056],[-91.34774806099995,43.91197196200005],[-91.33814805599997,43.897671960000025],[-91.32061204999997,43.88849896000005],[-91.31531704799994,43.88181595900005],[-91.31099804499996,43.86738895700006],[-91.29882203999995,43.85656295700005],[-91.29100903699998,43.85274095600005],[-91.28414503499994,43.847072956000034],[-91.27770203199998,43.83774895500005],[-91.27204402699994,43.813773952000076],[-91.26444302299996,43.80037395000005],[-91.26244302199996,43.79217394900007],[-91.24414201399998,43.77467494700005],[-91.25543801399994,43.74488394200006],[-91.25593901199994,43.72985694000005],[-91.26846201299998,43.70983193600006],[-91.26779901099997,43.69565993400005],[-91.27274800999999,43.67661693000008],[-91.27325900899996,43.666630929000064],[-91.27175600799995,43.65493692700005],[-91.26386300399997,43.64766992600005],[-91.26240400299997,43.64176792500007],[-91.26846400299996,43.62735992300003],[-91.26875500199998,43.61535592100006],[-91.26163799899996,43.60618292000004],[-91.23911598999996,43.58976791900005],[-91.23187198699998,43.58182991800004],[-91.23281898499994,43.564849915000025],[-91.24322098699997,43.550729912000065],[-91.24318998499996,43.54031691100005],[-91.23673198299997,43.532937910000044],[-91.23294798099994,43.52397490900006],[-91.21829897499998,43.51444190800004],[-91.21771297299995,43.50055790600004],[-91.21604197099998,43.48114990300007],[-91.220405971,43.47131390100003],[-91.22459297099994,43.46553290000003],[-91.23224797299997,43.46002589900007],[-91.23337397199998,43.45517589800005],[-91.22875696999995,43.44554489700005],[-91.20715196099997,43.42503889500006],[-91.20036595799996,43.41270889400005],[-91.19767695499996,43.395341891000044],[-91.19895995499996,43.38984289000007],[-91.20607895499995,43.37498388700004],[-91.21499695699998,43.36801388600003],[-91.20662695199997,43.35253188400003],[-91.20185395099998,43.34911088300004],[-91.18112194399998,43.34593388400003],[-91.15481293499994,43.334833884000034],[-91.13281992799995,43.328037884000025],[-91.10724391899998,43.31365288400008],[-91.08565890999995,43.29187788200005],[-91.07371690499997,43.27475388000005],[-91.07173090399993,43.27139987900006],[-91.07265590299994,43.262136878000035],[-91.06994390199998,43.26027987800006],[-91.05975689899998,43.259081878000075],[-91.05792489799995,43.25537387800006],[-91.05969089799999,43.24857387700007],[-91.06640489899996,43.239300875000026],[-91.08746290299996,43.221898871000064],[-91.12217690999995,43.19726286400004],[-91.12443490899994,43.187893863000056],[-91.13865591099994,43.17000085900003],[-91.14620691099998,43.15241285600007],[-91.15620691299995,43.14295285400004],[-91.17525991799994,43.13467285100006],[-91.17825791699994,43.12498984900003],[-91.17519991399996,43.10377884600007],[-91.17727091099994,43.072990841000035],[-91.17946391099997,43.06743484000003],[-91.17469890599995,43.03872083600004],[-91.15749689599994,42.99148283000005],[-91.15656889399997,42.97823382800004],[-91.14800788999997,42.96616282600007],[-91.14543688899994,42.958218825000074],[-91.14988688799997,42.94196282200005],[-91.14380688399996,42.922884819000046],[-91.14556688299996,42.90798781700005],[-91.14338188199997,42.90467781700005],[-91.11741787299997,42.89584481700007],[-91.10057186699999,42.88308581600006],[-91.09824486599996,42.875805815000035],[-91.09766286399997,42.859878812000034],[-91.091408861,42.84986781100008],[-91.09512085999995,42.83497380800003],[-91.09406685899995,42.830820808000055],[-91.09014285799998,42.829244808000055],[-91.08277685599995,42.82998480800006],[-91.07867185399994,42.82768580800007],[-91.07810385199997,42.80653380500007],[-91.07114484699997,42.78301180200003],[-91.06955584499997,42.76963580000006],[-91.06026784199997,42.76185479900005],[-91.06143884199997,42.75798179800006],[-91.06549884299994,42.75708879800004],[-91.06468684199996,42.750921797000046],[-91.06017883999994,42.75048879700006],[-91.05630383899995,42.74734879700003],[-91.05373983699997,42.73824579500007],[-91.04997883599998,42.73691279600007],[-91.04414583399995,42.73861279600004],[-91.035424832,42.73734779600005],[-91.03201982999997,42.73449179600004],[-91.02969882899998,42.72678179500008],[-91.02679282799994,42.72423579500003],[-91.01724582399999,42.71957379500003],[-91.00958382199997,42.720130795000046],[-91.00013481899998,42.71619679500003],[-90.98878281499998,42.70873179500006],[-90.97774181099999,42.69682379400007],[-90.96505480699994,42.693240794000076],[-90.94921980099997,42.68558079300004],[-90.93705179699998,42.683406794000064],[-90.92116179299995,42.685413795000045],[-90.90026778599997,42.67626179500007],[-90.88743678199995,42.67247779500008],[-90.84391676799999,42.663078796000036],[-90.76950174599995,42.65145079900003],[-90.72021572999995,42.640765800000054],[-90.70921072699997,42.636085800000046],[-90.70267772399995,42.63076380000007],[-90.70010172199994,42.622468799000046],[-90.69400571999995,42.61451679800007],[-90.68549371499995,42.58962179400004],[-90.67706171099996,42.57922279300004],[-90.66153370499995,42.56800679200006],[-90.65913370299995,42.55790779100005],[-90.65413370099998,42.54990779000008],[-90.64563369799998,42.544107789000066],[-90.63673369299994,42.518709786000045],[-90.63693369199996,42.51320978500007],[-90.64284969299996,42.508488784000065],[-90.40593362499999,42.506898798000066],[-90.07367652899995,42.508282818000055],[-89.95529749499997,42.505633825000075],[-89.69009441799994,42.50519884000005],[-89.25076528899996,42.49800186500005],[-88.99266521399994,42.49603288000003],[-88.78668715299995,42.49199089100006],[-88.63865910999994,42.49505090100007],[-88.30263937199999,42.49478344700003],[-88.11529095599997,42.49622693100008],[-87.80209686299997,42.49258394800006],[-87.81067986799997,42.51534795200007],[-87.81282786999998,42.53001995400007],[-87.81327887599997,42.57922796200006],[-87.80754587499996,42.58582196400005],[-87.80763587499996,42.587934964000056],[-87.81182087599996,42.58885296400007],[-87.81507987799995,42.59412796500004],[-87.81636787899998,42.601832966000075],[-87.81937987999999,42.606627966000076],[-87.81713088299995,42.635459971000046],[-87.80307988299995,42.675426979000065],[-87.79487988199998,42.68992698200003],[-87.78849188099997,42.69652598300007],[-87.78677987999998,42.70072698400003],[-87.78507987999996,42.70082698400006],[-87.78082288099995,42.71805598700007],[-87.77802387999998,42.718917988000044],[-87.77784188099997,42.73491499000005],[-87.78161188299998,42.74362999200008],[-87.78174188399998,42.750060993000034],[-87.77817988399994,42.76282699500007],[-87.77368288399998,42.769964996000056],[-87.76459288199999,42.77744499800008],[-87.75843487999998,42.779704999000046],[-87.75791888099997,42.78214399900003],[-87.76717388399999,42.790387],[-87.79398189399996,42.80622600100003],[-87.82448690599995,42.83475200400005],[-87.82845190799998,42.845924006000075],[-87.84348991599995,42.873297010000044],[-87.84649591799996,42.88415101100003],[-87.84370491699997,42.88529001200004],[-87.84347591699998,42.89031901200008],[-87.84667891799995,42.89045301200008],[-87.84783991899997,42.896358013000054],[-87.83966991899996,42.91460601700004],[-87.84399092099994,42.92184301800006],[-87.84594992299998,42.93208301900006],[-87.84331292299998,42.944044021000025],[-87.84502392499996,42.96114002400003],[-87.84997892799998,42.97066202500008],[-87.85718793099994,42.97802302600007],[-87.87868893899997,42.99242302700003],[-87.88802094299996,43.00222002800007],[-87.88455394199997,43.00482602900007],[-87.88777394299996,43.008060029000035],[-87.89161894399996,43.00705102900008],[-87.89748594699995,43.02009903100003],[-87.89866894799997,43.02575703200006],[-87.89589194699994,43.02586403200007],[-87.89372294699996,43.03025203300007],[-87.89425794799996,43.03416103300003],[-87.89574294799996,43.034096033000026],[-87.89583194799997,43.03016503300006],[-87.89693194799997,43.02901403200008],[-87.89829794899998,43.02994803200005],[-87.89696794899999,43.03658403400004],[-87.89485694799998,43.03664403400006],[-87.89493894899994,43.037908034000054],[-87.89670494899997,43.03782403400004],[-87.89500594899994,43.04254303500005],[-87.886032947,43.044230035000055],[-87.88407294599995,43.04631903600006],[-87.88797594699997,43.044830035000075],[-87.889900948,43.04586803600006],[-87.88674694799994,43.05203203700006],[-87.88283194599995,43.051043037000056],[-87.88234494599999,43.053107037000075],[-87.86381194299997,43.07063004100007],[-87.86406794299995,43.07433604200003],[-87.86648994399997,43.07442004200004],[-87.87022294599996,43.08056804200004],[-87.86991994599998,43.08430004300004],[-87.87608994999994,43.099019045000034],[-87.89319095599996,43.114019047000056],[-87.90049095999996,43.125918048000074],[-87.90029096099994,43.13731805000003],[-87.89229095999997,43.14871805200005],[-87.88109095899995,43.17061705700007],[-87.88759196199999,43.18661605900007],[-87.89629196599998,43.19711606000004],[-87.89674996799994,43.21431006300003],[-87.91009297499994,43.235915066000075],[-87.91179297699995,43.250414068000055],[-87.90185297699998,43.28412507400003],[-87.88921297599995,43.30766007900007],[-87.88239797899996,43.352107086000046],[-87.87250997899997,43.38018609200003],[-87.86989597899998,43.38314909200005],[-87.86403797699995,43.385752093000065],[-87.86505397799993,43.39357809400008],[-87.85561397699996,43.40544909700003],[-87.82732497199999,43.43485710300007],[-87.81670396999993,43.448265106000065],[-87.81255396899996,43.450430107000045],[-87.81195096899995,43.45464910700008],[-87.80401796799998,43.463382109000065],[-87.80093996799997,43.474402111000074],[-87.79169596799994,43.49225211500004],[-87.79353796899994,43.50001711600004],[-87.79410697199995,43.52469412000005],[-87.79177897299996,43.54400712300003],[-87.79267397499996,43.552720125000064],[-87.79014097499999,43.563062126000034],[-87.78126097399996,43.578501129000074],[-87.73431796699998,43.639198142000055],[-87.70620996299994,43.67955015000007],[-87.70269096299995,43.68760415200006],[-87.70428196399996,43.69485815300004],[-87.70299096499997,43.70640315500003],[-87.70819096799994,43.722903157000076],[-87.70989096999995,43.735803159000056],[-87.70829097099994,43.742903160000026],[-87.70299096999997,43.74970316200006],[-87.69833996899996,43.752744163000045],[-87.69952796899997,43.75463216300005],[-87.70356197099994,43.75500816300007],[-87.70301497099996,43.758760163000034],[-87.69601896899997,43.76275216400006],[-87.69588696899996,43.76539616500003],[-87.69754496999997,43.76497916500006],[-87.70549997299997,43.77344016600006],[-87.72641298399998,43.81045317000007],[-87.72960598699996,43.83179017400005],[-87.72870398899994,43.85253217700006],[-87.73602299399994,43.873729180000055],[-87.73618399499998,43.88042918100007],[-87.72680899399995,43.90314118500004],[-87.71904699599997,43.937789191000036],[-87.71188699499999,43.949169194000035],[-87.70395699399995,43.95665919500004],[-87.69892599299999,43.965944197000056],[-87.69550899499995,43.989590201000055],[-87.68336699499997,44.020147207000036],[-87.67132199299994,44.037358210000036],[-87.65608898999994,44.05180221400008],[-87.65348899099996,44.067202216000055],[-87.65600199299996,44.075176217000035],[-87.65518899299997,44.08190221800004],[-87.64985299199998,44.08880922000003],[-87.65122099399997,44.096262221000075],[-87.64658899299997,44.10470222300006],[-87.62108798799994,44.121903227000075],[-87.60088798299995,44.13170323000003],[-87.56318697299997,44.14420323400003],[-87.53994596799998,44.15969823800003],[-87.51966596399996,44.17987824200003],[-87.51290896299997,44.192816245000074],[-87.50742496399994,44.21081124800003],[-87.50842496599995,44.229677251000055],[-87.52176097399996,44.259965255000054],[-87.54116098299994,44.29315125900007],[-87.54472198599996,44.30687226100008],[-87.54538798799996,44.32139326300006],[-87.54088198799997,44.33274726600007],[-87.53336998699996,44.34142326700004],[-87.53508798799999,44.34640826800006],[-87.53358898799996,44.35111926900004],[-87.52105298599997,44.36753427200006],[-87.51760298599999,44.37570427400004],[-87.51797098799995,44.39436427700008],[-87.51164098899994,44.41405128000008],[-87.50188898799996,44.43549528400007],[-87.50247798899994,44.44484628600003],[-87.50037498999995,44.45621428800007],[-87.49773798999996,44.45827328800004],[-87.49866798999994,44.46069428800007],[-87.49662798999998,44.46398828900004],[-87.49274698899995,44.465059290000056],[-87.49411098999997,44.46998129000008],[-87.49002998899994,44.47723229200005],[-87.48751798999996,44.49117529400007],[-87.48375798999996,44.499530296000046],[-87.48370199099998,44.51136229700006],[-87.47372699099998,44.53151930100006],[-87.47324399199994,44.539520303000074],[-87.46809899199997,44.551933305000034],[-87.45217998899994,44.57290530900008],[-87.43749898899995,44.60507931500007],[-87.42088498499999,44.614956318000054],[-87.41803398499997,44.62087831900004],[-87.40541598099998,44.627199321000035],[-87.40163498099997,44.631199321000054],[-87.38220597799994,44.658641327000055],[-87.37857997799995,44.66516932800005],[-87.37843397799998,44.670287329000075],[-87.37382997799995,44.67731033000007],[-87.35379497499997,44.70192333600005],[-87.34351397399996,44.719236339000076],[-87.33519897499997,44.74974434400008],[-87.31898797199995,44.77134334900006],[-87.32107097399995,44.78129535000005],[-87.31854497399996,44.788512351000065],[-87.30596197199998,44.799483354000074],[-87.30731097299997,44.80210035400006],[-87.30482997199994,44.80461135500008],[-87.29188696899996,44.81161135700006],[-87.28256696699998,44.81473735800006],[-87.27603596699998,44.833188361000055],[-87.26744696599997,44.84685936400007],[-87.26148396399998,44.85103236500004],[-87.22536095499999,44.86526136900005],[-87.22425395499994,44.868453370000054],[-87.21433295299994,44.872419371000035],[-87.20994295099996,44.871991371000036],[-87.20455094999994,44.87560137200006],[-87.20629095199996,44.88593637400004],[-87.21720095699999,44.897847375000026],[-87.21598295699994,44.90660537600007],[-87.20424395499998,44.91682737900004],[-87.18673795099994,44.92547138100008],[-87.17492594699996,44.92775738200004],[-87.17170594699996,44.931484383000054],[-87.17524594899999,44.939761384000064],[-87.18838095399997,44.94808538400008],[-87.18941295699994,44.96864038800004],[-87.18190695599998,44.98089539000006],[-87.17516895399996,44.98589339100005],[-87.16353495299995,45.004898395000055],[-87.15408995099995,45.00912539600006],[-87.13938994699998,45.01257339800003],[-87.13019394599996,45.03125040100008],[-87.13052294699997,45.03658940200006],[-87.12481394599996,45.042175403000044],[-87.12485794799994,45.05609340500007],[-87.12116194699996,45.05831940600007],[-87.12339194799995,45.059930406000035],[-87.12315494799998,45.065974407000056],[-87.11935194699998,45.06933140800004],[-87.10960694499994,45.07117840900003],[-87.10057494199998,45.06983540900006],[-87.09724793999999,45.06631040900004],[-87.09677893899999,45.055704407000064],[-87.09164493699996,45.055153407000034],[-87.07894593399999,45.057748408000066],[-87.07988493599998,45.07354441100006],[-87.08417493699994,45.07487141100006],[-87.08488793799995,45.07923441100007],[-87.09204093999995,45.079210411000076],[-87.09605894199996,45.081920411000056],[-87.09629694299997,45.08712241200004],[-87.09273194199994,45.092659413000035],[-87.08583893999997,45.09484141400003],[-87.08108493899994,45.09249241400005],[-87.07591393599995,45.08738041300006],[-87.06967693399997,45.08477341300005],[-87.06801293299998,45.079570412000066],[-87.06527993199995,45.07822241200006],[-87.05744993099995,45.08747541400004],[-87.05232592899995,45.08963941500008],[-87.05029892899995,45.08755041500007],[-87.04803292799994,45.08776641500003],[-87.04709692799997,45.09400241600008],[-87.05133092999995,45.09748941600003],[-87.05279193099994,45.10141441700006],[-87.04884492999997,45.10574441800003],[-87.05105493199994,45.116180419000045],[-87.05731693499996,45.12453142000004],[-87.07062793999995,45.12671142000005],[-87.07561894099996,45.12905942000003],[-87.07728294299994,45.13576642100003],[-87.08132294499995,45.14180242100008],[-87.07086494299995,45.15303342400006],[-87.06516094099999,45.153368424000064],[-87.05636693799994,45.14766942400007],[-87.05589093699996,45.142640423000046],[-87.05137493499996,45.140460423000036],[-87.05089993499996,45.13643742200003],[-87.04575393299996,45.13499542200003],[-87.04067993199999,45.136437423000075],[-87.02885292899998,45.14637842500008],[-87.04523093599994,45.15840942600005],[-87.04297693499996,45.16037742700007],[-87.04590493799998,45.173910429000045],[-87.03837493799995,45.199012433000064],[-87.04091494099998,45.21154343500007],[-87.03188593799996,45.21347043600008],[-87.03521294099994,45.22958243800008],[-87.03117293999998,45.23209243900004],[-87.02427993799995,45.232762439000055],[-87.01073193299999,45.226736439000035],[-87.00536492999998,45.21370243700005],[-87.00281192899996,45.21178143700007],[-86.99601692699997,45.212661438000055],[-86.99338192699997,45.21635643800005],[-86.98601392399996,45.21535243900007],[-86.98138492299995,45.21775743900008],[-86.97876492399996,45.22734144100008],[-86.98607292699995,45.23300644100004],[-86.98510092699996,45.23801144200007],[-86.98212492599998,45.24012344300007],[-86.97608792499994,45.24123844300004],[-86.97340992399995,45.24331344400008],[-86.97302792399995,45.246407444000056],[-86.97671692499995,45.24615444400007],[-86.98267492799994,45.24912544400007],[-86.98440392999998,45.26437444600003],[-86.97453392799997,45.27183144800006],[-86.97036092699994,45.27846345000006],[-86.97246592899995,45.28412545000003],[-86.98336093299997,45.29537645100004],[-86.99088393599999,45.29608545100007],[-86.99411793699994,45.29806945100006],[-86.99766893799995,45.29825445100005],[-87.00242893899997,45.29507645000007],[-87.00753294099997,45.29451645000006],[-87.01704194399997,45.29926245000007],[-87.02236394499994,45.29492144900007],[-87.02356694499997,45.29215144800003],[-87.02214094399994,45.28746944800008],[-87.02546794499995,45.285630447000074],[-87.02998394699995,45.28763644700007],[-87.03830594899995,45.28795144700007],[-87.04390095099996,45.284775446000026],[-87.05170595299995,45.28589644600004],[-87.05763295599996,45.292846446000055],[-87.05971995699997,45.29881144700005],[-87.06744895899999,45.29582844600003],[-87.07371695799998,45.27208344200005],[-87.07832195899994,45.26573144100007],[-87.07466795599998,45.25552144000005],[-87.07751995699994,45.25267743900008],[-87.09201896199994,45.25585643900007],[-87.09966896499998,45.25961343900008],[-87.10874896699994,45.25701143800006],[-87.10984496599997,45.24832643600007],[-87.11643796699997,45.24152843500008],[-87.12282496699999,45.223005432000036],[-87.12161496499994,45.20979143000005],[-87.11941096399994,45.20544842900006],[-87.11997796199995,45.19111142700007],[-87.12369496299993,45.18989842600007],[-87.13303596699996,45.19285142600006],[-87.14157596899997,45.19111742500007],[-87.14629897099996,45.191920425000035],[-87.14906197099998,45.188891425000065],[-87.14811096999995,45.186044424000045],[-87.15167597099997,45.18470342400008],[-87.15736997299996,45.18672542400003],[-87.16718497599999,45.183602423000025],[-87.17507397699995,45.173058421000064],[-87.17282997499996,45.16342441900008],[-87.17354297499998,45.15739141800003],[-87.17116597399996,45.15537941800005],[-87.17259197399994,45.15135741700004],[-87.18067297599998,45.14901041600007],[-87.18732797799998,45.15135741600005],[-87.19521898199997,45.16311841800007],[-87.21157198699996,45.16593841700006],[-87.22012798999998,45.16593841700006],[-87.22197699199995,45.17504741800008],[-87.23121999399996,45.17289541700006],[-87.23700299499995,45.16945741600006],[-87.23795399499994,45.16610541600005],[-87.23462699399994,45.16510041600003],[-87.23391399399998,45.16275441500005],[-87.23937999499998,45.15923441500007],[-87.23890499399994,45.156217414000025],[-87.24292999499994,45.14938541300006],[-87.24031399299997,45.13789441100005],[-87.24151899199995,45.13207741000008],[-87.24413399299993,45.13056841000008],[-87.24823199399998,45.132762410000055],[-87.25049299499995,45.13129740900007],[-87.25745499599998,45.121652408000045],[-87.26010299599994,45.11324640600003],[-87.26172199299998,45.08628340200005],[-87.26998899399996,45.07725540000007],[-87.27706899599997,45.07729839900003],[-87.28040799699994,45.07544439900005],[-87.28428599699998,45.06370239700004],[-87.28239999599998,45.05758039600005],[-87.28406399499994,45.046498394000025],[-87.29285799699994,45.04633039400005],[-87.29666099899998,45.049184394000065],[-87.2988,45.05371839400004],[-87.30165200099998,45.05422239400008],[-87.30711900199998,45.05086439300004],[-87.30854500199996,45.04451939200004],[-87.32135700499998,45.03822339100003],[-87.32177300499995,45.03174339000003],[-87.33216500599997,45.01561038600005],[-87.34253200799998,45.01230038500006],[-87.34498000799994,45.003323384000055],[-87.35482200999996,44.99488738200006],[-87.36029401099995,44.987651380000045],[-87.37481101199995,44.956639374000076],[-87.38725901299995,44.939429371000074],[-87.39341101499997,44.934401370000046],[-87.39837401499994,44.925234368000076],[-87.39523701299998,44.920713368000065],[-87.40501101499996,44.911814366000044],[-87.40620501499995,44.90449836400006],[-87.39340500999998,44.89820736400003],[-87.38540200699998,44.88997236300003],[-87.38363700599996,44.88512336300005],[-87.38626600499998,44.87377536100007],[-87.38341400199994,44.853054358000065],[-87.38745500199997,44.849347357000056],[-87.38222599899996,44.83434835500003],[-87.385553,44.83114535400006],[-87.39006900099997,44.83114535400006],[-87.39334400299998,44.83821735500004],[-87.39743700499997,44.84193235500004],[-87.40554700899997,44.86005535700008],[-87.41002101099997,44.86199835700006],[-87.41995701599996,44.87594835900006],[-87.42762301899995,44.88236536000005],[-87.43261401999996,44.88034435900005],[-87.43855602199994,44.881017359000055],[-87.43903102199994,44.88505935900008],[-87.43641702199994,44.88758536000006],[-87.41911201599999,44.88538636100003],[-87.42033301699996,44.88760436100006],[-87.433134022,44.89274936100003],[-87.43709002299994,44.89272636100003],[-87.44235902399998,44.889943360000075],[-87.44332502399999,44.885587359000056],[-87.46140502799994,44.87691635700003],[-87.47849503199996,44.86358035400008],[-87.48133803199994,44.85726635200007],[-87.48561603299999,44.85457035200005],[-87.49346003499994,44.854739351000035],[-87.50059003799998,44.85844535100006],[-87.49911903799995,44.864363352000055],[-87.50382303999999,44.865125352000064],[-87.51502104399998,44.87199835300004],[-87.51884804499997,44.87203935200006],[-87.52127204499999,44.86967435200006],[-87.50772103999998,44.859625351000034],[-87.50344203899994,44.85928835100003],[-87.50415503899995,44.85625535100007],[-87.51461304099996,44.85052634900006],[-87.52982504599998,44.85170634900004],[-87.53100504699995,44.857445349000045],[-87.53395904799999,44.857261349000055],[-87.53339004699995,44.84951534800007],[-87.53600404699995,44.84547134700006],[-87.54004504799997,44.843112347000044],[-87.54194604699995,44.83232534500007],[-87.55668305099994,44.82490834300006],[-87.55929705199998,44.82507734300003],[-87.55739605199994,44.82962834300008],[-87.55858405199996,44.830977344000075],[-87.56214905299998,44.82962834300008],[-87.56571405399995,44.830134343000054],[-87.55977205399995,44.84412334600006],[-87.54955205099998,44.84732534700004],[-87.55029405199997,44.85129834700007],[-87.57831106099997,44.85339134600008],[-87.589392063,44.847056344000066],[-87.59344606399998,44.84301334300005],[-87.61006906899996,44.83839234200008],[-87.61491406999994,44.83502234100007],[-87.62498507099997,44.82319633800006],[-87.63711007399996,44.81358333600008],[-87.64630607499998,44.79874733300005],[-87.66113007799999,44.788555331000055],[-87.66292507799994,44.77988032900004],[-87.68628808199998,44.76151932500005],[-87.70585808599998,44.73823332000006],[-87.70737208499997,44.73380431900006],[-87.71379708699999,44.73101231800007],[-87.72089508799996,44.724556317000065],[-87.72182208799995,44.718977316000064],[-87.71759208399999,44.69799831300003],[-87.71978608399996,44.69325431200008],[-87.72984208599996,44.682023310000034],[-87.74841508999998,44.66713030600005],[-87.75090508899996,44.65620030400004],[-87.75603708999995,44.64913730300003],[-87.76578009199994,44.64203130100003],[-87.77516609499997,44.63928930000003],[-87.80283610299995,44.637809298000036],[-87.80882510399994,44.636346298000035],[-87.84071011199995,44.61870729300006],[-87.85656111699996,44.61971929200007],[-87.86400211899996,44.615493291000064],[-87.86689011899995,44.60844229000003],[-87.86962311899998,44.60630228900004],[-87.88040212199996,44.603310288000046],[-87.88169212199995,44.597821287000045],[-87.88800812299996,44.59434028600003],[-87.88750712299998,44.59229328600003],[-87.89172312399995,44.58899028500008],[-87.91363812899993,44.57759128200007],[-87.90892412699998,44.57673628200007],[-87.90417012599994,44.57825928300008],[-87.89889412399998,44.57414328200008],[-87.90118312399994,44.56893328100006],[-87.917006126,44.54810127700006],[-87.92315112799997,44.543615276000025],[-87.92900712899996,44.53600127400006],[-87.94380713199996,44.52970127300006],[-87.95514613599994,44.528910272000076],[-87.97070813999994,44.530300271000044],[-87.98129514399994,44.533249271000045],[-87.98165414499994,44.53913827200006],[-87.98569514599996,44.540494272000046],[-87.99353814799997,44.537275271000055],[-88.00012915099995,44.54031427100006],[-88.00870815299999,44.54172227000004],[-88.03132916199996,44.55946427200007],[-88.04226216599994,44.56234327200008],[-88.04345116699994,44.56979427300007],[-88.03610916599996,44.57680027400005],[-88.02710916299998,44.579000275000055],[-88.02502216199997,44.57772327500004],[-88.01492915999995,44.585539277000066],[-88.01641016199994,44.59210027800003],[-88.01240116199995,44.60244628000004],[-88.01350316299994,44.61447828200005],[-88.00851216199999,44.61566228200007],[-88.00375815999996,44.60990928200005],[-87.99829215799997,44.607879282000056],[-87.98545715299997,44.59671028100007],[-87.98046614999998,44.58638527900007],[-87.97880214999998,44.59197128000005],[-87.98310915299999,44.60010028100004],[-88.00387016099995,44.617789283000036],[-88.00946916399994,44.63040628400006],[-88.00977216499996,44.63708928500006],[-88.00432016399998,44.64582128700005],[-88.00451216599998,44.65554828900008],[-88.00209116599996,44.66404329000005],[-87.99543916499994,44.67332729200007],[-87.992112164,44.67265129200007],[-87.98236715899998,44.65202628900005],[-87.97703915699998,44.65332729000005],[-87.98730816299997,44.67422229300007],[-87.98972316499999,44.68659029400004],[-87.98350016699999,44.720204300000034],[-87.97595016599996,44.72755730200004],[-87.97533816599997,44.73123030200003],[-87.96472016399997,44.74357830500003],[-87.95156616099996,44.75311530700003],[-87.93887215799998,44.75912530900007],[-87.94124815899994,44.761319309000044],[-87.93982215899996,44.764188310000065],[-87.93435315799996,44.765697310000064],[-87.92855715699994,44.77353331200004],[-87.91943615599996,44.790292315000045],[-87.91715315699997,44.79952831700007],[-87.91358815599995,44.80147631700004],[-87.90182415499999,44.82222432100008],[-87.90114315499994,44.82737332200003],[-87.87822414999994,44.839024325000025],[-87.86624314599999,44.84048932600007],[-87.86328914599994,44.84799932800007],[-87.85468714499996,44.85777933000003],[-87.85279514499996,44.864868331000025],[-87.84833014499998,44.87044833200008],[-87.84403714299998,44.870743332000075],[-87.83836514199999,44.87399533300004],[-87.83659614199996,44.87669533400003],[-87.83828214299996,44.87903133400005],[-87.83277014099997,44.88094733500003],[-87.82775714099995,44.891237337000064],[-87.82836814099994,44.894573337000054],[-87.83956714599998,44.905615338000075],[-87.84430514899998,44.91853234000007],[-87.84343914999994,44.92436334100006],[-87.83903414899999,44.93172634200005],[-87.83193014799997,44.936162343000035],[-87.81953114599997,44.951117346000046],[-87.81299514399996,44.95402134700004],[-87.76687813099994,44.965262352000025],[-87.69649811099998,44.97424135800003],[-87.67185210399998,44.974711359000025],[-87.65576609899995,44.97150436000004],[-87.65409109799998,44.97428336000007],[-87.63030409099997,44.97687336200005],[-87.62469909399994,45.01418436800003],[-87.62575409799996,45.04516537300003],[-87.61040109699996,45.07562537900003],[-87.59718709499998,45.084162381000056],[-87.59007009099997,45.076047380000034],[-87.57698408699997,45.06893338000003],[-87.57528908599994,45.07046238000004],[-87.59204709399995,45.09426038300006],[-87.62764610599999,45.103336382000066],[-87.63154110799996,45.10623238200003],[-87.64819711299998,45.106376381000075],[-87.65141811399997,45.10856638100006],[-87.65995811599998,45.10752038100003],[-87.661302117,45.11257438100006],[-87.67245312199998,45.12130238200007],[-87.67450512299996,45.12657438300005],[-87.67821512499995,45.13009238300003],[-87.67582212499997,45.13506738400008],[-87.68390812799998,45.14414338500006],[-87.692381131,45.149513385000034],[-87.70349813499996,45.152214385000036],[-87.71011413799994,45.15902138600006],[-87.71795114099996,45.16116438500006],[-87.72777414499996,45.16960438600006],[-87.73514114699998,45.171546386000045],[-87.73651514799997,45.17339738600003],[-87.73521614799995,45.17765038700003],[-87.74173815199998,45.198209390000045],[-87.73634515199996,45.20466139100006],[-87.72620414899995,45.20939939200008],[-87.72695814999997,45.21895739400003],[-87.72136014999995,45.22685539500003],[-87.72521115199999,45.23154739600005],[-87.71827014999997,45.238341397000056],[-87.71134514799996,45.239973398000075],[-87.71113714999996,45.25293640000007],[-87.70778514999995,45.25835140100003],[-87.71045614999997,45.25933240100005],[-87.70584314999996,45.26588340200004],[-87.69878614799995,45.26942840300006],[-87.69825414999997,45.28152040500004],[-87.69037014799994,45.29027840700007],[-87.68750414799996,45.298063409000065],[-87.68033614699993,45.30280841000007],[-87.67909114699995,45.305849410000064],[-87.67194114499995,45.308212411000056],[-87.67267514499997,45.31022141100004],[-87.66150614299994,45.32139441400005],[-87.66160914399995,45.32761641500008],[-87.65578114299996,45.33085541600008],[-87.64813214099996,45.339404417000026],[-87.64773514299998,45.35072941900006],[-87.65066714399995,45.35380642000007],[-87.65357414499994,45.35421241900008],[-87.65663814599998,45.35862542000007],[-87.65735514799997,45.36876042100005],[-87.67351915399996,45.37695442200004],[-87.67502315499996,45.38246242200006],[-87.68287215799995,45.38495842200007],[-87.68594015899998,45.388719423000055],[-87.693962162,45.38990142200004],[-87.70434316399997,45.385470421000036],[-87.70833516499994,45.381226420000075],[-87.71889716799996,45.377470419000076],[-87.733415171,45.364440416000036],[-87.73846317099998,45.35716441500006],[-87.75093417499994,45.355045414000074],[-87.75411017499994,45.34945041200007],[-87.76213417699995,45.34840941200008],[-87.76917817999998,45.351203412000075],[-87.78308218399997,45.349733411000045],[-87.79033018599995,45.353452411000035],[-87.80047018999994,45.35361641000003],[-87.81008219199998,45.35127740900003],[-87.82303419599998,45.35265840900007],[-87.82692419699998,45.35054640800007],[-87.83261819899997,45.35225740800007],[-87.83530919999998,45.350988408000035],[-87.83814719999998,45.34510940700005],[-87.85013920299997,45.34044340500003],[-87.85042420399998,45.34750040600005],[-87.86349520899995,45.35302840600008],[-87.86576920999994,45.35628840700008],[-87.86600521099996,45.36320240800006],[-87.87024421199999,45.36644440800006],[-87.87580321399997,45.365322407000065],[-87.870090211,45.359030407000034],[-87.87037321099996,45.356275406000066],[-87.88112021399996,45.35128640500005],[-87.88517621499994,45.351744405000034],[-87.888058216,45.35470540500006],[-87.884861216,45.362800406000076],[-87.87127421299994,45.37147540900003],[-87.87569821499994,45.37706040900008],[-87.87543021599998,45.379381410000065],[-87.87091121499998,45.38312441000005],[-87.85942421199996,45.38823541200003],[-87.85683621199996,45.393114413000035],[-87.85960921299994,45.39641741300005],[-87.85913721299994,45.39897541400006],[-87.850975211,45.40193341500003],[-87.84932821099994,45.40388041500006],[-87.85053921199994,45.41169341600005],[-87.85622221399996,45.41610941600004],[-87.85713021499998,45.420200417000046],[-87.86043821699997,45.42351241700004],[-87.86170321799995,45.434481419000065],[-87.85530421699997,45.44138742000007],[-87.84743521499996,45.44418542100004],[-87.84482121499997,45.44841942200003],[-87.83601421299994,45.450885423000045],[-87.83122321199994,45.45719342400008],[-87.82551520999993,45.45803442500005],[-87.81984020899995,45.460599426000044],[-87.82027020899994,45.46232242600007],[-87.81298220699995,45.464167426000074],[-87.81147520699994,45.46799942700005],[-87.80577920599995,45.47314742800006],[-87.80689720699996,45.47910042900003],[-87.79896620599999,45.48515543100007],[-87.79794920599994,45.494052432000046],[-87.79277520599999,45.49997543300003],[-87.79322120599994,45.50503643400003],[-87.79880020799999,45.50629543400004],[-87.80224720999996,45.51306743500004],[-87.80472621299998,45.531252437000035],[-87.80339621399997,45.53828043800007],[-87.81374321799996,45.54862443900004],[-87.83230222499998,45.55877544000003],[-87.83359722599994,45.56253744000003],[-87.83169522599997,45.56804344100004],[-87.82935222499998,45.56878444200004],[-87.81042621899996,45.56531644200004],[-87.80611021799996,45.56287144200007],[-87.79237821299995,45.56306344300003],[-87.78880421299993,45.56595544400005],[-87.78677321399994,45.58283844600004],[-87.77720521199996,45.58850744800003],[-87.774688213,45.60203245000008],[-87.77757221399997,45.60401945000007],[-87.77767721499998,45.609212451000076],[-87.78085121599997,45.61460745200003],[-87.79202221999998,45.61676445100005],[-87.79588622199998,45.61885445100006],[-87.79698922299997,45.623621452000066],[-87.80448722599994,45.62894145200005],[-87.81020022799999,45.638740453000025],[-87.82410823399994,45.64714645400005],[-87.82468223499995,45.653219455000055],[-87.82269923499996,45.65608545500004],[-87.82317023599995,45.66274045600005],[-87.80329622999994,45.666502458000025],[-87.795361228,45.67134245900007],[-87.78162922399997,45.67328846100003],[-87.78223222599996,45.68306146200007],[-87.80188623299995,45.69387046200006],[-87.80908123599994,45.69972546300005],[-87.80508723499997,45.70498246400007],[-87.81015023799995,45.71023846400004],[-87.82418624199994,45.71266346400006],[-87.83734924699996,45.71692746400004],[-87.85548625399997,45.72695146400008],[-87.86432625799995,45.73714746500008],[-87.86221725799999,45.74502646600007],[-87.86599825899998,45.74654546600004],[-87.86811725999996,45.749485467000056],[-87.87334526199999,45.75044746700007],[-87.87581926299998,45.75389646700006],[-87.88226726499994,45.75478746700003],[-87.89836926999999,45.752511465000055],[-87.90587927299998,45.75937246600006],[-87.91134227399994,45.75654746500004],[-87.91728427699996,45.75949146500005],[-87.92200527799997,45.75699746500004],[-87.92913627999997,45.760372465000046],[-87.93459128199999,45.758102464000046],[-87.94548428499996,45.75669546300003],[-87.95446528799994,45.758422463000045],[-87.95928328899998,45.75737546200003],[-87.96345828999995,45.758228462000034],[-87.96697629199997,45.76402946300004],[-87.98643529899994,45.769604462000075],[-87.98966229999996,45.77203346300007],[-87.985603299,45.77493446300008],[-87.98179529799995,45.77508946300003],[-87.98087629799994,45.77698546400006],[-87.98794830199995,45.79308346600004],[-87.99145330399995,45.795401466000044],[-87.99588230499995,45.79544346600005],[-88.00704930799998,45.792200464000075],[-88.01759431099998,45.792463464000036],[-88.02723431399994,45.78919846300005],[-88.03973531799994,45.78963446200004],[-88.04175031799997,45.78374246100003],[-88.05064031999996,45.78098046000008],[-88.07209732599995,45.78026945900007],[-88.07638132799997,45.781614458000035],[-88.07977032899998,45.78495845900005],[-88.09405333399997,45.78566645800004],[-88.10325333699996,45.79136945800008],[-88.10635733899994,45.79758145900007],[-88.10536133899996,45.80011245900005],[-88.10833733999993,45.80347346000008],[-88.11603034299998,45.80408745900007],[-88.12946734799993,45.80929645900005],[-88.13559634999996,45.81731546000003],[-88.13507335099996,45.82170246100003],[-88.11173234599994,45.83920446500008],[-88.106628345,45.84108046600005],[-88.09833234299998,45.85015046800004],[-88.08883134099995,45.85586846900003],[-88.08259634099994,45.86495247100004],[-88.07754033899994,45.86383347100008],[-88.07483433799996,45.86491347100008],[-88.07557233899996,45.869943472000045],[-88.069891338,45.87272547300006],[-88.08182634199994,45.880209473000036],[-88.09650234699996,45.87986947200005],[-88.10182034899998,45.883512472000064],[-88.10253334999999,45.89223047400003],[-88.10598735199994,45.89709947400007],[-88.10663035299996,45.90222147500003],[-88.10197935199994,45.91055847600006],[-88.09497435099996,45.914677477000055],[-88.10291435399995,45.921877478000056],[-88.12638836099995,45.921507477000034],[-88.12642536199996,45.92561647700006],[-88.14100736699999,45.93061647700006],[-88.14642536899999,45.93420247700004],[-88.14616936899995,45.93680247800006],[-88.15611737199998,45.93752247700007],[-88.16118137399997,45.940609477000066],[-88.16396537499998,45.938348477000034],[-88.17010237699998,45.93947847600003],[-88.17801437999998,45.94711947700006],[-88.18617238299998,45.949312477000035],[-88.19199738499998,45.95274847700006],[-88.19763338699994,45.953090477000046],[-88.20380338799998,45.947949476000076],[-88.21914539299996,45.947511475000056],[-88.22377939399996,45.94872047400003],[-88.23019939599999,45.94725947400008],[-88.23994739899996,45.949370473000045],[-88.24575840199998,45.95415547400006],[-88.24635240299995,45.96339747500008],[-88.25482240599996,45.963546475000044],[-88.25934940699995,45.95950247400003],[-88.26895040899996,45.956421473000034],[-88.28498041399996,45.95533747200005],[-88.29238741599994,45.95112347000003],[-88.29527041699998,45.95126147000008],[-88.30097141899995,45.95617647100005],[-88.31690042399998,45.960977470000046],[-88.31970442599999,45.963634471000034],[-88.32053742499994,45.95997147000003],[-88.32695942699996,45.955079469000054],[-88.33030242799998,45.95663346900005],[-88.32787842699997,45.95894246900008],[-88.33014342899997,45.96595947000003],[-88.33474643099999,45.96863547000004],[-88.34144343299994,45.96872747000003],[-88.34542343499999,45.97399347000004],[-88.35928543999995,45.98151647100008],[-88.37145544399993,45.985364471000025],[-88.37371144499997,45.988564471000075],[-88.38018944799995,45.99166247100004],[-88.38524044899998,45.99024747000004],[-88.38432444899996,45.98812147000007],[-88.38794544899997,45.98317546900006],[-88.395314451,45.98039946800003],[-88.40285445299997,45.98120246800005],[-88.40987045499998,45.97969646700005],[-88.41692045699995,45.97533146600006],[-88.42305045899997,45.978555466000046],[-88.42232845899997,45.98017846600004],[-88.42613146099995,45.98411046700005],[-88.43388146299998,45.985609467000074],[-88.43476846399994,45.98834846700004],[-88.43881046499996,45.98874946700005],[-88.44075546599998,45.990858467000066],[-88.450331469,45.99018946600006],[-88.45426747,45.99343446600005],[-88.45377447099997,45.997027467000066],[-88.45866447299994,45.999399467000046],[-88.47086147699997,46.00101246600008],[-88.47470147699994,45.99877846600003],[-88.47400247699994,45.994447465000064],[-88.47600847699994,45.992834465000044],[-88.48043847799994,45.99164746400004],[-88.48380847899995,45.99241346400004],[-88.48676147999998,45.990957464000076],[-88.49250148199997,45.99216546400004],[-88.49380948299995,45.99427046400007],[-88.49742348399997,45.995157464000044],[-88.49690448399997,45.99902046400007],[-88.50013948499998,46.00046546400006],[-88.50648248899995,46.011122466000074],[-88.50621148899995,46.01714246700004],[-88.51460749199998,46.01993446600005],[-88.53420249799996,46.020894465000026],[-88.53290349799994,46.018105465000076],[-88.53627449899994,46.01769646500003],[-88.54108449999995,46.01377146400006],[-88.55076250199994,46.01290446300004],[-88.55499350399998,46.01498546300007],[-88.56068750599997,46.01428546300008],[-88.565491507,46.01571646300005],[-88.57155950899994,46.01381946200007],[-88.58067651099998,46.00698346000007],[-88.58900651299996,46.00508545900004],[-88.59386651599993,46.015140461000044],[-88.59809951699998,46.017631461000065],[-88.60144651799999,46.01760746100007],[-88.60744451899996,46.01099945900006],[-88.60694551899996,46.00846245900004],[-88.61271851999999,46.00447045800007],[-88.61156951899994,45.99881845700003],[-88.61592851999995,45.99334345600005],[-88.61306951799997,45.990635456000064],[-88.61641151899994,45.987708455000075],[-88.63406152399995,45.98800745400007],[-88.63483952399997,45.985667454000065],[-88.63750652499994,45.98496845300008],[-88.64647652799994,45.98711845300005],[-88.64788952899994,45.98867545300004],[-88.65142352999999,45.987574453000036],[-88.65776653199998,45.98929545300007],[-88.66337453299997,45.98767745200007],[-88.66370353299999,45.98909245200008],[-88.67083353599998,45.98855545200007],[-88.67060753599998,45.98983845200007],[-88.66361553399997,45.99240545300006],[-88.66719553499996,45.994043453000074],[-88.66704253599994,45.99724245300007],[-88.671273537,45.999034453000036],[-88.67121353799996,46.00469145400007],[-88.67592253999999,46.008554454000034],[-88.67461253999994,46.01057545500004],[-88.67913854099999,46.01354645500004],[-88.68682154399994,46.015026455000054],[-88.68990854499998,46.01411645400003],[-88.69872254799998,46.01791145400006],[-88.70469354999994,46.01816245400005],[-88.70772154999997,46.01540445300003],[-88.71226655199996,46.01619245300003],[-88.71305555199996,46.01267645300004],[-88.71840355299997,46.01329245200003],[-88.71803055299995,46.015619453000056],[-88.72212155499994,46.01735845300004],[-88.72113155499994,46.022021453000036],[-88.72480755699996,46.02451145400005],[-88.73068155899995,46.026543454000034],[-88.73350555899998,46.02555145300005],[-88.74000056199998,46.027316453000026],[-88.75218256499994,46.02359245200006],[-88.75862456599998,46.01955045100004],[-88.77005257099995,46.02573645100006],[-88.76971856999995,46.018976450000025],[-88.78016257199994,46.015403449000075],[-88.78401357399997,46.02299245000006],[-88.77874057399998,46.02888345100007],[-88.77863457399997,46.031279451000046],[-88.78441757599995,46.03271745100005],[-88.78835757599995,46.02862145000006],[-88.79618857999998,46.03372045000003],[-88.80067657999996,46.03004444900006],[-88.79624857899995,46.02686144900008],[-88.79646657799998,46.02361344900004],[-88.80176757999999,46.02374544800006],[-88.80577758099997,46.021562448000054],[-88.81603258399997,46.020594447000065],[-88.81543358399995,46.022962447000054],[-88.81909058499997,46.02632244800003],[-88.83860759199996,46.03013244700003],[-88.84390959399997,46.03305844700003],[-88.85027659699995,46.04028244800003],[-89.091636683,46.13851344700004],[-89.63842286299996,46.243812426000034],[-90.12049601999996,46.336860407000074],[-90.12138702099998,46.33813940700003],[-90.11799901999996,46.341381408000075],[-90.12020502099995,46.34507440900006],[-90.12189802199998,46.34447940800004],[-90.12355602299994,46.346514409000065],[-90.11674802099998,46.350660410000046],[-90.11883402299998,46.359249411000064],[-90.12248802399995,46.360607411000046],[-90.12293002499996,46.36361141100008],[-90.13387802899996,46.37183641100006],[-90.13283002999998,46.37826041200003],[-90.13425702999996,46.379139413000075],[-90.13225702999995,46.38125741300007],[-90.13941703299997,46.38500741300004],[-90.14080003399994,46.388431413000035],[-90.14436603499996,46.39026341300007],[-90.14747103699995,46.39560241400005],[-90.14677703699994,46.39914041500003],[-90.15294303899998,46.401301414000045],[-90.15401303999994,46.40667941500004],[-90.15785804199999,46.40929941500008],[-90.15861004399994,46.42266441700008],[-90.16059804499997,46.423007417000065],[-90.15964204499994,46.42529341800008],[-90.16235604599996,46.427499418000025],[-90.16342904699997,46.43461341900007],[-90.16777704899994,46.44213041900008],[-90.17041104999998,46.439446419000035],[-90.17793705199995,46.44023741800004],[-90.17677005299998,46.44768342000003],[-90.17893105399997,46.450275420000025],[-90.17833205499994,46.45741642100006],[-90.18028605599994,46.45874442100006],[-90.18034305499998,46.45675442100003],[-90.18769405799998,46.45821442000005],[-90.19075605899997,46.460181420000026],[-90.19330105999995,46.46315142100008],[-90.18900305999995,46.46902342200008],[-90.19266406099996,46.46858442200005],[-90.19340106099997,46.472495422000065],[-90.20401606499996,46.47818342200003],[-90.20570306699994,46.484454423000045],[-90.21176006899998,46.49035942300003],[-90.21119906999996,46.49311942400004],[-90.21660107299994,46.501767425000025],[-90.22053907399999,46.50341142500008],[-90.23033107699996,46.50174042400005],[-90.22940907699996,46.508000425000034],[-90.23159407799994,46.50985042500008],[-90.24340208099994,46.505253423000056],[-90.25716708499994,46.50472442200004],[-90.26051108599995,46.502830422000045],[-90.26527608699996,46.50383742200006],[-90.26432808799996,46.50664042200003],[-90.26657408799997,46.50786342200007],[-90.27298308999997,46.50514742100006],[-90.27042908999994,46.51169842200005],[-90.27472809199998,46.51542442300007],[-90.27758409299997,46.51503042200005],[-90.27506709199997,46.518406423000044],[-90.27180309199997,46.51927342300007],[-90.27713809399995,46.524495424000065],[-90.27892709399998,46.52227942300004],[-90.28227309499994,46.52158342300004],[-90.28343009499997,46.51887642300005],[-90.29475709899998,46.52165442200004],[-90.29441809799994,46.518856422000056],[-90.29829109899998,46.51782842100005],[-90.30772310199995,46.51840042100008],[-90.30854410199998,46.516820421000034],[-90.31384610399994,46.51620742000006],[-90.31699010499995,46.51732742000007],[-90.31778410599998,46.52164542100007],[-90.31444110499996,46.52379242100005],[-90.31189310499997,46.528703422000035],[-90.31294310599998,46.53044942200006],[-90.31061210499996,46.53256242300006],[-90.31086610599993,46.539373424000075],[-90.31633810799997,46.540882424000074],[-90.31520310799993,46.544455424000034],[-90.31845510899996,46.54425142400004],[-90.32067010999998,46.54661442400004],[-90.32669311199999,46.546158424000055],[-90.32735311299996,46.55113342400006],[-90.33257711499994,46.551873424000064],[-90.33189411499995,46.55328642400008],[-90.33692811599997,46.55408442400005],[-90.34434511799998,46.552095423000026],[-90.33941111599995,46.549296423000044],[-90.34234311699998,46.54783942300003],[-90.34681311799994,46.54935842300006],[-90.34580611799998,46.54515142200006],[-90.35032511799994,46.540501421000045],[-90.35734911999998,46.53900242000003],[-90.35973112099998,46.53937642000005],[-90.36069212099994,46.54138842100008],[-90.36474312199994,46.53959442000007],[-90.36709012299997,46.54117142000007],[-90.37620812599994,46.53816741900005],[-90.37685712599995,46.536183419000054],[-90.38026512699997,46.53670141900005],[-90.38596212799996,46.53379941800006],[-90.39332712999999,46.53262341700008],[-90.39527913099994,46.53394941700003],[-90.39214912999995,46.53484941800008],[-90.39242613,46.53621841800003],[-90.39557513099999,46.53632541700006],[-90.40004813399997,46.54439241800003],[-90.40560013599998,46.54759241800008],[-90.40785013699997,46.554513419000045],[-90.41460313999994,46.557328419000044],[-90.41814314199996,46.56610242000005]]]]}},{"type":"Feature","properties":{"shapeName":"Indiana","shapeISO":"US-IN","shapeID":"66186276B82803899326534","shapeGroup":"USA","shapeType":"ADM1","meshregion":"oki"},"geometry":{"type":"Polygon","coordinates":[[[-86.82483349999995,41.76024787800003],[-86.87543451299996,41.73794687100008],[-86.90913552199999,41.72694586700004],[-86.91639952299994,41.716392865000046],[-86.92184752499998,41.71475286400005],[-86.92274752499998,41.71273086400004],[-86.94338852999994,41.706607862000055],[-87.02789355199997,41.674668852000025],[-87.06603856199996,41.661852847000034],[-87.09905557099995,41.65177784400004],[-87.12039857699995,41.64710984200008],[-87.12838957899999,41.64632984100007],[-87.13106957999997,41.64950284200006],[-87.14187658299994,41.64695984100007],[-87.14600958499994,41.64883884100004],[-87.16203658899997,41.64500783900007],[-87.162099588,41.635401838000064],[-87.17824559299999,41.634426836000046],[-87.17960059299998,41.630967836000025],[-87.22066560399998,41.62436383200003],[-87.26163961599997,41.620530830000064],[-87.28876262399996,41.620853828000065],[-87.288974624,41.622464828000034],[-87.29349662599998,41.62368482800008],[-87.29777962699995,41.62328082800008],[-87.29902862699998,41.61910082700007],[-87.30443662799996,41.61950182700008],[-87.30598062899998,41.622801827000046],[-87.31917363299993,41.62134082700004],[-87.31865463299994,41.62361482700004],[-87.36886564899999,41.63004682500008],[-87.40169765899998,41.639331825000056],[-87.41154566199998,41.64370282500005],[-87.41673066399994,41.64091082500005],[-87.41855366399994,41.641876825000054],[-87.42077066499996,41.64101882400007],[-87.43310866899998,41.64901982500004],[-87.43404266999994,41.65573382600007],[-87.42115766699999,41.65952382800003],[-87.40852966399996,41.670620830000075],[-87.41323266599994,41.673702830000025],[-87.40632266499995,41.681175832000065],[-87.41582166799998,41.68819083300008],[-87.42488267099998,41.690080833000025],[-87.44972767799999,41.68422183000007],[-87.46266068099999,41.67818482800004],[-87.46801868199998,41.67243982700006],[-87.47074768299996,41.67284282700007],[-87.47631468499998,41.675241827000036],[-87.47580668499995,41.677868828000044],[-87.47875168599995,41.67979482800007],[-87.47992268599995,41.67881682800004],[-87.48538168799996,41.681241828000054],[-87.48511468799995,41.68359282800003],[-87.49095068999998,41.68491282800005],[-87.50451969399995,41.69157682800005],[-87.50394569499997,41.693695829000035],[-87.50653869499996,41.69544282900006],[-87.50800469599994,41.69411482900006],[-87.51615269899997,41.70152483000004],[-87.51710369899996,41.70296983000003],[-87.51495369899999,41.704569830000025],[-87.52131370099994,41.71003883100008],[-87.52417070199994,41.708321830000045],[-87.52670164899996,41.14922973300003],[-87.52583904799997,40.85179969200004],[-87.52632758799996,40.49399961700004],[-87.53146455799998,40.14799555500008],[-87.53326153499995,39.871989505000045],[-87.53165148899996,39.34806941000005],[-87.53727649099994,39.35209641000006],[-87.54401849299995,39.35291441000004],[-87.54948349399996,39.34774740900008],[-87.55026549399997,39.343355408000036],[-87.55440549499997,39.34049540800004],[-87.56069749699998,39.33885840700003],[-87.57408550099996,39.341430407000075],[-87.58485750399996,39.33733640500003],[-87.58908950499995,39.33383840500005],[-87.60592550799998,39.31108340000003],[-87.62049051199995,39.30714039800006],[-87.62118151199996,39.30416939700007],[-87.61896951099999,39.30169839700005],[-87.61500250899996,39.30090839700006],[-87.60535350699996,39.303224398000054],[-87.59842150499998,39.30009339800006],[-87.59732850399996,39.29696439700007],[-87.60875850599996,39.286696395000035],[-87.60992050599998,39.28142239400006],[-87.60734750499995,39.276213393000035],[-87.60195350399994,39.27517239300005],[-87.60495250299994,39.26021939000003],[-87.59349149899998,39.24745938800004],[-87.59111549799997,39.247268389000055],[-87.58716349699995,39.24962338900008],[-87.58518549699994,39.25314539000004],[-87.58065749599996,39.255244391000076],[-87.57344449399994,39.254589391000025],[-87.57133849299998,39.251388390000045],[-87.57307949299997,39.24670038900007],[-87.579324494,39.24355938800005],[-87.57456349099994,39.218411384000035],[-87.57703449099995,39.21113038300007],[-87.58498249299998,39.20528338100007],[-87.58659549299995,39.19963338000008],[-87.60305049699997,39.19131137800008],[-87.60517849699994,39.18590437700004],[-87.61105049899999,39.18409737600007],[-87.61855650099994,39.18641137600008],[-87.62040550099994,39.18520237600006],[-87.62052649999998,39.17033737300005],[-87.63649550499997,39.168840372000034],[-87.64043950599995,39.166734371000075],[-87.64141750499994,39.16035837000004],[-87.63038050199998,39.15834737000006],[-87.62774750099999,39.15623737000004],[-87.62874850099996,39.15392436900004],[-87.63438450299998,39.153426369000044],[-87.63744850399996,39.156780370000035],[-87.64218050499994,39.15710436900008],[-87.65172450799997,39.15060936800006],[-87.65320650699994,39.14400036600006],[-87.65875050799997,39.136004365000076],[-87.65524450699996,39.13229036400003],[-87.64315050299996,39.12856936400004],[-87.64217550199999,39.12321936300003],[-87.63510549999995,39.122305363000066],[-87.63590849999997,39.118336363000026],[-87.64159350199998,39.11454936200005],[-87.65102750399996,39.116446361000044],[-87.65504750499997,39.11092836000006],[-87.65280150399997,39.10684636000008],[-87.649171503,39.104810359000055],[-87.63859049999996,39.105901360000075],[-87.61839049399998,39.10429136100004],[-87.61488649299997,39.10266236100006],[-87.61395149199996,39.09954336000004],[-87.61547049299998,39.095778359000064],[-87.62039249399999,39.09152935800006],[-87.62098349299998,39.08810335800007],[-87.61596949199998,39.08257335700006],[-87.61070148999994,39.08124135700007],[-87.60110648699998,39.08141235800008],[-87.59556448499995,39.07898535700008],[-87.59152048399994,39.07318835600006],[-87.58355148099997,39.06795435600003],[-87.57870747899995,39.06170535500007],[-87.57259347699994,39.05729335500007],[-87.57256047599998,39.05006335300004],[-87.58021247799996,39.04194735100003],[-87.58025747799996,39.03938435100008],[-87.575032476,39.03406935000004],[-87.56970147299995,39.01942034800004],[-87.57376647299998,39.008691345000045],[-87.57889447399998,39.00242034400003],[-87.57865947399995,38.999509344000046],[-87.575427473,38.996485343000074],[-87.56709046999998,38.993551343000036],[-87.56289346899996,38.994436343000075],[-87.56043246799999,38.992432343000075],[-87.56204846799994,38.989476343000035],[-87.56519846899994,38.98880234200004],[-87.57698947299997,38.991277342000046],[-87.57849847299997,38.98975634200008],[-87.57653647199999,38.98671834100003],[-87.52950145699998,38.97193234100007],[-87.52496945599995,38.963852340000074],[-87.51219245099998,38.95442433900007],[-87.51293245099998,38.95014033800004],[-87.52185645299994,38.94007633500007],[-87.51663345099996,38.93300233400004],[-87.51883144999994,38.92321233200005],[-87.52063945099997,38.92167233200007],[-87.52606345199996,38.92136233200006],[-87.52770745299995,38.91845633100007],[-87.52603845199997,38.91361333000003],[-87.52730045199996,38.907222329000035],[-87.52431945099994,38.90520132900008],[-87.51773744899998,38.905679329000066],[-87.51673344799997,38.904130329000054],[-87.51801344899997,38.90271232900005],[-87.53370045299994,38.90096432800004],[-87.53659645299996,38.89557332600003],[-87.53447745199998,38.89234632600005],[-87.53570845199994,38.88721432500006],[-87.53912745399998,38.89612632600006],[-87.54409445499994,38.89510032600003],[-87.54429745499993,38.88896032500003],[-87.53828545299996,38.88580632400004],[-87.53492445099994,38.87888132300003],[-87.53682145199997,38.87741532300004],[-87.54737545499995,38.87562132200003],[-87.54761645499997,38.87252332200006],[-87.54261145299995,38.86664832100007],[-87.54319345299996,38.86422132000007],[-87.545724453,38.863037320000046],[-87.55207145499998,38.86451832000006],[-87.55339945499998,38.86241731900003],[-87.55203345499996,38.860325319000026],[-87.53725344999998,38.85359931900007],[-87.52819944699996,38.851698319000036],[-87.52589844599999,38.848802318000025],[-87.52670044599995,38.838585316000035],[-87.52168644299996,38.82658331400006],[-87.52734744399999,38.818128312000056],[-87.50821643699999,38.79572330900004],[-87.50313443499994,38.79288130900005],[-87.49591043299995,38.78544130800003],[-87.49520443199998,38.78198630700007],[-87.49743543199997,38.77744530600006],[-87.50430643399994,38.773853305000046],[-87.51180343599998,38.773565305000034],[-87.51455343699996,38.77182830500004],[-87.51437843699995,38.76917930400003],[-87.51197443599995,38.767545304000066],[-87.50252143299997,38.76918030500008],[-87.49822143199998,38.76831430500005],[-87.49700343099994,38.765313304000074],[-87.49895343099996,38.75778130300006],[-87.50401143199997,38.74971730100003],[-87.50332343199995,38.74708730000003],[-87.49608142899996,38.74212030000007],[-87.49652542899997,38.73934329900004],[-87.50534443099997,38.73497729800005],[-87.50852043099997,38.72577529600005],[-87.51671243299995,38.71633929400008],[-87.51952443299996,38.710462293000035],[-87.51904343199999,38.69953329100008],[-87.52204443299996,38.69335729000005],[-87.53123643499998,38.684043287000065],[-87.54005643699998,38.67915028600004],[-87.57940244799994,38.67248228300008],[-87.59725245199996,38.66532128100005],[-87.60018545299994,38.66246928000004],[-87.60286845299999,38.65637027900004],[-87.60295545299994,38.65124327800004],[-87.60582245299997,38.64652527700008],[-87.61732045599996,38.64216427500003],[-87.62012545699997,38.639496275000056],[-87.62090545699994,38.636135274000026],[-87.61574145399999,38.62729927300006],[-87.61615745399996,38.62322227200008],[-87.62179945599996,38.61960427100007],[-87.62276445599997,38.61709127000006],[-87.62053745499998,38.61217227000003],[-87.62660745599999,38.60832726900003],[-87.62735345599998,38.605447268000034],[-87.62414845399996,38.59696226700004],[-87.61944845299996,38.59483126600003],[-87.61346645099997,38.595049267000036],[-87.61135544999996,38.59361826700007],[-87.61196544999996,38.589255266000066],[-87.61451345099994,38.58751726500003],[-87.62290245299994,38.586205265000046],[-87.63482845699997,38.59269926500008],[-87.63763245799998,38.59266126500006],[-87.64021545799994,38.58980226400007],[-87.63807845699995,38.577835262000065],[-87.63957245699999,38.57417026200005],[-87.65018645999999,38.57006626000003],[-87.65153445999994,38.56817326000004],[-87.65275045999994,38.56446625900003],[-87.65070945899998,38.55624725800004],[-87.66544046299998,38.54995325600004],[-87.67007646299999,38.54524425500006],[-87.66923746299994,38.541749254000024],[-87.66098345999995,38.53215225300005],[-87.65528845699998,38.520807251000065],[-87.64623145399997,38.51509725000005],[-87.64535045399998,38.510166249000065],[-87.650097454,38.504613248000055],[-87.65674645599995,38.50176424700004],[-87.66370645799998,38.50293824700003],[-87.66981645999994,38.50718524800004],[-87.67238746099997,38.50740324700007],[-87.67837946199995,38.49844524500003],[-87.68592646399998,38.491850244000034],[-87.71405247099995,38.47988724000004],[-87.73465147699994,38.48008523900006],[-87.74464947899997,38.477273238000066],[-87.75536048099997,38.46396723500004],[-87.75593648099994,38.455883234000055],[-87.75080247899996,38.45420423400003],[-87.74053047599995,38.45472323400003],[-87.73197947399996,38.450787234000074],[-87.73037447299998,38.447891233000064],[-87.73070447299995,38.442915233000065],[-87.73977247499994,38.43798423100003],[-87.74525947399997,38.40900322500005],[-87.76972647899998,38.38070221900006],[-87.78308448199994,38.368869216000064],[-87.80608048799996,38.36315021400003],[-87.81379648999996,38.35379921200007],[-87.82341649199998,38.34597521000006],[-87.83198749299999,38.32698020600003],[-87.83340749199994,38.31665720400008],[-87.83095848999994,38.29937220100004],[-87.83898449099996,38.28233419700007],[-87.84345549199998,38.27817919600005],[-87.85113549399995,38.27512719500004],[-87.85965649699995,38.27671819500006],[-87.86303749799998,38.28017919600006],[-87.86625349999997,38.28998719700007],[-87.86045849899995,38.30312020000008],[-87.86112549899997,38.30783320100005],[-87.86427650099995,38.31071020100006],[-87.87054250299997,38.31222720100004],[-87.87566950399997,38.30993820100008],[-87.88008850499995,38.30536019900006],[-87.88785450499995,38.28530619500003],[-87.89780850799997,38.279489194000064],[-87.90684650999998,38.26964119100006],[-87.91111551099993,38.26803819100007],[-87.91762051299997,38.27008519100008],[-87.91947551399994,38.27455419200004],[-87.90799951199995,38.29233819600006],[-87.90954151199998,38.29606819600008],[-87.91649451499995,38.299379197000064],[-87.92283851599996,38.29920519600006],[-87.93356151899997,38.29590319500005],[-87.93752451999995,38.29205319400006],[-87.93921751999994,38.28293019200004],[-87.94233851999996,38.27940919200006],[-87.95030352299995,38.276799191000066],[-87.95220352299998,38.27310919000007],[-87.95065652199997,38.26682618900003],[-87.94207251899996,38.26030818800007],[-87.94607051999998,38.25532618700004],[-87.95403752199996,38.25303918600008],[-87.95761552299996,38.25005318500007],[-87.95799752199997,38.24010318300003],[-87.96023052199996,38.237125183000046],[-87.96428452299995,38.236304182000026],[-87.96897352499997,38.237396182000055],[-87.97226452699994,38.247046184000055],[-87.98187352999997,38.25645118500006],[-87.98471053099996,38.25796018500006],[-87.98762353199999,38.257388185000025],[-87.98804253199995,38.255493185000034],[-87.98240552999994,38.24870318400008],[-87.97963452799996,38.24055718200003],[-87.98047452799995,38.235419181000054],[-87.98487552899996,38.228530180000064],[-87.98563252799994,38.21800017800007],[-87.98397852699998,38.20911417600007],[-87.97582452399996,38.197841175000065],[-87.95892851799994,38.18405317300005],[-87.94049651199998,38.17490917200007],[-87.93644851,38.171362172000045],[-87.93376450899996,38.16435817000007],[-87.93430450899996,38.156466169000055],[-87.93121650799998,38.15635516900005],[-87.92639350599995,38.15884717000006],[-87.92451850599997,38.16203217000003],[-87.925294507,38.17032317200005],[-87.92290650699994,38.173298173000035],[-87.91567150499998,38.17332917300007],[-87.91062850299994,38.166611172000046],[-87.91143350199997,38.16174717100006],[-87.91518950299997,38.15779517000004],[-87.92827550599998,38.15090016800008],[-87.925505505,38.14625816700004],[-87.92663250499999,38.142553167000074],[-87.93514050699997,38.139435166000055],[-87.94547750899994,38.12662316300003],[-87.95587751299996,38.132904163000035],[-87.96576051599999,38.13262816300005],[-87.96946951699994,38.130751162000024],[-87.97427751699996,38.12198816000006],[-87.97377951699997,38.11445415900005],[-87.97530451699998,38.11006015800007],[-87.98307351899996,38.107146157000045],[-87.99831552299997,38.10849515700005],[-88.01312352699995,38.103534155000034],[-88.01673452699998,38.09726415400007],[-88.01139552499995,38.084698152000044],[-88.00470252299993,38.08397215200006],[-87.96803651299996,38.09628315600003],[-87.96221551199994,38.10006115700003],[-87.96046851199998,38.09909315700003],[-87.95666950899994,38.08620915500006],[-87.96723151099997,38.06711215000007],[-87.97874051399998,38.05982214900007],[-88.00133551999994,38.05155214600006],[-88.03263752799995,38.051752144000034],[-88.03783753,38.05025214400007],[-88.04213753099998,38.046352143000036],[-88.04214152999998,38.03901914200003],[-88.04023752899997,38.03565214100007],[-88.03413752699998,38.032052141000065],[-88.02773652599996,38.03175214100003],[-88.01763652299996,38.03475214200006],[-88.01213652099995,38.03385214200006],[-88.00763651999995,38.029152141000054],[-88.01693652199998,38.02405214000004],[-88.02243652299995,38.01715213800003],[-88.02583652299995,38.007252136000034],[-88.01257951699995,37.977069131000064],[-88.01293451599997,37.96655112900004],[-88.01631651699995,37.961581128000034],[-88.02087351799997,37.959358128000076],[-88.03199452099994,37.958597127000075],[-88.03679852199997,37.956800126000076],[-88.03612952099996,37.942753124000035],[-88.03042051799997,37.93011112200003],[-88.03535051899996,37.92553512000006],[-88.04130152099998,37.92429712000006],[-88.04866652299995,37.92676412000003],[-88.054762526,37.933494121000024],[-88.05977252699995,37.93386312100006],[-88.06756652899998,37.930221120000056],[-88.06961852899997,37.92685511900004],[-88.06823052899995,37.92271211800005],[-88.06302852699997,37.918203118000065],[-88.03185151799994,37.91375811800003],[-88.02251851499994,37.91476311900004],[-88.02006551399995,37.91290711900007],[-88.01782151299994,37.902703117000044],[-88.01336051099997,37.89486111600007],[-88.01516051099998,37.89079911500005],[-88.02028951199998,37.888058114000046],[-88.024823514,37.88886711400005],[-88.02914351499999,37.89264411500005],[-88.05537852299994,37.891245113000025],[-88.07145452699996,37.89582011300007],[-88.08624253199997,37.905720114000076],[-88.09448153499994,37.90596911400007],[-88.09776553599994,37.904033113000025],[-88.09496153399994,37.89369611200004],[-88.07853452799998,37.879125110000075],[-88.06504152199994,37.85317910500004],[-88.05943051999998,37.84873910500005],[-88.04822051699995,37.84484310500005],[-88.03331451199995,37.84192410500003],[-88.02822251099997,37.83859210400004],[-88.02592650999998,37.83270110300003],[-88.02869850999997,37.82711610200005],[-88.03301651099997,37.82439010100006],[-88.04383651399996,37.82153210000007],[-88.058060518,37.82245610000007],[-88.08085952499994,37.83090910000004],[-88.08573252599996,37.829395100000056],[-88.09009752699995,37.82564909900003],[-88.09185352799994,37.82211509800004],[-88.09004452699998,37.81677809700005],[-88.07640952199995,37.804642096000066],[-88.06772151899997,37.80057709500005],[-88.05966751699998,37.80120309600005],[-88.04575851299995,37.808136098000034],[-88.03762851099998,37.80987109800003],[-88.03004150899994,37.806515098000034],[-88.02803550799996,37.799231097000074],[-88.01514950399996,37.80193709800005],[-87.99710749899998,37.79767909800006],[-87.97639449199994,37.78801109700004],[-87.96003548599998,37.77323009500003],[-87.95259548399997,37.771749095000075],[-87.94859948299995,37.77235109600008],[-87.94451148199994,37.77526309600006],[-87.93255947999995,37.79767910100003],[-87.90681547399998,37.80763110400005],[-87.90380947399996,37.81776910600007],[-87.91028147699996,37.84342311100005],[-87.914897479,37.84962511200007],[-87.927308483,37.85871611300007],[-87.93623348699998,37.86794411400007],[-87.94001048799998,37.875051116000066],[-87.94084448899997,37.88334511700003],[-87.93678948899998,37.89259411900008],[-87.90479448199994,37.92489912700006],[-87.89806747999995,37.927521127000034],[-87.88332647599998,37.92624512800006],[-87.87254547299995,37.921006127000055],[-87.86310246899995,37.911865126000066],[-87.85724846699998,37.90065612400008],[-87.84469646199994,37.892055123000034],[-87.84169846099996,37.88769212300008],[-87.84119846099998,37.88233212200004],[-87.83058345699999,37.87652312100005],[-87.79090544599995,37.87572112300006],[-87.78364844399994,37.87776612400006],[-87.76226543899998,37.89091312700003],[-87.74015343299999,37.89465712900005],[-87.72364042799995,37.89206512900006],[-87.71797642599995,37.89257713000006],[-87.71068042399997,37.893905130000064],[-87.68402341699993,37.90350513300007],[-87.67573541499996,37.90193713300005],[-87.66648641199998,37.89579313300004],[-87.66346440999996,37.88663813100004],[-87.66543740999998,37.879500130000054],[-87.68163841299997,37.85592412400007],[-87.68069441199998,37.84062712100007],[-87.67554340899994,37.831739120000066],[-87.67240240799998,37.82913412000005],[-87.66652740599994,37.827462120000064],[-87.64586339999994,37.82590612000007],[-87.62501939499998,37.82908412200004],[-87.61540439199996,37.83198112300005],[-87.59786438799995,37.847744127000055],[-87.59027938699995,37.85858712900006],[-87.59146238699998,37.86037612900003],[-87.58630938699997,37.87250013200003],[-87.58393038599996,37.87249213200005],[-87.58374238699997,37.878087133000065],[-87.58714638799995,37.88486513400005],[-87.62080039899996,37.90768313700005],[-87.62559740199998,37.91603513800004],[-87.62839440299996,37.92757014000006],[-87.62708440299997,37.92851714100004],[-87.62525040199995,37.92586614000004],[-87.62239140099996,37.927589141000055],[-87.61754740099997,37.93736914300007],[-87.62006240199997,37.938001143000065],[-87.60645739899996,37.94886614600006],[-87.60157839899995,37.971311150000076],[-87.59617639799995,37.97486715100007],[-87.59002839599998,37.97547915100006],[-87.58455039399996,37.97466415100007],[-87.57573439099997,37.967785151000044],[-87.57410538999994,37.962115150000045],[-87.57651938999999,37.95214414800006],[-87.57361038899995,37.95164914800006],[-87.57215138899994,37.94664114700004],[-87.56207538499996,37.93329814500004],[-87.55128238099996,37.92542514400003],[-87.520289371,37.91262514300007],[-87.51150436799998,37.906433142000026],[-87.50748836699995,37.906737142000054],[-87.49689536399995,37.91117414400003],[-87.46551935699995,37.93369714900007],[-87.44779135299996,37.94243415200003],[-87.42831234699997,37.94505415300006],[-87.41333034299998,37.944721154000035],[-87.38543933399995,37.93767715400003],[-87.37345832999995,37.932244154000045],[-87.36367932699994,37.922248152000066],[-87.35634132499996,37.91972915200006],[-87.34493832099997,37.911171151000076],[-87.33586131799996,37.90741015100008],[-87.33354431699996,37.90834515100005],[-87.31975931299996,37.90553115100005],[-87.29832030599994,37.89593015000003],[-87.28042129999994,37.88564914900007],[-87.25647429199995,37.86840514700003],[-87.22034727999994,37.84908814500005],[-87.20387427499998,37.84449614500005],[-87.17584126699995,37.84102414600005],[-87.17036526499999,37.84220414600003],[-87.16232426299996,37.84016614600006],[-87.15626826099998,37.835934146000056],[-87.14151125499995,37.81632414300003],[-87.13704625299994,37.807194141000025],[-87.13420925099996,37.79295013800004],[-87.12963424899993,37.78661513700007],[-87.11859924599997,37.78282313700004],[-87.10433924199998,37.783409138000025],[-87.08928423799995,37.787869140000055],[-87.06968023299999,37.80152014300006],[-87.06591323299995,37.80759514400006],[-87.06580923299998,37.81207914500004],[-87.05666923099994,37.82753814900008],[-87.04329023099996,37.86855915700005],[-87.043412231,37.87994715900004],[-87.04615123299999,37.89154716100006],[-87.04016823199998,37.901222164000046],[-87.03417123099996,37.906272165000075],[-87.01237822499996,37.91871516800006],[-86.97896221699995,37.93020717200005],[-86.96800921399995,37.93300317300003],[-86.92583020199999,37.935116175000076],[-86.91795419999994,37.93724717600003],[-86.901988196,37.946455179000054],[-86.89029519299999,37.957433181000056],[-86.88648519199995,37.963076183000055],[-86.85595518499997,37.987299189000055],[-86.82007617599999,37.999399193000045],[-86.81091817299995,37.99715719300008],[-86.79551516799995,37.989460192000024],[-86.79051416599998,37.980053190000035],[-86.78717316399997,37.968808188000025],[-86.77857416099994,37.95730518700003],[-86.77992016099995,37.95546918600007],[-86.76473915499997,37.93241718200005],[-86.75099514999994,37.912900179000076],[-86.73146514299998,37.89434717700004],[-86.72225213999997,37.89265517700005],[-86.71614313799995,37.894080177000035],[-86.68093412899998,37.91501718300003],[-86.66089312399998,37.91306618400006],[-86.65009211999995,37.91062318400003],[-86.64708611899994,37.908628183000076],[-86.64414811799998,37.902373182000076],[-86.64475911799997,37.894813181000075],[-86.66123811999995,37.86276817400005],[-86.66164211899996,37.849721171000056],[-86.65827311799995,37.84415117100008],[-86.65252111599995,37.841643170000054],[-86.63827011199999,37.84272517100004],[-86.60916810399993,37.855415175000076],[-86.60462910299998,37.85827917600005],[-86.59811310199996,37.86738917800005],[-86.59985310499997,37.90676118500005],[-86.59613010499999,37.91429618700005],[-86.58858610299995,37.921166189000076],[-86.58032710099997,37.923152189000064],[-86.56626109699994,37.92217119000003],[-86.54851209099996,37.91784919000003],[-86.53416108699997,37.91701419000003],[-86.51101008099994,37.92612719300007],[-86.50662507999994,37.930726194000044],[-86.50939508199997,37.94249919600003],[-86.52050808599995,37.95444519800003],[-86.52517908799996,37.96823520100003],[-86.52497409299997,38.027886212000055],[-86.52183009299995,38.03833421400003],[-86.51729409199999,38.04264121500006],[-86.51176508999998,38.044455216000074],[-86.47190807899995,38.046225218000075],[-86.45219707299998,38.05049722000007],[-86.43824106999995,38.06043322200003],[-86.43279406899995,38.06717822400003],[-86.43009606899994,38.07864522600005],[-86.43405107099994,38.086770228000034],[-86.45883807899997,38.09601322800006],[-86.46386308099994,38.10118422900007],[-86.46622208199994,38.10678823000006],[-86.46608608199995,38.11444423100005],[-86.46325308199994,38.11928523200004],[-86.45712007999998,38.124538234000056],[-86.44979807899995,38.12723023500007],[-86.43969307599997,38.12741923500005],[-86.42954607199994,38.12528823500003],[-86.40188406299995,38.10433623200004],[-86.39615106099996,38.10715923300006],[-86.38781305999998,38.124399237000034],[-86.37978005799994,38.12928123800003],[-86.37532905699999,38.13063623900007],[-86.34056104699994,38.12774424000003],[-86.33367004499996,38.12924224000005],[-86.32911604399999,38.132006241000056],[-86.32385204299999,38.138419243000044],[-86.32119604299999,38.14701224400005],[-86.32393804399999,38.15238124500007],[-86.32803304499998,38.154793246000054],[-86.34486104999996,38.15897424600007],[-86.36606005699997,38.16153824500003],[-86.37174505899998,38.16419024500004],[-86.37743906099996,38.171386246000054],[-86.37815606199996,38.18585224900005],[-86.37380606099998,38.19335925100006],[-86.36750905999997,38.197312252000074],[-86.35772205699999,38.19881425300008],[-86.34774105399998,38.19537025200003],[-86.31714404299998,38.172914250000076],[-86.29574503699996,38.16407624900006],[-86.28711503399995,38.15794624800003],[-86.27285202799999,38.140842245000044],[-86.27027402699997,38.12979024300006],[-86.27910502699996,38.10076123700003],[-86.27770902499998,38.08248823400004],[-86.27138802199994,38.06196423000006],[-86.26720801999994,38.056805230000066],[-86.24693501299998,38.044686228000046],[-86.23334400899995,38.03963222800007],[-86.23345300899996,38.03818722800003],[-86.22333300599996,38.03152322700004],[-86.22071600499999,38.02818522600006],[-86.17656198999998,38.010237225000026],[-86.16531798699998,38.00987422500003],[-86.14790198199995,38.01475622700008],[-86.12830497699997,38.01619922800006],[-86.10417196999998,38.01263422900007],[-86.08634596399997,38.00493822800007],[-86.07546795999997,37.99719022700003],[-86.07593695999998,37.995500227000036],[-86.06486395499996,37.975625223000065],[-86.05003394999994,37.96050722100006],[-86.04231194799996,37.958178221000026],[-86.03819494599998,37.959595222000075],[-86.03435994599994,37.964628223000034],[-86.03358294599997,37.97023822400007],[-86.03510794699997,37.98436522700007],[-86.02951394599995,37.99264722800007],[-86.01845594299994,37.99653523000006],[-85.97742793199996,38.00339523300005],[-85.97292293099997,38.00258123300006],[-85.94711892299995,38.00509223500006],[-85.942220922,38.00727423500007],[-85.92565891799995,38.02179123900004],[-85.92127991799998,38.030327241000066],[-85.91384391899999,38.071968249000065],[-85.90527091699994,38.08894025300003],[-85.90423091799994,38.099809255000025],[-85.90913792299995,38.14439426300004],[-85.90796992399999,38.16148026600007],[-85.90387792299998,38.174149269000054],[-85.893548921,38.189022272000045],[-85.88026891899995,38.20337627600003],[-85.852362912,38.221949281000036],[-85.84438590999997,38.231055283000046],[-85.83909590899998,38.23973628500005],[-85.83617290999996,38.265297290000035],[-85.82922090899996,38.276515292000056],[-85.82453690799997,38.279911293000055],[-85.81740390599998,38.28239429400003],[-85.78690889799998,38.288540296000065],[-85.78103189599994,38.28848329700003],[-85.77227289299998,38.285594297000046],[-85.76599589099999,38.28035129600005],[-85.76716689099999,38.27733129500007],[-85.760937889,38.27198429500004],[-85.75147988599997,38.268005294000034],[-85.74508188399994,38.26719729400003],[-85.74086188299998,38.26787329500007],[-85.68356586799996,38.295476303000044],[-85.67357186599997,38.30233230400006],[-85.66792986499996,38.31063730600005],[-85.65535986199995,38.323856309000064],[-85.65136886099998,38.330749311000034],[-85.64431485999995,38.34602431400003],[-85.63868285999996,38.36395531800008],[-85.63786586099997,38.38027032100007],[-85.63294186099995,38.39567332400003],[-85.61828585899997,38.42636033100007],[-85.60446185599994,38.44082733400006],[-85.58603785099996,38.45009933700004],[-85.57491684799999,38.45258233800007],[-85.55241184199997,38.45361333900007],[-85.52479183399998,38.45764334100005],[-85.49887082699996,38.46824934400007],[-85.49142682499996,38.474709346000054],[-85.48290182399995,38.48570834800006],[-85.47512882299998,38.50369635200008],[-85.46686882099993,38.51084735400008],[-85.43844081299994,38.52193835700007],[-85.42874681099994,38.527080359000024],[-85.42244580999994,38.53293836000006],[-85.41574980899998,38.54673036300005],[-85.41582580999994,38.563565366000034],[-85.41897581099994,38.57132936800008],[-85.43630481899999,38.59839737200008],[-85.43928881999994,38.60741337400003],[-85.43874682399996,38.65932638400005],[-85.44481982699995,38.67009038500004],[-85.45648583099995,38.68507638800003],[-85.45675983199999,38.69225938900007],[-85.45236583199994,38.708201392000035],[-85.43630382899994,38.72849139700003],[-85.41954482399996,38.73552039900005],[-85.41024282199999,38.73714240000004],[-85.37226980999998,38.730457400000034],[-85.36522080799995,38.730475401000035],[-85.34895780299996,38.73231040200005],[-85.30532979099996,38.74155340500005],[-85.28927178599997,38.742364406000036],[-85.26849977999996,38.740172407000045],[-85.25895077699994,38.73777740700007],[-85.24650977299996,38.731828406000034],[-85.22623476499996,38.70587440200006],[-85.21326175999997,38.695453401000066],[-85.18864475299995,38.68759040100008],[-85.17305274799998,38.68802940100005],[-85.15616274299998,38.69225840300004],[-85.13670173799994,38.70024340600003],[-85.10690673099998,38.72079641100004],[-85.10140972999994,38.72655841200003],[-85.07193272199999,38.74157441600005],[-85.05240471699994,38.74814741900008],[-85.04094271399998,38.75517042000007],[-85.01099070599997,38.767039424000075],[-84.99193170199999,38.77854442700004],[-84.97999969799997,38.77959142800006],[-84.94364568699996,38.77543442900003],[-84.93298168399997,38.77752643000008],[-84.89393467399998,38.793711435000034],[-84.88728967199995,38.794783435000056],[-84.85287066099994,38.78938943600008],[-84.82886165399998,38.783278436000046],[-84.82138265199995,38.78311843600005],[-84.81288164899996,38.78609443700003],[-84.81164964999994,38.79277343800004],[-84.81651065199998,38.80532744000004],[-84.82710265599997,38.81864144300005],[-84.82989065699996,38.82541244400005],[-84.82996265799994,38.83063944500003],[-84.82336765699995,38.839203447000045],[-84.80325165099998,38.85073045000007],[-84.79100664899994,38.860579452000025],[-84.78580364799996,38.86950345400004],[-84.78523864799996,38.88044645600007],[-84.80025165399996,38.89107745800004],[-84.81275065799997,38.895139458000074],[-84.83047666299996,38.897263457000065],[-84.86076367199996,38.89766145600004],[-84.86778267399995,38.899140456000055],[-84.87703367799998,38.909023457000046],[-84.87927267899994,38.91612345900006],[-84.877766679,38.92036446000003],[-84.86473567599995,38.934900463000076],[-84.85374667299999,38.94294846500003],[-84.84932167299996,38.94827246600005],[-84.83516466899994,38.957968469000036],[-84.82986166799998,38.96939247100005],[-84.83062366899998,38.974905472000046],[-84.83712467199996,38.98806647400005],[-84.84774067599994,38.998015476000035],[-84.85061167699996,39.00470047700003],[-84.87182868499997,39.02776348000003],[-84.88566368999994,39.03750148100005],[-84.89673069499997,39.05331148400006],[-84.89691569499996,39.05748148500004],[-84.88887769299998,39.06638348700005],[-84.860693686,39.07814749000005],[-84.83243967899995,39.10049649600006],[-84.82016167599994,39.10548749700007],[-84.81945569099997,39.30515953500003],[-84.81575870399996,39.477359568000054],[-84.81418373099996,39.81421963100007],[-84.80392176799995,40.31012272300006],[-84.80450877699997,40.41156274200006],[-84.80255178399995,40.50181775800007],[-84.80217480999994,40.80060881300005],[-84.80323883799997,41.12142187100005],[-84.80392386599993,41.43553892700004],[-84.80597689099994,41.69612597300005],[-84.80588789599994,41.76022398400005],[-85.17223500699998,41.759625965000055],[-85.79136819199994,41.75905893300006],[-86.12784929299994,41.76059991500006],[-86.51932340999997,41.759454894000044],[-86.82483349999995,41.76024787800003]]]}},{"type":"Feature","properties":{"shapeName":"Minnesota","shapeISO":"US-MN","shapeID":"66186276B10610315112087","shapeGroup":"USA","shapeType":"ADM1"},"geometry":{"type":"MultiPolygon","coordinates":[[[[-89.59206510099995,47.96669167500005],[-89.58640109799995,47.958790675000046],[-89.57116509399998,47.96401867600008],[-89.55349308999996,47.97334767900003],[-89.55927009199996,47.97937667900004],[-89.56955109599994,47.97863667800004],[-89.57490309699995,47.980684678000046],[-89.58255009999993,47.97897867800003],[-89.58034109899995,47.97778367800004],[-89.58365409899994,47.97249467700004],[-89.59206510099995,47.96669167500005]]],[[[-89.66465112099996,47.95339266800005],[-89.66025411899994,47.95073466800005],[-89.65483911799998,47.95260266900004],[-89.66164911999994,47.95497266900003],[-89.66465112099996,47.95339266800005]]],[[[-91.55375555899997,47.089656415000036],[-91.55158655799994,47.08735141500006],[-91.55174555899998,47.09059341500006],[-91.55375555899997,47.089656415000036]]],[[[-96.45326843699996,43.50039755500006],[-95.74157724399998,43.499898605000055],[-95.15494408299998,43.50045664500004],[-94.49239794599998,43.50035668100003],[-93.79580070599997,43.49952773800004],[-93.27180755799998,43.49936377200004],[-92.62883209199998,43.50011005400006],[-91.949886183,43.500492859000076],[-91.21771297299995,43.50055790600004],[-91.21829897499998,43.51444190800004],[-91.23294798099994,43.52397490900006],[-91.23673198299997,43.532937910000044],[-91.24318998499996,43.54031691100005],[-91.24322098699997,43.550729912000065],[-91.23281898499994,43.564849915000025],[-91.23187198699998,43.58182991800004],[-91.23911598999996,43.58976791900005],[-91.26163799899996,43.60618292000004],[-91.26875500199998,43.61535592100006],[-91.26846400299996,43.62735992300003],[-91.26240400299997,43.64176792500007],[-91.26386300399997,43.64766992600005],[-91.27175600799995,43.65493692700005],[-91.27325900899996,43.666630929000064],[-91.27274800999999,43.67661693000008],[-91.26779901099997,43.69565993400005],[-91.26846201299998,43.70983193600006],[-91.25593901199994,43.72985694000005],[-91.25543801399994,43.74488394200006],[-91.24414201399998,43.77467494700005],[-91.26244302199996,43.79217394900007],[-91.26444302299996,43.80037395000005],[-91.27204402699994,43.813773952000076],[-91.27770203199998,43.83774895500005],[-91.28414503499994,43.847072956000034],[-91.29100903699998,43.85274095600005],[-91.29882203999995,43.85656295700005],[-91.31099804499996,43.86738895700006],[-91.31531704799994,43.88181595900005],[-91.32061204999997,43.88849896000005],[-91.33814805599997,43.897671960000025],[-91.34774806099995,43.91197196200005],[-91.35743306399996,43.917238962000056],[-91.36324906699997,43.926570963000074],[-91.36664906999994,43.937470965000045],[-91.38579207699996,43.95424696600003],[-91.40740208499994,43.965155966000054],[-91.41249808699996,43.97341896700004],[-91.42414109199996,43.98263896800006],[-91.43252909599994,43.996834970000066],[-91.44054309899997,44.00150897000003],[-91.46352210599997,44.00904896900005],[-91.48087711099998,44.00815296800005],[-91.49499511599998,44.012543968000045],[-91.50712811999995,44.01898796800003],[-91.52432212599996,44.021440967000046],[-91.54703513199996,44.022233966000044],[-91.55901113599998,44.02532296600003],[-91.58002614199995,44.02693296500007],[-91.59207714599995,44.03137996400005],[-91.59762414799997,44.034972965000065],[-91.60355715099996,44.04368896600005],[-91.61049415399998,44.04931796600005],[-91.62790715999995,44.05581496600007],[-91.63812216399998,44.06329296600006],[-91.64472416499996,44.062789966000025],[-91.64788016699998,44.06411696600003],[-91.65951817099995,44.074210967000056],[-91.66701317499997,44.08697196800006],[-91.68153717999996,44.09740796900007],[-91.69531718499996,44.09857796800003],[-91.70749818899998,44.10391396800003],[-91.71060419199995,44.120487970000056],[-91.72155919599999,44.130349971000044],[-91.73065519899995,44.132907971000066],[-91.75175420499994,44.13479397000003],[-91.77449321399996,44.147546970000064],[-91.80807122499994,44.159269970000025],[-91.81730922799994,44.16424297000003],[-91.82917423299995,44.178357971000025],[-91.84476123899998,44.18488597100003],[-91.86439424599996,44.19658197200005],[-91.87516524899996,44.20058297200006],[-91.87743625199994,44.21292897400008],[-91.89270525799998,44.23111297500003],[-91.89297025899998,44.23515697600004],[-91.88704725899998,44.25177997900005],[-91.89601526299998,44.26287898000004],[-91.89639526499997,44.27469798200008],[-91.90579626899995,44.28162198200005],[-91.92028927299998,44.286503982000056],[-91.92462027499994,44.29182298200004],[-91.92410927599997,44.29710298300006],[-91.91358127399997,44.31039998600005],[-91.91863227699997,44.322678987000074],[-91.92559728099997,44.33355598900005],[-91.94131828599996,44.340985989000046],[-91.959530294,44.35941199000007],[-91.97027329799994,44.36584999100006],[-91.98729630299994,44.36912699000004],[-92.00618630999998,44.378832990000035],[-92.01932031399997,44.38122499000008],[-92.03815432,44.388738990000036],[-92.05649332799999,44.40273699000005],[-92.07861233399996,44.40487698900006],[-92.08724833699995,44.408855989000074],[-92.11109234499997,44.413955988000055],[-92.12452034999995,44.42212298900006],[-92.16246136099994,44.42721598700007],[-92.19538537199998,44.433799986000054],[-92.21517037799998,44.43851098500005],[-92.23247938399999,44.44544198500006],[-92.24489138899997,44.456849986000066],[-92.27679139999998,44.47365698600004],[-92.29101240599994,44.48547198700004],[-92.30222241099995,44.500305989000026],[-92.30305341399998,44.518653991000065],[-92.31083441699997,44.52876399200005],[-92.31407841899994,44.53802199300003],[-92.31994542199999,44.54494799400004],[-92.33612142799996,44.554011994000064],[-92.36152543599997,44.55894299300007],[-92.39928844599996,44.55829999100007],[-92.41509645099995,44.560366990000034],[-92.43110845699994,44.56579399000003],[-92.44075245899995,44.56284098900005],[-92.45511246299998,44.561893988000065],[-92.48100847099994,44.56828398700003],[-92.49381547499996,44.56607098600006],[-92.50876647899997,44.57033298500005],[-92.51836548299997,44.57519098500006],[-92.52734448499996,44.57356198400004],[-92.54055848799999,44.56726598300003],[-92.54806748999994,44.567799982000054],[-92.55151749199996,44.57161498200003],[-92.54978449299995,44.581137984000065],[-92.56944150099997,44.603546986000026],[-92.57715550399996,44.60506198600007],[-92.58159850399994,44.60087098500003],[-92.58622350599995,44.60009598400006],[-92.59047450799994,44.60594398500007],[-92.60152351199997,44.61205998500003],[-92.61457651499995,44.61173798400006],[-92.62146351799998,44.61502498400006],[-92.62335551899997,44.62072098500005],[-92.61978151899996,44.62922198600006],[-92.61978652,44.63420298700004],[-92.62174052099994,44.638990988000046],[-92.63211252499997,44.64903498900003],[-92.66099553499998,44.66089198800006],[-92.70095555099994,44.69375899000005],[-92.73726656499997,44.717162991000066],[-92.75699757099994,44.72383699100004],[-92.76606157499998,44.72961199100007],[-92.78791358199999,44.73743999100003],[-92.80240958699994,44.745174991000056],[-92.80799558899997,44.75147799200005],[-92.80529459099995,44.76836899400007],[-92.80032059099995,44.777386996000075],[-92.78521358799998,44.79231099900005],[-92.78043758999996,44.812597003000064],[-92.77267058899997,44.82143200400003],[-92.77227358999994,44.82805400500007],[-92.76528558899997,44.83719400700005],[-92.76910959299994,44.86217501100003],[-92.76340959299995,44.87417501300007],[-92.773953598,44.89000501400005],[-92.77457859999998,44.89809201600008],[-92.77311059999994,44.90137501600003],[-92.75870859699995,44.90898701800006],[-92.75065259799999,44.93730702300007],[-92.75461060199996,44.95577502500004],[-92.760708605,44.964987026000074],[-92.76722560699994,44.96809202600008],[-92.76945260799994,44.972158027000035],[-92.76905660999995,44.98820302900003],[-92.77123861299998,45.00138603100004],[-92.76206761299994,45.02432803500005],[-92.77036961699997,45.03381103600003],[-92.79328962499994,45.04718603600003],[-92.80206362899997,45.05743103700007],[-92.80308662999994,45.06098603800007],[-92.80217063099997,45.06756303900005],[-92.79153562899995,45.07965504100008],[-92.77401762599999,45.089146044000074],[-92.74675661999999,45.10705904800005],[-92.73959161899995,45.11560605000005],[-92.74570162199996,45.12312005100006],[-92.74943462499994,45.13812505300007],[-92.75771462999995,45.15547405400008],[-92.75691463099997,45.16517405600007],[-92.75241163099997,45.17392405800007],[-92.76681563699998,45.18547405800007],[-92.76693963799994,45.19511906000008],[-92.76391563899995,45.204874061000055],[-92.75401563699995,45.21277406300004],[-92.75171563699996,45.21867406400003],[-92.75746364099996,45.23053406500003],[-92.76025664399998,45.24960806800004],[-92.75171664299995,45.261674070000026],[-92.75166664399995,45.265918071000044],[-92.75267364499996,45.269573071000025],[-92.76062264799998,45.27883507200005],[-92.76187564999998,45.28702107300006],[-92.75871764899995,45.29097307400008],[-92.75082664699994,45.29298807500004],[-92.73712964399994,45.300467077000064],[-92.72774464299994,45.309296079000035],[-92.70997563899994,45.321310082000025],[-92.69897463799998,45.336382085000025],[-92.70406164199994,45.353668087000074],[-92.70272764299995,45.35848008800008],[-92.69650664199997,45.36353708900003],[-92.67920063799994,45.37271809200007],[-92.67696863799995,45.38014509300007],[-92.66410963599998,45.39331709600003],[-92.65042963299999,45.39851509700003],[-92.65057763399994,45.40331609800006],[-92.64668363399994,45.413235100000065],[-92.65027663599994,45.41917610000007],[-92.64660963799997,45.441643104000036],[-92.65355664199996,45.455354105000026],[-92.68024165099996,45.464352105000046],[-92.69162665599998,45.476281106000044],[-92.70223166099998,45.493054107000034],[-92.71189766599997,45.50328910800005],[-92.72668467099999,45.51447010900006],[-92.72803067299998,45.52566011000005],[-92.72465767399996,45.536752112000045],[-92.72608967499997,45.541120113000034],[-92.74559868199998,45.55302411300005],[-92.75691368599996,45.55750711300004],[-92.77023069099994,45.566947113000026],[-92.77599569299997,45.56848611300006],[-92.78574869599998,45.56789611200003],[-92.80151069999994,45.562862110000026],[-92.82331670599996,45.56094210900005],[-92.84645471299996,45.56652310800007],[-92.87108972099998,45.56758910600007],[-92.88375672499996,45.57549110700006],[-92.88496172599997,45.578826107000054],[-92.88328472699999,45.58983910900008],[-92.88642872899999,45.594889109000064],[-92.88644972999998,45.59868711000007],[-92.88253672999997,45.610224112000026],[-92.88804273399995,45.624967113000025],[-92.88793673599997,45.639014115000066],[-92.88251173699996,45.659479119000025],[-92.87893973699994,45.66561412000004],[-92.87549573899997,45.68902212300003],[-92.870152739,45.69676512500007],[-92.87178273999996,45.69978212500007],[-92.86920074199998,45.717576128000076],[-92.86260573999994,45.72224912900003],[-92.85094073699997,45.723839130000044],[-92.84885873699994,45.72875913100006],[-92.84308673599998,45.729171131000044],[-92.83592473399995,45.732810132000054],[-92.82898873199997,45.73372213300007],[-92.81656672999998,45.74204513500007],[-92.80984472799997,45.74418013600007],[-92.802637727,45.75189613800006],[-92.78462872399996,45.76420414100005],[-92.77650372499994,45.79002214500008],[-92.77207272499999,45.79523814600003],[-92.76184072299998,45.801266147000035],[-92.75782272199996,45.806582149000064],[-92.75795472299995,45.811224149000054],[-92.76568872699994,45.827260151000075],[-92.76515372799997,45.830191151000065],[-92.75946572699996,45.83534915300004],[-92.74556472399996,45.84146315400005],[-92.73999872299999,45.846291155000074],[-92.73404672399994,45.86811615900007],[-92.72113572299997,45.88381316200008],[-92.70770971999997,45.89490916500006],[-92.69899071799995,45.89645916600006],[-92.67661471299994,45.90637816800006],[-92.67617471399996,45.912080169000035],[-92.65613270999995,45.924450173000025],[-92.63912370499997,45.92456317400007],[-92.63883170599996,45.93417417500007],[-92.63632370599998,45.93464217500008],[-92.62926770299998,45.93241217600007],[-92.62272770199996,45.93519417600004],[-92.61432169899996,45.93453717700004],[-92.60246769699995,45.94082317900006],[-92.59014569299995,45.94178118000008],[-92.57489968999994,45.94811118200005],[-92.55194068299994,45.95165918400005],[-92.54986568399994,45.95704718500008],[-92.54981368499995,45.967994186000055],[-92.53771668299999,45.97782618800005],[-92.52705968099997,45.98325319000003],[-92.51949567899999,45.983925191000026],[-92.50254267299994,45.98000319100004],[-92.49100366899995,45.975568191000036],[-92.48464066699995,45.975880192000034],[-92.47276866299995,45.97296019200007],[-92.46936166299997,45.973819193000054],[-92.46126766099997,45.979435194000075],[-92.46451966299998,45.98504619500005],[-92.46248466299994,45.98785819500006],[-92.45338066099998,45.992921197000044],[-92.45295966099997,45.99779019700003],[-92.44430165999995,46.00916920000003],[-92.44226666099996,46.01618520100004],[-92.42856265799998,46.02424920300007],[-92.42070365599994,46.02677720400004],[-92.410656653,46.027267205000044],[-92.39268864699994,46.019548205000035],[-92.37272463999994,46.01420620500005],[-92.36214863699996,46.013111206000076],[-92.35176763399994,46.01569320700003],[-92.34998463399995,46.01699020700005],[-92.34928863499994,46.02363220800004],[-92.34375263399994,46.028533209000045],[-92.34346663599996,46.042998211000054],[-92.33291963599999,46.06270521500005],[-92.31933663299998,46.06929721700004],[-92.29404062599997,46.07438521900008],[-92.29129971299994,46.66815030300006],[-92.28739971199997,46.66735030400008],[-92.28619971099994,46.66035030300003],[-92.27439970699999,46.65744930300008],[-92.27059970499994,46.650749303000055],[-92.26600070299997,46.651049303000036],[-92.25659970199996,46.65874930500007],[-92.24250069599998,46.64924930400008],[-92.23559969399997,46.65004930500004],[-92.22849969299995,46.65294930600004],[-92.22349969099997,46.65264930600006],[-92.21639968899996,46.64984930600008],[-92.20709968599994,46.65194930700005],[-92.20159968499996,46.656649308000055],[-92.20549968799997,46.66474930900006],[-92.20409968799999,46.666949310000064],[-92.19249968599996,46.67674931200003],[-92.18139868299994,46.68024931300005],[-92.17609868199997,46.68634931400004],[-92.17649868299998,46.690249315000074],[-92.18309868599994,46.69524931500007],[-92.19849868999995,46.69614931400008],[-92.20519969299994,46.69834931400004],[-92.20469869299995,46.70404931500008],[-92.19739869199998,46.70764931600007],[-92.18909869099997,46.71754931800007],[-92.17429868599999,46.717249319000075],[-92.167298685,46.71994932000007],[-92.15519868099994,46.71594832000005],[-92.14629867799994,46.71594832100004],[-92.14129867799994,46.72524832200003],[-92.14339867899997,46.72814832200004],[-92.14329767999999,46.734648323000044],[-92.137897679,46.739548324000054],[-92.116597674,46.74864832700007],[-92.08949766599994,46.74924832900007],[-92.03399764399995,46.70894732800008],[-92.02029663899998,46.70404732800006],[-92.01529763799994,46.70647732900005],[-92.01943563999998,46.71051832900008],[-92.02579664199999,46.71084732800006],[-92.05055065199997,46.73198533000004],[-92.07686866399996,46.758959332000074],[-92.09130467099999,46.77807133300007],[-92.09409667299997,46.78784733400005],[-92.08534767199995,46.79577533600008],[-92.06209566599995,46.80404633900008],[-92.05889566599996,46.80994634000007],[-92.04563266399998,46.818764342000065],[-92.03389666099997,46.82195634300007],[-92.01729065799998,46.83323134600005],[-91.99853665299997,46.838957348000065],[-91.98509365099994,46.84964535100005],[-91.96542164599998,46.85820735300007],[-91.95208064299999,46.86707935600003],[-91.91221163399996,46.88449636100006],[-91.90493963299997,46.89116936200003],[-91.88251262899996,46.904961366000066],[-91.87599862699994,46.90773736700004],[-91.86156662299999,46.910323368000036],[-91.84614962099994,46.92300337100005],[-91.82979361599996,46.92770537300004],[-91.81752961199999,46.92381037300004],[-91.81196761199999,46.93062737400004],[-91.79932960899998,46.93783437600007],[-91.77996460399999,46.94338237800008],[-91.78037060499997,46.947118379000074],[-91.77786460399994,46.948822379000035],[-91.77751560499996,46.95253838000008],[-91.76706260199995,46.95754838100004],[-91.73710559699998,46.98286138700007],[-91.70465659099995,47.00525439200004],[-91.69743458899995,47.007297393000044],[-91.684761585,47.00643639400005],[-91.67919058399997,47.01091839500003],[-91.67605058499998,47.017221396000025],[-91.66820758199998,47.016443397000046],[-91.66370057999995,47.01288839600005],[-91.66050357999995,47.01528939700006],[-91.65950858099995,47.02655439900008],[-91.65637057999999,47.028401399000074],[-91.65080957899994,47.029567400000076],[-91.64628057699997,47.02571439900004],[-91.63667857399997,47.02737140000005],[-91.63616657499995,47.03121240100006],[-91.63840257599998,47.03219240100003],[-91.63717057499997,47.03362340100006],[-91.64270557699996,47.035680401000036],[-91.64210957799997,47.038607402000025],[-91.63612057599994,47.04064740200005],[-91.63019057499997,47.047514404000026],[-91.62186057399998,47.05116640500006],[-91.61318057199998,47.05920040700005],[-91.60330056999999,47.06382640800007],[-91.59496956699996,47.062417408000044],[-91.59454656799994,47.06537240900008],[-91.58970556699995,47.07095341000007],[-91.58456456599998,47.07371841100007],[-91.58417356699994,47.07869641100007],[-91.57382456499994,47.08992541400005],[-91.56125856199998,47.09415441500005],[-91.54997255899997,47.09348141600003],[-91.54505555799994,47.09938241700007],[-91.54097655699996,47.09863641700008],[-91.53931355699996,47.10173141800004],[-91.520904552,47.104342419000034],[-91.51880055199996,47.10812942000007],[-91.50700554999997,47.118497422000075],[-91.50293854899996,47.11914142300003],[-91.49790954799994,47.12258742400007],[-91.48597054399994,47.124936425000044],[-91.48108054299996,47.12426142500004],[-91.46925353999995,47.13103842700008],[-91.46501253899999,47.13190842700004],[-91.45434353699994,47.14023142900004],[-91.45479153799994,47.14408843000007],[-91.44599453599994,47.148659431000056],[-91.42740953299995,47.164388434000045],[-91.42304253199995,47.164845435000075],[-91.41881253199995,47.17216043600007],[-91.40981952899995,47.17580743700006],[-91.40823352999996,47.18157343800004],[-91.40082352799999,47.181114439000055],[-91.39562252699994,47.18633844000004],[-91.38488252399998,47.18715744100007],[-91.37929052299995,47.194393442000035],[-91.36445251999999,47.20124544400005],[-91.36430251999997,47.205615445000035],[-91.35675151799995,47.205896445000064],[-91.35556751799999,47.20987944600006],[-91.35304351799994,47.21044944600004],[-91.35251151899996,47.21689244700008],[-91.34748251799994,47.22100744800008],[-91.34448151699996,47.22155844800005],[-91.34427551699997,47.22344244900006],[-91.338260516,47.22637844900004],[-91.336639516,47.22883045000003],[-91.33366351499996,47.229151450000074],[-91.32783951399995,47.23334045100006],[-91.32602651399998,47.239001452000025],[-91.32254751299996,47.23969945200008],[-91.30213250899999,47.25489645600004],[-91.28969650599998,47.258289457000046],[-91.29272050699996,47.25944545700003],[-91.29300550799996,47.261284457000045],[-91.28848550699996,47.26596845800003],[-91.28416450599997,47.26747745900008],[-91.278602504,47.266510459000074],[-91.27640450399997,47.267526460000056],[-91.270704503,47.27714246100004],[-91.26595750199994,47.27948746200008],[-91.26020650099997,47.279282462000026],[-91.24922049799994,47.28416446400007],[-91.24662149899996,47.29439446500004],[-91.23866549799999,47.304984467000054],[-91.22929049599998,47.30716146800006],[-91.22859149599998,47.31198246900004],[-91.22418949499996,47.31211546900005],[-91.21964749399996,47.31806747100006],[-91.21408249299998,47.317395471000054],[-91.21030649199997,47.32014247200004],[-91.20625549199997,47.32919047300004],[-91.19537948999994,47.337885475000064],[-91.19262748899996,47.337690475000045],[-91.18877948899996,47.34009047600006],[-91.18464748699995,47.339419476000046],[-91.18576448899995,47.34657647700004],[-91.18072448699996,47.34752747700003],[-91.17517848699998,47.35691447900007],[-91.17575348799994,47.35897947900003],[-91.17086048699997,47.36299148000006],[-91.17004448699998,47.36627448100006],[-91.15860048499997,47.37458348300004],[-91.15481948499996,47.380385484000044],[-91.15075348299996,47.37944848400008],[-91.14696548199998,47.381472485000074],[-91.14165948199997,47.38794348600004],[-91.13127547999994,47.39357548700008],[-91.12813847999996,47.39962748800008],[-91.10622547499997,47.411814492000076],[-91.09561547199996,47.414673493000066],[-91.08769847099995,47.42240949400008],[-91.07087446799994,47.433636497000066],[-91.06426446699999,47.443062499000064],[-91.05973046599996,47.44361349900004],[-91.04867746399998,47.45191850100008],[-91.04565346399994,47.45653350200007],[-91.03295246,47.45824450300006],[-91.02313145799997,47.46497250500005],[-91.01221145599999,47.469468506000055],[-91.00914645499995,47.47276250700003],[-90.99145445099998,47.483140510000055],[-90.98199644899995,47.486306511000066],[-90.98217144899996,47.488652511000055],[-90.96959544699996,47.495322513000076],[-90.96698144599998,47.49862251400003],[-90.95131944299999,47.50800451600003],[-90.94632944199998,47.50912451600004],[-90.93907943999994,47.51454051800005],[-90.92336643699997,47.52137252000006],[-90.88970942999998,47.54477852500003],[-90.87040142599994,47.55402952800006],[-90.86264442499998,47.56026953000003],[-90.84779542099994,47.56555253100004],[-90.79684640999994,47.592353539000044],[-90.77701040599999,47.60623854200003],[-90.76272540199994,47.61070554400004],[-90.72867639499998,47.627925548000064],[-90.71522739099998,47.63197255000006],[-90.70758938899996,47.636040551000065],[-90.68638938399994,47.64360255400004],[-90.66360737799994,47.648856556000055],[-90.62994736999997,47.66396656000006],[-90.58496135899998,47.680748566000034],[-90.55129835099996,47.69027457000004],[-90.53711234799994,47.703063572000076],[-90.47069433099995,47.719669579000026],[-90.44781532399998,47.72277858100006],[-90.44019232199997,47.72538458200006],[-90.44191932299998,47.72641258200008],[-90.44088532299997,47.72924458300008],[-90.43771932199996,47.73162058300005],[-90.42139731799995,47.73515858500008],[-90.39786031099999,47.73736758700005],[-90.39383030999994,47.73827958700008],[-90.39077930999997,47.74104258800003],[-90.34915229799998,47.74550159200004],[-90.32930629199996,47.74523159300003],[-90.33269329299998,47.746395593000045],[-90.33207929299994,47.74922659300006],[-90.32345329099996,47.75377959400004],[-90.31396528899995,47.75668959600006],[-90.30451828599996,47.75622359600004],[-90.26381927499995,47.76750160100005],[-90.25595827299998,47.77112560200004],[-90.22915226599997,47.77620660400004],[-90.21363326099998,47.77710160500004],[-90.20143425699996,47.77513860600004],[-90.18798225399996,47.77680760700008],[-90.18360925299999,47.78308860800007],[-90.17876225199996,47.786422609000056],[-90.16079724799994,47.79281561100004],[-90.132085239,47.79572861400004],[-90.11728123499995,47.79468061500006],[-90.09332022899997,47.80218061700003],[-90.08013322499994,47.80250461800006],[-90.08043922499996,47.804879619000076],[-90.07203222299995,47.81111362000007],[-90.05836821899999,47.81207462100008],[-90.04223321499995,47.817576623000036],[-90.02445620999998,47.817914624000025],[-90.02130120899994,47.82012862500005],[-90.00342620499998,47.82504762700006],[-89.97430319699998,47.830522630000075],[-89.96955619599998,47.832875630000046],[-89.96406519499999,47.84014063200004],[-89.95219219099994,47.840394633000074],[-89.933906187,47.846768635000046],[-89.93567618799995,47.848307635000026],[-89.92752718599996,47.85083363600006],[-89.93085118799996,47.85773163600004],[-89.92365618599996,47.862070638000034],[-89.91887018499995,47.863075638000055],[-89.91591818399996,47.861567638000054],[-89.91201518299994,47.86225163800003],[-89.91106418299995,47.86449063900005],[-89.90213717999995,47.86515064000008],[-89.89619517899996,47.867979640000044],[-89.89046217599997,47.864301640000065],[-89.87158717199998,47.87420264300005],[-89.85396716699995,47.87400564400008],[-89.84305316399997,47.87948664600003],[-89.83877416199994,47.876404646000026],[-89.83816516299999,47.88069864600004],[-89.83368416199994,47.88216164700003],[-89.82808115999995,47.879946647000054],[-89.822581158,47.88360164800008],[-89.79354615099999,47.891366651000055],[-89.77319614599998,47.902187654000045],[-89.75682114199998,47.90439665500003],[-89.75619914199996,47.90816865600004],[-89.73559013699997,47.91770765800004],[-89.72973713599998,47.92525366000007],[-89.71573813299995,47.93007766200003],[-89.71291713199997,47.93158566200003],[-89.71220513199995,47.93444166200004],[-89.70415113099995,47.93832566400005],[-89.68065112399995,47.94466966600004],[-89.68139312499994,47.949844667000036],[-89.68966412899994,47.95347466700008],[-89.68567112799997,47.959968668000045],[-89.67611612599995,47.96541166900005],[-89.65757712099997,47.96703467100008],[-89.65329911899994,47.96493467100004],[-89.65130311799999,47.95987267000004],[-89.63955211299998,47.953598670000076],[-89.63985111399995,47.95983467100007],[-89.64797011899998,47.97237767200005],[-89.64959811999995,47.97929867300007],[-89.63833011799994,47.98735867500005],[-89.62577611499995,47.99156867600004],[-89.623779115,47.99471767700004],[-89.61693411299996,47.996530678000056],[-89.60695210899996,47.99147267800004],[-89.60609610799997,47.98880067700003],[-89.61530011099995,47.98500167600008],[-89.60923910799994,47.980025676000025],[-89.58969610199995,47.980591677000064],[-89.57015909699999,47.985937679000074],[-89.55688009399995,47.99333068100003],[-89.55150309199996,47.99429068200004],[-89.54571808999998,47.99328468200008],[-89.51186108099995,48.00089868600003],[-89.502244078,48.000944686000025],[-89.49535107599996,48.00236468700007],[-89.49174607599997,48.005220688000065],[-89.49658007699998,48.00614168700008],[-89.51265708199998,48.00523468600005],[-89.51188208199994,48.00290168600003],[-89.52718408599998,48.00030968400006],[-89.54519809199996,48.00108668300004],[-89.56885309899997,47.99943268100003],[-89.58101410199998,47.99590768000007],[-89.585866104,48.001187680000044],[-89.59216810599997,48.00201168000007],[-89.59475610699997,48.00434068000004],[-89.60782811199994,48.00657468000003],[-89.61035811399995,48.01778868100007],[-89.61787411499995,48.01095568000005],[-89.62509411799994,48.011525679000044],[-89.63718012099997,48.00931667800006],[-89.63878112099997,48.008174678000046],[-89.63800211999995,48.003788677000045],[-89.64545412299998,48.006212677000065],[-89.65107212399994,48.00363367600005],[-89.65705812699997,48.00996267700003],[-89.66321912899997,48.01062667600007],[-89.66713512999996,48.00742967600007],[-89.67380513299997,48.01151867600004],[-89.68493813599997,48.00982967500005],[-89.68888613699994,48.01078867500007],[-89.70144513999998,48.00621967300003],[-89.70815214299995,48.01017067300006],[-89.71591314499994,48.009254673000044],[-89.71710914699997,48.01718067400003],[-89.72405114799994,48.01368367300006],[-89.72432514899998,48.01649367300007],[-89.71966214799994,48.01818367300007],[-89.72317114899994,48.02048967400003],[-89.72405514899998,48.01900467300004],[-89.73117015099996,48.018796673000054],[-89.73403215299999,48.02187967300006],[-89.74257615499994,48.01984267200004],[-89.74421315599994,48.02219467200007],[-89.74932115799999,48.023333672000035],[-89.75331915899994,48.02226467200006],[-89.75431015899994,48.02321267200006],[-89.76768616299995,48.022613671000045],[-89.77368016499997,48.02008067000003],[-89.77585716599998,48.02245767000005],[-89.77943416599999,48.01836966900004],[-89.79186016999995,48.01821266800005],[-89.79775117099996,48.01451366800006],[-89.80602317399996,48.01403466700003],[-89.80745217499998,48.01723266700003],[-89.81980917799996,48.01510766600006],[-89.83183217899995,47.999408663000054],[-89.84485718399998,48.00311266300008],[-89.84257518299995,48.00137666300003],[-89.84271618199995,47.997430662000056],[-89.84625118299994,47.992725661000065],[-89.86816018899998,47.98990665900004],[-89.87329318999997,47.98542765800005],[-89.89742119799996,47.98760765700007],[-89.90483520099997,47.992269657000065],[-89.91534820399994,47.994874657000025],[-89.91609520499998,47.996610657000076],[-89.92257820699996,47.99680965600004],[-89.92164020699994,47.99989465700003],[-89.92752020899997,48.00184165700006],[-89.92543020899996,48.00666965700003],[-89.93075221099997,48.008168657000056],[-89.93449621299999,48.01563665800006],[-89.940521215,48.01563665800006],[-89.94111721499996,48.014142657000036],[-89.95059721799998,48.015909657000066],[-89.94984721799995,48.01332965700004],[-89.95205921799999,48.010770656000034],[-89.96349722199994,48.01465165600007],[-89.96826222299995,48.01449065600008],[-89.97432922699994,48.02283265600005],[-89.98433922999999,48.02608765600007],[-89.98890123199999,48.025674656000035],[-89.98948223199994,48.02818665600006],[-89.99305723299994,48.02841265600006],[-89.99670923499997,48.03539965600004],[-89.99382923699994,48.04903565800004],[-89.99785923899998,48.057575659000065],[-90.00845324399995,48.068404660000056],[-90.01506424599995,48.06719665900005],[-90.01884224799994,48.07204066000003],[-90.02360225099994,48.08471666100007],[-90.02963325399998,48.08759666100008],[-90.03921025699998,48.08988266100005],[-90.04173325799997,48.089244661000066],[-90.05765126399996,48.09637266000004],[-90.07388026899997,48.10114666000004],[-90.09164627499996,48.104638659000045],[-90.11626628299996,48.10431165700004],[-90.12261028499995,48.10561065700006],[-90.13265228899996,48.111776657000064],[-90.13619828999998,48.112144657000044],[-90.143769293,48.11264965700008],[-90.15072829399998,48.11027765600005],[-90.16423429799994,48.10973365500007],[-90.17661230299996,48.112453654000035],[-90.18868630599997,48.10795565300003],[-90.19509730799996,48.10838965200003],[-90.21143331199994,48.10628665100006],[-90.22469931699999,48.10815665000007],[-90.25387732499996,48.102253647000055],[-90.27464333099994,48.10326864600006],[-90.28934433499995,48.099001644000055],[-90.29333333599999,48.09913964400005],[-90.30564134099995,48.105125644000054],[-90.31239334299994,48.10530864400005],[-90.33005934799996,48.10240764200006],[-90.33718434999997,48.099779641000055],[-90.33844534999997,48.09621564100007],[-90.34424135099994,48.094455640000035],[-90.36766535799995,48.09458563800007],[-90.37369935999999,48.09337263800006],[-90.37304935899994,48.091225637000036],[-90.37454935999995,48.09095063700005],[-90.38226536199994,48.09319063700008],[-90.38642036399995,48.09821763700006],[-90.40322637099996,48.10512263700008],[-90.41035437299996,48.105056637000075],[-90.43845638,48.09875563400004],[-90.44739138399996,48.10343863400004],[-90.46771939099995,48.108826633000035],[-90.47102639199994,48.106084632000034],[-90.47764239299994,48.10546663200006],[-90.48030139399998,48.10210763100008],[-90.48708439499995,48.099090630000035],[-90.49380439799995,48.101326630000074],[-90.49615539799998,48.098789630000056],[-90.50549240099997,48.09965262900005],[-90.51087840199995,48.09739762800007],[-90.51708240499994,48.099410628000044],[-90.55684541599999,48.09601662500006],[-90.56748941999996,48.101186625000025],[-90.56977042199998,48.10695962500006],[-90.55585241899996,48.11707762800006],[-90.55929742099994,48.121691628000065],[-90.56612042299997,48.12262862800003],[-90.57591242599995,48.120915627000045],[-90.57990442799996,48.12393062700005],[-90.59058142999999,48.11977062600005],[-90.59146742999997,48.117554625000025],[-90.60640943399994,48.115974624000046],[-90.61616143699996,48.112499623000076],[-90.62689343999995,48.11185462200007],[-90.64160344299995,48.10352362000003],[-90.68662445599995,48.100518616000045],[-90.70370946099996,48.09601761400006],[-90.74152747199997,48.094591611000055],[-90.75161547499994,48.09097661000004],[-90.76163247899996,48.098291611000036],[-90.76911748399993,48.11659361200003],[-90.77419848599999,48.118583612000066],[-90.77682148799994,48.124111613000025],[-90.78992649199995,48.12991061300005],[-90.78757049199999,48.132880613000054],[-90.78340949099999,48.13297261400004],[-90.78211549099996,48.13543561400007],[-90.79531549499995,48.13553161300007],[-90.79797749599999,48.136902613000075],[-90.79681649599996,48.139529614000026],[-90.78578849399997,48.14551261500003],[-90.78083449199994,48.14586161600005],[-90.77803849199995,48.14873161600008],[-90.779414493,48.151490616000046],[-90.77628649299999,48.16193561800003],[-90.777924494,48.16380961800007],[-90.78127049499994,48.16470161800004],[-90.78588149599994,48.16091061700007],[-90.79383749899995,48.16116361700006],[-90.79660349899996,48.159381616000076],[-90.80070050099994,48.163243617000035],[-90.80421450499995,48.17784161800006],[-90.81063550699997,48.17966961800005],[-90.81770550899995,48.179577617000064],[-90.82112251099994,48.184717618000036],[-90.82573351199994,48.18357561700003],[-90.82364950999994,48.17813861700006],[-90.83259651199995,48.17377361600006],[-90.83632051399996,48.17697161600006],[-90.83417351499997,48.188668618000065],[-90.83733052199995,48.22562962200004],[-90.83982752299994,48.22830262200006],[-90.83777952399998,48.23472262400003],[-90.83918352499995,48.23951962400008],[-90.84363152699996,48.24358462400005],[-90.84735952799997,48.24445162400008],[-90.86708653299996,48.23818562200006],[-90.87511453599996,48.23779262100004],[-90.88145853799995,48.24046762100005],[-90.88548753999999,48.24579262200007],[-90.90683654499998,48.23734761900005],[-90.91497854699998,48.23061161700008],[-90.92509954999997,48.22990561700004],[-90.97696256399996,48.219460611000045],[-91.00424656899997,48.202636607000045],[-91.00336056899994,48.20019160700008],[-91.01241857099996,48.198070606000044],[-91.02267457299996,48.19247860400003],[-91.02421557299994,48.19008060400006],[-91.03159657499998,48.18846060300007],[-91.04362057899993,48.189171602000044],[-91.05716358299998,48.18735460100004],[-91.05927858299998,48.18531960100006],[-91.06292558399997,48.18522160100008],[-91.06555658399998,48.18122360000007],[-91.07566758699994,48.17921259900004],[-91.08041558899998,48.17928059800005],[-91.08273858999996,48.18076459800005],[-91.09226559099994,48.173109597000064],[-91.11486959699994,48.16606559400003],[-91.12005459799997,48.160420593000026],[-91.14302760399994,48.15425559100004],[-91.14036660199997,48.151626590000035],[-91.13809760199996,48.15197759100005],[-91.13774060099996,48.14915859000007],[-91.15611460499997,48.14048358800005],[-91.18321461099998,48.122243583000056],[-91.19046861299995,48.12489958300006],[-91.21443561699994,48.10294857800005],[-91.23493962199996,48.095931576000055],[-91.25011962499997,48.08409557300007],[-91.26638762899995,48.078721571000074],[-91.27596863099996,48.07849657100007],[-91.29022263499996,48.073953569000025],[-91.32479164499995,48.072607566000045],[-91.33259664699995,48.069339565000064],[-91.33658564799998,48.069635565000056],[-91.34016664999996,48.07324456500004],[-91.35052865299997,48.071688564000056],[-91.36515065699996,48.066976563000026],[-91.37087965899997,48.06941856200007],[-91.39113566299994,48.057083559000034],[-91.41386966899995,48.053526557000055],[-91.42964967299997,48.04861655500008],[-91.43888467599999,48.04998755500003],[-91.43810067599998,48.052112555000065],[-91.44713268099997,48.06319455600004],[-91.44658768099998,48.06739855700005],[-91.45033768299999,48.06881455700005],[-91.46550668699996,48.06677855500004],[-91.48865369399994,48.06807355400008],[-91.54251970799999,48.05327654800004],[-91.56726171399998,48.04372754500008],[-91.57567971699996,48.048799545000065],[-91.57302271799995,48.05730054600008],[-91.57547871999998,48.06630254700008],[-91.56975372299996,48.093356551000056],[-91.55296971899998,48.10302055400007],[-91.55927972199999,48.10827655400004],[-91.57586072699996,48.10651755200007],[-91.58896072999994,48.102174551000076],[-91.61526273799996,48.10191454900007],[-91.64018274399996,48.09693454600006],[-91.65357874999995,48.10957554700008],[-91.65163174999998,48.112750548000065],[-91.65326875099998,48.11414554800007],[-91.66265475299997,48.111497547000056],[-91.66521575399997,48.10701954600006],[-91.66753475399997,48.10836754600007],[-91.67688375699998,48.10727254500006],[-91.68763076099998,48.11170654500006],[-91.68285276099994,48.12212654700005],[-91.69237376399997,48.11933854600005],[-91.69285076299997,48.11636854500006],[-91.70353176599997,48.11355654400006],[-91.71199376899995,48.114721544000076],[-91.70810676899998,48.12299354500004],[-91.70415076799998,48.124902546000044],[-91.69998876799997,48.13184854700006],[-91.69818176899997,48.14165154800003],[-91.69934376999998,48.14473654900007],[-91.70357677099997,48.14539854800006],[-91.70853077399994,48.152709549000065],[-91.70511677399998,48.15972455000008],[-91.70532577599994,48.170783552000046],[-91.70939077799994,48.17272555200003],[-91.71755577999994,48.17180955100008],[-91.72329278099994,48.169271550000076],[-91.72459178199995,48.17066555000008],[-91.72142078199994,48.18026355200004],[-91.71161878099997,48.18910855400003],[-91.71052678099994,48.19390655400008],[-91.71493878399997,48.19913855500005],[-91.74232079299998,48.20449955300006],[-91.74193979199998,48.19913055300003],[-91.74908279399995,48.19885255200006],[-91.75394679599998,48.20120655200003],[-91.75640179699997,48.20583155300005],[-91.76088179799996,48.20479755200006],[-91.76467979899996,48.20059455100005],[-91.78118980399995,48.20044055000005],[-91.78614780499998,48.19642054900004],[-91.78901880599994,48.19655754900003],[-91.79181780699997,48.202500549000035],[-91.79810680899999,48.20282154900008],[-91.80904581299995,48.20602154900007],[-91.81448081499997,48.20867254900003],[-91.81577981599997,48.21175654900003],[-91.86438982999994,48.20703954500004],[-91.86788983299994,48.21910354600004],[-91.88469883899995,48.22732954600008],[-91.89347784399996,48.23770754700007],[-91.90599884699998,48.237140546000035],[-91.91577985099997,48.23887954500003],[-91.920809852,48.23675554400006],[-91.937363856,48.23422154300005],[-91.94184585699998,48.23061054200008],[-91.95780586199999,48.23299754100003],[-91.95831286399994,48.243798543000025],[-91.94957786199996,48.24452854300006],[-91.948482862,48.245849544000066],[-91.95381386399998,48.24942054400003],[-91.95443986399994,48.25168654400005],[-91.95957286599997,48.25355954400004],[-91.970247869,48.253602543000056],[-91.97257286999996,48.25040454200007],[-91.97037886899994,48.249366542000075],[-91.97106386899998,48.24767554200008],[-91.97691086999998,48.24463454100004],[-91.98955287599995,48.260222543000054],[-92.00658488199997,48.26542954200005],[-92.00725388499995,48.28039654400004],[-92.01207388799997,48.287276544000065],[-92.01298788999998,48.297399546000065],[-92.00014088999995,48.32136355000006],[-92.03087989999995,48.32583254800005],[-92.03772890299996,48.33319154900005],[-92.04656990599995,48.33474854800005],[-92.04766290799995,48.343774549000045],[-92.04515990699997,48.345784550000076],[-92.04574190799997,48.347909550000054],[-92.048655909,48.348869550000074],[-92.055235913,48.359221551000076],[-92.07796891899994,48.358261549000076],[-92.08352091999996,48.35387354800008],[-92.14359093899998,48.356129544000055],[-92.14505694099995,48.36565954500003],[-92.16216894499996,48.36328754300007],[-92.17736194899999,48.35723654100008],[-92.17842594799998,48.35188954100005],[-92.19357895199994,48.34862153900008],[-92.19488195299994,48.35040453900007],[-92.20369195599994,48.352071539000065],[-92.20773695699995,48.347820538000065],[-92.20681095599997,48.34560453800003],[-92.21699095899999,48.345122537000066],[-92.22282096099997,48.34921153700003],[-92.26228797399995,48.35494153500008],[-92.28900197999997,48.34299953100003],[-92.29541997899997,48.32396552800003],[-92.30456898099999,48.32298552700007],[-92.30631698099995,48.31645052600004],[-92.29453497599997,48.306462526000075],[-92.30145897499995,48.28861652300003],[-92.29506097099994,48.27659552200004],[-92.29300696999996,48.276412522000044],[-92.29454896999994,48.27156852100006],[-92.29037596799998,48.26553552100006],[-92.27371396099994,48.25675552100006],[-92.26974995799998,48.24824952000006],[-92.28073496099995,48.244277519000036],[-92.31467297099994,48.24053551600008],[-92.33225497499996,48.23388451300008],[-92.33683897599997,48.23539151300008],[-92.34121497699994,48.23248851300008],[-92.35318497999998,48.230336511000075],[-92.36210498199995,48.22288451000003],[-92.36753498399997,48.22396151000004],[-92.36708498299998,48.22104950900007],[-92.36918198399997,48.22027650900003],[-92.37791098799994,48.22964350900003],[-92.37892998899997,48.23579051000007],[-92.38436299099999,48.240728510000054],[-92.38391399199998,48.244704511000066],[-92.38719899299997,48.244614511000066],[-92.38811999399996,48.24674051100004],[-92.38501999299996,48.24978251200008],[-92.38671499399999,48.25167851200007],[-92.39126599499997,48.25067651100005],[-92.39240799599997,48.25251451100007],[-92.38931299499995,48.25332451200006],[-92.39344999699995,48.25748551200007],[-92.39278999699997,48.258952512000064],[-92.41629300999995,48.29547151500003],[-92.42608501499996,48.30449951600008],[-92.42892701599999,48.30577951600003],[-92.43201101699998,48.305071515000066],[-92.43783301899998,48.30984751600005],[-92.46995603599999,48.35184451900005],[-92.47675804099998,48.371768521000035],[-92.45639703999996,48.40114252600006],[-92.45633304199998,48.414212528000064],[-92.47559304899994,48.41880152700003],[-92.48209005299998,48.428670528000055],[-92.48919805499997,48.430336528000055],[-92.50729306299996,48.447883528000034],[-92.53721007199994,48.447711526000035],[-92.57564408299999,48.44083552200004],[-92.656035106,48.436717516000044],[-92.66327910899997,48.44019251600008],[-92.68800611699999,48.44389751400007],[-92.71257012699994,48.46302151500004],[-92.70865512699999,48.470357516000036],[-92.70927512799994,48.47309951600005],[-92.70130612799994,48.48459451900004],[-92.69883212899998,48.494900520000044],[-92.68487412499996,48.497619522000036],[-92.66142611799995,48.49656552300007],[-92.65404711599996,48.50164352400003],[-92.63670411099997,48.49943652500008],[-92.62724510899994,48.503391527000076],[-92.63147111099994,48.50679852700006],[-92.63088411099994,48.50919952700008],[-92.62515910999997,48.51305652800005],[-92.62664710999996,48.514382528000056],[-92.62554911099994,48.517557529000044],[-92.63493911799998,48.542881531000035],[-92.65788912499994,48.54627153000007],[-92.72805414499999,48.53929852400006],[-92.89469520399996,48.59492351800003],[-92.90995520899997,48.596321517000035],[-92.92962221699997,48.60688251700003],[-92.94984722299995,48.608277516000044],[-92.95012822699994,48.63042751900008],[-92.95488422899996,48.63150151800005],[-92.98497123599998,48.62373951500007],[-93.08844626799998,48.627605508000045],[-93.17810329399998,48.62334750000008],[-93.20740630599994,48.64248250000003],[-93.25486231999997,48.64279249700007],[-93.34819134499998,48.62642248700007],[-93.35414334399997,48.61235848500007],[-93.35641834499995,48.61178648500004],[-93.36214034699998,48.613840485000026],[-93.37116434799998,48.605093483000076],[-93.38381535199994,48.60515748200004],[-93.39503035499996,48.60331148100005],[-93.39898235599998,48.60391348100006],[-93.40527735899997,48.60935248100003],[-93.42549136399998,48.60130847800008],[-93.43850236599997,48.59338847600003],[-93.46431637299997,48.59180047400008],[-93.46601537299995,48.58729947300003],[-93.46173936999998,48.57403847200004],[-93.45705436699996,48.567207471000074],[-93.45668336599994,48.561842471000034],[-93.46080636499994,48.55056046900006],[-93.46751236599994,48.54567246800008],[-93.50016137499995,48.54121046500006],[-93.51546537899998,48.53480046300007],[-93.54719938699998,48.52869245900007],[-93.56207039099996,48.528905458000054],[-93.57834139599998,48.52652845700004],[-93.58796539899998,48.52888945600006],[-93.59438740099995,48.52880145600005],[-93.60376040299997,48.523334454000064],[-93.61062640499995,48.52166945400006],[-93.61832940699998,48.52397845300004],[-93.62645541099994,48.530993454000054],[-93.62887341199996,48.531218453000065],[-93.63548441299997,48.527710453000054],[-93.64309941399995,48.51830245100007],[-93.65666041699996,48.51573944900008],[-93.67457642199997,48.516305448000026],[-93.69090942699995,48.51459644700003],[-93.70915543299998,48.51803744600005],[-93.73214743999995,48.518003444000044],[-93.75295044499995,48.51512844200005],[-93.79446245799994,48.51602943900008],[-93.81518646599994,48.526516438000044],[-93.81826146699996,48.530054439000025],[-93.81838346799998,48.53445043900007],[-93.81120946699997,48.54239344100006],[-93.81210646899996,48.550672442000064],[-93.80537746999994,48.56840144500006],[-93.80677147199998,48.57762444600007],[-93.81852647899996,48.59532244700006],[-93.82265248299996,48.609075448000056],[-93.82796748499999,48.61300944800007],[-93.83433148899996,48.624962449000066],[-93.84076249099996,48.62855644900003],[-93.85162649499995,48.63011644900007],[-93.88694250499998,48.630787446000056],[-93.91153851299998,48.63468144500007],[-93.91665751399995,48.63216444400007],[-93.92701251699998,48.631228443000055],[-93.944229523,48.632302442000025],[-93.95442152599998,48.63375244100007],[-93.96338352899994,48.63715944100005],[-93.97654353299998,48.637581440000076],[-94.00694154299998,48.64320143800006],[-94.03562455099996,48.64102643600006],[-94.04319555399996,48.64342443600003],[-94.06425155999995,48.64372543400003],[-94.06578356099999,48.64611243400003],[-94.09125256799996,48.64367743200006],[-94.09990657099996,48.645871431000046],[-94.11003957399998,48.64420043000007],[-94.15739558799999,48.64577442700005],[-94.16773359099994,48.64811242600007],[-94.19952560099995,48.651004424000064],[-94.22428460799995,48.64953542200004],[-94.23358361099997,48.652344422000056],[-94.24440261499996,48.65345042100006],[-94.25019961699996,48.65633142100006],[-94.25458561899995,48.66138342100004],[-94.25117762199994,48.683522424000046],[-94.26054962699999,48.69638942500006],[-94.26448162899999,48.69892742500008],[-94.27435363199999,48.699890424000046],[-94.28180563499996,48.705263425000055],[-94.29074563799998,48.70775542400003],[-94.30845464399994,48.710247423000055],[-94.32844264899995,48.70448942100006],[-94.34276665299996,48.70339042000006],[-94.36859166099998,48.70644241800005],[-94.38422966599995,48.71181441700003],[-94.41619967599996,48.710956415000055],[-94.42141367699998,48.70876441400003],[-94.43870967899994,48.694897411000056],[-94.45234068299999,48.692452409000055],[-94.47294668999996,48.69685740800003],[-94.49962369799994,48.69796440600004],[-94.50887070099998,48.70037040600005],[-94.533331708,48.70124040400003],[-94.53859770999998,48.702649404000056],[-94.54907771499995,48.71466140500007],[-94.55584371799995,48.71621540400008],[-94.56837672099994,48.71553040300006],[-94.58959972799994,48.71789340200007],[-94.60139273299995,48.72836440200007],[-94.61054773599994,48.73190140200006],[-94.61901873999994,48.73738240200004],[-94.64125074699996,48.74126140100003],[-94.64539574899999,48.74408740100006],[-94.64535274999997,48.749037401000066],[-94.65198175299997,48.75586640200004],[-94.67282076199996,48.769323402000055],[-94.68705076699996,48.77501740100007],[-94.69435576999996,48.78219240100003],[-94.69498277499997,48.809214405000034],[-94.70429278099994,48.82429240600004],[-94.70197678199997,48.83178640700004],[-94.69706378099994,48.83573940800005],[-94.68568977799998,48.84012740900005],[-94.69305278299998,48.85340041000006],[-94.690254784,48.86337141200005],[-94.69253578599995,48.86895841200004],[-94.68422578399998,48.872407414000065],[-94.68435578599997,48.88396641500003],[-94.75028684499995,49.09928143600007],[-94.77323185599994,49.12074143700005],[-94.79809187799998,49.19787944500007],[-94.79725288099996,49.21429244700005],[-94.82556390399998,49.294397454000034],[-94.82429990599996,49.308842456000036],[-94.81623090599999,49.32099545800003],[-94.83688491299995,49.32407645700005],[-94.85425391799998,49.32416245600007],[-94.87846292699999,49.33320145500005],[-94.90928193899998,49.35018445400004],[-94.957473957,49.37019445300007],[-94.97429496199999,49.36774645100007],[-94.98891696599998,49.36890545000006],[-95.01442397099999,49.35641344600003],[-95.05841298399997,49.35317844200006],[-95.10282699899994,49.36356244000007],[-95.10315599899997,49.36506844000007],[-95.12647600699995,49.369447439000055],[-95.14181701299998,49.37830943900008],[-95.14531501399995,49.37828843800003],[-95.14678301499998,49.380273439000064],[-95.14975601599997,49.380573438000056],[-95.15024401599999,49.38297243900007],[-95.153323017,49.384366439000075],[-95.15371994499998,48.998911391000036],[-95.48436911799996,48.99897662300003],[-96.20884025099997,48.999992305000035],[-96.80028442099996,48.99999225600004],[-97.22873154299998,49.00057022000004],[-97.23421054399995,48.99629421900005],[-97.22820654199995,48.994783220000045],[-97.22669654099997,48.99293122000006],[-97.23422354199994,48.98897421800007],[-97.23839654199998,48.98263921700004],[-97.23889153899995,48.966581215000076],[-97.22801053499995,48.96295821600006],[-97.23406353399997,48.94761921400004],[-97.22650753199997,48.945633214000054],[-97.22529452899994,48.93454721300003],[-97.22258152799998,48.93270221300003],[-97.21438352499996,48.931580213000075],[-97.21978552499996,48.92204721200005],[-97.21117052199997,48.916657212000075],[-97.21271551999996,48.908151211000074],[-97.21055051899998,48.90439821000007],[-97.19435151299996,48.89876921100006],[-97.18976051099997,48.89449021100006],[-97.19099351099999,48.89219821100005],[-97.19405951199997,48.89135521000003],[-97.20002351399995,48.89259521000008],[-97.20172751399997,48.891731210000046],[-97.19739751199995,48.88670520900007],[-97.19955451099997,48.88135420900005],[-97.18933150799995,48.87657020900008],[-97.17960350499999,48.877048210000055],[-97.17779950399995,48.87532021000004],[-97.19045450599998,48.865300207000075],[-97.19000950499998,48.86352420700007],[-97.17942950199995,48.86308720800008],[-97.17905550099994,48.857270207000056],[-97.17400349899998,48.85318420700003],[-97.17328749799998,48.85029020700006],[-97.18293249999994,48.84692020600005],[-97.17718549799997,48.84555120600004],[-97.17436449699994,48.84262720600003],[-97.17382049599996,48.838317206000056],[-97.17573649599996,48.83616620500004],[-97.18446649799995,48.833403204000035],[-97.18389749699998,48.830288204000055],[-97.17775649399994,48.82482320400004],[-97.17959949399994,48.82013920300005],[-97.19032249599996,48.815722202000075],[-97.18949549599995,48.81442920100005],[-97.17849149299997,48.81451320200006],[-97.16913948899997,48.81131220300006],[-97.15876948599998,48.81093920400008],[-97.15874448499994,48.80649420300006],[-97.17905848999999,48.80110920100003],[-97.18123948999994,48.79789820000008],[-97.17592248899996,48.79757120100004],[-97.169902488,48.80118520100007],[-97.16258648499996,48.80012420200006],[-97.16165748499998,48.79760720200005],[-97.16338248499994,48.79621920100004],[-97.17136948699994,48.79654120100008],[-97.17395348799994,48.79523320000004],[-97.17356548699996,48.79332320000003],[-97.16434948399996,48.79093020100004],[-97.15811148199998,48.79115320100004],[-97.15939148099994,48.78384120000004],[-97.14729047699996,48.781148201000065],[-97.14857947699994,48.77923320100007],[-97.15898047999997,48.77575419900006],[-97.15829947899994,48.77376619900008],[-97.15259747699997,48.77261020000003],[-97.14592747399996,48.765611199000034],[-97.14723847399995,48.761734199000045],[-97.15480947499998,48.75742219800003],[-97.15300647399994,48.75285219700004],[-97.14915947199995,48.75036319700007],[-97.13825746899994,48.75024319800008],[-97.13632946799999,48.74683919800003],[-97.13695246699996,48.74193519700003],[-97.14210746799995,48.73746919600006],[-97.14125346699996,48.73527919600008],[-97.13018446399997,48.734208197000044],[-97.12834946299995,48.732144197000025],[-97.13052946299996,48.72946719600003],[-97.13759846399995,48.72757719500004],[-97.13687746399995,48.726043195000045],[-97.12640745999994,48.72110919600004],[-97.11898645599996,48.71135419500007],[-97.11000145299994,48.707784195000045],[-97.11230945299997,48.70547719500007],[-97.12048345499994,48.70382719400004],[-97.12007945399995,48.70144219400004],[-97.10971044999997,48.691694193000046],[-97.09033744299995,48.68452019400007],[-97.09375444299997,48.68203819400003],[-97.10041744499995,48.683086193000065],[-97.10057144299998,48.66841419100007],[-97.10926444399996,48.66415019000004],[-97.09874044099996,48.66129219100003],[-97.10553944099996,48.65401218900007],[-97.10782344099994,48.64773618800007],[-97.115723442,48.64449818700007],[-97.10966043999997,48.63889618700006],[-97.10935843799996,48.63264518600005],[-97.11351743899996,48.630394186000046],[-97.12343844199995,48.63379218500006],[-97.12800044399995,48.63377318500005],[-97.13079044399996,48.63211618400004],[-97.13081944399994,48.629236184000035],[-97.12015143899998,48.62168818400005],[-97.12041743899994,48.61802518400003],[-97.12374644,48.618110183000056],[-97.13286644299995,48.62290418300006],[-97.13520544399995,48.622152183000026],[-97.13466144299997,48.62021618300008],[-97.12979944099999,48.61709418300006],[-97.13019244099996,48.61340718200006],[-97.14508444499995,48.614621181000075],[-97.14980744599995,48.61273218100007],[-97.15072044599998,48.61045918000008],[-97.14827644499996,48.60836218000003],[-97.13750044199998,48.60888318100007],[-97.13449044099997,48.60785818100004],[-97.14383144199996,48.598367179000036],[-97.15101844399999,48.59809217900005],[-97.15398844399994,48.59508917800008],[-97.14224643999995,48.59260317900004],[-97.14366343799998,48.58236617700004],[-97.14843843999995,48.581036177000044],[-97.15434244199997,48.58266017700004],[-97.16064044299998,48.58094417600006],[-97.15728144199994,48.57800617600003],[-97.14962543899998,48.57692917600008],[-97.14792343799996,48.57463517600007],[-97.14917943799998,48.57002217500008],[-97.15164743799994,48.56763817500007],[-97.17089444299995,48.56515117300006],[-97.17533844399998,48.56246917200008],[-97.17458844299995,48.56043417200004],[-97.16568643999994,48.55717317300008],[-97.14606743399997,48.55733217400007],[-97.13835443199997,48.55440317400007],[-97.14095443199994,48.55132417400006],[-97.15580043599994,48.55118117300003],[-97.16251943799995,48.55412017200007],[-97.16558643899998,48.553210172000036],[-97.16603643899998,48.54919317200006],[-97.15970643499998,48.54134717100004],[-97.14244642999995,48.53653717200007],[-97.14097942899997,48.53423317200003],[-97.142501429,48.53211917100003],[-97.15360643099996,48.52951617000008],[-97.15406742999994,48.521934169000076],[-97.14737642799997,48.518776169000034],[-97.13078642399995,48.52267617100006],[-97.12687342199996,48.51976617100007],[-97.13901842399997,48.51167116900007],[-97.14995842699994,48.51199416800006],[-97.14978342499995,48.50199416700008],[-97.14447242299997,48.49756216700007],[-97.13224841799996,48.49238616700006],[-97.13224941799996,48.48844416700007],[-97.13500941799998,48.48761016700007],[-97.13905841999997,48.491204167000035],[-97.14302642099995,48.49234216700006],[-97.13967441999995,48.48806416600007],[-97.14030041899997,48.48473016600008],[-97.15744042299997,48.48158316400003],[-97.16267742399998,48.47779116300006],[-97.16099142299998,48.475813163000055],[-97.15492542099997,48.47491916300004],[-97.14063741799998,48.47747316500005],[-97.13244341599994,48.47724616600004],[-97.12892941399997,48.47575016600007],[-97.12812441399996,48.47360416600003],[-97.12949441399996,48.47149816500007],[-97.14202441799995,48.47465816500005],[-97.14614241899994,48.474060164000036],[-97.14825341899996,48.47074816400004],[-97.14208941599998,48.463355163000074],[-97.12986041199997,48.462927164000064],[-97.12934040999994,48.454056163000075],[-97.13532441099994,48.44889116200005],[-97.14812041399995,48.44406016000005],[-97.15055141399995,48.44121116000008],[-97.14982041299999,48.439161160000026],[-97.146423412,48.43807616000004],[-97.14109641099998,48.43859216000004],[-97.13453940999995,48.44334316100003],[-97.12658140699995,48.44313916200008],[-97.12345740499995,48.43702616100006],[-97.12678640499996,48.43181216100004],[-97.13155540699995,48.43115416000006],[-97.14125140999994,48.43377916000003],[-97.14519241099998,48.432572159000074],[-97.14576040999998,48.43027815900007],[-97.14260640899994,48.42765815900003],[-97.12682840399998,48.42338016000008],[-97.12289640199998,48.42067216000004],[-97.12246240199994,48.41828415900005],[-97.12605340199997,48.41612815900004],[-97.13356740499995,48.42092415900004],[-97.14038640699994,48.421582158000035],[-97.15485441099997,48.41747115700008],[-97.15509340999995,48.41429815600003],[-97.15053940899998,48.41275015600007],[-97.14786840799997,48.41323515700003],[-97.14348840799994,48.418043158000046],[-97.13936040599998,48.418039158000056],[-97.13846340499998,48.41455615800004],[-97.13164040299995,48.40953515700005],[-97.13148840199995,48.40659415700003],[-97.14570240399996,48.39743915500003],[-97.15938240799994,48.396033154000065],[-97.16329940799994,48.39199515300004],[-97.15656940599996,48.39064315300004],[-97.15721940499998,48.38574015200004],[-97.15059640299995,48.38239115300007],[-97.14432440099995,48.38160815300006],[-97.136256399,48.38394115400007],[-97.13338639799997,48.38203415400005],[-97.14136039999994,48.37846615300003],[-97.137656398,48.37357315300005],[-97.13929539699996,48.37040815200004],[-97.15246540099997,48.37098215100008],[-97.15481540199994,48.369978151000055],[-97.15628540199998,48.36620615000004],[-97.15549040099995,48.363776150000035],[-97.14849139799998,48.360725150000064],[-97.14387039599995,48.354511150000064],[-97.13638239299996,48.35240115000005],[-97.13630139299994,48.35007415000007],[-97.140513393,48.34708614900006],[-97.13960939299994,48.34425414900005],[-97.13202039099997,48.34394014900005],[-97.12761338899998,48.34268515000008],[-97.12592938799997,48.34058715000003],[-97.12958038799997,48.33259914800004],[-97.13904039,48.330381147000026],[-97.14161438999997,48.32865214700007],[-97.14172438999998,48.32573714600005],[-97.13824538899996,48.32539614700005],[-97.13376038799998,48.32785514700004],[-97.12921538699999,48.32813914800005],[-97.12222938499997,48.32738014800003],[-97.11559038199994,48.32393614800003],[-97.11974438299995,48.320796148000056],[-97.13378638599994,48.318320146000076],[-97.13799338599995,48.31012514500003],[-97.13369338399997,48.30895614500008],[-97.12696738299996,48.31188414600007],[-97.12383538199998,48.31093814600007],[-97.12221038099995,48.309878146000074],[-97.12618538099997,48.30370914500003],[-97.11224037599999,48.29648014500003],[-97.11532537699998,48.293867145000036],[-97.11919937799996,48.294250144000046],[-97.12416337999997,48.29836514500005],[-97.12830538099996,48.29883014400008],[-97.13809938199995,48.29085414200006],[-97.13839238199995,48.288663142000075],[-97.13555538099996,48.28706714200007],[-97.12535737899998,48.29186314400005],[-97.12216937799997,48.29006414400004],[-97.11657937399997,48.279669143000035],[-97.12064937499997,48.276739142000054],[-97.125478376,48.27616314200003],[-97.12394637499995,48.272856141000034],[-97.12535737499996,48.27046014100006],[-97.14037437899998,48.271104140000034],[-97.14438237999997,48.26972513900006],[-97.14512137999998,48.26775113900004],[-97.14387337899996,48.26575713900007],[-97.12856037499995,48.26482414000003],[-97.12419737299996,48.263561140000036],[-97.12296337299995,48.261674140000025],[-97.13062337399998,48.25889813900005],[-97.12488237199995,48.25317213900007],[-97.12511737099999,48.24999113900003],[-97.135662374,48.249457138000025],[-97.14675337599994,48.244492136000076],[-97.14681237599996,48.24207013600005],[-97.13574637199997,48.24090113700004],[-97.13374437199997,48.23908313700008],[-97.13584437199995,48.23692713600008],[-97.14434937399994,48.235057135000034],[-97.14443237299997,48.233195135000074],[-97.14267937299996,48.23118813500008],[-97.12445636699994,48.228395136000074],[-97.12075836499997,48.22583413600006],[-97.12169336499994,48.22357613600008],[-97.12535836599994,48.22335413500008],[-97.133297369,48.226951135000036],[-97.13720036999996,48.22695913500007],[-97.14966637299995,48.22315713300003],[-97.15175537299996,48.218940133000046],[-97.147131372,48.218855133000034],[-97.14061436999998,48.22215013400006],[-97.13506536899996,48.22065613400008],[-97.12485136499998,48.21741813500006],[-97.11950036299999,48.21352713500005],[-97.11784736199996,48.20977213400005],[-97.11978336199996,48.20751213400007],[-97.12293436299996,48.20738913400004],[-97.13137236699998,48.21719013400008],[-97.13896236899996,48.217083133000074],[-97.13943936899994,48.21432713300004],[-97.12922536499997,48.20961313300006],[-97.12959436499995,48.20798513300008],[-97.14091936699998,48.204528132000064],[-97.13568136399994,48.19713413100004],[-97.14034736499997,48.19480413100007],[-97.14977536599997,48.18538212900006],[-97.14846736499999,48.18244112800005],[-97.13958636299998,48.18265712900006],[-97.13600336099995,48.17890512900004],[-97.13642436099997,48.17605112900003],[-97.14752036299996,48.17241512700008],[-97.14634036199999,48.16859112700007],[-97.14195935899994,48.16021012600004],[-97.13799435799996,48.15954812600006],[-97.12740135599995,48.16275612800007],[-97.12117635399994,48.161110128000075],[-97.12102935299998,48.15909412800005],[-97.140304357,48.15090212500007],[-97.14667635799998,48.14321112400006],[-97.14357835599998,48.14100512400006],[-97.13792035499995,48.14324512400003],[-97.12663535199994,48.141528125000036],[-97.12233534999996,48.138605125000026],[-97.12490734999994,48.13620112500007],[-97.13347735299999,48.13710912400006],[-97.12946235099997,48.133141124000076],[-97.12828834899994,48.12719312300004],[-97.12071134499996,48.11499512200004],[-97.12321434399996,48.10665612100007],[-97.11978234299994,48.10538912100003],[-97.11147934099995,48.10592112200004],[-97.10843733899998,48.099832122000066],[-97.10225833699997,48.09670212200007],[-97.10231233599995,48.09489012100005],[-97.10986633799996,48.09140312000005],[-97.10217433499997,48.08913012100004],[-97.099807334,48.08589212100003],[-97.10078033299999,48.07746011900008],[-97.10449233299994,48.07243611900003],[-97.09778133099996,48.07108811900008],[-97.08699532499998,48.05823011800004],[-97.07565032099996,48.05273311800005],[-97.07226631899994,48.04807611800004],[-97.06872031499995,48.02770211600006],[-97.07224831399998,48.019115115000034],[-97.06929331299995,48.016184114000055],[-97.06329831099998,48.01499711500003],[-97.06677131099997,48.00956611400005],[-97.064298308,47.99851611300005],[-97.05309830299996,47.99026011300003],[-97.05916230199995,47.97538811000004],[-97.05716230099995,47.970488110000076],[-97.06186330099996,47.96448810900006],[-97.05246329699997,47.957187109000074],[-97.055563297,47.949087107000025],[-97.05456329599997,47.946287107000046],[-97.04496329199998,47.941087107000044],[-97.03606328899997,47.93938710800006],[-97.03736328899998,47.93328710700007],[-97.03576328799994,47.93018710700005],[-97.01776328099999,47.91978610700005],[-97.01806327999998,47.91808610700008],[-97.02376328199995,47.91588610600007],[-97.01726327899996,47.91308610600004],[-97.01506327799996,47.90718610500005],[-97.01726327799997,47.90568610500003],[-97.02496428099994,47.90818610500003],[-97.02016427799998,47.90048610400004],[-97.02396427799994,47.89808610400007],[-97.02496427799997,47.894986103000065],[-97.01896427599996,47.89108610300008],[-97.02496427699998,47.88688610200006],[-97.02536427599995,47.88428610200003],[-97.01796427299996,47.87848610200007],[-97.02316527399995,47.87398610100007],[-97.002465267,47.86868510200003],[-97.00156526699999,47.86738510200007],[-97.00586626699999,47.86528510100004],[-97.00556626699995,47.863985101000026],[-96.99815326399994,47.85889010100004],[-96.99749226199998,47.84997710000005],[-96.99398326099998,47.84598210000007],[-96.99830426099999,47.84173209900007],[-96.99324126,47.84285809900007],[-96.99421625899998,47.838852099000064],[-96.98669425699995,47.83764709900004],[-96.98173425399995,47.83042909900007],[-96.98711425499994,47.825558098000045],[-96.97676925199994,47.82530409800006],[-96.97419325099997,47.82298609800006],[-96.98015925299995,47.822387098000036],[-96.97890324999997,47.80989009600006],[-96.98800325299999,47.80995109600008],[-96.99113825299997,47.80937309500007],[-96.99101625299994,47.80768009500008],[-96.97211824699997,47.802564096000026],[-96.97618524799998,47.801552095000034],[-96.97662024699997,47.797990095000046],[-96.96712924499997,47.79986009600003],[-96.96353224299997,47.794609096000045],[-96.95722523999996,47.79097809600006],[-96.963530242,47.78729809500004],[-96.96532524099996,47.78348209400008],[-96.96193523999995,47.783300094000026],[-96.95833923999999,47.785716095000055],[-96.95879923899997,47.780343094000045],[-96.95268223699998,47.77978509500008],[-96.95664423799997,47.776196094000056],[-96.95568023699997,47.774756094000054],[-96.94678223499994,47.77509909500003],[-96.94542823399996,47.77238009400003],[-96.93518322999995,47.76747409500007],[-96.93844422999996,47.76241909400005],[-96.93786822999994,47.76020309300003],[-96.92881322599999,47.75573209400005],[-96.93218722699999,47.75475009300004],[-96.93809622899994,47.75640609300007],[-96.93976222899994,47.75530009300007],[-96.92906022499994,47.750339093000036],[-96.92851522399997,47.74489209200004],[-96.93302022499995,47.739957091000065],[-96.93281822399996,47.737147091000054],[-96.92537522099997,47.73024109100004],[-96.92396921999995,47.726145090000045],[-96.91856521799997,47.723871090000046],[-96.93066621999998,47.71756908900005],[-96.93086221999994,47.71539508800004],[-96.92855021899999,47.71426908800004],[-96.92232421799997,47.717936089000034],[-96.91987721699996,47.716990089000035],[-96.92012821599997,47.71039108900004],[-96.91276321299995,47.70832708900008],[-96.91189021299994,47.706753089000074],[-96.91295721299997,47.70472908800008],[-96.92080921399997,47.70140908700006],[-96.920555214,47.69965708700005],[-96.91789221299996,47.699234087000036],[-96.91285521199995,47.70175408800003],[-96.90727520899998,47.693984088000036],[-96.90991820899995,47.68953008700004],[-96.90724520799995,47.68850108700008],[-96.90172820699996,47.69162908800007],[-96.89936120599998,47.689481088000036],[-96.89601820299998,47.678296087000035],[-96.89673320299994,47.674766086000034],[-96.89193120099998,47.67316508600004],[-96.88512519899996,47.673816087000034],[-96.88973519999996,47.67065108600008],[-96.88963619999998,47.66859508600004],[-96.88558219799995,47.663451086000066],[-96.88761619699994,47.65886108500007],[-96.88697919599997,47.65305708400007],[-96.88238519399994,47.64903308400005],[-96.88286619299998,47.64172208300005],[-96.88858219399998,47.63845808200006],[-96.88240219099998,47.633497082000076],[-96.88148919099996,47.630038082000056],[-96.87438218799997,47.627832082000054],[-96.88059118999996,47.625633081000046],[-96.87592518799994,47.62263008100007],[-96.87943018799996,47.61904708000003],[-96.87088018599997,47.618050081000035],[-96.87368018599994,47.61366208000004],[-96.86917418399997,47.614868081000054],[-96.86683818399996,47.61299408100007],[-96.85712117999998,47.61076808100006],[-96.85482117899994,47.60633608100005],[-96.85691217899995,47.60233708000004],[-96.85106017599998,47.59794808000004],[-96.85221017599997,47.59645708000005],[-96.85835017799997,47.596189079000055],[-96.85889617799995,47.59511107900005],[-96.84990517499995,47.590906079000035],[-96.85328217399996,47.579491078000046],[-96.85986517499998,47.574152076000075],[-96.85408217299994,47.57201807700005],[-96.85170717099999,47.56850607600006],[-96.85847217299994,47.567154076000065],[-96.86640317599995,47.56938507500007],[-96.86861317599994,47.56820007500005],[-96.86838117599996,47.56577607500003],[-96.86246717299997,47.56252207500006],[-96.84750816999997,47.56623407600006],[-96.853912171,47.56051107500008],[-96.85999617199997,47.560660075000044],[-96.86175517299995,47.559504074000074],[-96.85748017099996,47.55527307400007],[-96.85044216899996,47.553999075000036],[-96.84989516799999,47.552524074000075],[-96.86046416999994,47.54652307300006],[-96.85022916699995,47.54317607300004],[-96.84539216499996,47.53957107300005],[-96.84852016499997,47.537177073000066],[-96.85570416799999,47.54216707300003],[-96.86321417,47.540597072000025],[-96.86120316899996,47.53743007200006],[-96.85515516699996,47.53828307200007],[-96.85376416599996,47.53597507200004],[-96.86053316699997,47.52954407100003],[-96.87103516999997,47.52787507000005],[-96.86637216799994,47.524901070000055],[-96.86143116499994,47.515881069000045],[-96.85421316299994,47.514376069000036],[-96.84331415999998,47.51659007000006],[-96.84196015899994,47.515246070000046],[-96.843313159,47.51292607000005],[-96.85140316199994,47.51350806900007],[-96.85361516199998,47.511370069000066],[-96.85243616099996,47.50994906900007],[-96.84569415999994,47.51049706900005],[-96.84228915799997,47.50864407000006],[-96.84872515999996,47.50640006900005],[-96.85175816099996,47.507899069000075],[-96.85297915999996,47.50087706800008],[-96.84904415799997,47.49782306800006],[-96.85743615999996,47.493304066000064],[-96.86507716199998,47.491552066000054],[-96.86342616099995,47.48969306500004],[-96.85315015799995,47.48736606600005],[-96.85219415699999,47.48585406600006],[-96.85607915799994,47.48315606500006],[-96.86340115999997,47.48367106500007],[-96.86842415999996,47.47901806400006],[-96.86677415999998,47.47670306400005],[-96.86446615899996,47.47714406400007],[-96.86055215899995,47.48066406500004],[-96.85687315799998,47.48124306500006],[-96.85190515599999,47.478704065000045],[-96.85274315599997,47.476813065000044],[-96.86101115699995,47.472596063000026],[-96.85956415599998,47.46687306300004],[-96.85391715299994,47.46041106200005],[-96.86356115499996,47.457302061000064],[-96.86267315499998,47.45575306100005],[-96.85424115199999,47.45441406200007],[-96.85924815299995,47.45156506100005],[-96.85702115199996,47.44904406100005],[-96.85954615199995,47.445670060000054],[-96.85585814999996,47.43987406000008],[-96.85666614999997,47.43838805900003],[-96.86237715099998,47.437310059000026],[-96.86260715099996,47.43567905900005],[-96.85282714799996,47.43229005900008],[-96.86474015099998,47.42803005800005],[-96.86249114999998,47.42646305800008],[-96.85540314799994,47.426649058000066],[-96.85586014699999,47.42401805800006],[-96.87167215099998,47.41940005600003],[-96.87105715099995,47.41824705600004],[-96.86622614899994,47.419015056000035],[-96.86124014799998,47.417818057000034],[-96.86184214699995,47.41434505600006],[-96.85571814499997,47.409611056000074],[-96.84231614099997,47.41189105700005],[-96.84343914099998,47.40964805700003],[-96.85274814299999,47.40591705600008],[-96.83922113799997,47.399521056000026],[-96.84874213999996,47.39496705500005],[-96.84890513999994,47.39353905400003],[-96.84343613799996,47.39217105500006],[-96.84121413799994,47.39325705500005],[-96.83745313599997,47.38928205500008],[-96.84173813699994,47.38701005400003],[-96.83863013599995,47.38394305400004],[-96.83978513499994,47.38094105400006],[-96.84820913799996,47.38273205300004],[-96.85009013799998,47.381511053000054],[-96.84361413599999,47.37742305300003],[-96.84393013599998,47.37556405300006],[-96.85463113799995,47.373788051000076],[-96.84891613599996,47.370573052000054],[-96.84558713499996,47.37045005200008],[-96.83841313399995,47.37350505300003],[-96.83671513299998,47.372036053000045],[-96.83778213299996,47.370816052000066],[-96.84501513499998,47.368047052000065],[-96.85231313699995,47.36974705100005],[-96.85822013799998,47.36761005000005],[-96.84851513499996,47.36482005100004],[-96.84816213499994,47.36282605100007],[-96.85214513499994,47.35991105000005],[-96.84984013399998,47.35686505000007],[-96.83812013099998,47.356040051000036],[-96.83842212999997,47.35344505000006],[-96.84480713199997,47.35407305000007],[-96.84289813099997,47.35092905000005],[-96.847321132,47.34941904900006],[-96.84664813099994,47.34703604900005],[-96.84059512899995,47.340964048000046],[-96.83496312699998,47.34101504900008],[-96.830622125,47.33865104900008],[-96.83481612599996,47.332481048000034],[-96.84456612799994,47.33139004700007],[-96.84601812799997,47.32841104600004],[-96.84052212599994,47.32673304700006],[-96.83501312499999,47.33095204800003],[-96.82880912299998,47.328146048000065],[-96.83053212299995,47.326046047000034],[-96.83704212499998,47.32451704700003],[-96.83566612299995,47.31895604600004],[-96.84197512499998,47.31843504500006],[-96.84698512599994,47.31584204500007],[-96.84239712399994,47.31300804500006],[-96.84288912399995,47.30874604400003],[-96.83705412299997,47.31139904500003],[-96.83070611999995,47.30542804500004],[-96.84393112099997,47.29302804200006],[-96.84036211699998,47.275504040000044],[-96.84752611899995,47.27178403900007],[-96.84386511699995,47.26861503900005],[-96.83692611499998,47.269091040000035],[-96.83460011399995,47.267020040000034],[-96.83855511499996,47.26459003900004],[-96.84496911699995,47.26530703800006],[-96.84732411699997,47.262765038000055],[-96.84651911599997,47.26088003800004],[-96.83654111399994,47.26290903900008],[-96.83656911399999,47.26021403800007],[-96.84476911599995,47.25889803800004],[-96.84527911599997,47.257842037000046],[-96.83856211299997,47.25608803800003],[-96.84429011399999,47.25176503700004],[-96.84405811399995,47.25033803700006],[-96.842312113,47.24941903700005],[-96.83653811199997,47.25218903700005],[-96.83250310999995,47.24797803700005],[-96.83319010999998,47.24587703700007],[-96.842969112,47.24209603600008],[-96.84373011199995,47.23979603500004],[-96.84195511099995,47.23879303500007],[-96.83672511099996,47.24246803600005],[-96.82888710699996,47.23425603600003],[-96.82895710699995,47.23216303600003],[-96.83164910699998,47.23131503500008],[-96.83742610899998,47.23497103500006],[-96.84118510999997,47.233423035000044],[-96.84277110999994,47.23133603400004],[-96.84123710999995,47.22941203400006],[-96.83419010799997,47.22909503500006],[-96.83154810699995,47.22747003500007],[-96.83208710599996,47.225944034000065],[-96.84564310899998,47.221115033000046],[-96.84504910899994,47.21861803300004],[-96.84240210799999,47.217757033000055],[-96.83893510799999,47.222736034000036],[-96.83471910699996,47.22242003400004],[-96.83312310599996,47.220841034000046],[-96.83726110599997,47.216170033000026],[-96.83042810299997,47.21121203300004],[-96.83078610299998,47.209491032000074],[-96.83718710499994,47.207476032000045],[-96.82723910099998,47.20168003200007],[-96.827931101,47.20017603200006],[-96.83373610299998,47.20283303100007],[-96.83573810299998,47.20194103100005],[-96.84472010399998,47.192910029000075],[-96.84198310299996,47.19086402900007],[-96.83991810299995,47.19124602900007],[-96.84039110299994,47.195364030000064],[-96.83824210299997,47.19637403000007],[-96.82854409999999,47.19280003100005],[-96.825935099,47.19085503000008],[-96.82629209799995,47.189075030000026],[-96.83264409999998,47.18764703000005],[-96.83603810099999,47.185136029000034],[-96.83189809899994,47.18346802900004],[-96.82307509699996,47.18569303000004],[-96.82156409599997,47.18432203000003],[-96.82286909599998,47.182332030000055],[-96.827606098,47.18177002900006],[-96.82468309599994,47.18009002900004],[-96.824777096,47.17805302900007],[-96.83236009799998,47.17767802800006],[-96.833392098,47.17633602800004],[-96.83071509699994,47.174344028000064],[-96.82341709499997,47.17398202900006],[-96.82243909499994,47.172731028000044],[-96.82527909499998,47.16821002800003],[-96.82455809399994,47.16655602700007],[-96.81895909199994,47.16490902800007],[-96.81997309199994,47.16302902700005],[-96.83199209499998,47.159511026000075],[-96.83064609399997,47.158247026000026],[-96.82505309299995,47.158615026000064],[-96.82271509199995,47.15623702600004],[-96.83026809399996,47.154814026000054],[-96.83648009599995,47.15654402500007],[-96.83615409499998,47.15356302500004],[-96.84111009599997,47.15140902400003],[-96.83724709499995,47.14870102400005],[-96.83201209299995,47.149654025000075],[-96.82865709199996,47.14642702500004],[-96.83457209299996,47.14410302400006],[-96.83407709299996,47.142502024000066],[-96.82946709099997,47.140949024000065],[-96.82633908899999,47.13494902300005],[-96.83075908999996,47.12968802200004],[-96.82925708899995,47.12872702200008],[-96.82313108799997,47.131325023000045],[-96.81998108699997,47.130942023000046],[-96.82045908599997,47.128398023000045],[-96.82448508699997,47.12719602200008],[-96.82544908699998,47.12336202200004],[-96.83492808999995,47.123772021000036],[-96.83757308999998,47.12198802100005],[-96.82896508799996,47.12091402100003],[-96.82331008499995,47.11750702100005],[-96.82062808399996,47.11372002100006],[-96.82270308399995,47.109630020000054],[-96.82001008299994,47.10771102000007],[-96.81683208199996,47.10912802100006],[-96.81594308099994,47.10414702000003],[-96.82108208199998,47.09997001900007],[-96.81729907999994,47.09806801900004],[-96.81726007899994,47.09209601900005],[-96.82539408099996,47.09026001800004],[-96.82630108099994,47.08867101700008],[-96.82057207999998,47.08977801800006],[-96.815982078,47.088474018000056],[-96.82039507899998,47.083049017000064],[-96.81572107699998,47.07988501700004],[-96.81672207699995,47.07846301700005],[-96.82928507999998,47.07462801500003],[-96.82738507899995,47.07260401500008],[-96.82098007699994,47.07422201600008],[-96.82410607799994,47.070674015000066],[-96.82350007699995,47.06591901500008],[-96.81988507499995,47.06235501500004],[-96.82094907499999,47.06092901400007],[-96.828459077,47.06194101400007],[-96.83039507799998,47.06083101300004],[-96.82887907699995,47.05942001300008],[-96.82224707499995,47.05954801400003],[-96.82473607499998,47.05532201300008],[-96.81758007299999,47.05160801300008],[-96.82746807399997,47.045569012000044],[-96.81860507199997,47.04756201300006],[-96.81761007199998,47.04586001300004],[-96.82285707199998,47.03767101100004],[-96.82149707099995,47.03581001100008],[-96.81565507,47.039778012000056],[-96.81273506899998,47.03827901200003],[-96.81635206899995,47.03379601100005],[-96.82404507099994,47.03375501100004],[-96.82733607199998,47.031280010000046],[-96.81919206899994,47.02940501000006],[-96.81529906699996,47.02387901000003],[-96.81961806899994,47.02451001000003],[-96.82950807099996,47.02154500900008],[-96.83070907099994,47.01882500800008],[-96.83475107199996,47.01702000800003],[-96.832312071,47.01519200700005],[-96.83351306999998,47.010118007000074],[-96.83955707099994,47.00673600600004],[-96.83541506999995,47.00719300600008],[-96.83334306899997,47.004429006000066],[-96.829803068,47.00536600600003],[-96.82796506699998,47.001893006000046],[-96.82135306599997,47.003653007000025],[-96.82318906499995,46.99997300600006],[-96.81937506399998,46.99773300600003],[-96.82319806499999,46.99803400600007],[-96.824479065,46.99618100600003],[-96.82254506399994,46.99015000500003],[-96.82616506399995,46.987493004000044],[-96.82261306299995,46.98592200400003],[-96.819903061,46.977365004000035],[-96.82323306099994,46.97084700200003],[-96.82186105999995,46.96938000200004],[-96.80982305599997,46.96390800300003],[-96.80733605499995,46.96462400300004],[-96.80653305499999,46.96764400300003],[-96.80199005299994,46.96413600300008],[-96.80069205399997,46.96833100400005],[-96.79500205199997,46.96544100400007],[-96.79991905199995,46.95923600300006],[-96.80350305299999,46.95843600200004],[-96.79860204999994,46.951222002000065],[-96.80033604999994,46.94855300100005],[-96.80467105099996,46.94747600100004],[-96.79807004899999,46.94457100100004],[-96.795367049,46.94697200200005],[-96.79266504799995,46.946772002000046],[-96.790067046,46.93767200100007],[-96.79176704499997,46.928473],[-96.79046704399997,46.92737199900006],[-96.78596504299998,46.930171],[-96.78576804199997,46.924973],[-96.78376604199997,46.924671],[-96.78026704099995,46.928271],[-96.77666603999995,46.926371],[-96.77516603999999,46.93087100100007],[-96.76326603799998,46.935071003000076],[-96.76126603699998,46.932171002000075],[-96.75746603499994,46.930771003000075],[-96.75686603499997,46.92847100200004],[-96.76506603699994,46.92907100200006],[-96.76526603699995,46.92757100100005],[-96.75326603299999,46.92457100200005],[-96.75376603299998,46.92307100200003],[-96.76136603499998,46.924371001000054],[-96.76326603599995,46.92337100100008],[-96.76176603499994,46.92007100100005],[-96.75343903199996,46.91467300100004],[-96.75569603199995,46.913772],[-96.76250303499995,46.918061],[-96.76153903399995,46.914363],[-96.76398203399998,46.912515],[-96.76566603299995,46.90507099900003],[-96.77046703499997,46.90677099800007],[-96.77356703499999,46.90357099800008],[-96.77066703399998,46.90027099800005],[-96.77512103499998,46.899478997000074],[-96.77656703499997,46.895670996000035],[-96.77486703399995,46.89407099600004],[-96.77016703299995,46.89367099700007],[-96.76956703199994,46.891970997000044],[-96.77470203299998,46.88889599600003],[-96.77356703199996,46.88477099500005],[-96.76806703099999,46.88477099600004],[-96.76846702999995,46.87957099500005],[-96.77126703,46.87747099500007],[-96.772366031,46.88116099500007],[-96.77556703199997,46.87917099400005],[-96.78136703299998,46.879370994000055],[-96.77621703099999,46.87386799400008],[-96.78203103199996,46.87078799300008],[-96.780358031,46.86872699300005],[-96.78396803099997,46.86167099200003],[-96.77726702899997,46.857270991000064],[-96.77606702799994,46.85447099100003],[-96.78386802999995,46.85577099100004],[-96.78546802999995,46.85487099100004],[-96.78416802999999,46.85197099000004],[-96.78136802899996,46.85117099000007],[-96.77696802799994,46.852470991000075],[-96.77354302699996,46.85169599100004],[-96.77386702599995,46.84997099100008],[-96.77896802799995,46.84867099000007],[-96.78166802799996,46.84567099000003],[-96.77506802499994,46.840370989000064],[-96.77536802499998,46.83887098900004],[-96.78716802899999,46.84107098900006],[-96.78676802799998,46.83877098800008],[-96.78276802699997,46.83707098800005],[-96.78515902699996,46.833065988000044],[-96.79316802899996,46.834371987000054],[-96.79393402899996,46.83305898700007],[-96.78028002399998,46.825770987000055],[-96.78138602399997,46.824749987000075],[-96.79156802799997,46.82787198700004],[-96.79256802699996,46.823271986000066],[-96.79796902899994,46.822371985000075],[-96.80016902899996,46.81967198500007],[-96.79934502799995,46.81544398400007],[-96.80255302799998,46.81152898400006],[-96.79576502499998,46.807802984000034],[-96.80315302699995,46.80510698300003],[-96.79610702499997,46.803310983000074],[-96.79598702399994,46.80029498300007],[-96.80192302499995,46.79697298200006],[-96.79493702299999,46.795783982000046],[-96.79620402299997,46.78988898100005],[-96.79425302199996,46.78851298100005],[-96.78934302099998,46.78918198200006],[-96.79024202099998,46.787304981000034],[-96.78757701999996,46.786184981000076],[-96.78737201899997,46.78467098100003],[-96.79673102099997,46.77747198000003],[-96.79506501999998,46.77595498000005],[-96.79138801899995,46.77617598000006],[-96.78380201699997,46.77825498100003],[-96.78430301699996,46.77431998000003],[-96.79008601799995,46.77445598000003],[-96.78842801699994,46.77034997900006],[-96.77619201299996,46.76780998000004],[-96.77569501299996,46.766050980000045],[-96.77824701299994,46.764538979000065],[-96.78952801699995,46.76603197900005],[-96.78786601599995,46.76415797900006],[-96.77932101299996,46.762966979000055],[-96.77785901299995,46.76159597900005],[-96.77909001299997,46.760201979000044],[-96.78590101499998,46.761296978000075],[-96.78294901299995,46.756752978000065],[-96.78939801499996,46.75750897800003],[-96.78929101499995,46.756070977000036],[-96.78433801399996,46.754992978000075],[-96.78703001399998,46.75225297700007],[-96.78387401299995,46.749740977000044],[-96.78656001299998,46.748445977000074],[-96.781905011,46.74442497600006],[-96.786089012,46.74421597600008],[-96.78534301199994,46.74269197600006],[-96.78099600999997,46.74202097600005],[-96.78267001099994,46.740779976000056],[-96.78115400999997,46.73755797600006],[-96.78313100999998,46.73646797500004],[-96.78077700899996,46.73381497500003],[-96.78428800999995,46.73300097500004],[-96.78408400899997,46.73006897400006],[-96.78253900899995,46.728881974000046],[-96.77962500799998,46.729958975000045],[-96.779261008,46.72743697400006],[-96.78180400799994,46.72472597400008],[-96.77978400699999,46.72331097400007],[-96.78476000799998,46.720502973000066],[-96.79027600899997,46.71965797300004],[-96.79107500899994,46.717805972000065],[-96.78213000699998,46.71650697300004],[-96.78747700799994,46.71400597200005],[-96.78358300599996,46.71143097200007],[-96.78919700699998,46.70995397100006],[-96.78383600499996,46.70598497100008],[-96.79121300699995,46.703754970000034],[-96.78442400499995,46.700860971000054],[-96.78758700499998,46.70093497000005],[-96.78493400399998,46.69437997000006],[-96.78686700399999,46.69355696900004],[-96.786104003,46.69147096900008],[-96.79033400399999,46.690331969000056],[-96.78980400399996,46.688429969000026],[-96.78507700299997,46.68764396900008],[-96.78434800199994,46.68506196900006],[-96.78785500299995,46.684568968000065],[-96.78816800199996,46.68188696800007],[-96.79441000399999,46.68350996800007],[-96.79331500399996,46.68103896700006],[-96.78750600199999,46.677818967000064],[-96.79215400299995,46.67656296700005],[-96.79437800399995,46.679465967000056],[-96.79925900499995,46.67825596700004],[-96.79896600399996,46.674377966000065],[-96.79206600199996,46.673477966000064],[-96.792277002,46.67177896600003],[-96.79464600299997,46.67142296600008],[-96.79424900199996,46.668040966000035],[-96.80135300399996,46.668521965000025],[-96.80121600399997,46.66689996500003],[-96.79603800199999,46.665668965000066],[-96.79974400199995,46.66065196400007],[-96.79710200099998,46.65923196400007],[-96.79895900099996,46.65411996300003],[-96.79067199799994,46.64911996300003],[-96.79413099799996,46.64665996300005],[-96.790834997,46.64256796300003],[-96.78588699499994,46.64025696300007],[-96.79108499599994,46.63835396200005],[-96.79794999599994,46.62912096000008],[-96.79568999599996,46.629516960000046],[-96.79580299599996,46.63144296100006],[-96.789225994,46.629234961000066],[-96.78523899299995,46.63113496100004],[-96.78572899299996,46.627429961000075],[-96.79109799399998,46.625501960000065],[-96.787654993,46.62389396000003],[-96.78391499199995,46.62632196100003],[-96.77842499099995,46.627054961000056],[-96.77869598999996,46.62444996100004],[-96.78723299199999,46.621287960000075],[-96.78703099199998,46.61921296000003],[-96.77554098899998,46.621208961000036],[-96.77625198799996,46.616859960000056],[-96.78149098999995,46.616728960000046],[-96.78013798899997,46.614495960000056],[-96.77702998799998,46.613951960000065],[-96.77291698699997,46.616428961000054],[-96.771131987,46.61431296000006],[-96.774102987,46.61329596000007],[-96.77245298599996,46.60943596000004],[-96.77849098799999,46.60789095900003],[-96.77857898699995,46.60670995900006],[-96.77645398699997,46.605434959000036],[-96.76873298499999,46.60668996000004],[-96.76851798399997,46.60536995900003],[-96.77248498499995,46.603723959000035],[-96.77011098399998,46.602315959000066],[-96.77245498499997,46.600136958000064],[-96.77051598299994,46.59549295800008],[-96.76742498299996,46.59887895900005],[-96.76397298099994,46.59468895800006],[-96.75540697899999,46.59481095900003],[-96.75748397899997,46.59153095800008],[-96.76257597999995,46.59176295800006],[-96.76271097999995,46.589550958000075],[-96.75688197799997,46.586864958000035],[-96.75304397699995,46.58840095800008],[-96.75189897699994,46.58759795800006],[-96.75157997599996,46.58462295800007],[-96.75491897699999,46.58316995800004],[-96.75136297599994,46.58214695800007],[-96.75385597599995,46.57827295700008],[-96.75748697699999,46.577979957000025],[-96.75651897599994,46.57506295600007],[-96.75574697599995,46.57430895600004],[-96.75231797499998,46.576346957000055],[-96.74687197299994,46.575738957000056],[-96.74702297299996,46.57344195700006],[-96.75241997499995,46.57296495600008],[-96.75264197399997,46.57119395600006],[-96.74520597199995,46.57067195700006],[-96.74745997199994,46.567674956000076],[-96.74384897099998,46.56716995600004],[-96.74189596999997,46.564237956000056],[-96.74523597099994,46.565259956000034],[-96.74683197099995,46.56255595600004],[-96.75239497299998,46.56230495500006],[-96.74674297099995,46.559104955000066],[-96.75437897199998,46.55671995400007],[-96.75211797199995,46.555578954000055],[-96.74589596999994,46.55590595500007],[-96.74923996999996,46.54966395400004],[-96.74489696899997,46.55049695400004],[-96.74052696699994,46.54605995400004],[-96.74172796699997,46.54532095400003],[-96.74449996799996,46.54826795400004],[-96.75023796899995,46.54395995300007],[-96.74146496699996,46.54322095300006],[-96.74083496599997,46.54080695300007],[-96.74316596699998,46.54027395300005],[-96.73806096399994,46.53458795300003],[-96.74611096699994,46.53464295200007],[-96.74337696599997,46.53374595200006],[-96.74202896399999,46.52904395200005],[-96.74544396499994,46.52519395100006],[-96.73848396299996,46.525800951000065],[-96.73674996199998,46.52413795100006],[-96.73744496199998,46.52195595100005],[-96.74460196399997,46.52067795000005],[-96.74379996299996,46.51931195000003],[-96.73983396199998,46.51991095000005],[-96.73741696099995,46.517643950000036],[-96.73802296099996,46.515666950000025],[-96.73449495899996,46.511196950000055],[-96.73954896099997,46.51157794900007],[-96.73961396099998,46.51011794900006],[-96.73485195899997,46.50732994900005],[-96.73330595799996,46.50388594900005],[-96.73589695899994,46.50498094900007],[-96.74235195999995,46.50019394800006],[-96.74144095899999,46.49926594800007],[-96.73672395799997,46.501069948000065],[-96.738606958,46.49809494800007],[-96.73362095699997,46.497231948000035],[-96.73478895699998,46.495489948000056],[-96.73318395599995,46.492833947000065],[-96.73663995699997,46.49210694700008],[-96.73415895599999,46.48859894700007],[-96.73968495699995,46.48686294600003],[-96.73269395399996,46.482544946000075],[-96.73873595499998,46.47951694500006],[-96.73810095499994,46.47781994500008],[-96.73031395299995,46.478593946000046],[-96.72692295199994,46.47643994600003],[-96.72694495099995,46.472042945000055],[-96.72275394999997,46.471205945000065],[-96.72024294899995,46.47320894600006],[-96.71546694799997,46.47257994600005],[-96.71422694699999,46.470998946000066],[-96.72038994899998,46.47017994500004],[-96.72306394899994,46.46827294500008],[-96.72147694799997,46.46523394500008],[-96.71866494799997,46.46777094500004],[-96.71302794599995,46.46635594600008],[-96.71873794699997,46.46208294500008],[-96.71172694499995,46.45999294500007],[-96.71244494399997,46.45529794400005],[-96.71663994499994,46.455971944000055],[-96.71759594499997,46.45440894400008],[-96.71297094399995,46.45055294300005],[-96.72093794599994,46.44950594300008],[-96.72166994599996,46.44825994300004],[-96.71977694499998,46.44660194200003],[-96.71373094299997,46.44662694300007],[-96.71644694399998,46.44457494200003],[-96.71226394199994,46.441507942000044],[-96.71797594399999,46.442028942000036],[-96.72190594399996,46.440084941000066],[-96.71865594299999,46.43998194200003],[-96.71563594199995,46.437334942000064],[-96.71297494199996,46.43782394200008],[-96.70910393999998,46.43530194200008],[-96.70461193899996,46.438185943000065],[-96.70329693899998,46.43647994200006],[-96.70753093899998,46.429560941000034],[-96.70082493699994,46.42993294200005],[-96.70104893599995,46.42723894100004],[-96.69886393599995,46.42639094100008],[-96.70211693599998,46.42508594100008],[-96.70468793599997,46.41820794000006],[-96.70316393499996,46.41749494000004],[-96.69347393399994,46.42211294100008],[-96.69196593199996,46.416575941000076],[-96.69363993299999,46.415492940000036],[-96.699910935,46.41709294000003],[-96.70186193499995,46.41590094000003],[-96.70084293399998,46.41445594000004],[-96.69766893299999,46.41261594000008],[-96.68514292999998,46.413935941000034],[-96.68521092999998,46.412178941000036],[-96.68991593099997,46.40950194000004],[-96.68779792899994,46.405608940000036],[-96.68201692799994,46.40784794000007],[-96.67851592699998,46.40483094000007],[-96.67259392299997,46.39549193900007],[-96.67520792399995,46.39184693900006],[-96.67380992299996,46.390543939000054],[-96.66759692099998,46.391053939000074],[-96.67093192199997,46.38984693900005],[-96.66813792099998,46.38719593900004],[-96.66980292099998,46.38465193800005],[-96.66603691799997,46.37457393700004],[-96.65798191599998,46.374509938000074],[-96.66035591599996,46.371782937000035],[-96.65654891499997,46.369395937000036],[-96.65521491399994,46.36597193700004],[-96.64376490999996,46.36235493700008],[-96.64823190999994,46.35688093600004],[-96.64538090899998,46.350854936000076],[-96.64267490799995,46.350029936000055],[-96.629295905,46.354254937000064],[-96.62853090399994,46.34957693700005],[-96.61712889999995,46.347638937000056],[-96.61621089999994,46.34590293700006],[-96.61999989999998,46.34014293600006],[-96.61096689699997,46.33680093600003],[-96.60534089399994,46.331027936000055],[-96.59976989299997,46.330393936000064],[-96.60600589399996,46.326911935000055],[-96.60554189399994,46.325916935000066],[-96.60063189199997,46.32701093600008],[-96.60104889099995,46.31956193500008],[-96.59700788999999,46.31759793500004],[-96.59997988899994,46.306112933000065],[-96.60346188899996,46.30288093300004],[-96.59738588699997,46.29854393200003],[-96.59781088699998,46.29701293200003],[-96.60515188799997,46.29467093100004],[-96.60549488799995,46.29325693100003],[-96.59697688599994,46.29184593200006],[-96.59608588499998,46.29054393100006],[-96.59609488499996,46.28879893100003],[-96.60156388599995,46.28734593100006],[-96.60177388599999,46.28602693000005],[-96.59485788399996,46.28628293100007],[-96.60037988499994,46.280744930000026],[-96.59502288199997,46.275142929000026],[-96.60042388199997,46.261859927000046],[-96.59317887899994,46.257637927000076],[-96.59517787899995,46.25390992700005],[-96.59106487699995,46.24966792600003],[-96.58386587499996,46.25015992700003],[-96.58506487499994,46.24770792700008],[-96.59059787599995,46.24513292600005],[-96.59424287699994,46.24533692600005],[-96.59865387799994,46.24163392500003],[-96.59755887599994,46.227740923000056],[-96.59468987399998,46.22311992300007],[-96.59567887399999,46.219857922000074],[-96.59166087199998,46.218190922000076],[-96.59280087199994,46.213921922000054],[-96.58852587099994,46.212907922000056],[-96.59103387099998,46.20860992100006],[-96.58675286999994,46.20991992100005],[-96.58385086899995,46.208382922000055],[-96.58903586999998,46.204773921000026],[-96.58438086799998,46.204162921000034],[-96.58735086899998,46.20170392000006],[-96.58359086699994,46.201054921000036],[-96.58428086699996,46.198060920000046],[-96.59122586899997,46.195682919000035],[-96.58506386699997,46.19452492000005],[-96.59053686799996,46.19019891900007],[-96.58731086599994,46.188349919000075],[-96.58959386699996,46.18678791800005],[-96.58743686599996,46.18580891800008],[-96.59158086699995,46.18468991800006],[-96.58630786499998,46.181656918000044],[-96.58898586599997,46.181535918000066],[-96.58851186499999,46.17928791700007],[-96.59176886599994,46.17841291700006],[-96.59269086599994,46.17521891600006],[-96.59106786499996,46.17455191600004],[-96.58809586499996,46.17642491700008],[-96.58625586399995,46.17547391700003],[-96.586015864,46.17685891700006],[-96.57993486299995,46.17723691800006],[-96.58333286299995,46.17416191700005],[-96.57985986199998,46.17349491700003],[-96.58015586199997,46.17172691700006],[-96.58348486299997,46.171156917000076],[-96.57862886099997,46.16814291700007],[-96.58066586099994,46.16708291600003],[-96.57769685999995,46.166452916000026],[-96.57772386,46.16280491600003],[-96.57994885999994,46.161299916000075],[-96.57627385899997,46.15958991600007],[-96.58041685899997,46.15124191400008],[-96.57946185799995,46.147608914000045],[-96.57479285599999,46.14315391400004],[-96.57160385399999,46.134757913000044],[-96.56864085199999,46.132310913000026],[-96.57105585299996,46.13140891200004],[-96.569179852,46.13035391200003],[-96.56970385199998,46.126160912000046],[-96.57200785199996,46.12457491100008],[-96.56840785099996,46.123301911000055],[-96.56731684999994,46.11981491100005],[-96.56305184899998,46.119519911000054],[-96.56027684799994,46.11662191100004],[-96.56692884899996,46.11475791000004],[-96.55796084499997,46.10244990900003],[-96.55721484199995,46.089538908000065],[-96.55451584099995,46.083985907000056],[-96.55730084099997,46.07763490600007],[-96.55691583799995,46.06483790400006],[-96.55927983799995,46.05827990300003],[-96.56630383899994,46.05142390200007],[-96.57794883799994,46.026881898000056],[-96.57427283599998,46.016552897000054],[-96.57587783499997,46.00800689500005],[-96.57361383299997,46.002316895000035],[-96.57035882599996,45.96360289000006],[-96.56830082499994,45.95868788900003],[-96.56534282399997,45.95733388900004],[-96.56481182299996,45.950356889000034],[-96.56134282099998,45.94566288800007],[-96.56368081999995,45.93524688700006],[-96.56401081699994,45.91956788400006],[-96.56657081799995,45.91693888400005],[-96.56886681799995,45.91709488400005],[-96.57019481799995,45.91204688300007],[-96.56778381699996,45.91211988300006],[-96.56442881599997,45.90942288300005],[-96.56832381599997,45.902909882000074],[-96.56878081399998,45.88807988000008],[-96.57136281399994,45.88668088000003],[-96.57187981199996,45.871853877000035],[-96.57467581199995,45.86682387700006],[-96.57299281099995,45.861609876000045],[-96.57452580799998,45.84310587300007],[-96.58309380699995,45.82003187000004],[-96.59671280999999,45.81180886800007],[-96.61252081099997,45.79444986400006],[-96.627786814,45.78624686200004],[-96.63873481499996,45.770178859000055],[-96.64194981399999,45.75987885700005],[-96.65223481499999,45.74681685500008],[-96.662603817,45.73868985300004],[-96.67267381799996,45.73234385100005],[-96.71116582699995,45.71756884600006],[-96.74509483299994,45.70158384100006],[-96.75035883499999,45.698789841000064],[-96.76087483599997,45.687525838000056],[-96.83577784999994,45.64965582800005],[-96.844219851,45.639590826000074],[-96.85240084999998,45.61484782200006],[-96.85775984999998,45.60596982000004],[-96.80199582699998,45.55542181700008],[-96.79384882399995,45.55073181700004],[-96.78104481799994,45.535979816000065],[-96.76528881099995,45.52142181600004],[-96.74549580099995,45.488719813000046],[-96.74349479899996,45.48065681200006],[-96.73845479699997,45.47350681100005],[-96.73274779299999,45.45874480900005],[-96.69254977499997,45.41734580700006],[-96.68046277099995,45.41050680700005],[-96.61773475299998,45.408099811000056],[-96.60118874799997,45.40318881200005],[-96.57888773999997,45.392302812000025],[-96.56215073499999,45.38609781200006],[-96.52179572199998,45.375652814000034],[-96.48907370999996,45.35707881400003],[-96.46925469999996,45.32494881100007],[-96.46803569899998,45.31862681000007],[-96.46191869599994,45.31389181000003],[-96.45307569199997,45.29812280900006],[-96.45156761799996,44.805475741000066],[-96.45201523199995,44.41278367000007],[-96.45339750199997,43.97806762400006],[-96.45326843699996,43.50039755500006]]]]}}]}