{"type":"FeatureCollection","crs":{"type":"name","properties":{"name":"us-southeast"}},"features":[{"type":"Feature","properties":{"shapeName":"Mississippi","shapeISO":"US-MS","shapeID":"66186276B69138566591314","shapeGroup":"USA","shapeType":"ADM1"},"geometry":{"type":"MultiPolygon","coordinates":[[[[-88.50297119399994,30.215240522000045],[-88.50700419499998,30.214353522000067],[-88.50275719399997,30.210511521000058],[-88.49352819099994,30.205950520000044],[-88.45365917999999,30.196589520000032],[-88.42925517299994,30.200392521000026],[-88.41309216899998,30.20634952300003],[-88.42012617099994,30.209103523000067],[-88.43033717399999,30.208553523000035],[-88.44265917699994,30.20231952100005],[-88.45344917999995,30.201241521000043],[-88.49176419099996,30.209019521000073],[-88.50297119399994,30.215240522000045]]],[[[-88.58459522199996,30.337363546000063],[-88.58257322099996,30.33134754500003],[-88.57951421999996,30.32987154500006],[-88.56777121699997,30.329561545000047],[-88.56988521799997,30.341327548000038],[-88.57559921999996,30.33818254700003],[-88.58270822199995,30.33876454700004],[-88.58459522199996,30.337363546000063]]],[[[-88.77008726899999,30.242904520000025],[-88.76367026699995,30.240030519000072],[-88.75278726399995,30.23880851900003],[-88.71494625399998,30.24372652200003],[-88.68702524599996,30.23400952000003],[-88.66586223999997,30.228852520000032],[-88.65291123599997,30.22914652000003],[-88.60050222099994,30.221188520000055],[-88.58683621799997,30.221548521000045],[-88.59638521999995,30.225620521000053],[-88.63532323099997,30.230584521000026],[-88.64933123499998,30.234523522000075],[-88.65680923699995,30.233961521000026],[-88.68019124399996,30.243015522000064],[-88.68831324699994,30.243803522000064],[-88.71810925499994,30.252936523000074],[-88.73255525899998,30.24632752200006],[-88.75083526399999,30.245957521000037],[-88.77008726899999,30.242904520000025]]],[[[-88.87176830299995,30.38566454800008],[-88.87438730399998,30.385126547000027],[-88.81876728799995,30.360595544000034],[-88.82437928899998,30.367912545000024],[-88.82991829099996,30.371647546000077],[-88.84981929699995,30.378671547000067],[-88.85393529799995,30.378563547000056],[-88.87176830299995,30.38566454800008]]],[[[-88.89290830199997,30.235101514000064],[-88.89350330299999,30.232227513000055],[-88.88126229899996,30.239824515000066],[-88.87936129899998,30.24249451600008],[-88.88352029999999,30.242083516000037],[-88.88898730199998,30.239311515000054],[-88.89290830199997,30.235101514000064]]],[[[-88.98222432599994,30.211632506000058],[-88.98425432699997,30.21032550500007],[-88.98024432499994,30.207967505000056],[-88.97467732399997,30.207396505000077],[-88.95865031899996,30.208516506000024],[-88.95326431799998,30.209786506000057],[-88.94912831699997,30.212627507000036],[-88.95177931799998,30.213452507000056],[-88.97182432299996,30.212444506000054],[-88.97681632499996,30.210992506000025],[-88.98222432599994,30.211632506000058]]],[[[-89.12130836499995,30.231743506000043],[-89.15674337499996,30.230704504000073],[-89.11457936299996,30.22440950400005],[-89.110542362,30.222620504000076],[-89.11043836099998,30.215016502000026],[-89.10122535899995,30.213853502000063],[-89.09201235599994,30.216000503000032],[-89.08838935499995,30.214659503000064],[-89.08766435499996,30.21313850300004],[-89.09056335599996,30.211527502000024],[-89.08838935499995,30.210096502000056],[-89.07886535299997,30.220115504000034],[-89.06861635099995,30.235857508000038],[-89.06571834999994,30.245695511000065],[-89.06713335099994,30.25020451100005],[-89.07751935299996,30.230402507000065],[-89.12130836499995,30.231743506000043]]],[[[-91.16607905999996,33.00411201600008],[-91.16897906099996,32.992138013000044],[-91.17331406099999,32.986094012000024],[-91.18698906499998,32.976200009000024],[-91.20184806799995,32.961218006000024],[-91.20203606799998,32.957338005000054],[-91.19942106699995,32.95232000400006],[-91.21071106899996,32.93985100100008],[-91.21403306899998,32.93032599900005],[-91.21284306799998,32.922109997000064],[-91.20826906699995,32.91535999600006],[-91.19679106299998,32.906789995000054],[-91.17541105699996,32.90000399400003],[-91.15998105299997,32.899884995000036],[-91.15169605099999,32.901940996000064],[-91.14508204899994,32.90549999700005],[-91.13404704699997,32.917682],[-91.13131004699994,32.926925002000075],[-91.13786904999995,32.95276200700005],[-91.13663404999994,32.957355008000036],[-91.13072704799998,32.962263009000026],[-91.13305604899995,32.966547010000056],[-91.13859105099993,32.971358010000074],[-91.13552305099995,32.97966301200006],[-91.12511304799995,32.98467501400006],[-91.106587043,32.98894401500007],[-91.09693604099994,32.98641801500003],[-91.08680803699997,32.97627201300003],[-91.08036103499995,32.96280001100007],[-91.07891003399999,32.95182400900006],[-91.08309003499994,32.94791500800005],[-91.08043703399994,32.94321200700006],[-91.07208103099998,32.93783800600005],[-91.06481002899994,32.926470004000066],[-91.06369002699995,32.90637],[-91.06445502699995,32.90106999900007],[-91.07060802799998,32.888664996000045],[-91.08668903199998,32.873397993000026],[-91.10563703599996,32.85840198900007],[-91.11609703899995,32.855646988000046],[-91.12789204199998,32.85506498700005],[-91.14500804599999,32.842875984000045],[-91.15218004699994,32.826678980000054],[-91.15834204799995,32.82230997900007],[-91.16167504799995,32.81247097700003],[-91.16141804799997,32.80000997500008],[-91.16440304799994,32.78582697200005],[-91.15692404499998,32.78034897100002],[-91.15762004499999,32.77603897000006],[-91.16497404699999,32.761989967000034],[-91.16533404599994,32.751306965000026],[-91.16339504499996,32.74701496400007],[-91.15861604399998,32.74345496300003],[-91.15446704299995,32.74234496300005],[-91.12315803399997,32.742803964000075],[-91.07718202099994,32.73253996400007],[-91.06077201599999,32.72749996400006],[-91.05448701399996,32.72226496300004],[-91.05704901499996,32.71258196100007],[-91.06395201599997,32.70293195900007],[-91.07606701899994,32.69375695600007],[-91.09876802399998,32.68529695400008],[-91.11826402899999,32.674080951000064],[-91.12772903099994,32.66534894800003],[-91.13764403299996,32.650626945000056],[-91.14435303499994,32.648034944000074],[-91.15208703599995,32.641513943000064],[-91.15382703599994,32.63128794000005],[-91.15132403499996,32.615924937000045],[-91.14621003299999,32.604149935000066],[-91.14115403099999,32.59721493400008],[-91.12791802699996,32.58649893200004],[-91.11986002499998,32.584800932000064],[-91.11277002299994,32.590191934000075],[-91.10571002099994,32.59088493400003],[-91.07951201499998,32.60068593700004],[-91.04980200699998,32.60719394000006],[-91.04890600699997,32.61356194100006],[-91.04326900599995,32.62078494300005],[-91.03842100499998,32.63644894600003],[-91.02577500199999,32.64657894900006],[-91.01429199899997,32.64048794800004],[-91.00682599699996,32.63126694600004],[-91.00296799499995,32.62256094500003],[-91.00460499499997,32.60978594200003],[-91.01023399599995,32.60193294000004],[-91.036176002,32.579561934000026],[-91.08040401199997,32.55644792800007],[-91.07537900999995,32.54672392600003],[-91.061691006,32.536453925000046],[-91.05117400299997,32.53089592400005],[-91.00708098999996,32.51637692300005],[-90.99487298699995,32.508616922000044],[-90.98878998499998,32.50084692000007],[-90.98720798399995,32.495668919000025],[-90.99070898399998,32.487754917000075],[-90.999228986,32.48262091600003],[-91.01711199099998,32.48374591600003],[-91.03811199699999,32.490445916000056],[-91.05091300099997,32.500144918000046],[-91.07482300999999,32.53347292400008],[-91.09374701599995,32.549133926000025],[-91.09788401599997,32.544757925000056],[-91.09795501599996,32.537219923000066],[-91.10131001599996,32.525604921000024],[-91.11671401899997,32.50014491500008],[-91.11601401799999,32.483145912000055],[-91.10881401499995,32.47204591000008],[-91.09531401099997,32.458746907000034],[-91.08181300699994,32.450446906000025],[-91.05291299799995,32.43844790500003],[-91.02961199199996,32.43354790500007],[-91.00481198599994,32.44574690800005],[-90.99897998499995,32.450170909000065],[-90.99386898299997,32.45085591000003],[-90.97855297899997,32.44703791000006],[-90.96959597599994,32.439495908000026],[-90.96646297499996,32.43387390700008],[-90.96626097399997,32.42103290500006],[-90.97446697599997,32.41200690200003],[-90.98072897699996,32.408248901000036],[-90.99408598099996,32.40386790000008],[-90.99469197999997,32.392282898000076],[-91.00061198099996,32.381649895000066],[-91.00451198199994,32.368149892000076],[-91.00351198099997,32.362150891000056],[-91.00011197999999,32.35770089000005],[-90.99363097799994,32.35405289000005],[-90.95458896699995,32.34586489000003],[-90.93490296199997,32.344972890000065],[-90.91236895499998,32.33945989000006],[-90.89776795199998,32.35436589400007],[-90.89206595099995,32.37058489700007],[-90.88895295099996,32.373251898000035],[-90.87829494799996,32.374553898000045],[-90.87563694699998,32.37243989800004],[-90.88216694799996,32.35755789500007],[-90.90072595099997,32.33038488900007],[-90.902563951,32.319592886000066],[-90.91616295399996,32.303587882000045],[-90.92223695599995,32.29864488100003],[-90.93399695799997,32.29034887900008],[-90.94783996199999,32.283491877000074],[-90.95301396299999,32.28404887700003],[-90.96415496699996,32.29687787900008],[-90.97460796999997,32.29712787900007],[-90.97948097099999,32.29370787800008],[-90.98408297099996,32.27995987500003],[-90.98299097099994,32.270299873000056],[-90.97966896899999,32.26525787200006],[-90.97134996699998,32.25774787100005],[-90.96940896599995,32.252525870000056],[-90.98029596799995,32.24360686800003],[-90.98314096899998,32.23137686500007],[-90.98377696799997,32.21065186100003],[-90.99516496999996,32.192125856000075],[-90.99854797099994,32.19158385600008],[-91.00111397099994,32.192805856000064],[-91.00247297199996,32.19586585700006],[-91.00451297299998,32.21252186000004],[-91.00291197299998,32.223055862000024],[-91.00961197499998,32.22615586300003],[-91.02151297899997,32.23615486400007],[-91.03901298399995,32.24235486500004],[-91.04651298599998,32.241154865000055],[-91.05031298699998,32.23795486400007],[-91.05311298699996,32.227955862000044],[-91.06141398899996,32.21865585900002],[-91.07111399199994,32.22605586000003],[-91.08371399499998,32.226455860000044],[-91.09211399799995,32.223855859000025],[-91.100415,32.217855858000064],[-91.10851500099994,32.20815585500003],[-91.11727600299997,32.206673855000076],[-91.12850100699995,32.21317485600002],[-91.133593008,32.21343785500005],[-91.15803201399996,32.20196185200007],[-91.16417701599994,32.19689385100003],[-91.17105201599998,32.176531846000046],[-91.17455801599993,32.154983842000036],[-91.17170801499998,32.14425584000003],[-91.16545801299998,32.13429583800007],[-91.16282801199998,32.132699838000065],[-91.14440600699999,32.13039583800003],[-91.13140900299999,32.12621883800006],[-91.11129999799994,32.12504183800007],[-91.10118699499998,32.131141840000055],[-91.09166199299995,32.133609841000066],[-91.08163598999994,32.13399784100005],[-91.06908698599995,32.13148384100003],[-91.06156098399998,32.126912840000045],[-91.05318098199996,32.12424284000008],[-91.05121298199998,32.14415784400006],[-91.04851298199998,32.15015784600007],[-91.04971298299995,32.15735784700007],[-91.05571298499996,32.163757848000046],[-91.05891298599994,32.17125685000008],[-91.05831298599998,32.180956852000065],[-91.04181298099996,32.174556851000034],[-91.02501297599997,32.16255784900005],[-91.01661197399994,32.160857849000024],[-91.00291196999996,32.16205785000005],[-91.00411196999994,32.14615784700004],[-91.01181197099999,32.13115884300004],[-91.01761197199994,32.125158842000076],[-91.03091297599997,32.12055784000006],[-91.03051297499997,32.108158838000065],[-91.03471297599998,32.10105883600005],[-91.08151398699994,32.07775982900006],[-91.07911398499994,32.05026082400008],[-91.08021398499994,32.04836082300005],[-91.09871398999996,32.04836082300005],[-91.10371399199994,32.05026082300003],[-91.11431499499997,32.05826082400006],[-91.128615,32.07655982700004],[-91.13931500299998,32.08175982800003],[-91.14881600499996,32.080159827000045],[-91.15581600699994,32.075559826000074],[-91.16031600799994,32.070359825000025],[-91.16201600799997,32.06535982400004],[-91.16131600799997,32.05976082300003],[-91.15631600599994,32.052660821000075],[-91.15141600399994,32.049260821000075],[-91.14511600299994,32.04656082100007],[-91.09551398899998,32.037460821000025],[-91.08811398699999,32.03446082000005],[-91.08261398499997,32.028661819000035],[-91.07993398299999,32.01832181700007],[-91.07591398199997,32.01683381700008],[-91.09011098499997,32.00016281300003],[-91.10411398899998,31.99036281000008],[-91.11741499199996,31.987062809000065],[-91.16441600399997,31.98256280700008],[-91.17741600699998,31.973262804000058],[-91.18481600899997,31.96556280200008],[-91.18831600999994,31.960963801000048],[-91.18951600899999,31.94636379800005],[-91.19321600999996,31.93566379600003],[-91.19111600899998,31.934163796000064],[-91.18471600699996,31.935063796000065],[-91.18491600699997,31.92376479400008],[-91.180616005,31.917964793000067],[-91.18921600799996,31.91426479100005],[-91.19381600899999,31.909564790000047],[-91.20281601099998,31.90796479000005],[-91.20881601199994,31.90046478800008],[-91.23490501799995,31.87686878200003],[-91.24815002099996,31.869853780000028],[-91.26441802499994,31.865465779000033],[-91.26771802599995,31.862665778000064],[-91.26901802599997,31.858666777000053],[-91.26811802599997,31.85306677600005],[-91.24505301799996,31.831452772000034],[-91.24737301899995,31.82232877000007],[-91.25561701999999,31.81266776800004],[-91.26201702199995,31.809367767000026],[-91.26921802399994,31.809167767000076],[-91.27671802599997,31.811367767000036],[-91.28221802799999,31.814767767000035],[-91.28941802999998,31.82866677000004],[-91.28931803099994,31.846866774000034],[-91.29341903299996,31.86016577600003],[-91.33382004299995,31.85326677300003],[-91.33842004499996,31.851266773000077],[-91.34572004599994,31.842866771000047],[-91.35952004799998,31.799367761000042],[-91.36372004799995,31.780368757000076],[-91.36553504699998,31.76163375300007],[-91.35522004399996,31.758068753000032],[-91.32597903699997,31.76151575500006],[-91.30132102999994,31.76675375700006],[-91.28605102599994,31.77206775800005],[-91.27388002299995,31.771183759000053],[-91.26304901999998,31.76700075800005],[-91.25961701899996,31.761295757000028],[-91.26341201899999,31.75447375600004],[-91.27555102199995,31.74552075300005],[-91.29172902699997,31.74526575300007],[-91.31074003199996,31.749076753000054],[-91.33866903899997,31.750010752000037],[-91.365040046,31.74818975000005],[-91.37181004799999,31.742953749000037],[-91.39792105299995,31.709369741000046],[-91.40012105299996,31.688169737000067],[-91.39572104899997,31.644170728000063],[-91.39832104899995,31.62627072400005],[-91.40102104999994,31.620370723000065],[-91.42112205499996,31.61157072000003],[-91.43672205899998,31.61267072000004],[-91.46382306699996,31.62037072000004],[-91.47432406999997,31.625370721000024],[-91.48262407199996,31.63157072200005],[-91.49275407499994,31.644284724000045],[-91.49767107699995,31.645376724000073],[-91.50731607899996,31.639073722000035],[-91.51546808099994,31.63037772000007],[-91.51792708099998,31.618647718000034],[-91.51657307999994,31.61182371600006],[-91.50278907599994,31.595732714000064],[-91.48862407199994,31.587471712000024],[-91.47942406899995,31.58547171200007],[-91.46632306499998,31.586071713000024],[-91.45752306299994,31.587571714000035],[-91.43072205599998,31.596470716000056],[-91.42272205399996,31.597070717000065],[-91.41302105199998,31.595370717000037],[-91.40392104899996,31.58977171600003],[-91.40542104899998,31.576471713000046],[-91.40792104899998,31.569371712000077],[-91.41492104999998,31.56217171000003],[-91.44392205699995,31.542471705000025],[-91.47972406599996,31.530371701000036],[-91.48962406899994,31.53427170100008],[-91.51396907599997,31.53208970000003],[-91.52254207699997,31.522083698000074],[-91.52286807699994,31.517498697000065],[-91.52058507599997,31.51321269600004],[-91.51492307499996,31.510118695000074],[-91.51815407399994,31.48348869000006],[-91.51700507299995,31.460579685000027],[-91.51337207099994,31.444401682000034],[-91.50005206599997,31.420525677000057],[-91.48023605999998,31.404396675000044],[-91.47693205899998,31.39780167300006],[-91.47207105699994,31.395930673000066],[-91.47110405599994,31.376922669000066],[-91.47247105599996,31.37133166800004],[-91.47887605799997,31.36496066600006],[-91.50416906499999,31.36495566600007],[-91.51598406799997,31.37029166600007],[-91.52184207,31.375175667000065],[-91.53234207299994,31.39028067000004],[-91.53946407599994,31.41402667400007],[-91.53714307599995,31.424166677000073],[-91.54163207799996,31.431711678000056],[-91.54847107999996,31.43267367800007],[-91.56518508399995,31.423452676000068],[-91.57009808499998,31.419492675000072],[-91.57627108599996,31.41050367200006],[-91.57834008599997,31.399072670000066],[-91.56895908299998,31.377634666000063],[-91.56256108099996,31.383224667000036],[-91.55568607899994,31.386418668000033],[-91.54621307699995,31.382485668000072],[-91.54992107699996,31.376320666000026],[-91.55100807699995,31.363650664000033],[-91.54897307599998,31.347260660000074],[-91.54562307499998,31.343767660000026],[-91.53606707199998,31.338360659000045],[-91.53166306999998,31.331806658000062],[-91.50866606299996,31.31513665500006],[-91.50886406199999,31.291649650000068],[-91.51562006299997,31.278215647000025],[-91.51858406399998,31.275288646000035],[-91.53774006899994,31.26737464400003],[-91.56419807599997,31.261638642000037],[-91.58775508199994,31.26256864100003],[-91.62136409099998,31.267816641000024],[-91.63767809599995,31.267685640000025],[-91.64867509799996,31.262243639000076],[-91.65403309899995,31.255758637000042],[-91.65491309899994,31.25018063600004],[-91.65202509799997,31.242696635000073],[-91.64436209599995,31.234419633000073],[-91.62512508999998,31.22607663200006],[-91.60162208299994,31.208578629000044],[-91.59503508099993,31.201974628000073],[-91.58894507899998,31.18896462600003],[-91.58905207799995,31.178591624000035],[-91.59706807999999,31.163497620000044],[-91.62422308499998,31.13373461300006],[-91.62600008499999,31.116901609000024],[-91.61857608299994,31.107333608000033],[-91.59469907499994,31.091449605000037],[-91.56765406699998,31.07019160200008],[-91.56128906499998,31.060911600000054],[-91.55991306399994,31.054124598000044],[-91.56440306499996,31.038970595000023],[-91.57841906799996,31.024035592000075],[-91.59046907099997,31.017275590000054],[-91.62512407899999,31.00537958600006],[-91.63694808199995,30.99942158400006],[-91.10811993999994,30.998862603000077],[-90.73447883899996,30.99921961600006],[-90.38054174299998,30.999877629000025],[-89.81643458999997,31.002089649000027],[-89.752647573,31.001858651000077],[-89.75148657199998,30.999695651000025],[-89.74919457199996,30.999560651000024],[-89.74182656999994,31.003446652000036],[-89.73250956699997,31.00483665200005],[-89.72962156599993,31.00393265200006],[-89.72813156599994,31.000961652000058],[-89.73554556799996,30.999720651000075],[-89.73423256699994,30.995607650000068],[-89.72770356499996,30.993334650000065],[-89.73050656599997,30.979712647000042],[-89.73217356599997,30.978093647000037],[-89.73591756699994,30.97787064700003],[-89.73715456699995,30.976086646000056],[-89.728387565,30.971146645000033],[-89.72707756399996,30.967400645000055],[-89.72933256499994,30.966247644000077],[-89.73569156599996,30.966578644000037],[-89.75120156999998,30.951444640000034],[-89.75633857099996,30.943503639000028],[-89.75584057099996,30.939548638000076],[-89.74890256799995,30.93389363700004],[-89.75281756899994,30.925418635000028],[-89.75074656799995,30.923251634000053],[-89.74516656699996,30.922421634000045],[-89.74479456699999,30.91893863400003],[-89.75007856799994,30.91293563200003],[-89.75409156899997,30.912805632000072],[-89.75940856999995,30.915139632000034],[-89.76420757199998,30.911911631000066],[-89.76362757099997,30.907737631000032],[-89.75980856999996,30.90622163000006],[-89.75667656899998,30.90107462900005],[-89.75872456899998,30.897324629000025],[-89.765106571,30.89692462800008],[-89.77027457299994,30.899395629000026],[-89.77310457299996,30.898343628000077],[-89.770032572,30.882259625000074],[-89.77711557399994,30.881093624000073],[-89.77919957399996,30.875190623000037],[-89.76779456999998,30.865582621000044],[-89.77172757099999,30.854682619000073],[-89.77474457199997,30.85325961800004],[-89.77876057299994,30.855805619000023],[-89.78338957399995,30.85602761900003],[-89.78442157399996,30.85374961800005],[-89.78060557299995,30.84551361700005],[-89.78472257399994,30.846235617000048],[-89.785982575,30.84918061700006],[-89.78951457599999,30.851387618000047],[-89.79247557599996,30.85039161700007],[-89.78750557499995,30.844117616000062],[-89.79012657499999,30.83798861500003],[-89.79043757499994,30.83099061300004],[-89.786842574,30.830647613000053],[-89.78409757299994,30.832894614000054],[-89.78235557299996,30.832557614000052],[-89.78745957399997,30.82259261100006],[-89.78117357199994,30.82012861100003],[-89.78589957299994,30.81596761000003],[-89.79175057499998,30.820392611000045],[-89.79533257599996,30.817232610000076],[-89.795502576,30.820759611000028],[-89.79865957699997,30.820860611000057],[-89.80005457699997,30.819083610000064],[-89.79967857699995,30.815177609000045],[-89.79716157599995,30.811758609000037],[-89.80425757799998,30.80693960800005],[-89.80463757799998,30.80251660700003],[-89.81148457899997,30.798001605000024],[-89.80490657699994,30.79255460400003],[-89.80511257699999,30.790601604000074],[-89.80676857799995,30.789074604000064],[-89.81210157899994,30.788442603000078],[-89.81395157999998,30.793787604000045],[-89.81756458099994,30.79605960500004],[-89.82149158199996,30.79118860400007],[-89.81902958099994,30.784376602000066],[-89.82009258099998,30.782396602000063],[-89.82440058199995,30.779634601000055],[-89.82806058299997,30.783421602000033],[-89.83042358399996,30.77984760100003],[-89.82766158299995,30.774820600000055],[-89.82782458199995,30.77122859900004],[-89.82876158299996,30.768741598000076],[-89.83154258299999,30.767615598000077],[-89.83241358299995,30.76451559700007],[-89.82612658099998,30.75901959600003],[-89.82688558099994,30.756072596000024],[-89.83265458299996,30.755999596000038],[-89.83317258299996,30.75331959500005],[-89.82935458199995,30.75132359500003],[-89.824232581,30.755163596000045],[-89.82246457999997,30.754633596000076],[-89.82577958099995,30.747310594000055],[-89.82510657999995,30.742084593000072],[-89.82870258099996,30.739456592000067],[-89.82635658099997,30.738370592000024],[-89.81955357899994,30.740676593000046],[-89.81608057799997,30.739371593000044],[-89.81748557799995,30.73731059200003],[-89.82741958099996,30.736204592000036],[-89.83382358199998,30.736977591000027],[-89.83687558299994,30.734666591000064],[-89.836336583,30.727202589000058],[-89.82806657999998,30.725023589000045],[-89.83006558099999,30.716315587000054],[-89.83626258199996,30.71619058700003],[-89.84658158499997,30.706214584000065],[-89.84361058399998,30.70251658400008],[-89.83807058199994,30.704041584000038],[-89.83585358099998,30.69956058300005],[-89.83548358099995,30.691171582000038],[-89.84720658299995,30.670043577000058],[-89.84382158199998,30.668766576000053],[-89.84060258099998,30.672885577000045],[-89.83887358099997,30.673736578000046],[-89.83789958099999,30.67251957700006],[-89.83880958099996,30.669095577000064],[-89.84336058199995,30.663704575000054],[-89.85055558399995,30.66478657500005],[-89.85189458399998,30.661204575000056],[-89.83326657899994,30.657521574000043],[-89.82499157599995,30.64942857300008],[-89.82574957599996,30.645278572000052],[-89.82138557499997,30.646533572000067],[-89.82059257499998,30.644763572000045],[-89.82342357499994,30.642846572000053],[-89.82345357499997,30.63987657100006],[-89.82047457399995,30.63826757100003],[-89.81579357299995,30.639220571000067],[-89.81398257299998,30.638185571000065],[-89.81385557199997,30.636800571000038],[-89.820073574,30.632813569000064],[-89.82326657399994,30.62280856700005],[-89.82625357499995,30.621264567000026],[-89.82995357599998,30.62222656700004],[-89.83083057599998,30.617654566000056],[-89.82990757599998,30.61671156600005],[-89.82142957399998,30.619820567000033],[-89.82328357399996,30.60823556400004],[-89.82129157299994,30.607135564000032],[-89.81691057199998,30.60862556400008],[-89.81392557099997,30.607726564000075],[-89.81456857099994,30.606157564000057],[-89.82233957299997,30.60464756300007],[-89.81404657099995,30.59859256200008],[-89.814435571,30.59650956200005],[-89.81970157199999,30.596790562000024],[-89.81853257199998,30.592693561000033],[-89.81211456999995,30.59147856100003],[-89.81143656999996,30.586646560000077],[-89.80712356799995,30.587342560000025],[-89.80974456899997,30.584719559000064],[-89.81374056999994,30.586043560000064],[-89.81512756999996,30.584740559000068],[-89.81293056999993,30.581660559000056],[-89.80968956899994,30.580298559000028],[-89.80684856799996,30.572044557000027],[-89.80803256799999,30.568003556000065],[-89.79450056399997,30.569658557000025],[-89.79398356399997,30.56723655600007],[-89.79569056399998,30.565658556000074],[-89.79331356399996,30.56516455600007],[-89.79144056299998,30.56546955600004],[-89.79140256299996,30.569440557000064],[-89.78960956299994,30.570384557000068],[-89.786870562,30.569058557000062],[-89.79125956299998,30.561374555000043],[-89.80149956599996,30.563708555000062],[-89.80389256599994,30.560586554000054],[-89.80279456599999,30.55790855400005],[-89.79453756399994,30.556559554000046],[-89.79166956299997,30.551529553000023],[-89.79196556299996,30.548793552000063],[-89.80299156599995,30.55095255200007],[-89.80392456599998,30.549354552000068],[-89.78854756099997,30.544469551000077],[-89.77957055899998,30.544350552000026],[-89.77164855599995,30.530254549000063],[-89.76813855499995,30.51502554600006],[-89.76057555199998,30.515766546000066],[-89.75886755199997,30.51306754600006],[-89.75813855099994,30.50540954400003],[-89.75293654999996,30.502498544000048],[-89.74644054799995,30.50262454400007],[-89.74240154699999,30.497321543000055],[-89.72461954199997,30.491907542000035],[-89.72118654099995,30.488613542000053],[-89.71965753999996,30.483171541000047],[-89.71589153899998,30.477802540000027],[-89.70955653699997,30.477858540000057],[-89.70180453399996,30.465120537000075],[-89.69010753099997,30.459662536000053],[-89.68341552899994,30.451798535000023],[-89.68283452799994,30.445815534000076],[-89.68482152799999,30.439516532000027],[-89.68052052699994,30.42892953000006],[-89.67851952599995,30.414017527000055],[-89.68013952599995,30.411405526000067],[-89.68412352699994,30.412651526000047],[-89.68369152699995,30.40587852500005],[-89.66220951899999,30.37127251800007],[-89.65719651699999,30.356520515000057],[-89.64670551399996,30.352505515000075],[-89.64520451399994,30.348131514000045],[-89.62973250899995,30.339292512000043],[-89.62988250799998,30.321022508000055],[-89.62622650699996,30.31426050700003],[-89.63164850799996,30.309337506000077],[-89.64040651,30.306760505000057],[-89.64171051099999,30.303804504000027],[-89.64043950999996,30.295508502000075],[-89.64740451199998,30.291299501000026],[-89.64718351099998,30.28937250100006],[-89.64344550999994,30.28768750100005],[-89.63850950899996,30.288127501000076],[-89.63765250899996,30.285037500000044],[-89.63141650699998,30.279667499000027],[-89.63052550599997,30.276567499000066],[-89.63232150699997,30.268609497000057],[-89.62589750499995,30.26591849700003],[-89.62531050399997,30.263537496000026],[-89.63122050599998,30.261709495000048],[-89.63179450599995,30.256929494000076],[-89.62692750399998,30.25175049300003],[-89.61616150099997,30.247400493000043],[-89.61416150099996,30.244600492000075],[-89.61706150099997,30.227500488000032],[-89.61586149999994,30.223200488000032],[-89.61066049799996,30.21810148700007],[-89.60126049599995,30.21610148600007],[-89.596660494,30.21180148600007],[-89.58885949199998,30.200301483000032],[-89.58575948999999,30.192101482000055],[-89.57445948699996,30.18170248000007],[-89.57015948599997,30.180302480000023],[-89.56225848399998,30.182402480000064],[-89.55465848199998,30.185802481000053],[-89.54695847999994,30.193102483000075],[-89.53865747799995,30.19580248400007],[-89.53335747599994,30.194802484000036],[-89.53045747499993,30.192202484000063],[-89.52450947299997,30.180758481000055],[-89.52281947299997,30.183020482000074],[-89.51758947099995,30.182582482000043],[-89.51425547099996,30.184274482000035],[-89.49735146599994,30.181523482000046],[-89.49239646499996,30.183135483000058],[-89.48666246299996,30.191170485000043],[-89.48021946199998,30.19375648600004],[-89.47582945999994,30.191566485000067],[-89.46815345799996,30.193818486000055],[-89.46078545599994,30.18991548500003],[-89.45983445599995,30.182929484000056],[-89.46292445599994,30.17820448300006],[-89.46979745799996,30.17628348200003],[-89.46360045599994,30.17394848200007],[-89.46128045599994,30.174750482000036],[-89.45552445399994,30.18113048400005],[-89.44431245199996,30.187784485000066],[-89.44771545299994,30.19422948700003],[-89.44877045299995,30.202126488000033],[-89.44747045299994,30.205103489000066],[-89.44040245199994,30.212930491000066],[-89.43684045099997,30.213650491000067],[-89.43475844999995,30.218758493000053],[-89.43043344899996,30.223223494000024],[-89.42075444699998,30.229434495000078],[-89.42014144699993,30.234485496000048],[-89.42449844799995,30.239097497000046],[-89.42462944899995,30.245396499000037],[-89.41935344799998,30.25432550100004],[-89.38375243899998,30.26780150500008],[-89.37955243799996,30.27040150600004],[-89.36575243399994,30.284901509000065],[-89.35855143299995,30.288901510000073],[-89.34475142899998,30.293201512000053],[-89.329951425,30.30290151400004],[-89.32255042399999,30.314901517000067],[-89.32235042399998,30.31930151800003],[-89.33255142799999,30.33790052200004],[-89.33885242999997,30.343000523000057],[-89.34593943199997,30.343578523000076],[-89.36529043699994,30.353107524000052],[-89.36385343699999,30.35740052500006],[-89.35325343499994,30.368800528000065],[-89.34945243399994,30.37100052900007],[-89.33594742999998,30.37402153000005],[-89.31507242399994,30.37541353100005],[-89.30969442299994,30.373402530000078],[-89.31222442299998,30.360576527000035],[-89.30867042199998,30.361514528000043],[-89.30605542199999,30.365821529000073],[-89.29726141899994,30.367051529000037],[-89.29250441799996,30.365640529000075],[-89.29131941699995,30.36130952800005],[-89.28498341499994,30.353851527000074],[-89.26873940999997,30.34059352500003],[-89.27278041099999,30.334029523000027],[-89.28156941299994,30.331985522000025],[-89.28784941499998,30.333201522000024],[-89.291849416,30.328101521000065],[-89.29013141499996,30.312077518000024],[-89.29444941599996,30.307601517000023],[-89.29144941499999,30.303301516000033],[-89.28574941299996,30.303102516000024],[-89.27183840999999,30.30549651700005],[-89.25201540399996,30.311760519000075],[-89.24531940299994,30.310962519000043],[-89.24508040299997,30.31280251900006],[-89.24000540099996,30.316030520000027],[-89.22044739599994,30.322502522000036],[-89.18684538699995,30.331202525000037],[-89.15388637899997,30.342942529000027],[-89.14574037699998,30.344950530000062],[-89.14100537499996,30.343673529000057],[-89.14075337499997,30.34762053000003],[-89.09880836499997,30.36255953500006],[-89.09143036199998,30.348388532000058],[-89.08523435999996,30.353586533000055],[-89.08786536099996,30.359668535000026],[-89.08430036099998,30.361719535000077],[-89.08513636099997,30.367427536000037],[-89.06204435499995,30.374000539000065],[-88.99890733799998,30.387378544000057],[-88.96543632899994,30.391157546000045],[-88.96154832799994,30.387507545000062],[-88.95993932799996,30.391262546000064],[-88.92203631699994,30.39380354800005],[-88.86848730299994,30.391451549000067],[-88.85774629899998,30.388091548000034],[-88.85676929899995,30.390693549000048],[-88.85952429999998,30.39692855000004],[-88.85874230099995,30.406622553000034],[-88.86991330399997,30.409082553000076],[-88.87110130399998,30.41789555500003],[-88.870151304,30.424249556000063],[-88.85779130099996,30.43019355800004],[-88.85327529999995,30.423019556000042],[-88.84567029799996,30.420560556000055],[-88.84133329599996,30.409603554000057],[-88.82372929099995,30.402381553000055],[-88.81023228699996,30.394703552000067],[-88.80169928399994,30.39165655100004],[-88.79409328199995,30.39186255100003],[-88.78981528099996,30.386326550000035],[-88.79052828099998,30.384070550000047],[-88.79599428199998,30.383455550000065],[-88.81262728699994,30.386708550000037],[-88.81162028699998,30.384912549000035],[-88.77174727499994,30.365408546000026],[-88.74695026699999,30.347627543000044],[-88.72889826199997,30.34267654300004],[-88.71408225799996,30.34219154300007],[-88.70059225399996,30.343694544000073],[-88.69216925199999,30.347307545000035],[-88.67958024899997,30.355715547000045],[-88.66382524499994,30.362104549000037],[-88.63770223799997,30.359853550000025],[-88.61821023299996,30.37258855300007],[-88.61226823099997,30.373408553000047],[-88.61095823099998,30.371682553000028],[-88.61301123099997,30.353969549000055],[-88.60001522699997,30.356580550000047],[-88.59944422699994,30.359515551000072],[-88.59556422599996,30.35947955100005],[-88.59281922499997,30.361245551000025],[-88.58819922399994,30.368756553000026],[-88.58445922299995,30.364385552000044],[-88.58636122299998,30.35884855100005],[-88.58218222199997,30.356359551000025],[-88.57948822099996,30.344195548000073],[-88.52694120599995,30.342439549000062],[-88.52249920499997,30.340097549000063],[-88.52195020499994,30.33690154800007],[-88.50633919999996,30.327403547000074],[-88.50623119999995,30.322398546000045],[-88.50412419899999,30.320078545000058],[-88.48012219199995,30.318350546000033],[-88.47188018999998,30.320025546000068],[-88.45381518599999,30.329631549000055],[-88.44663018399996,30.337676551000072],[-88.44650018399994,30.347758553000062],[-88.44874418499995,30.353105554000024],[-88.44684318499998,30.357412555000053],[-88.44327818399995,30.355977555000038],[-88.43662318199995,30.35782255600003],[-88.42055317699999,30.35394655500005],[-88.41855917699996,30.357617556000037],[-88.41237917499996,30.35802755700007],[-88.40881417399999,30.349208555000075],[-88.40993217399995,30.34212055300003],[-88.40118617199994,30.344387554000036],[-88.39075116899994,30.352080556000033],[-88.39415516999998,30.352498556000057],[-88.39708717099995,30.35479055600007],[-88.39906717199995,30.360749558000066],[-88.39724117199995,30.36769455900003],[-88.39502817099998,30.36943056000007],[-88.41813248399995,30.855882029000043],[-88.43201221499999,31.114303721000056],[-88.45158023799996,31.481538800000067],[-88.46443025199994,31.697886846000074],[-88.47323226399999,31.89386188700007],[-88.42828326899996,32.25014896500005],[-88.38299027599999,32.62696004600008],[-88.33093928499994,33.07313114200008],[-88.28595340599998,33.44165096100005],[-88.24303030099998,33.79568629500005],[-88.21074630599998,34.02920534500004],[-88.19068330999994,34.19012937900004],[-88.18762530999999,34.20478438200007],[-88.15629731599995,34.46322043600003],[-88.11841232199998,34.724298490000024],[-88.09789332599996,34.89220852500006],[-88.10000432699997,34.89410152500005],[-88.12504333399994,34.90223352600003],[-88.13669733799998,34.90759852700006],[-88.15462234399996,34.92239852900008],[-88.17611135299995,34.962525536000044],[-88.18743435699997,34.97491553800006],[-88.19881636099996,34.991198541000074],[-88.20006936099998,34.99564054200005],[-88.68444378599997,34.99551045900006],[-89.15683262899995,34.99393250000003],[-89.43495970599997,34.99376048800008],[-89.64428776399996,34.99529947900004],[-89.84849382099998,34.99419947000007],[-90.30930294799998,34.99570045000007],[-90.30443094599997,34.984945448000076],[-90.29642794299997,34.97635244700007],[-90.28724493999994,34.97253744600005],[-90.27824593799994,34.96508344500006],[-90.25397492999997,34.95499444400008],[-90.24783792799997,34.94792244300004],[-90.24448192599993,34.937602441000024],[-90.24473092499994,34.92103743800004],[-90.25010092599996,34.90732643500007],[-90.27936993299994,34.89008343100005],[-90.30196293899996,34.88005942800004],[-90.31348194099996,34.871704425000075],[-90.30252893699998,34.85647742300006],[-90.30394993699997,34.85052342200004],[-90.30738993799997,34.846201421000046],[-90.311317939,34.84422942000003],[-90.32307294199995,34.84639742000007],[-90.33230394499998,34.852536421000025],[-90.34038594799995,34.860363422000034],[-90.35217995099998,34.85320242000006],[-90.37984295799998,34.84593741700007],[-90.41067196499995,34.83203441300003],[-90.42236096899995,34.83368141300008],[-90.42875997099998,34.84140641400006],[-90.43174697299997,34.85505741700007],[-90.42898597299995,34.86717441900004],[-90.43656697599994,34.88273742200005],[-90.44125997699996,34.88631942300003],[-90.45392198099995,34.891128423000055],[-90.46615998399994,34.89099542300005],[-90.47987798799994,34.88327042000003],[-90.48397498799994,34.877182419000064],[-90.48504398799997,34.869258417000026],[-90.48196098699998,34.85781141500007],[-90.46380097999997,34.834929412000065],[-90.45694097699999,34.82338941000006],[-90.45902997699994,34.81444640800004],[-90.46537297899994,34.81059840700004],[-90.47054997999999,34.80504240500005],[-90.47459597999995,34.793206403000056],[-90.47041697799995,34.78088340100004],[-90.45304397199999,34.75335839600007],[-90.45126297099995,34.74449139400008],[-90.45497397099996,34.735563392000074],[-90.46990297499997,34.72703639000002],[-90.48887097999994,34.723737389000064],[-90.50167298299993,34.72424238800005],[-90.52018698899997,34.73190838900007],[-90.52393498999999,34.73842339000004],[-90.52485799099998,34.750085392000074],[-90.52243999099994,34.75395939300006],[-90.50549998699995,34.76457439600006],[-90.50099998599995,34.77119339700005],[-90.50368498699999,34.780142399000056],[-90.51471199199995,34.801774403000024],[-90.52289799399995,34.80227140300008],[-90.53651599799997,34.79857840100004],[-90.54407299899998,34.79116539900008],[-90.547618,34.78459539800008],[-90.54623099899999,34.773449396000046],[-90.53541399399995,34.75006839200006],[-90.53880699499996,34.74564839100003],[-90.55012499799994,34.741959389000044],[-90.559901,34.74079438900003],[-90.56355000099995,34.73867738800004],[-90.567246002,34.73346938700007],[-90.56817800199997,34.727390386000025],[-90.56565200099999,34.721059385000046],[-90.54605899399996,34.70208238200007],[-90.53897999199995,34.69878938100004],[-90.52208998699996,34.69661138200007],[-90.48697197799999,34.70148338400003],[-90.47519997499995,34.70083238500007],[-90.467069972,34.695649384000035],[-90.46255796999998,34.68758238300006],[-90.46604696999998,34.674318380000045],[-90.47972397299998,34.659940376000065],[-90.49664497699996,34.64812337300003],[-90.50810597899994,34.63668837100005],[-90.51717398199997,34.630934369000045],[-90.52448698299997,34.628510368000036],[-90.53219398599998,34.627493368000046],[-90.54370198899994,34.629565368000044],[-90.54761998999999,34.631662368000036],[-90.55413499199994,34.640877369000066],[-90.55510999299997,34.64624237000004],[-90.55264799299994,34.659713373000045],[-90.55016399299996,34.66345137400003],[-90.53806698999995,34.67323837600003],[-90.54007999099997,34.68498737900006],[-90.54986199499996,34.69548438000004],[-90.55563299599999,34.69795238100005],[-90.56733999899996,34.693377379000026],[-90.57311200099997,34.686431378000066],[-90.578751002,34.683850377000056],[-90.58842500399999,34.67096937400004],[-90.58634200199998,34.65169537000003],[-90.583026,34.64268536800006],[-90.58826100099998,34.62662236500006],[-90.58723,34.61573836300005],[-90.58169899799998,34.60423336100007],[-90.57013899299994,34.587463358000036],[-90.55767198899997,34.576935357000025],[-90.54589698499996,34.56326335400007],[-90.54074198299998,34.54809135200003],[-90.54573398399998,34.53775634900006],[-90.55528198599995,34.53101834800003],[-90.56935298899998,34.52487334600005],[-90.57849899099995,34.51630234400005],[-90.58653099199995,34.50010934000005],[-90.58894799199999,34.49110333800007],[-90.58992699199996,34.48479933700003],[-90.58835199099997,34.47056833400006],[-90.58548298999995,34.46125333200007],[-90.57396498599996,34.45188133100004],[-90.56733598299996,34.44038932900003],[-90.56651098199995,34.429534327000056],[-90.57115098299994,34.42032532500008],[-90.58068298499995,34.41056032300003],[-90.61394999299995,34.39072931700008],[-90.61848599399997,34.38877331700007],[-90.63494599799998,34.386369315000024],[-90.65854800399995,34.37571131200008],[-90.65535200299996,34.371852312000044],[-90.66679400499999,34.355826308000076],[-90.66686800499997,34.34857530700003],[-90.65737700099999,34.32729330300003],[-90.65749400099998,34.322237302000076],[-90.66140100099994,34.31540430000007],[-90.66934900299998,34.31302629900006],[-90.67810300599996,34.31303729900003],[-90.68600900799998,34.31577729900005],[-90.69313500999993,34.32257630000004],[-90.69369201099994,34.32968630200003],[-90.69155701099999,34.338624304000064],[-90.68162600899996,34.352916307000044],[-90.67625100899994,34.371117311000035],[-90.71209401799996,34.36381130800004],[-90.72491502199995,34.363665307000076],[-90.75011302899998,34.367925307000064],[-90.75620302999994,34.36726230600004],[-90.76577003299997,34.36211530500003],[-90.76845103299996,34.35347530300004],[-90.76773803199995,34.34687830200005],[-90.76518003099994,34.342824301000064],[-90.74894802599994,34.33105130000007],[-90.74471902499994,34.324878299000034],[-90.74061602299997,34.313475296000036],[-90.74089502199996,34.30654429500004],[-90.74308802299998,34.302263294000056],[-90.75268702499994,34.28927229100003],[-90.76517102699995,34.28053028900007],[-90.77227202899996,34.27994928800007],[-90.80293403799999,34.28247128800007],[-90.82092504199994,34.277846286000056],[-90.82827304399996,34.27365628500007],[-90.83241304499995,34.26749728300007],[-90.83697804499997,34.25011028000006],[-90.83998704499999,34.236120277000055],[-90.84001504399998,34.22308327400003],[-90.84781404499995,34.20653627100006],[-90.85671404799996,34.211604271000056],[-90.86707005099998,34.21214727100005],[-90.87912605399998,34.21545627100005],[-90.89456605899994,34.22438627200006],[-90.90008406099997,34.22962727300006],[-90.90708806399994,34.24449827600006],[-90.92315806799996,34.24653627500004],[-90.92902106999998,34.24454727500006],[-90.93715807099994,34.23411627200005],[-90.93522606999994,34.21905626900008],[-90.916054063,34.19692226600006],[-90.88789005499996,34.181986264000045],[-90.87748105199995,34.18563926500008],[-90.87383605099996,34.18322626500003],[-90.86965704999994,34.18297126500005],[-90.855606046,34.186886266000045],[-90.83821104099997,34.18381026600008],[-90.82839403899999,34.18479026700004],[-90.81657803499996,34.18302926700005],[-90.81238003399994,34.18077326700006],[-90.80869103299995,34.175884266000025],[-90.80781903199994,34.161480263000044],[-90.81089003199997,34.15590926200008],[-90.82571403499998,34.142017259000056],[-90.83610503799997,34.13788225700006],[-90.84717404099996,34.13689025700006],[-90.86458604599994,34.14056125700006],[-90.88307905199997,34.151508258000035],[-90.89439105499997,34.16095926000003],[-90.91001605999998,34.165514260000066],[-90.95430606999997,34.138504253000065],[-90.95932307099997,34.13035625100002],[-90.95847306999997,34.12511125000003],[-90.95598006899996,34.12013124900005],[-90.94632906599998,34.10938024700005],[-90.91840105799997,34.09306024500006],[-90.90113605299996,34.09467324600007],[-90.89353205099997,34.09780124700006],[-90.88263404799994,34.09662124700003],[-90.876612046,34.09291724700006],[-90.87192904499994,34.08665824600007],[-90.87053404399995,34.080522245000054],[-90.87454704399994,34.07204724300004],[-90.887843047,34.05540923900003],[-90.88906404699998,34.046368237000024],[-90.88699704499999,34.03510023500007],[-90.88896204599996,34.029794234000065],[-90.89242604599997,34.02686623300008],[-90.89947304799995,34.02380223200004],[-90.91464805199996,34.02189123100004],[-90.92375105499997,34.02314923100005],[-90.94266805999996,34.018056229000024],[-90.95031706199995,34.01782822900003],[-90.97073206699997,34.02162622900005],[-90.98795407199998,34.01904422700005],[-90.97995106899998,34.00011222400008],[-90.97095306599994,33.99189122300004],[-90.96155406199995,33.97995122100008],[-90.96372606199998,33.96769421800008],[-90.96763806299998,33.96333021700008],[-90.97687006499996,33.96050921600005],[-90.98336506699997,33.96019221600005],[-90.99486206999995,33.96312421600004],[-91.00011407199997,33.96643421600004],[-91.01889607899994,34.00315722300007],[-91.03377108299998,33.99532922100008],[-91.04275708499995,33.986817219000045],[-91.04837308599997,33.985084218000054],[-91.07538409399996,33.98359221700008],[-91.08319309499996,33.97987121500006],[-91.08792709599999,33.975341214000025],[-91.08979309599994,33.96601021200007],[-91.08870209599996,33.96134021200004],[-91.08410109399995,33.95618521100005],[-91.03596707999998,33.94376421000004],[-91.02010307599994,33.93713321000007],[-91.01032407299994,33.92935820800005],[-91.01083707199996,33.92555820800004],[-91.02638807599999,33.90798620400005],[-91.05531508199994,33.88304119700007],[-91.07088908499998,33.86672019300005],[-91.07301708499995,33.85745519100004],[-91.06751708299998,33.840449188000036],[-91.05669807899994,33.828941186000065],[-91.04685507599999,33.81537118400007],[-91.02517906899999,33.80595918300003],[-91.007773064,33.802597183000046],[-91.00011306199997,33.79955518300005],[-90.99175305899996,33.79260318200005],[-90.98847205799996,33.78453618000003],[-90.99122605799994,33.77679717900003],[-91.00011205999994,33.76917117700003],[-91.012776063,33.76468117500008],[-91.02329106599996,33.762997175000066],[-91.02678806699998,33.76364817500007],[-91.05389207499996,33.77870717700006],[-91.08551608399995,33.776416175000065],[-91.10732408899997,33.77062517300004],[-91.12347209399996,33.782112174000076],[-91.13219109699997,33.783426174000056],[-91.13987509899994,33.777123173000064],[-91.14511809899994,33.76734617000005],[-91.14481809899996,33.764002170000026],[-91.14076209799998,33.75974116900005],[-91.14457709799996,33.75161316700007],[-91.14329309799996,33.74714716600005],[-91.14662409799996,33.73246216300004],[-91.14473809699996,33.72680916200005],[-91.13234409299997,33.71425216000006],[-91.12553309099997,33.708786160000045],[-91.11773908799995,33.70534815900004],[-91.10110708399998,33.70501316000008],[-91.08987908099994,33.70737016100003],[-91.06829607499998,33.71648316400007],[-91.05989707299995,33.714822164000054],[-91.04678406899995,33.70631916200006],[-91.03903106599995,33.696601161000046],[-91.03612606499996,33.68911915900003],[-91.03040806299998,33.687772159000076],[-91.03033806299999,33.681628158000024],[-91.03457106399998,33.673024156000054],[-91.046418067,33.66827815500005],[-91.05918806999995,33.66640615400007],[-91.07851307499999,33.658289151000076],[-91.08413207599995,33.65732815100006],[-91.09404607899995,33.658357151000075],[-91.13045608999994,33.67452815300004],[-91.16087209999995,33.707102158000055],[-91.17573610399995,33.70312215600006],[-91.20538311199994,33.700825155000075],[-91.22057611499997,33.69292915200003],[-91.22786311699997,33.683079150000026],[-91.22823411599995,33.67133214800003],[-91.21905411299997,33.66150914600007],[-91.21129011099998,33.65853214600003],[-91.18546110399996,33.65361014600006],[-91.17117409899998,33.64777214500003],[-91.13921508899995,33.62566414200006],[-91.13439508799996,33.61951814100007],[-91.13045108599994,33.60604013900007],[-91.13404908599995,33.594495136000035],[-91.15215408999995,33.58272713300005],[-91.16076109299996,33.58135813300004],[-91.17822609699994,33.58261313200006],[-91.19829110199998,33.57206712900006],[-91.22412710899994,33.56737512700005],[-91.22849510999998,33.56467312600006],[-91.23142410999998,33.56059912500007],[-91.23230110999998,33.55279412400006],[-91.22984010899995,33.54705312300007],[-91.21930310499994,33.53237012000005],[-91.18737309599999,33.51055811700007],[-91.18290709399997,33.50238511600003],[-91.18307609399994,33.498619115000054],[-91.19564009599998,33.48847411200006],[-91.20854109899994,33.46861210800006],[-91.21551409999995,33.464786107000066],[-91.22334410199994,33.46277010600005],[-91.23166710399994,33.45710610500004],[-91.23518710399998,33.43897810100003],[-91.21738009899997,33.43470510100008],[-91.20681309599996,33.43385210100007],[-91.18698509099994,33.43859810300006],[-91.17729908899997,33.44364410400004],[-91.16936608699996,33.45263510600006],[-91.17564108999994,33.47176711000003],[-91.17715409099998,33.486176113000056],[-91.17221909099999,33.496697115000075],[-91.16740908899999,33.49831011600003],[-91.13666207999995,33.48132911300007],[-91.12511507599999,33.472848112000065],[-91.119673074,33.46023611000004],[-91.11850107299995,33.44912210800004],[-91.12110607399995,33.44356910700003],[-91.12859507499996,33.43629010500007],[-91.13189107599999,33.43006910300005],[-91.13915607799998,33.426961102000064],[-91.14766907999996,33.42717810200003],[-91.17628608699994,33.416985099000044],[-91.18443308899998,33.419582099000024],[-91.19197909099995,33.41773409800004],[-91.19936009299994,33.41832709800008],[-91.20527809499998,33.41423709700007],[-91.20870809499996,33.40872509600007],[-91.20811909499997,33.40201309500003],[-91.19113308899995,33.389640093000025],[-91.17197408399994,33.381036092000045],[-91.15402307899996,33.378920092000044],[-91.14094407499994,33.380483093000066],[-91.12362907099998,33.38753209500004],[-91.11377006899994,33.39313009700004],[-91.10717606699995,33.39908409800006],[-91.09928306599994,33.40825010000003],[-91.09521706499999,33.417494102000035],[-91.09534106599995,33.42569010400007],[-91.09748006699994,33.43173910500008],[-91.09672906699996,33.437609106000025],[-91.09428506599994,33.442677107000065],[-91.08650406499999,33.45158211000006],[-91.077820063,33.45565411100006],[-91.06762905999994,33.45511011100007],[-91.05983405699999,33.45026311000004],[-91.05762705599994,33.44534711000006],[-91.05815805599997,33.42871110600004],[-91.06228705599995,33.42124410400004],[-91.07529905899997,33.40597210100003],[-91.10146206499996,33.387196096000025],[-91.12041506899999,33.36381509100005],[-91.14222507399995,33.34899508700005],[-91.14097407299994,33.336499084000025],[-91.14367307299995,33.32840408200008],[-91.14148107199998,33.31432408000006],[-91.14162107099997,33.29954507700006],[-91.12554506499998,33.28026107300008],[-91.12553406499995,33.27473807200005],[-91.12808406499994,33.26850807100004],[-91.11821406199994,33.26207707000003],[-91.11056705899995,33.24593606700006],[-91.10614805799997,33.24180506600004],[-91.09909905599994,33.23817906600004],[-91.09475405499995,33.25050506900004],[-91.09034805399995,33.25733107000008],[-91.086143054,33.273658074000025],[-91.08370005399996,33.27856307500008],[-91.07853605299994,33.28331207600007],[-91.06704104999994,33.28718607700006],[-91.05237504599995,33.285421077000024],[-91.04815604399994,33.28280207700004],[-91.04363004299995,33.27464207600008],[-91.04519704299997,33.265410074000044],[-91.05041304299993,33.251208071000065],[-91.06391804599997,33.23736206700005],[-91.06563504599995,33.232988066000075],[-91.06871404699996,33.23294206600008],[-91.07108504799999,33.23010206600003],[-91.07070304699994,33.227308065000045],[-91.07767904899998,33.22749106500004],[-91.07964104999996,33.22323106400006],[-91.08288404999996,33.22162706300003],[-91.09171705299997,33.22081906300008],[-91.08437204799998,33.180862055000034],[-91.08556804699998,33.155828050000025],[-91.08986804799997,33.13966104600007],[-91.10432305099994,33.13160404400003],[-91.13166505799995,33.12910704300003],[-91.15036806299997,33.130701042000055],[-91.15302106399997,33.135099043000025],[-91.16165706699996,33.14178704400007],[-91.18366807299998,33.14169704300008],[-91.19318007499999,33.13674004200004],[-91.20178607699995,33.12512703900006],[-91.20017307599994,33.10693603500005],[-91.18084206999998,33.09837003400003],[-91.17152006699996,33.08782403300006],[-91.14982905999995,33.081609032000074],[-91.12464505299994,33.06413303000005],[-91.12120105099996,33.059172029000024],[-91.12038505099997,33.05453602800003],[-91.12566205099995,33.03828202400007],[-91.12909405199997,33.033560023000064],[-91.13744505399995,33.028742022000074],[-91.14976405699997,33.026318021000066],[-91.16236905999995,33.01969001900005],[-91.16628806099999,33.01133701700007],[-91.16607905999996,33.00411201600008]]]]}},{"type":"Feature","properties":{"shapeName":"North Carolina","shapeISO":"US-NC","shapeID":"66186276B6801956407400","shapeGroup":"USA","shapeType":"ADM1"},"geometry":{"type":"MultiPolygon","coordinates":[[[[-75.72680872699993,35.935851211000056],[-75.72378372499998,35.92557620900004],[-75.70216671799994,35.91543520700003],[-75.69687271599997,35.90956320600003],[-75.69767371599994,35.90164620400003],[-75.68141670999995,35.883987201000025],[-75.672831708,35.882430201000034],[-75.66335770399996,35.86984219900006],[-75.66059970299995,35.862548197000024],[-75.66008770099995,35.83861719200007],[-75.67505570599997,35.83021119000006],[-75.66789270299995,35.82354718800008],[-75.63898169399994,35.81864618800006],[-75.62423668899999,35.809394187000066],[-75.62045568799994,35.80926018700006],[-75.61436268599994,35.81566618800008],[-75.61977368899994,35.847613195000065],[-75.61683468899997,35.85633819700007],[-75.62767169399996,35.883156203000055],[-75.64512169999995,35.90579520700004],[-75.64852070099994,35.90698920700004],[-75.65347970299996,35.90469320700004],[-75.66202070499997,35.90652920700006],[-75.66293970599997,35.91617320900008],[-75.65954170499998,35.91957121000007],[-75.67524671099994,35.92903121100005],[-75.68635971399993,35.932980212000075],[-75.69115171599998,35.93693921200003],[-75.70532471999996,35.93941021200004],[-75.71826772399999,35.93972121200005],[-75.72680872699993,35.935851211000056]]],[[[-75.75613569999996,35.18956196200003],[-75.75613569999996,35.18771804600004],[-75.75043169799994,35.18771804700003],[-75.64917966899998,35.22248105700004],[-75.60223965499995,35.23264306100003],[-75.57765664699997,35.23530806300005],[-75.55814664099995,35.234259063000025],[-75.54184063599996,35.23025506300007],[-75.52796363099998,35.22092806100005],[-75.52511063199995,35.243837066000026],[-75.51880762999997,35.25753506900003],[-75.50601662999998,35.325211085000035],[-75.48579962699995,35.40074410200003],[-75.47923862899995,35.48340612000004],[-75.46193562699995,35.55749013700006],[-75.46062262699996,35.57698214100003],[-75.46188862899999,35.59268114500003],[-75.47519863599996,35.66165115900003],[-75.48589364099996,35.69852616700007],[-75.50467064899993,35.74425817600007],[-75.51901165499999,35.76909418100007],[-75.52344765599997,35.77357518200006],[-75.52677465699998,35.77357518200006],[-75.52891365799996,35.77145418200007],[-75.51798065299994,35.74425817600007],[-75.51750565299994,35.73596317400006],[-75.51393965099999,35.72921017300007],[-75.51061264899994,35.71415917000007],[-75.50752264799996,35.70682516800008],[-75.49920364499997,35.69794716600006],[-75.49587664299997,35.67304316100007],[-75.49207364099993,35.666864160000046],[-75.49064764099995,35.65991315800005],[-75.48090263699999,35.63770215400007],[-75.47139563299999,35.621667151000054],[-75.47187063199993,35.59442114500007],[-75.46901862999994,35.58668914300006],[-75.47044462999997,35.570451140000046],[-75.47400963099994,35.56233113800005],[-75.47282162999994,35.55227613500006],[-75.47614862999995,35.53429113100003],[-75.48304163199998,35.52964913000005],[-75.48613163299996,35.522685129000024],[-75.48803263299999,35.511271126000054],[-75.48375463099995,35.49405012200003],[-75.48327962999997,35.484954120000054],[-75.48565662999994,35.477600119000044],[-75.48779562999994,35.445464112000025],[-75.49159862999994,35.43365110900004],[-75.49231162899997,35.41428310500004],[-75.49706462999995,35.39859110100008],[-75.495163629,35.389097099000026],[-75.50086762999996,35.372044095000035],[-75.51370263299998,35.35692609100005],[-75.51370263299998,35.346264089000044],[-75.51702963299994,35.33657008700004],[-75.51655463299994,35.32648708500005],[-75.51393963199996,35.32202708400007],[-75.51679263199998,35.31058408100006],[-75.51512863099998,35.300886079000065],[-75.52297163199995,35.27663507300008],[-75.52178363199994,35.27178407200006],[-75.52392263199994,35.26965007200005],[-75.53105263499998,35.27236607200007],[-75.53794563699995,35.27294807200008],[-75.54222363799994,35.27042607100003],[-75.56694264499998,35.265963070000055],[-75.57122064699996,35.26344006900007],[-75.57977764899994,35.263052069000025],[-75.59546465399995,35.269262069000035],[-75.59546465399995,35.26111106800005],[-75.59760365399995,35.25703506700006],[-75.61875665999997,35.24694206400005],[-75.62137166099996,35.242866063000065],[-75.64133666699996,35.22869405900008],[-75.64608966799995,35.228500059000055],[-75.66819467399995,35.21898605600006],[-75.67057067499996,35.22054005600006],[-75.67722567699997,35.21937505600005],[-75.68055367799997,35.22617005700005],[-75.68102867899995,35.23335405900008],[-75.68625767999998,35.23102405800006],[-75.69362568199995,35.22189905600004],[-75.69885468399997,35.218209055000045],[-75.69885468399997,35.21549105400004],[-75.70265768499996,35.21063605300003],[-75.71881968899999,35.20150905100007],[-75.72690069199996,35.202091050000035],[-75.73308069299998,35.200732050000056],[-75.73593269399998,35.197236049000026],[-75.75613569999996,35.191409047000036],[-75.75613569999996,35.18956196200003]]],[[[-76.01528177399996,35.07066201200007],[-76.00910177199995,35.06599401200003],[-76.00292176999994,35.06793901200007],[-76.00197176999995,35.07299701300008],[-75.96513075999997,35.09964202000003],[-75.92020974699994,35.12472302700007],[-75.86910873299996,35.14746503400005],[-75.81895771799998,35.167674040000065],[-75.79756671199993,35.175445042000035],[-75.77617570599995,35.18127304400008],[-75.77023370399996,35.18768404600007],[-75.77142170499997,35.18962604600006],[-75.77997870699994,35.19156904600004],[-75.78045370699994,35.18846104600004],[-75.78568270899996,35.182633044000056],[-75.79970571299998,35.178165043000035],[-75.80540971499994,35.17894204300006],[-75.81729371799997,35.17214304100003],[-75.84676672699999,35.16359403800004],[-75.85365872799997,35.158153037000034],[-75.87409973399997,35.15251703500007],[-75.92211074799997,35.13172102900006],[-75.92947874999999,35.13036002800004],[-75.94730475499995,35.11928002500008],[-75.95823775799994,35.115391024000076],[-75.96394275999995,35.11830802500003],[-75.96893376199995,35.11694702400007],[-75.97749076499997,35.120641025000054],[-75.98224376599995,35.120446024000046],[-75.98842376799996,35.116363023000076],[-75.98794776699998,35.10742002100005],[-75.98984976799994,35.10430902100006],[-75.98557176599996,35.09808601900005],[-76.00006976999998,35.080194015000075],[-76.01076577299995,35.075914014000034],[-76.01528177399996,35.07066201200007]]],[[[-76.28151386699994,35.317342058000065],[-76.28250386699995,35.31507905800004],[-76.28072186699995,35.31378705700007],[-76.27121486399994,35.31031205700003],[-76.26943186299997,35.309988057000055],[-76.26240086099995,35.31386705800003],[-76.26834286299999,35.32493806000008],[-76.27349186499998,35.32800806100005],[-76.27418586599998,35.330189061000056],[-76.27963186699998,35.33051306100003],[-76.27804786599995,35.32445306000005],[-76.28240486699997,35.31928105800006],[-76.28151386699994,35.317342058000065]]],[[[-76.33013985999997,34.84794895300007],[-76.33032985999995,34.84521895300003],[-76.32880885899993,34.844671952000056],[-76.32262885699998,34.84810595300007],[-76.24257883599995,34.90777096900007],[-76.18563082099996,34.955939982000075],[-76.09645279599994,35.023779999000055],[-76.07411078999996,35.039039004000074],[-76.04188178099997,35.053983008000046],[-76.03750877999994,35.057018009000046],[-76.03779377999996,35.06192101000005],[-76.05395578599996,35.07141401100006],[-76.06479378899996,35.073126011000056],[-76.07591779199998,35.06993601000005],[-76.07572779199995,35.06635600900006],[-76.08342779399999,35.05904200800006],[-76.08704079499995,35.05281500600006],[-76.08513979399999,35.05110300600006],[-76.08608979399997,35.04806800500006],[-76.09721379699994,35.03989500300003],[-76.09873479799995,35.03693700200006],[-76.10367879899997,35.03693700200006],[-76.10814680099998,35.03460200100005],[-76.11061880099999,35.031877001000055],[-76.11099880099994,35.027362],[-76.11375580199996,35.02268999900008],[-76.11793980299996,35.02198999800004],[-76.12069680399998,35.018174997000074],[-76.13248580699997,35.01241299600008],[-76.14132680899996,35.00571599400007],[-76.14398880999994,35.00088799300005],[-76.15178481199996,34.994578991000026],[-76.15178481199996,34.98679099000003],[-76.15482681299994,34.98453198900006],[-76.16328881499999,34.984687989000065],[-76.16576081599999,34.98351898800007],[-76.16642581599996,34.98055898800004],[-76.17155981699995,34.98048098700008],[-76.17650381899995,34.97432698600005],[-76.17574281799995,34.972223986000074],[-76.18002181999998,34.971132985000054],[-76.19589882399998,34.958978982000076],[-76.20084182499994,34.95235598000005],[-76.20084182499994,34.95009598000007],[-76.21804982999998,34.936223976000065],[-76.22698683199997,34.92570097400005],[-76.24676183699995,34.91018797000004],[-76.25408283899998,34.90667996900004],[-76.25474783899995,34.903326968000044],[-76.26254384099997,34.89989596700008],[-76.27623384499998,34.88585996300003],[-76.28336484699997,34.88266196200004],[-76.28640684799996,34.88507996300007],[-76.28564584799994,34.887808963000055],[-76.28707184799998,34.889290964000054],[-76.28916384899998,34.88866696300005],[-76.29743485099993,34.872210960000075],[-76.31587885599998,34.85855995600008],[-76.31787585599994,34.85442495500007],[-76.32091785699998,34.85341095500007],[-76.32120285699995,34.85052395400004],[-76.32357985799996,34.84880795400005],[-76.32861885899996,34.84982195400005],[-76.33013985999997,34.84794895300007]]],[[[-76.54756891999995,34.71063191600007],[-76.54685591899994,34.703988914000035],[-76.54400391799999,34.701252914000065],[-76.52285091199997,34.699103914000034],[-76.51952291099997,34.70711491600008],[-76.52189991199998,34.709654916000034],[-76.54542991899996,34.71239091600006],[-76.54756891999995,34.71063191600007]]],[[[-76.55362991699997,34.62317189600003],[-76.55477091799997,34.61949489500006],[-76.55296491699994,34.61464389400004],[-76.53547190999996,34.591558890000044],[-76.52453790799996,34.61573889500005],[-76.50295690299998,34.650784904000034],[-76.48812589999994,34.67103790900006],[-76.43450488599996,34.73411392500003],[-76.39229287599994,34.78074393600008],[-76.34000386199995,34.83366995000006],[-76.33734186099997,34.83671295000005],[-76.33753186199993,34.83881995100006],[-76.34779986399997,34.82906594800005],[-76.35264786599998,34.828519948000064],[-76.36367686899996,34.82336894700006],[-76.36396186899998,34.817124945000046],[-76.37242287099997,34.81056794400007],[-76.37346887099994,34.80721194300003],[-76.38326087299998,34.794954940000025],[-76.38934587499995,34.79159793900004],[-76.39951887799998,34.79308093900005],[-76.40256087899996,34.791363938000075],[-76.40284587899998,34.783867937000025],[-76.40807488099995,34.783867936000036],[-76.41396988199995,34.77918293500005],[-76.41244888099999,34.774809934000075],[-76.41425488199997,34.77238893400005],[-76.41254388099998,34.76778093300004],[-76.41358888099995,34.765125932000046],[-76.41644188199996,34.76457893200006],[-76.41853288299995,34.76207993100007],[-76.43231888699995,34.765125932000046],[-76.43336388699998,34.76262593100006],[-76.43811788899995,34.761298931000056],[-76.43973388899997,34.75848693000006],[-76.43773788799996,34.75395592900003],[-76.44077988899994,34.74715992700004],[-76.43783288799995,34.74247292600006],[-76.44173088899998,34.73950492600005],[-76.44154088799996,34.733800924000036],[-76.45142789099998,34.72504992200004],[-76.45437489199998,34.725283922000074],[-76.46160089399996,34.72239292100005],[-76.46616389499997,34.715828920000035],[-76.47395989699999,34.71137491800005],[-76.47443489699998,34.709029918000056],[-76.47196389599998,34.70605991700006],[-76.47643189799999,34.70082291600005],[-76.48337189899996,34.69644591500003],[-76.48574889999998,34.69136491300003],[-76.48907590099998,34.68948891300005],[-76.49382990199996,34.678856910000036],[-76.50200590399999,34.67471290900005],[-76.50305190399996,34.67252390900006],[-76.49772790199995,34.666815908000046],[-76.50599890399997,34.65602390500004],[-76.50837590499998,34.648750903000064],[-76.52216090799999,34.62700589800005],[-76.52824590999995,34.621293897000044],[-76.52815090899998,34.61738189600004],[-76.53223891,34.61049689400005],[-76.53680291199998,34.609714894000035],[-76.53822891199997,34.61112289400006],[-76.53708791199995,34.61284389400004],[-76.54745091499996,34.61370489400008],[-76.55058791599998,34.616051895000055],[-76.55182391699998,34.62019889600003],[-76.55041591699995,34.63092289800005],[-76.55388891799998,34.62795689700005],[-76.55362991699997,34.62317189600003]]],[[[-76.58631093199995,34.71395391500005],[-76.58726193199993,34.711803915000075],[-76.58464693099995,34.701838913000074],[-76.58155792999997,34.699103912000055],[-76.53283291399998,34.68679191100006],[-76.52807991199995,34.683859910000024],[-76.52570291199999,34.685228911000024],[-76.52594091199995,34.691872912000065],[-76.53806191599995,34.69597691300004],[-76.55541292099997,34.696758912000064],[-76.55541292199996,34.699494913000024],[-76.56420692399996,34.70222991300005],[-76.56491992499997,34.704574914000034],[-76.56159292399997,34.706723914000065],[-76.56064192399998,34.71004591500008],[-76.56872292599996,34.71297691600006],[-76.58631093199995,34.71395391500005]]],[[[-76.66548795499995,34.68974990700008],[-76.66495895399999,34.68823790700003],[-76.65041294999997,34.679950906000045],[-76.59916993299998,34.668066905000046],[-76.57055292399997,34.65829190300008],[-76.54735591699995,34.64554390100005],[-76.53556691199998,34.63169889900007],[-76.53014791099997,34.63013489800005],[-76.52881690999999,34.63154289900007],[-76.53090791099999,34.63889590000008],[-76.53024291099996,34.643588901000044],[-76.54022491499995,34.64812490200006],[-76.54146091499996,34.65047190300004],[-76.55220391799998,34.652348903000075],[-76.57492592599993,34.66392290500005],[-76.58024992799994,34.66501690500007],[-76.58928193099996,34.671976906000054],[-76.59203893099993,34.669943905000025],[-76.59593693299996,34.670412905000035],[-76.62930794299996,34.68362590700008],[-76.64708594899997,34.68636190700005],[-76.65069894999993,34.689019908000034],[-76.65469195099996,34.689723908000076],[-76.66548795499995,34.68974990700008]]],[[[-77.09851607199994,34.64689518200004],[-77.09744108399997,34.64429288300005],[-77.09298008299999,34.64459988400006],[-77.03363406499994,34.66050888900003],[-76.96932404599994,34.67320689400003],[-76.84739600999995,34.69081790200005],[-76.79813499499994,34.69560790400004],[-76.76297098499998,34.697454906000075],[-76.73353697599998,34.697425907000024],[-76.69821496499998,34.694077907000064],[-76.67769895899994,34.69363190800004],[-76.67598795799995,34.69769690900006],[-76.68112195999998,34.69988490900005],[-76.68264295999995,34.69816590900007],[-76.68568496099994,34.69941590900004],[-76.69889996599994,34.71231191100003],[-76.70194196699998,34.71106191100006],[-76.70365396699998,34.70793591000006],[-76.70127696599997,34.701604909000025],[-76.70260796599996,34.69980690800003],[-76.70783696799998,34.70293390900002],[-76.71601297099994,34.704261909000024],[-76.72466497299996,34.70332490900006],[-76.73055897499995,34.70082290800008],[-76.73673897699996,34.71098391000004],[-76.74206297899997,34.71239091000007],[-76.74557997999995,34.712155910000035],[-76.74577097999997,34.70308990800004],[-76.74757697999996,34.701995907000025],[-76.75746398299998,34.702464907000035],[-76.76668598599997,34.69996390600005],[-76.76963398699996,34.702933907000045],[-76.78151799099999,34.70418390700007],[-76.80946899899999,34.70324590600006],[-76.82220800299996,34.704730906000066],[-76.82762700499995,34.70348090500005],[-76.84426500899997,34.69527390300004],[-76.85890601399996,34.69339790200007],[-76.86888901699996,34.69417890200003],[-76.88362502099994,34.68948890000007],[-76.89208602399998,34.69136490000005],[-76.89807602599996,34.69027090000003],[-76.90805802799997,34.68503289900008],[-76.93144603499996,34.682374897000045],[-76.94779803999995,34.678700896000066],[-76.97498904799994,34.67690189500007],[-77.00237005599996,34.67197689300008],[-77.01026105899996,34.67189789200006],[-77.01463405999993,34.67604189300005],[-77.06787407599995,34.66384388900008],[-77.08831508199995,34.65602388600007],[-77.09154708299997,34.65305288600007],[-77.09468408399994,34.65399088600003],[-77.09544508399995,34.64890788500003],[-77.09851607199994,34.64689518200004]]],[[[-77.17131210599996,34.62567587700005],[-77.17245310599998,34.62332887600007],[-77.16922110499996,34.62238987600006],[-77.13547009499996,34.63459388000007],[-77.11870208999994,34.63855088200006],[-77.11037108799997,34.64515288300004],[-77.12120909099997,34.64796888400008],[-77.12539309299996,34.64437088300008],[-77.14811509899994,34.63654888000008],[-77.17131210599996,34.62567587700005]]],[[[-77.23025712199995,34.598445869000045],[-77.22692912099996,34.59672386900007],[-77.20297111399998,34.60900987200006],[-77.18120010799998,34.61785187500004],[-77.17948910799998,34.62043387600005],[-77.19764711299996,34.61339187300007],[-77.20240111399994,34.61284387300003],[-77.23025712199995,34.598445869000045]]],[[[-81.67753856899998,36.588124135000044],[-81.68014056999993,36.58552513500007],[-81.67703956799994,36.570725132000064],[-81.67993956799995,36.56862513100003],[-81.69023957199994,36.568725131000065],[-81.69250957199995,36.56575513000007],[-81.68911856999995,36.55591912800003],[-81.69003356999997,36.55216112700003],[-81.69754257199997,36.54436612500007],[-81.69996557299999,36.53683612400005],[-81.70796657499994,36.53621612300003],[-81.70757657399997,36.52610812100005],[-81.70254657199996,36.520324120000055],[-81.69774757,36.50845511800003],[-81.69729356999994,36.50489411700005],[-81.70024156999995,36.50048211600006],[-81.69591056899998,36.49158711500007],[-81.69729056899996,36.48474511300003],[-81.69628456799995,36.47550611100007],[-81.69453656699994,36.47329011100004],[-81.69531456699997,36.467919110000025],[-81.69922656799997,36.46396610900007],[-81.70825056999996,36.46222410800004],[-81.71489357199994,36.45722710700005],[-81.71373957099996,36.447121105000065],[-81.71744657199997,36.445166104000066],[-81.71418957099996,36.44146510300004],[-81.71456757099998,36.437114103000056],[-81.72123157299995,36.43395410200003],[-81.71756457099997,36.43040210100003],[-81.72073757199996,36.42254409900005],[-81.72716757399996,36.41993209900005],[-81.72992757399999,36.41542909700007],[-81.73339557499997,36.41489409700006],[-81.73430057499996,36.41260409700004],[-81.74065457699999,36.41314809700003],[-81.74199857699995,36.410967096000036],[-81.74012657699996,36.40811709600007],[-81.74136757699995,36.40317609400006],[-81.73865957599998,36.40121209400007],[-81.73872157599999,36.394810093000046],[-81.73099057299999,36.39391609300003],[-81.72857357199996,36.391249093000056],[-81.73019657299994,36.38881909200006],[-81.72930957199998,36.385607091000054],[-81.73461457299999,36.379577090000055],[-81.72608556999995,36.36890008800003],[-81.72405056899998,36.36430008700006],[-81.72432356899998,36.35776508600003],[-81.72145856799995,36.351174085000025],[-81.71740856599996,36.34778608400006],[-81.70778856299995,36.346014084000046],[-81.70530256199999,36.34185908300003],[-81.70744156299997,36.33517808200003],[-81.71831356599995,36.33606208200007],[-81.72101856699999,36.33865208200007],[-81.72809556899995,36.34144708200006],[-81.73596057199995,36.342994082000075],[-81.74446457399995,36.33778508100005],[-81.75442357699995,36.33705108000004],[-81.76203857899998,36.34019408100005],[-81.76493057999994,36.33867908000008],[-81.76900958099998,36.342290081000044],[-81.77484358299995,36.344488081000065],[-81.778916585,36.34864708200007],[-81.78938858799995,36.34816108100006],[-81.79360058999998,36.36221608400007],[-81.79716959099994,36.35867708300003],[-81.80081559199994,36.35808008300006],[-81.81290759499996,36.35107308100004],[-81.83320560099997,36.34734607900003],[-81.84127160299994,36.34332807800007],[-81.85733660699998,36.33479407600004],[-81.87938561299995,36.31377407100007],[-81.88724661499998,36.30920006900004],[-81.89770461799998,36.307453069000076],[-81.90814061999998,36.30202006700006],[-82.02664364499998,36.13022902700004],[-82.02874364599995,36.124329025000065],[-82.03314464699997,36.12042902400003],[-82.03794464799995,36.12112902400003],[-82.04394464999996,36.125428025000076],[-82.05414565299998,36.126828025000066],[-82.05604565399994,36.12072802400007],[-82.06134565499997,36.11312802200007],[-82.06714565599998,36.112027021000074],[-82.08014665999997,36.105727020000074],[-82.09854766499996,36.10572601900003],[-82.10544766699996,36.10812601900005],[-82.11524866999997,36.104625018000036],[-82.12714967399995,36.10442401700004],[-82.13064967499997,36.10642401800004],[-82.13797767799997,36.11958302000005],[-82.13655067799994,36.12882402200006],[-82.14795168299997,36.149523026000054],[-82.16088668599997,36.146555025000055],[-82.17215268999996,36.14642102400006],[-82.17685269099997,36.14222102300005],[-82.18365369299994,36.14442102400005],[-82.18751269399996,36.15110502500005],[-82.19195369599998,36.14882002400003],[-82.20487569999995,36.15707402500004],[-82.21385570299998,36.15911902500005],[-82.22205570499995,36.15691802500004],[-82.22485570499998,36.15001802300003],[-82.24752471099998,36.13087201800005],[-82.25325671299998,36.13371701900007],[-82.26035671499994,36.13371701800003],[-82.26569371599999,36.127621017000024],[-82.26875371699998,36.12704701700005],[-82.27405771899998,36.12941701700004],[-82.28035772099997,36.128817017000074],[-82.28945872399999,36.13571701800004],[-82.30285872699994,36.131317016000025],[-82.32145173199996,36.11955801300007],[-82.33675973599998,36.11491601100005],[-82.34686073899996,36.11521601100003],[-82.34996074099996,36.117116011000064],[-82.35516074199995,36.11561601100004],[-82.36656974499994,36.107657009000036],[-82.37556174699995,36.10561600800003],[-82.38046174899995,36.09931600600004],[-82.38996175099999,36.09691600600007],[-82.40946175599998,36.083416002000035],[-82.46066176699998,36.00781598400005],[-82.47419376999994,36.00011498200007],[-82.48229577299998,35.99782998100005],[-82.48468177299998,35.99285598000006],[-82.50538777799994,35.97768697600003],[-82.53129578599999,35.97219497400005],[-82.54968579099994,35.96428197200004],[-82.55787779199994,35.953907969000056],[-82.57517379799998,35.95839097000004],[-82.57772279899996,35.96420297100008],[-82.58100679999995,35.96556397100005],[-82.59198080299996,35.966391971000064],[-82.60037380599994,35.964632970000025],[-82.61089280899995,35.96741597000005],[-82.61088880899996,35.97444897100007],[-82.60424280799998,35.98732597400004],[-82.60694780899996,35.99217697500006],[-82.61303181099998,35.99400697500005],[-82.61506581199995,36.00031297700008],[-82.61436581199996,36.00351297700007],[-82.60846581099997,36.008313979000036],[-82.60826681099996,36.01531398000003],[-82.60286780899997,36.01791398100005],[-82.60396680999997,36.02131398100005],[-82.60176680999996,36.024313982000024],[-82.59076680699997,36.03191298400003],[-82.59096680699997,36.03361298500005],[-82.59196780699995,36.03571298500003],[-82.60176680999996,36.03601298500007],[-82.60288081099998,36.03983998500007],[-82.60616681199997,36.041012985000066],[-82.609666813,36.04491298600004],[-82.61816781599998,36.04701198600003],[-82.61726781599998,36.05421198800008],[-82.61866781599997,36.056111988000055],[-82.63226882099997,36.06571199000007],[-82.63716882199998,36.06581198900005],[-82.65016882599997,36.057811987000036],[-82.66266882899998,36.05501198600007],[-82.68356883499996,36.04611098300006],[-82.68886883599998,36.03861098200008],[-82.70106883899996,36.034410980000075],[-82.70746884099998,36.03011097900003],[-82.71516884299996,36.028610979000064],[-82.71596884299998,36.02281097700006],[-82.72506884599994,36.018210976000034],[-82.73186884799998,36.01761097600007],[-82.75006885199997,36.00601097300006],[-82.77600485999994,36.00010997000004],[-82.77859285999995,35.99700797000003],[-82.77940085999995,35.99251796900006],[-82.78527086199995,35.98793396700006],[-82.78556186099996,35.977801965000026],[-82.78181285999995,35.97456896500006],[-82.77862885899998,35.97479896500005],[-82.77490885799995,35.97198496500005],[-82.77775485799998,35.96691896300007],[-82.78453985999994,35.963911962000054],[-82.78746886,35.95216996000005],[-82.80043486299996,35.94416195800005],[-82.80585486499996,35.937944956000024],[-82.80277286299997,35.930135955000026],[-82.80500086399996,35.927174954000066],[-82.81107086599997,35.926807954000026],[-82.82186486799998,35.92184595200007],[-82.82893687099994,35.932938954000065],[-82.84985287799998,35.947778957000025],[-82.85255787899996,35.949095957000054],[-82.86072788099995,35.94743695600005],[-82.87416288599997,35.95270495700004],[-82.89266289099999,35.94518895400006],[-82.89850889199994,35.945107954000036],[-82.90171689299996,35.937719952000066],[-82.89901089199998,35.93038795100006],[-82.90162689199997,35.927390950000074],[-82.90483289299993,35.92610895000007],[-82.91061189499999,35.92693695000003],[-82.91438489599994,35.92968995000007],[-82.92001389799998,35.92842895000007],[-82.91682789699996,35.92415794900006],[-82.91334089599997,35.924119949000044],[-82.91169889499997,35.91675994800005],[-82.91450689499999,35.91516094700006],[-82.91028289399998,35.91257594700005],[-82.90692089299995,35.907403946000045],[-82.90842089299997,35.905080945000066],[-82.90596189199994,35.90320994500007],[-82.90184688999994,35.89293694300005],[-82.90184688999994,35.89028094300005],[-82.90653189099999,35.884095941000055],[-82.90356488999998,35.880384940000056],[-82.89632788799997,35.88030694100007],[-82.89727688799996,35.87788894000005],[-82.90130488899996,35.872599939000054],[-82.91226889199999,35.868542938000076],[-82.92061289399999,35.86847893700008],[-82.92121789399994,35.86383293600005],[-82.91937789299999,35.860529936000034],[-82.92097789299999,35.85107993400004],[-82.91655489199997,35.84137593200006],[-82.93186289599998,35.83635793000008],[-82.93744089699999,35.82732692800005],[-82.94551889899998,35.82466892700006],[-82.96172790199995,35.800497922000034],[-82.96220990199998,35.79276192000003],[-82.96409190199995,35.78998691900006],[-82.96965190399999,35.78966991900006],[-82.98397390799994,35.77801691600007],[-82.99205690999997,35.77395491500005],[-83.00147691299998,35.77375891400004],[-83.00607091399996,35.77841091500005],[-83.03621292399998,35.78741191600005],[-83.04411192599997,35.78535391500003],[-83.05268092899996,35.78955491600004],[-83.06397893199994,35.786649915000055],[-83.07222493399996,35.78831691500005],[-83.07403393499999,35.790022915000065],[-83.07873593599999,35.789478915000075],[-83.08520893799994,35.78580091400005],[-83.08605793799995,35.783633913000074],[-83.09719694099994,35.776073911000026],[-83.10458794299996,35.77423691000007],[-83.12018694699998,35.76624090800004],[-83.12771094899995,35.76809990800007],[-83.14808395499995,35.76430190700006],[-83.15921195799996,35.76489890600004],[-83.16491295999998,35.75997190500004],[-83.16477395899994,35.754624904000025],[-83.17017696099998,35.74611390200005],[-83.17750296299994,35.74391990100003],[-83.18568896399995,35.72989689800005],[-83.19827096799997,35.725500897000074],[-83.20375596899999,35.72655989700007],[-83.21450497199999,35.72444089600003],[-83.21998497399994,35.726607896000075],[-83.24067297999994,35.726766895000026],[-83.24350498099994,35.72253989400008],[-83.25125098299998,35.719922893000046],[-83.25535498399995,35.71623689200004],[-83.25423398299995,35.709484891000045],[-83.25611498299997,35.70396789000006],[-83.25561398299999,35.69606788800007],[-83.25812098299997,35.69193088700007],[-83.26928098599996,35.68540988600006],[-83.27138198599994,35.68148288500004],[-83.28916899099994,35.67451588200004],[-83.29107899099995,35.66713788100003],[-83.29715799299998,35.65775687900003],[-83.31276099699994,35.65481587700003],[-83.321105,35.662821879000035],[-83.33496900399996,35.665477879000036],[-83.33768700499996,35.66308087800007],[-83.35156400899996,35.659864877000075],[-83.35554100999997,35.654638876000035],[-83.35620600899995,35.65002587500004],[-83.36694501199997,35.63873487200004],[-83.37217801299994,35.63931687200005],[-83.37798801499997,35.63450287100005],[-83.38872601799994,35.633590870000035],[-83.39265601899996,35.62510186800006],[-83.39663001999998,35.62272686700004],[-83.40606502199995,35.620191867000074],[-83.420374026,35.61347386500006],[-83.42158002599996,35.61119286400003],[-83.43230202899997,35.60994786300006],[-83.44580603299994,35.611809863000076],[-83.45572603599999,35.598051860000055],[-83.46268203699998,35.59260685900006],[-83.47136603999996,35.590310858000066],[-83.47268803999998,35.58655885700006],[-83.47908604199995,35.58332285600005],[-83.47852704099995,35.57920885500005],[-83.48553104299998,35.56821085300004],[-83.49165104399998,35.56687385200007],[-83.49833904599996,35.56298785100006],[-83.51756805199994,35.56287785000006],[-83.52047305299999,35.565608851000036],[-83.53417305699998,35.564674850000074],[-83.54083005899997,35.56570885000008],[-83.55217106199996,35.564352849000045],[-83.56609406599995,35.565999849000036],[-83.58559407199994,35.56294784800008],[-83.59427407499999,35.572918849000075],[-83.60185807699997,35.57823485000006],[-83.60889307899998,35.57945785000004],[-83.61531608099995,35.57403284900005],[-83.62973808499999,35.567895847000045],[-83.63236208599994,35.569099847000075],[-83.64050208799995,35.56608184600003],[-83.64548508899998,35.56583184600004],[-83.65793709299999,35.56921784600007],[-83.66092909399998,35.56821384600005],[-83.67627209799997,35.57029584600008],[-83.70066710499998,35.56762784400007],[-83.70720310699994,35.56853984400004],[-83.723463112,35.56188084200005],[-83.73295111499993,35.56315584200007],[-83.73567311599999,35.56546184200005],[-83.74989811899997,35.56115284100008],[-83.75692112199994,35.56361084100007],[-83.76461012399994,35.56154484000007],[-83.77174012599994,35.562124840000024],[-83.77309612599998,35.55747183900007],[-83.78013312799999,35.55039383700006],[-83.80243813399994,35.54159483500007],[-83.80980213499998,35.53431683300005],[-83.82559413899997,35.52383583000005],[-83.83189914099995,35.524772830000074],[-83.84850614599998,35.51926582800007],[-83.85926514899995,35.521857828000066],[-83.87263415299998,35.52115182800003],[-83.88007815499998,35.518751827000074],[-83.89207815799995,35.503095823000024],[-83.89567315899995,35.50187482300004],[-83.90138515999996,35.49655982100006],[-83.900342159,35.49310182100004],[-83.90561616099995,35.48906682000006],[-83.91177716199996,35.47603481700003],[-83.91680516299994,35.473618816000055],[-83.92489916499994,35.47389081600005],[-83.93701916899994,35.47151781500003],[-83.94299116999997,35.465090813000074],[-83.94939317199999,35.461170812000034],[-83.95288617299997,35.46064181200006],[-83.95542017399998,35.463462812000046],[-83.96105717499995,35.46414981200007],[-83.96140417499998,35.45950281100005],[-83.96523317599997,35.45540581000006],[-83.97144317799996,35.455151810000075],[-83.97306117799997,35.448927809000054],[-83.97829017899994,35.44782680800006],[-83.98323718099994,35.44235680700007],[-83.99257218299994,35.43807180600004],[-83.99662318399999,35.43376780400007],[-83.99991018399999,35.425207803000035],[-84.01471118799998,35.411989799000025],[-84.02301118999998,35.41169079900004],[-84.02151118899997,35.40418979700007],[-84.01881118799997,35.39978979700004],[-84.01411118699997,35.39778979600004],[-84.00821118499994,35.39038979500003],[-84.01121118499998,35.38438979400007],[-84.00831118399998,35.37888979300004],[-84.00759018399998,35.37166779100005],[-84.02346018699996,35.35422378700002],[-84.03247018999997,35.35260078600004],[-84.03690119099997,35.35067878600006],[-84.03833119099994,35.34781978500007],[-84.03397918899998,35.34277778400008],[-84.03619818999994,35.33768078300005],[-84.03127618799994,35.33644478300005],[-84.02938118799995,35.333203782000055],[-84.03221318799996,35.32858978100006],[-84.03571418799999,35.312889778000056],[-84.02651418499994,35.30928977700006],[-84.021414183,35.301389776000065],[-84.02351418399996,35.29578977500006],[-84.03601518699998,35.288689773000044],[-84.04271518799999,35.27838977000005],[-84.05261619099997,35.269988768000076],[-84.08112119799995,35.26115276500008],[-84.08291719899995,35.25708876400006],[-84.09807220299996,35.24721576200005],[-84.10227420399997,35.24812176200004],[-84.10670420499997,35.25151676200005],[-84.10903620599998,35.249631762000035],[-84.11018720599998,35.25046976200008],[-84.11331820699996,35.24898776100002],[-84.11891820899996,35.25228776200004],[-84.12561921099996,35.24938776100004],[-84.12681921099994,35.246487760000036],[-84.12571920999994,35.242787760000056],[-84.12791921099995,35.24108775900004],[-84.14312821599998,35.246885760000055],[-84.15892021999997,35.24588675900003],[-84.16132022099998,35.243486758000074],[-84.17042022399994,35.24578575900006],[-84.17852022599999,35.24068575700005],[-84.18842122799998,35.239985757000056],[-84.19222122999997,35.243085757000074],[-84.20012123199996,35.24468575700007],[-84.20288323399996,35.255778759000066],[-84.21182223699998,35.26608476100006],[-84.22372223999997,35.269084761000045],[-84.23182224299995,35.264784760000055],[-84.24302324499996,35.25318475700004],[-84.25282324799997,35.249483756000075],[-84.25772324899998,35.24618375500006],[-84.26032324899995,35.24188375400007],[-84.27542425299998,35.234783752000055],[-84.28322425499994,35.22658375000003],[-84.28798625599995,35.224474749000024],[-84.29024425699998,35.22557875000007],[-84.32187325299998,34.98841469900003],[-84.02995816799995,34.987327710000045],[-83.61998904799998,34.98659872600007],[-83.62018904799999,34.99209772700004],[-83.322771962,34.99588073900003],[-83.10860989899999,35.00066574900006],[-82.78787080999996,35.08503077900008],[-82.78328680799996,35.085606779000045],[-82.77636080599996,35.081355778000045],[-82.78197680699998,35.066823775000046],[-82.77737980599994,35.06414977500003],[-82.76446780199996,35.06818377600007],[-82.75770779999993,35.06802577600007],[-82.75416579899996,35.06963577700003],[-82.75126879799996,35.07346977800006],[-82.75181679899998,35.079898779000075],[-82.74888279799995,35.081099779000056],[-82.74325879599996,35.078698779000035],[-82.73838279499995,35.07945977900005],[-82.73011279299999,35.088287781000076],[-82.72701379199998,35.09414878300004],[-82.71530078899997,35.09294978300005],[-82.70049978499998,35.10076578500008],[-82.69768078399994,35.09573278400006],[-82.68648778099998,35.10817078700006],[-82.68728578199995,35.11067378800004],[-82.69462978399997,35.11474178800006],[-82.69355578399995,35.11688578900004],[-82.69244878399996,35.118675789000065],[-82.68674178199996,35.119796790000066],[-82.68708778199994,35.125122791000024],[-82.68144678099998,35.127924792000044],[-82.67461877899996,35.12644179200004],[-82.67327577799995,35.117486790000044],[-82.66905377699999,35.12062279100007],[-82.66797577599993,35.11879479000004],[-82.66238477499996,35.11812979000007],[-82.65351377199994,35.12197479100007],[-82.65175677199994,35.12336979200006],[-82.65219477199997,35.12605379200005],[-82.64529876999995,35.12681379300005],[-82.64104576899996,35.13232579400005],[-82.64016276899997,35.13004879400006],[-82.63648076799996,35.13036379400006],[-82.63623976699995,35.12550179300007],[-82.62903476499997,35.12616179300005],[-82.62118876399995,35.13464179500005],[-82.61244776099994,35.13824079600005],[-82.60236175799997,35.13904279700006],[-82.59814375699995,35.13773579700006],[-82.59243375499994,35.13900879700003],[-82.58816175399994,35.142934798000056],[-82.58069075199995,35.14174879800004],[-82.56991574899996,35.14527480000004],[-82.56377074799997,35.15158180100008],[-82.55859674599998,35.15093480100006],[-82.55333374499997,35.153499802000056],[-82.55576174599997,35.15935280300005],[-82.55327374499996,35.16165980400007],[-82.54991074399999,35.16159080400007],[-82.54637774299994,35.16373780400005],[-82.53675073999995,35.16009780400003],[-82.53647773999995,35.15478980300003],[-82.52997673799996,35.155623803000026],[-82.51992973499995,35.15911180400008],[-82.518877735,35.16222580500005],[-82.51604773399998,35.16344880500003],[-82.50791773199995,35.16241280600008],[-82.50368373099997,35.16593280600006],[-82.49846772899997,35.16296080600006],[-82.49501972799999,35.164518806000046],[-82.48736072599996,35.17250080800005],[-82.48394072499997,35.173804809000046],[-82.47613972299996,35.17549281000004],[-82.46799472099997,35.17463981000003],[-82.46009571899998,35.178149811000026],[-82.45431271699994,35.17742081100005],[-82.45161271599994,35.172705810000025],[-82.45763971699995,35.16684380800007],[-82.45713171699998,35.16395680800008],[-82.45046871499994,35.16612480900005],[-82.43959871199996,35.16586980900007],[-82.43467971099994,35.16828581000004],[-82.43066970999996,35.17830481200008],[-82.42680870899994,35.17892481200005],[-82.42581870899994,35.18208681300007],[-82.42800370899994,35.18323081300008],[-82.42446470899995,35.19309881500004],[-82.41974770799999,35.198619817000065],[-82.40335170299994,35.20447981800004],[-82.39293370099995,35.21540882100004],[-82.39044269999994,35.21540182100006],[-82.38403269799994,35.21054882000004],[-82.37874769599995,35.19805981800005],[-82.38259769699994,35.192499817000055],[-82.382220696,35.189599816000054],[-82.37130169299996,35.18145581500005],[-82.36430269099998,35.18473181600007],[-82.36325969099994,35.18964581700004],[-82.36147268999997,35.190837817000045],[-82.34455768499998,35.193121818000066],[-82.33951168399994,35.18893681800006],[-82.33297868199998,35.19065181800005],[-82.33055268099997,35.18677381700007],[-82.32335367899998,35.184795817000065],[-82.31486667599995,35.191095819000054],[-82.29535767099998,35.194971820000035],[-82.28845666899997,35.19861182200003],[-82.27492366499996,35.200077822000026],[-82.17687763599997,35.19379682500005],[-82.08958960999996,35.19070482700005],[-81.71626249899998,35.17885883900004],[-81.10929831699997,35.154121856000074],[-81.04287329699997,35.149254857000074],[-81.04782929799995,35.143749856000056],[-81.05104029899996,35.13166085300003],[-81.03897129499995,35.126305853000076],[-81.03300829199998,35.11375385000008],[-81.03280929199997,35.10805584900004],[-81.03737229299998,35.10254784800003],[-81.04652729599997,35.100623847000065],[-81.05208129699997,35.096282846000065],[-81.05723929799996,35.08613584300008],[-81.05803229799994,35.073196841000026],[-81.05765129699995,35.062439838000046],[-81.04149229099994,35.04470983500005],[-80.95787326899995,35.092645848000075],[-80.93495326299995,35.10741585200003],[-80.88489024499995,35.05351684300007],[-80.78204520799994,34.935788821000074],[-80.79754620599994,34.81979279600006],[-80.49979111799996,34.817267806000075],[-79.87069592899996,34.80538482500003],[-79.67530186999994,34.804750832000025],[-79.35831976199995,34.54536478600005],[-79.24976572499997,34.44978076900003],[-79.14324468799998,34.35982375300006],[-78.85538758999996,34.11800270900005],[-78.54203248399995,33.85193066100004],[-78.50940847399994,33.86616466500004],[-78.39116443999995,33.899006676000056],[-78.38712443899993,33.90196567700008],[-78.38023143699996,33.90334667700006],[-78.36454443299993,33.902754678000065],[-78.35025542799997,33.905738679000024],[-78.31534441799994,33.90965868100005],[-78.23952439499999,33.91577368500003],[-78.23001739199998,33.91242068400004],[-78.17772337699995,33.914278686000046],[-78.13695536399996,33.912184687000035],[-78.10975135599995,33.909264687000075],[-78.07151034399999,33.901636687000064],[-78.01879132799996,33.887539685000036],[-77.99875532099998,33.88026268400006],[-78.00588532299997,33.87039568200004],[-78.01016432399996,33.86763268100003],[-78.00541032199999,33.86013368000005],[-77.99625331899995,33.854878679000024],[-77.97142231099997,33.84730367800006],[-77.96279630899994,33.84232267700003],[-77.96048830799998,33.84315767700008],[-77.95688430899997,33.87779668500008],[-77.95335830799996,33.89565268900003],[-77.94657130699994,33.91226769300005],[-77.92831730299997,33.94549570100003],[-77.91972530099997,33.967568707000055],[-77.91553929999998,33.971729708000055],[-77.87183429199996,34.08345973400003],[-77.82921228299995,34.162624753000046],[-77.77533626999997,34.23332777000007],[-77.74013926099997,34.27255278000007],[-77.71332525399998,34.294885786000066],[-77.68905824799998,34.32033379300003],[-77.66719224199994,34.33819479700003],[-77.65394423899994,34.34512579900007],[-77.58232621999997,34.400512814000024],[-77.55694621299995,34.41722481800008],[-77.49179919499994,34.456104829000026],[-77.46292518699994,34.47136083300006],[-77.41121117199998,34.49642484100008],[-77.32394114799996,34.53484485200005],[-77.30896914399995,34.54329685400006],[-77.25865012999998,34.577622863000045],[-77.23289312299994,34.59197486800008],[-77.23190712299998,34.59647986900006],[-77.23723812399999,34.593713868000066],[-77.24001912499995,34.594190868000055],[-77.24280112599996,34.59800686900007],[-77.21162611799997,34.62347387500006],[-77.20471111599994,34.63427987800003],[-77.20157111499998,34.63432387800003],[-77.17933410899997,34.64427388100006],[-77.16341510499996,34.65369988300006],[-77.15171010099994,34.663136886000075],[-77.15553410299998,34.66628288600003],[-77.15460710299999,34.667902887000025],[-77.13780309799995,34.67028588800002],[-77.13363109599999,34.672763889000066],[-77.13676009799997,34.67676688900008],[-77.13618009699996,34.678291890000025],[-77.12586609499994,34.68524889200006],[-77.11705809199998,34.68696389200005],[-77.10917808899995,34.677528890000076],[-77.10500608799998,34.67552789000007],[-77.09272108399995,34.67295489000003],[-77.08333408099998,34.673240890000045],[-77.08356608099996,34.67600389100005],[-77.05482507299996,34.68095989300008],[-77.05621507399997,34.687344894000034],[-77.05355007299994,34.68763089400005],[-77.04824407099994,34.68395389400007],[-77.04335106999997,34.68677289500005],[-77.04219206899995,34.68972789500003],[-77.04033806899997,34.68953689500006],[-77.03660606699998,34.682356894000065],[-77.03049806499996,34.681820894000055],[-77.02411306399995,34.68896489600007],[-77.01692806199998,34.68782189600006],[-77.01716006199996,34.69458689700008],[-77.00881605999996,34.69668389800006],[-77.00846805899994,34.693443897000066],[-77.00521705799997,34.692479897000055],[-76.98633305299995,34.70106590000006],[-76.97764104999999,34.70325790000004],[-76.97173004899997,34.70925990200004],[-76.96755804699995,34.706782901000054],[-76.96188004599998,34.707258902000035],[-76.96014104499994,34.70887890200004],[-76.95399904299995,34.70945090300006],[-76.95075404299996,34.71126090300004],[-76.94530704099998,34.71116490300005],[-76.93638403799997,34.71726190500004],[-76.93244303699998,34.716213905000075],[-76.91975303399994,34.72020390600005],[-76.91111003099996,34.72121890600005],[-76.90265902899995,34.726501908000046],[-76.89559002599998,34.72545390800008],[-76.88562302299994,34.72697790900003],[-76.87519301999998,34.726215909000075],[-76.85189901299998,34.72735891000008],[-76.84193200999994,34.72935891100008],[-76.80704899899996,34.72507291100004],[-76.78259599199998,34.72526391200006],[-76.76845698799997,34.724405912000066],[-76.76011298499998,34.72154891100007],[-76.75582498399996,34.722500912000044],[-76.73438497699993,34.721167912000055],[-76.72092497299997,34.71797291200005],[-76.71665297199996,34.718690912000056],[-76.71402597099996,34.71576291200006],[-76.70657096799994,34.71735691200007],[-76.70344196699995,34.715261912000074],[-76.69046196399995,34.716023912000026],[-76.68721696199998,34.709926911000025],[-76.68072695999996,34.70621091100003],[-76.67933595999995,34.70678291100006],[-76.68072695999996,34.712593912000045],[-76.67829295999996,34.714784913000074],[-76.67272995799993,34.71468991300003],[-76.66979595699996,34.71115791200003],[-76.64935495099996,34.70939891200004],[-76.61936694099995,34.704199912000036],[-76.61560493999997,34.710180914000034],[-76.62701294399994,34.71936291500003],[-76.62725094499996,34.72463791600006],[-76.62225994299996,34.72834991700006],[-76.62487394399994,34.733818918000054],[-76.62245294399997,34.737565919000076],[-76.62416094499997,34.74651392100003],[-76.61774394299994,34.75315392300007],[-76.61869494399997,34.760378925000055],[-76.61489194299998,34.77677992800005],[-76.61726894499998,34.787906931000066],[-76.60443394099997,34.78985893200007],[-76.59944293899997,34.78380793000008],[-76.59762093799998,34.77724492900006],[-76.59373793699996,34.77170392800008],[-76.58565693399999,34.769946928000024],[-76.58423593399993,34.77191792800005],[-76.57876393199996,34.77287492900007],[-76.57567493099998,34.768384928000046],[-76.57781393199997,34.76662692700006],[-76.57757593099996,34.760378926000044],[-76.58417593299998,34.76033592600004],[-76.58589493399995,34.75666892500004],[-76.57519892899995,34.73967892100006],[-76.57805092999996,34.73479592000007],[-76.58137893099996,34.73459992000005],[-76.58209193099998,34.73127991900003],[-76.57567492899994,34.72170791700006],[-76.56165092499998,34.72287991800005],[-76.55309492199996,34.72580991900003],[-76.54029591799997,34.71905391800004],[-76.53408091599994,34.723465919000034],[-76.52172091199998,34.72112191900004],[-76.51981991199995,34.71877691800006],[-76.51577890999994,34.719558919000065],[-76.51268890899996,34.720339919000025],[-76.50674690799997,34.72620092100004],[-76.50579690799998,34.729325921000054],[-76.49985090599995,34.729351921000045],[-76.49842890599996,34.73206092200007],[-76.50318190799999,34.74475692500005],[-76.51007490999996,34.74768592500004],[-76.51411591199997,34.754325927000025],[-76.49961690699996,34.75940292800004],[-76.49795290699996,34.76389392900006],[-76.49058490499993,34.762526929000046],[-76.48797090399995,34.75510692800003],[-76.48535590299997,34.75491192800007],[-76.48464290299995,34.76096492900007],[-76.47965190099995,34.76330793000005],[-76.47305589999996,34.769385931000045],[-76.47180889999998,34.77677993300006],[-76.46598889799998,34.780438934000074],[-76.46301889699998,34.78508293500005],[-76.45136789499998,34.808009940000034],[-76.44946689499994,34.81483994200005],[-76.43686989099996,34.818742943000075],[-76.43140288999996,34.828887946000066],[-76.42759988899996,34.83142494600003],[-76.42403488799994,34.832594947000075],[-76.41856788599995,34.82674194600003],[-76.41524088499995,34.827717946000064],[-76.41215088399997,34.83220494700004],[-76.41500288499998,34.83825294800005],[-76.41161188399997,34.841274949000024],[-76.40882288399996,34.854637952000076],[-76.41001188499996,34.861463954000044],[-76.40525788399998,34.87686995700005],[-76.40573388399997,34.883108959000026],[-76.40240588399996,34.886617959000034],[-76.39670188199995,34.883888959000046],[-76.39170987999995,34.87862395800005],[-76.39194787999998,34.87394495700005],[-76.39884088199994,34.86575395500006],[-76.39313687899994,34.85756295300007],[-76.38648187699994,34.85541795300003],[-76.38220287599995,34.85697795300007],[-76.38301087599996,34.86105695400005],[-76.37964387599999,34.86258695500004],[-76.37715687499997,34.867559956000036],[-76.36827687299996,34.872887957000046],[-76.34678886599994,34.87335995800004],[-76.34488786599997,34.87803895900004],[-76.33137486199996,34.88488496100007],[-76.31408885799993,34.906328967000036],[-76.33680586499997,34.90981596700004],[-76.33989586599995,34.91839196800004],[-76.33419186399993,34.921509969000056],[-76.34132186699998,34.92482297000004],[-76.34084686699998,34.933396972000025],[-76.33205286399993,34.93592997300004],[-76.32658586299993,34.93437097200007],[-76.31351385799996,34.92677097100005],[-76.29760585299994,34.92366497100005],[-76.29592585299997,34.92988897200007],[-76.29782685399994,34.934565973000076],[-76.29235985199995,34.93787797400006],[-76.28594284999997,34.93807297400008],[-76.27952584899998,34.94138497500006],[-76.28118884899999,34.94664597700006],[-76.27667384799997,34.95404897800006],[-76.27786184899998,34.96067198000003],[-76.28927085299995,34.968072981000034],[-76.30566985899998,34.99144298600004],[-76.28808185399998,34.99631098700007],[-76.27429684899994,34.987158986000054],[-76.26241284499997,34.975279983000064],[-76.25670784299996,34.977031984000064],[-76.25076584199996,34.981316985000035],[-76.24387383999994,34.996894989000054],[-76.24931584199999,35.00067498900006],[-76.29368485599997,35.00963999000004],[-76.31854886399998,35.02065199200007],[-76.32920086799999,35.023174992000065],[-76.33538986999997,35.026856992000035],[-76.36413987899994,35.036603994000075],[-76.36865587999995,35.03465799300005],[-76.36746687999994,35.03115499200004],[-76.35082987399994,35.01558399000004],[-76.34037186999996,34.99728398600007],[-76.33395386799998,34.99241598500004],[-76.32955986599995,34.98690798400003],[-76.32788986499997,34.98134098300005],[-76.32064386299999,34.97547398200004],[-76.31945586199998,34.96593098000005],[-76.32444686299993,34.96047697800003],[-76.32967586499996,34.96456697900004],[-76.33204686599998,34.970923980000066],[-76.33490486699998,34.970604980000076],[-76.33490486699998,34.96729397900003],[-76.34037186799998,34.96631997900005],[-76.34675587099997,34.97190998000008],[-76.35510787299995,34.97138498000004],[-76.36176287499995,34.976447981000035],[-76.36342687599995,34.96924197900006],[-76.37600887999997,34.973870979000026],[-76.37815588099994,34.978617980000024],[-76.38148988199998,34.97917498000004],[-76.38267888199994,34.978200980000054],[-76.38030188099998,34.970215979000045],[-76.38743188199999,34.95112697400003],[-76.39836588499998,34.94547697300004],[-76.40026688599994,34.95755497500005],[-76.40311888699995,34.963398976000065],[-76.40882288899996,34.96203497600004],[-76.41524089099994,34.95307497400006],[-76.42284689299998,34.95073697300006],[-76.42997689599997,34.96865797700008],[-76.42237089399998,34.97722697900008],[-76.42546389599994,35.001470984000036],[-76.43164089799996,34.999035983000056],[-76.43591889899994,35.000982984000075],[-76.44043490099995,35.01461098600004],[-76.43591889999993,35.02064498800007],[-76.43758290099998,35.024537989000066],[-76.43045189899993,35.02823599000004],[-76.42260889599999,35.02667899000005],[-76.42403489699996,35.02901399000007],[-76.43306689999997,35.033490991000065],[-76.43496790099994,35.04263699300003],[-76.43256790099997,35.04906799400004],[-76.43576490199996,35.05794799600005],[-76.44019690299996,35.059759996000025],[-76.44613890499994,35.05839799600005],[-76.45065490699994,35.06287199700006],[-76.45089290699997,35.06695799800008],[-76.46347091099994,35.07641799900006],[-76.47038191299998,35.07571099900008],[-76.47751291499998,35.058397995000064],[-76.47061991299995,35.058397995000064],[-76.46467790999998,35.04672299300006],[-76.47133291199998,35.04380499200005],[-76.47703791399994,35.03816099000005],[-76.47941391499995,35.044387992000054],[-76.48226591499997,35.044387992000054],[-76.48581491599998,35.04060699100006],[-76.49391291799998,35.02317498700006],[-76.49272391799997,35.020644986000036],[-76.48654491599996,35.020449986000074],[-76.48868391599996,35.01519498500005],[-76.49588191799995,35.01166898400004],[-76.49747791799996,35.00818698300003],[-76.49201091599997,35.000398982000036],[-76.48961491499995,34.99375198000007],[-76.48321691299998,34.99163698000007],[-76.48416791299996,34.98813197900006],[-76.49129791499996,34.985405978000074],[-76.49795291699996,34.98501697800003],[-76.51007492199994,34.99669998000007],[-76.51157192299996,35.005081982000036],[-76.52785992699995,35.00258498100004],[-76.54358793199998,35.001956980000045],[-76.56470393799998,34.99834597900008],[-76.56640493899994,34.99533697800007],[-76.57971494299994,34.99007997700005],[-76.58019094299993,34.98774297600005],[-76.57464394099998,34.983452975000034],[-76.57852694199994,34.97625297400003],[-76.58969794499995,34.97761697300007],[-76.60609794999993,34.984821975000045],[-76.61869495399998,34.98793797500008],[-76.63105395799994,34.988716975000045],[-76.64554896199996,34.984038973000054],[-76.65743596599998,34.982484972000066],[-76.66195196699994,34.980147972000054],[-76.66617096799996,34.97402897000006],[-76.67690197099995,34.96881996900004],[-76.67645097099995,34.958918967000045],[-76.67977797099996,34.953853965000064],[-76.68643297399996,34.95638596600003],[-76.69998097799999,34.95677596500008],[-76.70758697999997,34.95424296500005],[-76.71804498199998,34.93612496000003],[-76.72660098499995,34.92794095800008],[-76.73349398699997,34.92735595800008],[-76.73705898799994,34.93086395800003],[-76.74086198899994,34.931642958000054],[-76.74561598999998,34.93027895800003],[-76.74371398999995,34.926381957000046],[-76.74537798999995,34.922288956000045],[-76.75250799199995,34.92189995600006],[-76.75345899199993,34.91780695500006],[-76.76082699399996,34.915857954000046],[-76.78767500299995,34.92893395600004],[-76.80435400899995,34.93469995700008],[-76.81121501099994,34.939241958000025],[-76.82737701599996,34.94119095800005],[-76.84781802199996,34.936319956000034],[-76.85352202399997,34.93768295600006],[-76.85399802399996,34.941579957000044],[-76.86825802899995,34.947619958000075],[-76.88917403499994,34.94820395700003],[-76.89464103699999,34.95054195800003],[-76.89392803699997,34.953853958000025],[-76.89582903799999,34.95774995900007],[-76.93575904999994,34.97313696100008],[-76.94098805199997,34.97917496200006],[-76.95168405599998,34.98715896400006],[-76.97046106199997,34.997283965000065],[-76.97996806599997,35.00915996800006],[-76.98926506999999,35.04379897500007],[-76.99351607199998,35.04711297600005],[-76.99874507399994,35.05489597700006],[-77.01466907899999,35.06812498000005],[-77.01633307999998,35.08037998200007],[-77.02536508299994,35.083491983000044],[-77.03035608499994,35.09029898400007],[-77.03392108599996,35.09224398400005],[-77.03772408799995,35.09924398600003],[-77.03439608699995,35.10371698700004],[-77.03462208699995,35.111196988000074],[-77.04319108999994,35.12179899000006],[-77.05269809399994,35.12724199100006],[-77.05103409299994,35.13112999200007],[-77.05197009399996,35.134459993000064],[-77.06030409699997,35.14084799400007],[-77.06149209699998,35.14415199500007],[-77.05959109699995,35.146872995000024],[-77.05388609499994,35.147455996000076],[-77.04295309099996,35.142402995000054],[-77.03653608899998,35.13618299400008],[-77.03297008799996,35.13579499400004],[-77.03035608699997,35.13307299300004],[-77.02702808599997,35.124714992000065],[-77.02275008399994,35.121214991000045],[-77.01728408199995,35.11149398900005],[-77.01894708199995,35.10274498700005],[-77.01371808099998,35.10332798700006],[-77.01039107899999,35.10118898700006],[-77.00933107899994,35.096068986000034],[-77.00107607599995,35.08499398400005],[-76.99779407399996,35.07668398200008],[-76.98733607099996,35.06929198100005],[-76.98757407099998,35.06559598000007],[-76.97260006599998,35.05645197800004],[-76.96380606299994,35.05800897900008],[-76.95287205999995,35.057229979000056],[-76.94574205699996,35.044971977000046],[-76.94075105499996,35.043609977000074],[-76.93985105499996,35.04526597700004],[-76.93029305199997,35.04185897700006],[-76.92934205199998,35.03835597600005],[-76.93404105299999,35.03423597500006],[-76.92479704999994,35.02924497400005],[-76.91983504799998,35.028819974000044],[-76.91436804599994,35.02492697300005],[-76.91389304599994,35.02804097400008],[-76.90868004499998,35.02842697400007],[-76.90105804199999,35.02512197400006],[-76.89749304099996,35.02006097300006],[-76.87467603299996,35.00273597000006],[-76.86682703099996,35.001648970000076],[-76.85708702799997,34.996699969000076],[-76.82048501499997,34.970994965000045],[-76.81142301199998,34.96800996400003],[-76.80669901099998,34.96787896400008],[-76.80360900999995,34.96378796300007],[-76.80099500899996,34.968657965000034],[-76.790775006,34.97372196600003],[-76.771183,34.97674896700005],[-76.75749999699997,34.99241597100007],[-76.74822999399998,34.992999972000064],[-76.72992898899997,35.00195697400005],[-76.71162698399996,35.004487975000075],[-76.71020098299994,35.00896497600007],[-76.70639798199994,35.010911977000035],[-76.70251898199996,35.01893997900004],[-76.69689097999998,35.02239698000005],[-76.68334397599995,35.02979298200006],[-76.67462197399993,35.02998098200004],[-76.66860697199996,35.03329598300007],[-76.65814896899997,35.04341498600007],[-76.64103696399997,35.052365988000076],[-76.64079896399994,35.05528498900003],[-76.63723396299997,35.05781399000006],[-76.61774395799995,35.065790992000075],[-76.60942495499995,35.06715199300004],[-76.59730295199995,35.07396099400006],[-76.59255495099995,35.08361199700005],[-76.59231195099994,35.088547998000024],[-76.59516395199995,35.09204899800005],[-76.58874694999997,35.095939],[-76.56949494499997,35.098467001000074],[-76.56664294399997,35.102550002000044],[-76.56521694399999,35.11032800300006],[-76.55927494199994,35.11421600500006],[-76.55713594199995,35.12471500700008],[-76.54216193899998,35.145318012000075],[-76.53634893699996,35.14993401300006],[-76.53954693799994,35.154647014000034],[-76.54715293999999,35.14920501300003],[-76.55024294199995,35.154647014000034],[-76.56450394599995,35.166305016000024],[-76.56379094599998,35.169025016000035],[-76.56545394699998,35.17252301700006],[-76.56925694799997,35.17349401700005],[-76.57258494899997,35.171940017000054],[-76.57995295199999,35.17407701700006],[-76.58803395399997,35.16883101600007],[-76.58399295199996,35.16339101500006],[-76.58375595199993,35.15969901400007],[-76.58660795299994,35.154452012000036],[-76.60015595699997,35.154452012000036],[-76.60395795799997,35.16067001300007],[-76.61370296099994,35.16300201300004],[-76.62653796499995,35.159893012000055],[-76.63366796699995,35.160670012000026],[-76.63414396799999,35.174271015000045],[-76.62202196499999,35.17640801600004],[-76.61869496399999,35.17874001700005],[-76.61275296199995,35.17990501700007],[-76.61061396099996,35.18340201800004],[-76.60823696099999,35.182431018000045],[-76.60514695999996,35.184179018000066],[-76.60585995999998,35.18728701900005],[-76.60324495899994,35.18845201900007],[-76.59872995799998,35.18787001900006],[-76.60158195899999,35.192337020000025],[-76.60134395899996,35.197387021000054],[-76.59373795699997,35.20107702200005],[-76.58636995499995,35.20204902300003],[-76.57472395099995,35.200883023000074],[-76.56374294799997,35.19476802200006],[-76.54834094299997,35.18981202100008],[-76.54425594199995,35.19365502200003],[-76.53764593899996,35.19233702200006],[-76.53716993899997,35.18787002100004],[-76.53455593799998,35.18456702100008],[-76.52671293599997,35.18476202100004],[-76.51863093399999,35.20224302500003],[-76.52100793499994,35.20612702600005],[-76.52932693799994,35.20806902600003],[-76.53930994099994,35.218555028000026],[-76.55024294499998,35.22205002800007],[-76.56022494799998,35.22340902800005],[-76.56545394999995,35.22923403000004],[-76.55594694699994,35.233893031000036],[-76.52908893899996,35.23117503100008],[-76.51910693499997,35.22535103000007],[-76.50532093099997,35.222633030000054],[-76.49605192799999,35.21700202900007],[-76.49138492699996,35.22075203000003],[-76.50341793099994,35.24068803400007],[-76.49343692899998,35.24612303600003],[-76.47917692399994,35.24728803600004],[-76.48347292599993,35.24981003700003],[-76.48674092699997,35.25585603800005],[-76.48490592699994,35.259920039000065],[-76.49138792899998,35.26009803900007],[-76.49071992899997,35.26271403900006],[-76.47938392499998,35.26902704100007],[-76.47412392399997,35.26568804100003],[-76.47426092399996,35.263669040000025],[-76.46744092099993,35.26134304000004],[-76.46905192199995,35.26683304100004],[-76.47347192399997,35.268831041000055],[-76.47584892499998,35.27678604300007],[-76.46961192299995,35.27971404400006],[-76.46973492299998,35.28089304400004],[-76.47320692399995,35.281821044000026],[-76.47707892599993,35.28666304500007],[-76.48140892699996,35.28643104500003],[-76.47830792599996,35.28142004400007],[-76.47988992599994,35.27911504300005],[-76.49058492899997,35.27795104300003],[-76.49815893199997,35.27956104300006],[-76.49272393099994,35.29133804600008],[-76.49890393299995,35.296382046000076],[-76.49887093299998,35.30589504900007],[-76.49224893099995,35.30782604900003],[-76.48392992899994,35.306274049000024],[-76.48179092799995,35.309766050000064],[-76.48416792899997,35.31364505100004],[-76.52409794199997,35.32004505100008],[-76.54453894799997,35.326250051000045],[-76.57496195799996,35.330516051000075],[-76.59801596499995,35.33148605100007],[-76.60681096699994,35.329353050000066],[-76.61631797099994,35.34273105300008],[-76.64584097999995,35.34325605200007],[-76.65125698099996,35.340017051000075],[-76.65886298399994,35.341568051000024],[-76.66402998599995,35.34570305200003],[-76.67074598799996,35.34564005200008],[-76.68144199099999,35.34971105200003],[-76.69418899599998,35.362609055000064],[-76.70283299799996,35.363667055000064],[-76.71257800199999,35.36870705500007],[-76.71947100399996,35.37510205600006],[-76.73801000999998,35.374909056000035],[-76.76914601999994,35.38304805700005],[-76.77247302099994,35.38673005700008],[-76.77294902099999,35.39099205800005],[-76.80028202899996,35.39079905700004],[-76.81557903399994,35.39849705800003],[-76.82167303599994,35.39990505900005],[-76.82316603699996,35.40825806000004],[-76.84449004499999,35.42373106300005],[-76.85185804699995,35.425668063000046],[-76.87657705399994,35.424700062000056],[-76.88394505699995,35.42624906200007],[-76.89297705999996,35.431672063000065],[-76.90795106499996,35.43573906300003],[-76.91935906799995,35.441548064000074],[-76.92502506999995,35.448809066000024],[-76.94004007499996,35.444846064000046],[-76.96618208199999,35.43399606100007],[-76.97463708599997,35.458865066000044],[-76.98638508999994,35.47252406900003],[-77.00468709599994,35.47581506900008],[-77.02129210199996,35.486901071000034],[-77.03463410599994,35.49284607200008],[-77.04509210999998,35.50329507400005],[-77.04390410999997,35.50697207400003],[-77.04200210899995,35.507552075000035],[-77.02132410199994,35.49845807300005],[-77.02251210299994,35.50619807500004],[-77.04271510999996,35.52457707800005],[-77.04889511199997,35.52593107800004],[-77.054124114,35.53134707900006],[-77.05317311399995,35.53521508000006],[-77.04960811299998,35.53714908100005],[-77.04295311099997,35.53676208100006],[-77.00967809899998,35.51374307700007],[-77.00777609899995,35.507552076000024],[-76.98781109199996,35.493233073000056],[-76.97920908899994,35.483358071000055],[-76.97355008699998,35.48355707200005],[-76.96784608499996,35.481234071000074],[-76.95762608199993,35.48297607200004],[-76.94625207799999,35.47456607100003],[-76.93932507599999,35.47271807000004],[-76.93623507499996,35.47465407100003],[-76.92244906999997,35.46652407000005],[-76.90604906499993,35.45936106900007],[-76.88038005699997,35.459748070000046],[-76.84610204599994,35.45011806900004],[-76.83090004199994,35.44795606900004],[-76.82286203899997,35.45277807000008],[-76.81715703799995,35.452004070000044],[-76.81335403599996,35.444259068000065],[-76.80883803399996,35.44058006800003],[-76.78412002699997,35.433028067000066],[-76.77794002399997,35.42818606600008],[-76.76914602199997,35.426830066000036],[-76.75923701799996,35.41891306500003],[-76.75274601599995,35.42237606600003],[-76.74537801399998,35.42411906600006],[-76.74371401399998,35.426830067000026],[-76.72299800799993,35.42612206700005],[-76.71067700399993,35.42857306800005],[-76.70259600099996,35.42295706700003],[-76.68075099399994,35.41594506700005],[-76.67454899199998,35.41656506700008],[-76.66955799099998,35.418889068000055],[-76.66694398999994,35.420439068000064],[-76.66718098999996,35.42431206900005],[-76.66290298899997,35.425474069000074],[-76.66028898799993,35.42295706900006],[-76.66218998899996,35.41947006800007],[-76.66076398799999,35.41288406700005],[-76.65482198599994,35.406492065000066],[-76.64792898299999,35.40339206500005],[-76.62035797499993,35.39661106400007],[-76.61322797199995,35.39603006500005],[-76.59587696699998,35.38905506400005],[-76.58541896399998,35.38924906400007],[-76.57756096099996,35.38758306400007],[-76.57472395999997,35.38866706400006],[-76.57614996099994,35.39409206500005],[-76.58042796299998,35.39777406600007],[-76.58185396299996,35.407460068000034],[-76.58565696499994,35.41443406900004],[-76.58874696599997,35.41385306900003],[-76.59041096699997,35.416952070000036],[-76.588357966,35.42641807200005],[-76.59516396899994,35.43264007300007],[-76.59278796799998,35.436707074000026],[-76.60372097199996,35.44348507500007],[-76.60704797299996,35.45548907800003],[-76.60419597299995,35.458199078000064],[-76.60158197199996,35.46807208100006],[-76.60253197299994,35.47175008100004],[-76.59738397199999,35.48193908400003],[-76.61465397699999,35.487428084000044],[-76.61964497899999,35.49149208500006],[-76.62107097999996,35.49787808600007],[-76.62796398199998,35.506198088000076],[-76.63390598399997,35.50813308800008],[-76.63794698599997,35.51296908900008],[-76.61346597899995,35.53270109400006],[-76.60776097799999,35.53308709500004],[-76.60395797699994,35.53811609600007],[-76.59920497499996,35.53985709600005],[-76.58185396999994,35.54082409700004],[-76.57044596599997,35.538503097000046],[-76.56188896399993,35.534635096000045],[-76.55679296199997,35.52889909500004],[-76.55071795999999,35.53366809700003],[-76.54287495799997,35.532120097000075],[-76.53740795599998,35.52863909600006],[-76.53455595499997,35.532120097000075],[-76.52718795299995,35.53270109700003],[-76.51958194999997,35.52979909700008],[-76.50864894699998,35.536956099000065],[-76.49604094299997,35.533572098000036],[-76.48663194099998,35.536900099000036],[-76.48416793999996,35.53966310000004],[-76.48083993999995,35.550493103000065],[-76.47703793899996,35.55474710400006],[-76.47295093699995,35.55471910400007],[-76.47120993699997,35.557427104000055],[-76.46539093499996,35.558421105000036],[-76.46467793499994,35.55571410400006],[-76.45635893199994,35.55262010400003],[-76.45683493199994,35.548366103000035],[-76.46729293499999,35.53927710100004],[-76.46919393499996,35.53521510000007],[-76.46684593399993,35.53233809900007],[-76.47061993499995,35.52573709700005],[-76.46943193399994,35.51935409600003],[-76.47670893599997,35.51171409400007],[-76.48535593899999,35.50658509300007],[-76.49082293999999,35.504456092000055],[-76.49598994199994,35.505188092000026],[-76.50746094499993,35.50329509100004],[-76.51577894799993,35.50368209100003],[-76.52505995099995,35.50788509200004],[-76.53621995399999,35.50948709200003],[-76.55665996099998,35.50735909100007],[-76.56379096299997,35.51027609100004],[-76.57020796499995,35.510261091000075],[-76.57591196699997,35.50852009000005],[-76.58708296999998,35.50890609000004],[-76.58056096799999,35.50061008800003],[-76.56687996299996,35.495362088000036],[-76.56212696199998,35.491298087000075],[-76.56283996099995,35.475041083000065],[-76.55629095899997,35.46716708200006],[-76.54572695499996,35.460910081000065],[-76.55000495599995,35.45626308000004],[-76.55808595899998,35.45529507900005],[-76.56545395999996,35.44948707800006],[-76.55245695599996,35.43687607500004],[-76.53812095099994,35.43554507600004],[-76.53307694999995,35.43231707500007],[-76.53376394899993,35.422006073000034],[-76.54029495099996,35.41066407000005],[-76.53217894799997,35.40126106800005],[-76.51710494299994,35.39418606700008],[-76.51530394299994,35.39622406800004],[-76.51031294099994,35.39738606800006],[-76.49628993599998,35.38169106500004],[-76.49034793399994,35.377622064000036],[-76.47227592799999,35.371382064000045],[-76.46963092699997,35.37373306400008],[-76.47751293099998,35.39661106900007],[-76.48274193299994,35.40223007000003],[-76.48083993199998,35.40455507100006],[-76.47133292899997,35.40436107100004],[-76.46562892699995,35.39971107000002],[-76.46420292699997,35.40358607100006],[-76.46087492599997,35.40397307100005],[-76.45659692499999,35.40009907100006],[-76.45493292399993,35.39118606900007],[-76.44970392199997,35.38963606800007],[-76.45017992199996,35.39409206900007],[-76.44352491999996,35.395061070000054],[-76.43829591899998,35.388280069000075],[-76.43496791799998,35.39273607000007],[-76.43805791899996,35.39854907100005],[-76.43734491899994,35.40339207200003],[-76.432353918,35.40494207200004],[-76.41951891399998,35.41792107600003],[-76.41761791399995,35.42508707700006],[-76.40929891199994,35.42896107800004],[-76.39551290799994,35.431672079000066],[-76.38885790499995,35.42566807800006],[-76.38529290399998,35.41501507600003],[-76.38838290399997,35.40784807400007],[-76.39622590699997,35.406879074000074],[-76.39598890599996,35.401067073000036],[-76.38719490299997,35.39448007200008],[-76.38505490199998,35.38421006900006],[-76.38053990099996,35.38614807000005],[-76.36794289699998,35.382273069000064],[-76.36841789699997,35.37917206900005],[-76.36152489399996,35.37374606800006],[-76.36532789499995,35.36967606700006],[-76.36366389499995,35.36424906600007],[-76.36817989599996,35.361148065000066],[-76.38220289999998,35.36812506600006],[-76.41286390999994,35.375684067000066],[-76.41999391199994,35.37490906600004],[-76.42429891299997,35.36505706400004],[-76.42213291199994,35.36269806300004],[-76.41143790899997,35.361341064000044],[-76.41191290799998,35.34641506000003],[-76.39920890499997,35.34890006100005],[-76.39361190299996,35.35203706200008],[-76.38933390199998,35.360372064000046],[-76.37721189799998,35.35843406400005],[-76.37958889799995,35.34156806000004],[-76.37602389699998,35.33555805900005],[-76.36104989299997,35.34156806100003],[-76.35059188899999,35.33982306100006],[-76.34155988699996,35.34234406200005],[-76.34393688799997,35.34932306300004],[-76.34393688799997,35.356883065000034],[-76.35154289099995,35.37413306800005],[-76.35605889299995,35.37800906900003],[-76.35748489399998,35.38362907000004],[-76.35201789199994,35.38595407100007],[-76.35011689199996,35.38983007200005],[-76.34488788999994,35.392542072000026],[-76.32611088399995,35.38634207200005],[-76.32254588299998,35.38033507100005],[-76.32325888299994,35.372389069000064],[-76.32088188199998,35.370063068000036],[-76.31589087999998,35.36870706800005],[-76.30875987799999,35.369676069000036],[-76.30519487599997,35.36017806700005],[-76.30566987599997,35.35494506600003],[-76.29090687199994,35.349400065000054],[-76.27881286799999,35.34292506400004],[-76.26811686399998,35.34001706300006],[-76.25757186099997,35.34440406500005],[-76.25307485999997,35.35002406600006],[-76.25456886099994,35.354363067000065],[-76.26003586299998,35.35882206800005],[-76.26003586299998,35.36541206900006],[-76.24981585999996,35.36773807000003],[-76.24316085799995,35.36657507000007],[-76.23151385399996,35.35882206900004],[-76.22961285299994,35.35300606800007],[-76.22319585099996,35.34641506600008],[-76.22105584999997,35.34040506500003],[-76.21202484699995,35.34583306700006],[-76.20489384499996,35.34583306700006],[-76.20584484499994,35.339629065000054],[-76.20346784399999,35.33769106500006],[-76.19728784199998,35.34176206600006],[-76.18754383999999,35.34176206600006],[-76.18350283899997,35.34660906800008],[-76.17423383599998,35.346997068000064],[-76.16163683199994,35.342925068000056],[-76.15616982999995,35.33769106700004],[-76.15807082999999,35.332068065000044],[-76.16539483199995,35.32866606400006],[-76.15735782999997,35.32702606400005],[-76.15355482899997,35.33012806500005],[-76.14808882699998,35.33012806500005],[-76.15117882799996,35.334976066000024],[-76.14713782699994,35.33943506700007],[-76.13982582499995,35.341222068000036],[-76.13644182399997,35.34389506900004],[-76.14167082599994,35.34912907000006],[-76.14262182599998,35.35494507100003],[-76.13691782499995,35.358046072000036],[-76.13073782299995,35.35785207200007],[-76.12194381999996,35.35416907100006],[-76.11250481699994,35.35501907200006],[-76.10934681599997,35.358628073000034],[-76.10269181399997,35.36134107300006],[-76.09603681199997,35.36095407400006],[-76.09128281099999,35.369482076000054],[-76.07868580799999,35.37238907700004],[-76.07084280499998,35.37064507700006],[-76.06656480399994,35.38052907900004],[-76.06293280299997,35.38137607900006],[-76.06181080299996,35.38324208000006],[-76.06394980399995,35.385567080000044],[-76.07607180699995,35.384404079000035],[-76.08343980999996,35.390992081000036],[-76.07963680899996,35.39680508200007],[-76.06870380599997,35.39758008300004],[-76.06846580599995,35.40223008400005],[-76.07155580699998,35.40629808400007],[-76.07060480699994,35.409204085000056],[-76.06347480499994,35.41056008600003],[-76.06038480399997,35.41327208600006],[-76.06490080599997,35.41772708700006],[-76.06228580499999,35.42005108800004],[-76.05182780199993,35.42121308800006],[-76.05753280399995,35.425281089000066],[-76.05848380399993,35.43360909100005],[-76.05230380299997,35.43457709100005],[-76.04065779899997,35.43070409100005],[-76.03923079799995,35.426249090000056],[-76.03542879699995,35.42586209000007],[-76.03257579599995,35.421601089000035],[-76.03376479599996,35.41792108800007],[-76.03257579499996,35.412884087000066],[-76.02877379399996,35.41056008700008],[-76.02116779199997,35.411335087000055],[-76.02188079199993,35.415015088000075],[-76.01474978999994,35.421020089000024],[-76.01332378999996,35.428380091000065],[-76.01570079199996,35.44174209400006],[-76.01166079099994,35.446195095000064],[-76.00524278899996,35.44987409600003],[-75.99906378699995,35.457425098000044],[-75.99644878699996,35.463620099000025],[-75.99763778699997,35.46884710000006],[-75.99565478699998,35.47536210200008],[-75.98884278499997,35.484912104000045],[-75.96305577799995,35.49391010700003],[-75.96193177799995,35.496720108000034],[-75.96344777799999,35.50096510900005],[-75.97054178099995,35.50677811000003],[-75.98028678399999,35.50793911000005],[-75.97838478399996,35.512969111000075],[-75.97172978199995,35.518773112000076],[-75.96745178099997,35.518773112000076],[-75.96165377899996,35.51534611200003],[-75.95533077699997,35.52244911400004],[-75.95746977799996,35.52612411400003],[-75.95628077799995,35.52863911500003],[-75.94368377399996,35.53618211700007],[-75.92989876999997,35.53753611800005],[-75.91278576499997,35.544692120000036],[-75.91278576499997,35.549720121000064],[-75.90853676399996,35.55281412200003],[-75.92015376799998,35.553007121000064],[-75.92134176799993,35.556488122000076],[-75.91967876799998,35.56151512300005],[-75.90375376299994,35.56499512400006],[-75.90280276299995,35.570022126000026],[-75.89329575999994,35.57504812700006],[-75.88827875899995,35.57415812700003],[-75.88093675699997,35.575242127000024],[-75.88307575799996,35.582587129000046],[-75.88996875999999,35.592445131000034],[-75.89424676199997,35.59534413100005],[-75.89068176099994,35.60210813300006],[-75.86976575499995,35.604041134000056],[-75.86073375199999,35.599596133000034],[-75.85716874999997,35.593798132000074],[-75.85740574999994,35.58645313100004],[-75.85170174799998,35.58413413000005],[-75.83715674299998,35.570911128000034],[-75.82294273899998,35.57040912800005],[-75.79725073099996,35.574283130000026],[-75.77533072399996,35.57934213200008],[-75.78324972699994,35.58742013300008],[-75.78420072799997,35.595924135000075],[-75.78016072699995,35.599016136000046],[-75.77588172599997,35.60017613600007],[-75.76970272399996,35.59921013600007],[-75.76185872099995,35.60462113800003],[-75.74997471799998,35.60713313900004],[-75.75045071799997,35.61293014000006],[-75.74759771799995,35.61718114100006],[-75.74379571699995,35.62181814200005],[-75.73476371399994,35.62568214300006],[-75.73381271399995,35.62896614400006],[-75.74260671799993,35.65079314800005],[-75.74759771899994,35.64770314800006],[-75.75235172099997,35.648862148000035],[-75.76209672399995,35.655428149000045],[-75.76898972699996,35.664118150000036],[-75.76993972699995,35.66875315100003],[-75.76661272599995,35.67551115300006],[-75.76114572499995,35.67705515400007],[-75.77374272899993,35.67995115400004],[-75.77968473099997,35.68497115500003],[-75.77802073099997,35.69192015600004],[-75.77089072899997,35.69751815800004],[-75.76732572799995,35.70562516000007],[-75.75781872499994,35.70601116000006],[-75.74260671999997,35.699641159000066],[-75.73809071899996,35.69462315800007],[-75.73714071799998,35.68941115700005],[-75.74022971899996,35.68188215500004],[-75.73286171599995,35.68149615500005],[-75.72596971399997,35.685357156000066],[-75.71717471199997,35.69365815900005],[-75.71812571299995,35.70890616200006],[-75.72573171599998,35.71450216300008],[-75.72953471799997,35.73032516600006],[-75.72620671699997,35.739200168000025],[-75.73856672099998,35.749424170000054],[-75.73856672099998,35.753089171000056],[-75.73476372099998,35.75849017200005],[-75.73547672099994,35.76389017300005],[-75.74118072299996,35.76986817400007],[-75.74236872399996,35.77488217500007],[-75.73523872199996,35.78047417700003],[-75.73405072199995,35.786066178000056],[-75.73690272299996,35.79281418000005],[-75.73642672299997,35.799176181000064],[-75.73024772099996,35.80592318300006],[-75.73000972199998,35.81247618400005],[-75.73309972299995,35.81594518500003],[-75.73357472299995,35.82114918600007],[-75.72802372199999,35.824520187000076],[-75.73476372399995,35.83733618900004],[-75.75187672999994,35.851015192000034],[-75.74854872999998,35.86257419400005],[-75.75301673199994,35.87138919600005],[-75.75196373199998,35.87823419800003],[-75.74902473099996,35.881256198000074],[-75.74949973099996,35.88414419900005],[-75.75520373299997,35.887803200000064],[-75.76120773499997,35.88892320000008],[-75.76423573599999,35.89242420000005],[-75.76447373599996,35.897045201000026],[-75.77017773899996,35.90513120300005],[-75.76803873799997,35.91186920400003],[-75.77801474099994,35.91379720500004],[-75.78229974299995,35.91956920600006],[-75.78107774299997,35.92438920700005],[-75.78250074399995,35.93342720900006],[-75.79228174699995,35.93727520900006],[-75.79530874799997,35.94144921000003],[-75.80559175199994,35.94612721100003],[-75.80514075199994,35.95405021200003],[-75.80935275299998,35.959315213000025],[-75.83628576199999,35.97050821500005],[-75.87094877299995,35.97856221600006],[-75.88188677599999,35.97536921400007],[-75.89757378099995,35.97613921400006],[-75.91038678499996,35.97359521300007],[-75.93655379299997,35.96498221000007],[-75.94729579599993,35.959842209000044],[-75.94699579599995,35.957441208000034],[-75.94225779399994,35.95555520800008],[-75.93781879299996,35.95089120700004],[-75.93346379099995,35.949591207000026],[-75.92157978699998,35.93592820500004],[-75.93132478899997,35.926883202000056],[-75.93728079099998,35.92643620200005],[-75.947822794,35.92035420000008],[-75.96256479799996,35.901400196000054],[-75.96624979899997,35.89929419500004],[-75.97783280199997,35.89718819400008],[-75.98605480399993,35.889000192000026],[-75.98147480199998,35.878945190000024],[-75.98052480199993,35.87027818800004],[-75.98313880199998,35.866041187000064],[-75.98796880399993,35.865265187000034],[-75.98812980399998,35.86180318600003],[-75.97600879899994,35.83849218200004],[-75.98694180099994,35.82558217900004],[-75.98717980099997,35.82192017800003],[-75.994119803,35.81253917500004],[-75.99003180099999,35.79628417200007],[-75.98645279999994,35.793781172000024],[-75.98385179899998,35.78741617000003],[-75.98573979899999,35.782686169000044],[-75.98290079799995,35.77256816700003],[-75.98903679899996,35.75713116400004],[-75.99050679799996,35.74209416000008],[-75.99454779899997,35.73804215900003],[-75.99621079999997,35.73071115800008],[-76.00120280099998,35.72530815600004],[-76.00236880099999,35.71836315500008],[-75.99953879999998,35.715081154000075],[-75.99882579899997,35.71045015300007],[-76.00191579999995,35.706204152000055],[-75.99977679899996,35.694044150000025],[-76.00452979999994,35.69018314900006],[-76.00595579999998,35.67782714600003],[-76.00928380099998,35.67589714500008],[-76.01302380199996,35.67007214400007],[-76.01284880099996,35.66083614200005],[-76.02378180399995,35.65021413900007],[-76.02853580599998,35.64944113900003],[-76.03281380699997,35.64635113800006],[-76.03804280799994,35.64577213800004],[-76.04398480999998,35.647703138000054],[-76.04754981199994,35.652918139000064],[-76.04398481099997,35.671649143000025],[-76.04127981099998,35.67403214400008],[-76.03637880999997,35.688446147000036],[-76.03846281099999,35.69194214800007],[-76.04137081199997,35.69288514800007],[-76.04350981299996,35.70041314900004],[-76.04802581399997,35.70099214900006],[-76.05063981499995,35.70466015000005],[-76.05491781599994,35.702730150000036],[-76.06014681799996,35.70871315100004],[-76.05895881799995,35.71160715100007],[-76.06085981899997,35.71681815200003],[-76.05658181799998,35.71932715300005],[-76.04831281599996,35.737087157000076],[-76.04897581699998,35.74556615900008],[-76.05586881899995,35.76022616200004],[-76.05325481899996,35.77507516500003],[-76.05301681999998,35.797826170000064],[-76.05027281999998,35.80149317100006],[-76.05048781999994,35.806696172000045],[-76.06133582399997,35.819993175000036],[-76.06537582599998,35.833868178000046],[-76.06228582499995,35.84234618000005],[-76.06320582599994,35.85344018200004],[-76.05824582499997,35.86238118400007],[-76.04601982199995,35.870282186000054],[-76.04541082199995,35.884529189000034],[-76.04018182099998,35.89473519200004],[-76.02755081799995,35.90472319400004],[-76.02853581799997,35.91071419600007],[-76.01284881399994,35.921879199000045],[-76.02045481699997,35.93246420100007],[-76.01516481599998,35.95319720500004],[-76.01142281499995,35.95420820600003],[-76.01677581699994,35.96268820700004],[-76.02497081999996,35.96979120900005],[-76.05396782999998,35.987102211000035],[-76.06252383299994,35.990756212000065],[-76.07455683699999,35.991139212000064],[-76.07702283699996,35.98902521100007],[-76.10150384499997,35.99171721100004],[-76.11956684999996,35.99152521000008],[-76.13263985399993,35.98940920900003],[-76.14832585899995,35.994794210000066],[-76.15593186199999,35.99325620900004],[-76.17052586599993,35.99453020900006],[-76.17708586799995,35.99152520800004],[-76.18065086899998,35.98806320700004],[-76.19871487499995,35.98652520600007],[-76.20539487699995,35.987569206000046],[-76.22034288099997,35.98440920500008],[-76.22319588199997,35.981716205000055],[-76.23650588599997,35.97902420400004],[-76.24411088799997,35.97960120300007],[-76.24529988799998,35.976716203000024],[-76.25979789299998,35.97306120200005],[-76.27168189599996,35.97229220100007],[-76.27429689699994,35.96825220000005],[-76.28259789899994,35.96754020000003],[-76.31351390799995,35.94882119500005],[-76.31470190799996,35.94535719400005],[-76.32539791099998,35.938622192000025],[-76.33514291399996,35.939007192000076],[-76.34845291799996,35.94227919200006],[-76.35344391999996,35.940739191000034],[-76.35344391999996,35.938430191000066],[-76.35653392099994,35.937083191000056],[-76.36722892399996,35.93438919000005],[-76.37079492499998,35.93438919000005],[-76.37459792599998,35.94362619100008],[-76.38220292899996,35.94824419200006],[-76.38267892899995,35.95036019300005],[-76.37421192699998,35.95473219400003],[-76.38410492999998,35.96632819600006],[-76.38410493099997,35.97152219700007],[-76.39242393399996,35.979216198000074],[-76.39955393599996,35.982101199000056],[-76.42360094299994,35.97739919700007],[-76.45849795299995,35.967867194000064],[-76.47379795799998,35.960895192000066],[-76.48433696099994,35.95826019100008],[-76.49010996299995,35.95978819100003],[-76.50749396799995,35.94983818800006],[-76.52855397399998,35.94404618600004],[-76.55380798099998,35.94016218500008],[-76.57375998799995,35.94241718500007],[-76.58699499199997,35.94194018400003],[-76.60384299699996,35.93983418300007],[-76.60805499799994,35.936675182000045],[-76.64032300799994,35.936698181000054],[-76.66242801399994,35.93207917900003],[-76.67906501999994,35.93650618000004],[-76.68358902099999,35.94024318000004],[-76.69285102399994,35.94247118100003],[-76.69760402499998,35.94208618000005],[-76.70734902899994,35.94497318100008],[-76.71352902999996,35.94035417900005],[-76.72660103399994,35.94324118000003],[-76.72493703499998,35.95536318200004],[-76.71947103299993,35.96402018400005],[-76.70639802999995,35.97190718600007],[-76.69998102799997,35.97383118700003],[-76.68191702299998,35.989602191000074],[-76.68595802499993,36.00633119500003],[-76.70378403099994,36.01056119500004],[-76.70473503199997,36.027670199000056],[-76.70806203399997,36.03824220100006],[-76.70560903299997,36.042597202000024],[-76.71804503699997,36.04804320200003],[-76.72731404099994,36.06322320500004],[-76.73087904199997,36.07475020800007],[-76.72874004199997,36.07840020900005],[-76.72604604199995,36.09624321300004],[-76.73016604399999,36.10183221400007],[-76.73420704499995,36.10394521400008],[-76.74419004899994,36.12621721800008],[-76.74941805099996,36.13159221900003],[-76.75417205299993,36.14752422300006],[-76.75393405399996,36.16517922600008],[-76.75155805399999,36.169784228000026],[-76.75345905499995,36.17669122900003],[-76.75203305499997,36.192806232000066],[-76.74775505399998,36.19740923400008],[-76.75084505499996,36.20412223500006],[-76.74989405499997,36.211409237000055],[-76.745140054,36.21505323700006],[-76.74133705399998,36.229242241000065],[-76.73468205199998,36.235760242000026],[-76.72502404899996,36.231125242000076],[-76.72184804799997,36.24553724500004],[-76.70897104499994,36.25499924700006],[-76.70568504499994,36.26604525000005],[-76.69775904199997,36.271670251000046],[-76.69831704299997,36.277542252000046],[-76.70140704399995,36.283673254000064],[-76.69998104399997,36.28539825400003],[-76.68286803799998,36.27658425300007],[-76.67478703599994,36.27639325300004],[-76.67217303499996,36.271985252000036],[-76.69142503899997,36.247071246000075],[-76.69451403999994,36.237294244000054],[-76.70013404099996,36.23411024300003],[-76.71067704399997,36.22329824000008],[-76.71890804499998,36.200985235000076],[-76.71852004499993,36.19050423300007],[-76.72232304399995,36.160190226000054],[-76.72144804299995,36.14784522400004],[-76.71614304099995,36.14445322300003],[-76.71067703899996,36.13466422100004],[-76.70962303799996,36.12061121800008],[-76.70497203599996,36.109897216000036],[-76.69522803299998,36.108745216000045],[-76.69142503199998,36.11047321700005],[-76.68857203099998,36.10701721600003],[-76.68833502999996,36.09626321400003],[-76.69261303199994,36.09107721300006],[-76.68881002999996,36.078976210000064],[-76.69290603099995,36.07531720900005],[-76.69190002999994,36.06629720700005],[-76.67648702399998,36.04361920300005],[-76.66314101999996,36.04189320300003],[-76.66123101899996,36.03838120200004],[-76.65223601599996,36.03529220200005],[-76.63557001099997,36.03708920300005],[-76.62344800799997,36.04477620500006],[-76.61631800599997,36.054576207000025],[-76.61085100499997,36.05553720800003],[-76.60681100299996,36.054192208000075],[-76.60324500099995,36.03535920400003],[-76.59326299799994,36.025748202000045],[-76.59339999799994,36.022964201000036],[-76.58042799299994,36.01056119900005],[-76.57282199099996,36.009407199000066],[-76.56331498799995,36.01094520000004],[-76.54548898199994,36.010176200000046],[-76.51411597199996,36.00652320000006],[-76.50650996999997,36.01133020200007],[-76.49153596599996,36.01729020300007],[-76.46032295699996,36.024144206000074],[-76.45612195599995,36.03382120800006],[-76.45142095499995,36.039080209000076],[-76.43877095099998,36.04708221200008],[-76.43092794899997,36.05611421400005],[-76.41975694599995,36.06360721600004],[-76.41461294499999,36.06428021600004],[-76.40810994299994,36.06802621700007],[-76.41215094399996,36.07244521800004],[-76.41119994499996,36.08070522000003],[-76.40424294199994,36.07879722000007],[-76.38410493599997,36.08108922100007],[-76.36936893199999,36.08531522200008],[-76.35507192799997,36.08646522300006],[-76.34702692499997,36.088772224000024],[-76.33656892199997,36.08838822400003],[-76.33489492099994,36.08532822300003],[-76.33190491999994,36.083833223000056],[-76.32348091799997,36.08488622400006],[-76.32325891799996,36.08781222400006],[-76.31779191599998,36.090501225000025],[-76.31133491399999,36.09090422500003],[-76.30400691199998,36.094534226000064],[-76.30258091199994,36.10029622800005],[-76.31589091599994,36.100872227000025],[-76.33965892399993,36.10912922800003],[-76.34060892499997,36.11316222900007],[-76.34536292599995,36.11393022900006],[-76.34642092699994,36.12103023100008],[-76.36009893099998,36.12103423000008],[-76.37174493399993,36.11777022900003],[-76.38196593799995,36.122953230000064],[-76.38288193799997,36.12754423100006],[-76.38919393999998,36.13324323200004],[-76.39503794199999,36.13428023200004],[-76.39633094299995,36.139189233000025],[-76.40288094499994,36.14464523400005],[-76.42554295299993,36.160898237000026],[-76.43568095599994,36.162493237000035],[-76.43686995699994,36.169592238000064],[-76.44257395899996,36.17477323900005],[-76.44922896099996,36.17745923900003],[-76.45802296399995,36.185324241000046],[-76.45469596399994,36.192806242000074],[-76.43805795799994,36.19184624300004],[-76.42736195499998,36.180720241000074],[-76.42094495299995,36.18110424100007],[-76.39028394199994,36.162493238000025],[-76.37938093799994,36.14289323400004],[-76.37357393599996,36.13821523300004],[-76.36532793299995,36.13773523400005],[-76.35938593199995,36.14003823400003],[-76.33989592599994,36.13811923500003],[-76.33609292399996,36.13562423400003],[-76.32896292199996,36.13428023400007],[-76.32325891999994,36.13485623400004],[-76.30934191599994,36.12488923300003],[-76.29687591199996,36.12295323300003],[-76.28855690899996,36.11969023200004],[-76.28446090699998,36.11459423100007],[-76.26336289999995,36.10586523000006],[-76.25789689899995,36.10644123000003],[-76.25147889699997,36.102600230000064],[-76.24910289599995,36.10471323000007],[-76.241734894,36.10202423000004],[-76.23871489199996,36.09857522900006],[-76.23372389099995,36.09786222900004],[-76.22889988999998,36.09991223000003],[-76.22465888799996,36.09716923000008],[-76.21368788499996,36.096071230000064],[-76.20655788299996,36.10144823100006],[-76.19681287999998,36.10356023200006],[-76.19171787799996,36.10720423300006],[-76.20037788099995,36.10893723300006],[-76.21036088499994,36.11546623400005],[-76.21891688699998,36.11815423400003],[-76.22747388999994,36.12525723500005],[-76.22852989099994,36.130654237000044],[-76.23602989399996,36.137543238000035],[-76.23643489399996,36.14612024000007],[-76.24458689699998,36.15500924100007],[-76.24601289799995,36.158655242000066],[-76.25956090199998,36.16537124300004],[-76.26906790599998,36.172854244000064],[-76.27001790599996,36.17899424600006],[-76.27714890799996,36.18072024600008],[-76.27881290899995,36.18801024700008],[-76.27714890899995,36.190887248000024],[-76.26978090699998,36.19069624800005],[-76.26597790499994,36.18724324800007],[-76.26050590399996,36.188413248000074],[-76.24910289999997,36.18494124800003],[-76.24968589999997,36.177794246000076],[-76.24787989899994,36.17515524600003],[-76.23698089599998,36.17189524500003],[-76.23175189399996,36.16786624500003],[-76.23311989399997,36.165207244000044],[-76.22818589199994,36.158494243000064],[-76.21654088799994,36.150787241000046],[-76.21488388699998,36.14540824000005],[-76.20687588499999,36.13752823900006],[-76.19659288099996,36.132338238000045],[-76.18754387799999,36.125449237000055],[-76.16662787199994,36.12372123700004],[-76.14642486599996,36.13005723900005],[-76.12575385899999,36.13104824000004],[-76.09255784899995,36.13580124200007],[-76.07167484299998,36.14019024400005],[-76.06422684099994,36.14378224500007],[-76.05927283999995,36.14929224600007],[-76.06062283999995,36.15462524700007],[-76.06894084399994,36.16805725000006],[-76.08010884899994,36.19944725600004],[-76.10696985799996,36.21121825800003],[-76.11718986099999,36.213519258000076],[-76.12598786499996,36.23288326200003],[-76.13382786699998,36.24055326300004],[-76.13663986899996,36.25248826600006],[-76.14442587199994,36.259409267000024],[-76.15572787499997,36.26445226800007],[-76.17233187999994,36.26336226700005],[-76.18871988599994,36.281249270000046],[-76.19300988799995,36.29765827400007],[-76.18540388599996,36.30110627500005],[-76.17304488299999,36.30149027500005],[-76.16591487999995,36.29765827500006],[-76.16518987999996,36.29219927300005],[-76.15355487599999,36.289038273000074],[-76.13600786999996,36.288223274000075],[-76.12779286799997,36.28530927300005],[-76.11552686399995,36.27811727200003],[-76.11338786299996,36.27371027100003],[-76.10744586099997,36.27217727100003],[-76.10262885899994,36.25880426800006],[-76.08415285199999,36.248221267000076],[-76.08148285099998,36.23794226500007],[-76.06062284499995,36.23480226500004],[-76.05087784099999,36.23135126400007],[-76.04607683899997,36.21671026100006],[-76.04232083799997,36.21102626000004],[-76.02615883199996,36.20201225900007],[-76.02439183099995,36.19569525700007],[-76.01698682899996,36.18637425600008],[-75.99519382099999,36.17807925500006],[-75.93904980399998,36.165525254000045],[-75.92465679899993,36.16359825400008],[-75.92003079799997,36.164860254000075],[-75.91088079499997,36.164455254000075],[-75.91159679499998,36.167674255000065],[-75.91719079699999,36.17263825600003],[-75.93643880399998,36.18088725700005],[-75.95602980999996,36.19807226000006],[-75.94537480799994,36.22247526600006],[-75.95010181099997,36.23595226900005],[-75.96462281599997,36.25444027200007],[-75.94984281199999,36.25787727300008],[-75.92234680199994,36.24412927100008],[-75.91611279999995,36.232885269000064],[-75.91066079699993,36.21216426500007],[-75.88929178999996,36.192588261000026],[-75.87665878499996,36.18417326000008],[-75.87286078399995,36.17312125800004],[-75.86287277999998,36.159614255000065],[-75.86632577999995,36.141417251000064],[-75.86691377899996,36.12794524800006],[-75.84778777199995,36.10199724300003],[-75.79978175599996,36.07264723800006],[-75.79397675399997,36.071717238000076],[-75.79608475499998,36.07417423900006],[-75.79442075499998,36.07686323900003],[-75.78919175299995,36.07897624000003],[-75.79632275599994,36.09319024300004],[-75.80226475799998,36.09837524400007],[-75.80202675799995,36.108169246000045],[-75.79893675799997,36.11393024700004],[-75.79893675799997,36.117770248000056],[-75.80385875999997,36.119162248000066],[-75.81082076299998,36.13524025100003],[-75.82253376699998,36.145964253000045],[-75.82391776799994,36.15833925600003],[-75.82080376699997,36.16095825700006],[-75.82175476699996,36.163644257000044],[-75.83264977099998,36.16858225800007],[-75.83992677399993,36.177117259000056],[-75.84219477499994,36.19740926400004],[-75.83767877399998,36.19836826400007],[-75.83126177199995,36.189353262000054],[-75.82817177099997,36.18916126200003],[-75.83007277199994,36.196834264000074],[-75.84338277699999,36.22003926900004],[-75.84743977799997,36.21437826700003],[-75.85870578199996,36.22263526900008],[-75.86168478299999,36.23307627100007],[-75.86415678399999,36.235529271000075],[-75.86429878499996,36.245154273000026],[-75.86928978599997,36.24630427300008],[-75.87071678699994,36.25224627500006],[-75.86382378499997,36.256271276000064],[-75.85716678299997,36.25686227600005],[-75.85597978399994,36.282524282000054],[-75.86477478699999,36.285589282000046],[-75.87272378899996,36.28277728100005],[-75.88215679199999,36.284681281000076],[-75.88821379399997,36.29342128300004],[-75.89528779799997,36.31962228800006],[-75.90565480199996,36.33404629100005],[-75.91533380599998,36.35234229500003],[-75.917760806,36.353600295000035],[-75.92333380899998,36.36187029600006],[-75.92351380899999,36.36780329800007],[-75.91695180799996,36.383174301000054],[-75.91641180799996,36.38901730300006],[-75.92300580999995,36.39988430500006],[-75.92037580999994,36.40928930700005],[-75.92360381199995,36.42579531000007],[-75.93560281599997,36.42953131100006],[-75.93644881599994,36.42308630900004],[-75.94487281799996,36.41117030600003],[-75.94582281699996,36.39777930300005],[-75.95628082099995,36.40084030400004],[-75.96602582499997,36.427618309000025],[-75.97196782699996,36.43718031100008],[-75.97600882899997,36.440430312000046],[-75.98005282999998,36.435471310000025],[-75.98987183299994,36.43681531000004],[-76.00391483799996,36.44187131100006],[-76.01233983999998,36.44746931200007],[-76.02021884299995,36.45862731400007],[-76.03195184799995,36.482503319000045],[-76.04255885299995,36.510572324000066],[-76.02639684799993,36.516493326000045],[-76.02615884899996,36.52375232800006],[-76.03186285099997,36.532537329000036],[-76.03067485099996,36.53883933100008],[-76.00262884199998,36.53712133100004],[-75.99882584099998,36.534447331000024],[-75.99621083999995,36.52814533000003],[-75.98622883599995,36.525662330000046],[-75.98099983399999,36.51133632700004],[-75.98242583399997,36.50426732500006],[-75.98979383599993,36.493950323000035],[-75.98242583299998,36.49203932200004],[-75.97529583099998,36.485542321000025],[-75.97254783099999,36.49467832300007],[-75.95461682499996,36.491466323000054],[-75.93547581899998,36.49060832400005],[-75.92733581599998,36.48282232200006],[-75.92412981499996,36.48213132200004],[-75.91728581299998,36.48581632300005],[-75.91307381199994,36.486343324000075],[-75.90728180999997,36.48581632400004],[-75.89991080699997,36.48213132300003],[-75.89787080599996,36.465092319000064],[-75.89240480399997,36.46136531900004],[-75.88741380199997,36.44884331600008],[-75.88832780199994,36.44159031500004],[-75.88305779999996,36.43772631400003],[-75.87707379799997,36.43631931400006],[-75.87113179599999,36.43870931500004],[-75.86495279399998,36.437753315000066],[-75.86281379299999,36.43086931300007],[-75.85580179099998,36.42436731200007],[-75.84332378699997,36.41996831200004],[-75.84974078799996,36.40017130700005],[-75.84070878499995,36.39739730700006],[-75.84094678499997,36.39165730600007],[-75.84225378499997,36.38438630400003],[-75.84855278599997,36.38017630300004],[-75.84772078599997,36.37845430300007],[-75.83405378199996,36.371852302000036],[-75.82894377999997,36.36572830000006],[-75.83191477999998,36.36027329900003],[-75.83215277999994,36.35606229800004],[-75.82383377699995,36.34716129700007],[-75.82205177599997,36.32801529300008],[-75.82312077599994,36.32255729100007],[-75.83869278099996,36.33146329300007],[-75.84593778299995,36.33261029300007],[-75.85176178499995,36.32418529100005],[-75.85081078399998,36.31968529000005],[-75.84528678199996,36.305621287000065],[-75.84211977999996,36.30087028600008],[-75.83369777799999,36.29363628500005],[-75.81313877099996,36.29172028500005],[-75.80683976899996,36.28491928400007],[-75.80386876699998,36.26767428000005],[-75.81111776899996,36.25454627700003],[-75.81185376799993,36.24770627600003],[-75.81088076799995,36.24908327600008],[-75.80196776499997,36.24247027500007],[-75.79853076399996,36.23080727200005],[-75.78556775899995,36.216971270000045],[-75.78212075799996,36.22080627100007],[-75.77237675499998,36.21754627000007],[-75.76726575299995,36.20498526800003],[-75.75775874799996,36.17803426200004],[-75.75735074799996,36.16688326000008],[-75.74587474299994,36.14406925500003],[-75.74528074199998,36.13149625300008],[-75.75134174399994,36.126985252000054],[-75.75193574399998,36.12237825100004],[-75.74266673899996,36.09242224400003],[-75.73972273799995,36.07527724100004],[-75.74140873699997,36.056379237000044],[-75.73826973599995,36.050349235000056],[-75.73709073499998,36.04079123300005],[-75.73221473399997,36.040666233000024],[-75.72674173199994,36.04564123500006],[-75.71925472999999,36.04621723500003],[-75.71521472899997,36.048331236000024],[-75.70641972599998,36.03920323400007],[-75.71105472699998,36.03170723200003],[-75.71057972599993,36.02565223100004],[-75.72293872999995,36.024595230000045],[-75.72733573099998,36.02200023000006],[-75.72708673099999,36.01051722700004],[-75.72983173099993,36.00729222600006],[-75.72757372999996,36.00344722600005],[-75.71141172499995,36.00325522600008],[-75.69691271999994,35.99421722500006],[-75.68730771799994,35.996735225000066],[-75.68229571599994,35.99585222500008],[-75.67348971299998,35.98819822400003],[-75.66797571099994,35.980005222000045],[-75.66868871099996,35.973157221000065],[-75.66707270999996,35.97138822100004],[-75.64454070299996,35.96442422000007],[-75.61540069199998,35.926440213000035],[-75.61478269099996,35.911773209000046],[-75.61221568999997,35.90526620800006],[-75.62128969299994,35.90078420700007],[-75.62291169299993,35.89232820500007],[-75.61758769099998,35.88909320400006],[-75.60894068799996,35.87819120200004],[-75.60218568499994,35.87441920200007],[-75.59448468199997,35.853346197000064],[-75.58888067999999,35.844933196000056],[-75.57138267399995,35.831112193000024],[-75.57047867299997,35.82833719300004],[-75.57599367499995,35.82309619100005],[-75.57309367399995,35.81781519000003],[-75.56933867199996,35.81484719000008],[-75.57047867199998,35.80883318800005],[-75.56496567099998,35.807537188000026],[-75.56306366999996,35.79927218700004],[-75.55745466799993,35.796033186000045],[-75.55201966599998,35.79503718600006],[-75.54827966499994,35.79079018500005],[-75.54837466399994,35.78091818300004],[-75.54409666299995,35.78026218300005],[-75.54132466199997,35.77691418200004],[-75.53538265999998,35.77517818200005],[-75.53229265899995,35.778071183000066],[-75.53301465999994,35.787384185000064],[-75.55230166699994,35.822180192000076],[-75.56979667499996,35.86330820000006],[-75.65853970999996,36.02043723200006],[-75.69674472399998,36.07750424300008],[-75.71831273299995,36.11368125000007],[-75.73843374099994,36.15428925800006],[-75.75963974999996,36.20471226800004],[-75.77251275499998,36.22944727300006],[-75.79641276599995,36.290358285000025],[-75.81873777599998,36.35758629900005],[-75.83497778399999,36.42265731200007],[-75.85690379499994,36.500162328000044],[-75.86704580099996,36.550761339000076],[-76.54168900899998,36.55031931600007],[-76.80708009099999,36.55061330700005],[-76.91589912399996,36.55210030400008],[-76.91732012399996,36.546053302000075],[-76.91605012399998,36.543822302000024],[-77.15269319599997,36.54408529400007],[-77.16966220199998,36.547322294000026],[-77.20515821199996,36.54458829200007],[-77.47444706499994,36.54505263300007],[-78.00789665599996,36.54428956700008],[-78.24546453099998,36.54441825500004],[-78.50996761099998,36.541072245000066],[-79.24974283599994,36.54114621800005],[-79.51064991499999,36.54074520800003],[-80.05346161399996,36.54254385400003],[-80.29524615199995,36.54398018000006],[-80.70483427599999,36.56232616800003],[-80.83764431599997,36.55912516200004],[-80.94599134899994,36.56320315900007],[-81.00380536599994,36.56363615600003],[-81.17671541799996,36.57193315100005],[-81.30751445799996,36.57503114700006],[-81.37482747799999,36.57468014400007],[-81.44223149799996,36.576829142000065],[-81.47643350799996,36.58042814200007],[-81.48939051199994,36.579033141000025],[-81.52103552199998,36.58052714000007],[-81.60093754599995,36.587026138000056],[-81.67753856899998,36.588124135000044]]]]}},{"type":"Feature","properties":{"shapeName":"Virginia","shapeISO":"US-VA","shapeID":"66186276B53580985925186","shapeGroup":"USA","shapeType":"ADM1"},"geometry":{"type":"MultiPolygon","coordinates":[[[[-75.74240782899994,37.80835760900004],[-75.74228182899998,37.806319608000024],[-75.73871682699996,37.805005608000045],[-75.74049882799994,37.801249607000045],[-75.73515082599994,37.800404607000075],[-75.73313082599998,37.80284560800004],[-75.73515082599994,37.80641360800007],[-75.74151382899998,37.80998360900003],[-75.74240782899994,37.80835760900004]]],[[[-75.85648685899997,37.70287058300005],[-75.85410985799996,37.70014358200007],[-75.85018785599993,37.69995558200003],[-75.84899985599998,37.70183558300005],[-75.85078285699996,37.705502583000055],[-75.85648685899997,37.70287058300005]]],[[[-75.86670686099995,37.68321657800004],[-75.86682586099994,37.68067657800003],[-75.85779385799998,37.68340457900007],[-75.85494185699997,37.68885958000004],[-75.86052785899994,37.693090581000035],[-75.86670686099995,37.68321657800004]]],[[[-75.89510987599994,37.80340860200005],[-75.89641687599999,37.80209460200007],[-75.89177987499994,37.79618360100005],[-75.89415887599995,37.80566260300003],[-75.89510987599994,37.80340860200005]]],[[[-75.90366588399996,37.89752862200004],[-75.90057688299999,37.89377662100003],[-75.89879388199995,37.89762162200003],[-75.90105188299998,37.89912262200005],[-75.90366588399996,37.89752862200004]]],[[[-75.99926037599994,37.82970764600003],[-75.99905490899994,37.81860360200005],[-75.99576690799995,37.812610601000074],[-75.98827990499996,37.80744660000005],[-75.98851790499998,37.80951260000006],[-75.99350890699998,37.81401860100004],[-75.97585490299997,37.82807360500004],[-75.97354390199996,37.833543606000035],[-75.97901090399995,37.83504560600005],[-75.98801990699997,37.841092607000064],[-75.99255790899997,37.848896608000075],[-75.99686090999995,37.850427609000064],[-75.99873791099998,37.845369607000066],[-75.99926037599994,37.82970764600003]]],[[[-76.00810391499994,37.87281961300005],[-76.00230291299994,37.86197761100004],[-75.99980791199994,37.860288610000055],[-76.00420491399996,37.87051561200008],[-76.00810391499994,37.87281961300005]]],[[[-75.64823080799994,37.96677864500003],[-75.64126780599997,37.96323764400006],[-75.63687080399995,37.95564764300008],[-75.63675180299998,37.94562064100006],[-75.64305080499997,37.936341639000034],[-75.65065580699996,37.93512363800005],[-75.66028180999996,37.936435638000034],[-75.66288681099996,37.93816263800005],[-75.66562981199996,37.936998638000034],[-75.67870281599994,37.94271563900003],[-75.69394381999996,37.93036963600008],[-75.70431982399998,37.92901763500004],[-75.71066982599996,37.93381163600003],[-75.70971982599997,37.93671663600003],[-75.71223082699998,37.938146637000045],[-75.71494882699994,37.93737263600008],[-75.71934582899996,37.93446763600008],[-75.72897183099997,37.92134363300005],[-75.74284983499996,37.91321063000004],[-75.74121183399996,37.90709262900003],[-75.73431983199998,37.90624862900006],[-75.73622083199996,37.902216628000076],[-75.74121183299997,37.89996662800007],[-75.74358883399998,37.90193562800005],[-75.75048183599995,37.900810628000045],[-75.75297683699995,37.902216628000076],[-75.75689883799998,37.90156062800003],[-75.75606683799998,37.89799762700005],[-75.74761683499997,37.898190627000076],[-75.74525283499997,37.899872628000026],[-75.74240083399997,37.898653627000044],[-75.74201083399998,37.89681962700007],[-75.72932782999999,37.89837262800006],[-75.72670082899998,37.897306628000024],[-75.72450682799996,37.90019162800007],[-75.72049182699999,37.90193362900004],[-75.70781782299997,37.900341629000025],[-75.69999082099997,37.900445629000046],[-75.69688481999998,37.901841630000035],[-75.68844681699994,37.89902862900004],[-75.68975481699994,37.89537162900007],[-75.69379481799996,37.89349562800004],[-75.69700381899997,37.89405862800004],[-75.69819181999998,37.89190162800003],[-75.68848081599998,37.88712662700004],[-75.68571381599997,37.88908762700004],[-75.67893981299994,37.888337627000055],[-75.68119781399997,37.880083626000044],[-75.68012881299995,37.875299625000025],[-75.68214881399996,37.873329624000064],[-75.68856881599999,37.87143962400006],[-75.68798781499999,37.86947062300004],[-75.69289981699995,37.86779962300005],[-75.68927881499997,37.85953862100007],[-75.67228480899996,37.85090562000005],[-75.67264180899997,37.84696461900006],[-75.67715781099997,37.84818461900005],[-75.68131681199998,37.84405561800003],[-75.68179181199997,37.84236661800003],[-75.67905881099995,37.84123961800003],[-75.67822680999996,37.83748561700003],[-75.68500081199994,37.836078616000066],[-75.69260681499998,37.837861616000055],[-75.69617181599995,37.84058361700005],[-75.69735981699995,37.84884161900004],[-75.70291581899994,37.84966661900006],[-75.70674881999997,37.84546361800005],[-75.70938182099997,37.84584361800006],[-75.70924381999998,37.84283561700005],[-75.70639181899998,37.84095861700007],[-75.70864981999995,37.838236616000074],[-75.71292782099994,37.836735616000055],[-75.70532281799996,37.82894461400008],[-75.71705382199997,37.82773361400007],[-75.71613682099996,37.81993361200006],[-75.72322582299995,37.82013161200007],[-75.71958282199995,37.81486361100008],[-75.72409882299996,37.80622560900008],[-75.71791982099995,37.80528660900006],[-75.71886982099994,37.79326760600003],[-75.72362382199998,37.794206606000046],[-75.72588182299995,37.79636660700004],[-75.72766482299994,37.794769606000045],[-75.72849582299995,37.787914605000026],[-75.73336882499996,37.78594160400007],[-75.74073682699998,37.787914604000036],[-75.74418282799996,37.78603560400006],[-75.75238283099998,37.78866560400007],[-75.75725583299999,37.794957605000036],[-75.77060883699994,37.80460960700003],[-75.78460084199997,37.806833607000044],[-75.79340084399996,37.80450060600003],[-75.79979984599998,37.798901605000026],[-75.80871284899996,37.79420660300008],[-75.81230784999997,37.79471660300004],[-75.81639785099998,37.78935160200007],[-75.81180284899995,37.77870960000007],[-75.80859484799998,37.78265460100005],[-75.80431584699994,37.78143360100006],[-75.79920584399997,37.771195599000066],[-75.80051284399997,37.76471359800007],[-75.80304284499994,37.76247159700006],[-75.80063184399995,37.76161259700007],[-75.79029284099994,37.765182598000024],[-75.78708383999998,37.76302159800008],[-75.78732183999995,37.75710259600004],[-75.79266984099996,37.750619595000046],[-75.80847584599996,37.74601559300004],[-75.81025784699995,37.74949259400006],[-75.81215684699998,37.749509594000074],[-75.82689585099996,37.73802759100005],[-75.83143985199996,37.73169759000007],[-75.83198585199995,37.728126589000055],[-75.82962885099994,37.72562058800003],[-75.82594484999998,37.72815858900003],[-75.80075084299995,37.73304659100006],[-75.79504684099999,37.72674859000006],[-75.79754184099994,37.72439858900003],[-75.80027584199996,37.72430458900004],[-75.80372184299995,37.72129658800003],[-75.80324684299995,37.71894658800005],[-75.80621784399995,37.71791258800005],[-75.80954484499995,37.71753658700004],[-75.80942584499996,37.72176658800004],[-75.81192184599996,37.72261258800006],[-75.81964684799993,37.71744258700005],[-75.82285484899995,37.718758587000025],[-75.82855984999998,37.713494586000024],[-75.83768685299998,37.71299258500005],[-75.83592785299999,37.70982758500003],[-75.83770985299998,37.706443584000056],[-75.83640285199994,37.70305858300003],[-75.84543485499995,37.698921582000025],[-75.84341485399995,37.69562958200004],[-75.84507785399995,37.69374958100008],[-75.84793085499996,37.694407581000064],[-75.84971285599994,37.693184581000025],[-75.84388985399994,37.68895358000003],[-75.84507785399995,37.68697858000007],[-75.84888085499995,37.68726058000004],[-75.85232785599999,37.68537957900003],[-75.85327785599998,37.68255757900005],[-75.85232785599999,37.677196577000075],[-75.84709885399997,37.67625657700006],[-75.84590985299997,37.66976557600003],[-75.85304085499996,37.664874575000056],[-75.86040885799997,37.66581457500007],[-75.86539985899998,37.66873157500004],[-75.86848285999997,37.66823157500005],[-75.87706086299994,37.66064857300006],[-75.87728386199996,37.657112572000074],[-75.86813285899996,37.65344357200007],[-75.87039085999999,37.65043257100007],[-75.87680886199996,37.65363157200005],[-75.88726586499996,37.653161571000055],[-75.89049686599998,37.64955457000008],[-75.89239386599996,37.63748756800004],[-75.89106886599996,37.63462356700006],[-75.88453286299995,37.631988567000064],[-75.88251286199994,37.62681156600007],[-75.88298786199994,37.62059956500008],[-75.87882886099999,37.62022256500006],[-75.87609585999996,37.61495156400008],[-75.87728385999998,37.611656563000054],[-75.88203786099996,37.60723156200004],[-75.89285186399997,37.60440756100007],[-75.89891286699998,37.60977356200004],[-75.90069486699997,37.61551656300003],[-75.89986386699997,37.62031756400006],[-75.90223986899997,37.625399565000066],[-75.90544886999999,37.62615256500004],[-75.90958787099999,37.62267856400007],[-75.91638987199997,37.610080561000075],[-75.92162587299998,37.605120560000046],[-75.92541387399996,37.59631055800003],[-75.91757087099995,37.585857556000065],[-75.93200287499997,37.57956355400006],[-75.94118387699996,37.56384655100004],[-75.94115487699997,37.55844355000005],[-75.93230687399995,37.55062854800008],[-75.93777287499995,37.542619546000026],[-75.94031987499994,37.534589545000074],[-75.94997587799998,37.52188354200007],[-75.95896787899994,37.50014053700005],[-75.96349787899999,37.47535953100004],[-75.95845187699996,37.469462530000044],[-75.97649288199995,37.444885525000075],[-75.97963288199998,37.43830252300006],[-75.98162488199995,37.427385521000076],[-75.98310688199996,37.41580951800006],[-75.98034188099996,37.40275151600008],[-75.97473287899999,37.40482551600007],[-75.96748287699995,37.39982151500004],[-75.96831487699995,37.395478515000036],[-75.97057287699994,37.39104151300006],[-75.97508887799995,37.38924751300004],[-75.97437587799999,37.38547051200004],[-75.98019887999999,37.382920511000066],[-75.98376688099995,37.38548551200006],[-75.98615488099995,37.38213151100007],[-75.98614788099997,37.373477509000054],[-75.98402687999999,37.36986150900003],[-75.98882188099998,37.36703250800008],[-75.99850088299996,37.35005150400008],[-76.01216688699998,37.33380150000005],[-76.01490088699995,37.32822549900004],[-76.01864688799998,37.31782749600006],[-76.02155488799997,37.300519493000024],[-76.01953488699996,37.29712949200007],[-76.01181088499999,37.29741349200003],[-76.01109788399998,37.294860492000055],[-76.01632688599994,37.28937649100004],[-76.01299888399996,37.27944848900006],[-76.02225288699998,37.27183648700003],[-76.02575488699995,37.25741448400004],[-76.01490088199995,37.23650647900007],[-76.01181088099997,37.23574947900005],[-76.00907687999995,37.23224847900008],[-76.01182688099993,37.22668847800003],[-76.01347388099998,37.21010447400005],[-76.01032487899994,37.20009247200005],[-75.99864887499996,37.18874647000007],[-75.98829487099994,37.17293846700005],[-75.98715686999998,37.16648646600004],[-75.98166186799995,37.16308246500006],[-75.97651486599995,37.15443146300004],[-75.97000586299998,37.128868458000056],[-75.96974086199998,37.111797455000044],[-75.97734686399997,37.105542453000055],[-75.98103086399993,37.09558945100008],[-75.97568286199999,37.08734244900006],[-75.96823485999994,37.08418844900007],[-75.96059085699994,37.08307644900003],[-75.94958285399997,37.085149450000074],[-75.94240085199993,37.089614451000045],[-75.94098185199994,37.09483145200005],[-75.94133885199994,37.09852845300003],[-75.94585485399995,37.10317245400006],[-75.96201685899996,37.10762745400007],[-75.96570086099996,37.118146456000034],[-75.94452185499995,37.122399458000075],[-75.94254085399996,37.12514945800007],[-75.93860485299996,37.12657945900003],[-75.93694185199996,37.125821459000065],[-75.92779084999995,37.130275460000064],[-75.91150984399997,37.12288445900003],[-75.91828384599995,37.11511445700006],[-75.92303684799998,37.11473545700005],[-75.92422684799999,37.11309245700005],[-75.92101684699998,37.11179745600003],[-75.91578784499995,37.11217645700003],[-75.89729983999996,37.11804445800004],[-75.87767183499994,37.13561146300003],[-75.85636782899996,37.15850446800005],[-75.83200582199999,37.17498247300006],[-75.83022282199994,37.17848547400007],[-75.83093582299995,37.18359847500005],[-75.82689582099994,37.18501847500005],[-75.81738881899997,37.19344447700007],[-75.81560581899998,37.20224847900005],[-75.81822081999996,37.205182480000076],[-75.81988382099996,37.212470481000025],[-75.81382281899994,37.214079482000045],[-75.80704981699995,37.219474483000056],[-75.80324681599996,37.227422485000034],[-75.80431581699997,37.23357348600007],[-75.80146381599997,37.24000748700007],[-75.79516581499996,37.24710248900004],[-75.79528381699998,37.277368496000065],[-75.79789881799996,37.28285249700008],[-75.79844981899998,37.29629249900006],[-75.79290781699996,37.301667501000054],[-75.78411281399997,37.302328501000034],[-75.78054781299994,37.299587501000076],[-75.78244981399996,37.29835850000006],[-75.77881881199994,37.297183500000074],[-75.75716980699997,37.314047505000076],[-75.74358880299997,37.328509508000025],[-75.73229880099996,37.344477512000026],[-75.72733679999999,37.36035351500004],[-75.72255379899997,37.36866051700008],[-75.71780079799998,37.37206051800007],[-75.67525578799996,37.43172453200003],[-75.65921278299999,37.446633536000036],[-75.65838078299998,37.451822537000055],[-75.66087678499997,37.463048539000056],[-75.66444178599994,37.464463539000064],[-75.67038378799998,37.462482539000064],[-75.68404979199994,37.463237538000044],[-75.68690179299995,37.46540653900007],[-75.68868479399998,37.47144354000005],[-75.69106179499994,37.47361254000003],[-75.68630779299997,37.47861154200007],[-75.68404979299999,37.48747554400006],[-75.67787079099998,37.48738154400007],[-75.67287878999997,37.48370354300005],[-75.66955178899997,37.48436354300003],[-75.66242078699997,37.49068154500003],[-75.60704177299993,37.56344056200004],[-75.60216977199997,37.567114563000075],[-75.60014877199995,37.57135356400005],[-75.60300177299996,37.57719356500007],[-75.61286477599998,37.57728756500006],[-75.61452877799996,37.609303571000055],[-75.61203277799996,37.61834057300007],[-75.60383277599993,37.62803557600006],[-75.59931777499997,37.63688257800004],[-75.59076077399999,37.66736758400003],[-75.59099877399996,37.67592758600006],[-75.58707677399997,37.68965858900003],[-75.57840177199995,37.696147591000056],[-75.57638077099995,37.699438592000035],[-75.57602477099994,37.70489159300007],[-75.56295276899993,37.73647660000006],[-75.55189976599996,37.74812960300005],[-75.52088275899996,37.796694614000046],[-75.48927175099993,37.83246462200003],[-75.45268274199998,37.86351763000005],[-75.43900273799994,37.86934263200004],[-75.42533573299994,37.87009363200008],[-75.42295873299997,37.87431463300004],[-75.42414773399997,37.87928663400004],[-75.41166873099996,37.896824638000055],[-75.40643972899994,37.899450639000065],[-75.39966672699995,37.89823163900007],[-75.38635572299995,37.899450640000055],[-75.38148372099994,37.89297963900003],[-75.36722271599996,37.89297963900003],[-75.35248671199997,37.889697639000076],[-75.34987271099999,37.88557063800005],[-75.35034771099998,37.87966163700003],[-75.36639071499997,37.86577763300005],[-75.37019371599996,37.86634063300005],[-75.37613571799994,37.87206363400003],[-75.38469272099996,37.87628463500005],[-75.38920872199998,37.87665963500007],[-75.39384272399997,37.87365763400004],[-75.39746072499997,37.87552163400005],[-75.39776472499994,37.87009363300007],[-75.39621972399993,37.86727863300007],[-75.39134772199998,37.86418263200005],[-75.38905772099997,37.85617663100004],[-75.38479571999994,37.851476630000036],[-75.38160271899994,37.851239630000066],[-75.37661171699995,37.85367363100005],[-75.36805471499997,37.86014863200006],[-75.34987270999994,37.877316636000046],[-75.29827669799994,37.956766655000024],[-75.24226768499994,38.027216671000076],[-75.62434280199994,37.99421865100004],[-75.62561380199998,37.989807650000046],[-75.63087080399998,37.98782565000005],[-75.63383480499994,37.98452664900003],[-75.62885680299996,37.97780564800007],[-75.62953380299996,37.975973647000046],[-75.63201180399994,37.97602764700008],[-75.63573780499996,37.97954364800006],[-75.63822280599999,37.97940464800007],[-75.64823080799994,37.96677864500003]]],[[[-76.04653193099995,37.95359362800008],[-76.04282792999999,37.94702662700007],[-76.04187692999994,37.94955662800004],[-76.03712392799997,37.951711628000055],[-76.02892392599995,37.95105562800006],[-76.02512092399996,37.94374662700005],[-76.03236992599994,37.93334262500008],[-76.02843192399996,37.92050862200006],[-76.02607092299996,37.922187622000024],[-76.02477192299995,37.92719262400004],[-76.01641292099998,37.92866662400007],[-76.02072392299993,37.940372626000055],[-76.01680192199996,37.94646362800006],[-76.00349191799995,37.95039962900006],[-76.00313191799995,37.948004629000025],[-75.99768691599996,37.945700628000054],[-75.99659891599998,37.95124362900003],[-75.99390691499997,37.953496630000075],[-76.04653193099995,37.95359362800008]]],[[[-76.42081102799995,37.59787854100006],[-76.41914702699995,37.59185154000005],[-76.41736402599997,37.59166354000007],[-76.41629302599995,37.593591540000034],[-76.41787802699997,37.598603541000045],[-76.42081102799995,37.59787854100006]]],[[[-75.86704580099996,36.550761339000076],[-75.87414680499995,36.58386034600005],[-75.89094781199998,36.630760355000064],[-75.92174982499995,36.69205836700007],[-75.94955183699994,36.76115738100003],[-75.96545284499996,36.81245639100007],[-75.99232085799997,36.91598641200005],[-75.99625385999997,36.92205441400006],[-76.00755486399999,36.92905441500005],[-76.01375486599994,36.93075341500003],[-76.03345587199993,36.93195341400008],[-76.04158987399995,36.92988541400007],[-76.05815587899997,36.91695441000007],[-76.08262088599997,36.91219140900006],[-76.09048288799994,36.907815407000044],[-76.09345388899999,36.908005407000076],[-76.13955890399995,36.92305440900003],[-76.17546091599996,36.93015440900007],[-76.18996091999998,36.931454409000025],[-76.22856293299998,36.94195441000005],[-76.26786794599997,36.96449841300006],[-76.27994194999997,36.96838041400008],[-76.29655095499999,36.96898641300004],[-76.30032995699997,36.98313441600004],[-76.29986395699996,36.98692741700006],[-76.30128695799993,36.98730241700008],[-76.30528595899995,36.98514941600007],[-76.30267795799995,36.981815416000074],[-76.29936595599997,36.96555441300006],[-76.30047295599996,36.956357411000056],[-76.31586896099998,36.95535841000003],[-76.32025396199998,36.95777141000008],[-76.32138896299995,36.96233941100007],[-76.32566696399994,36.963194411000075],[-76.33020896399995,36.94206840700008],[-76.32886596299994,36.918454402000066],[-76.33315996399995,36.917300401000034],[-76.33232196299997,36.914846401000034],[-76.32828096199995,36.915036401000066],[-76.32602296099998,36.90372939900004],[-76.31413895699995,36.902493399000036],[-76.31604095699998,36.888427396000054],[-76.318060958,36.88519639500004],[-76.34123496499996,36.89403539600005],[-76.34943496799997,36.89517539600007],[-76.35453497099996,36.922766402000036],[-76.35644597099997,36.92406240200006],[-76.38413597999994,36.92444240100008],[-76.38586897999994,36.923254401000065],[-76.38756897999997,36.89955439600004],[-76.39067197999998,36.89574639500006],[-76.40750898599998,36.89745139400003],[-76.43122199299995,36.90453939500003],[-76.44160699699995,36.906123395000066],[-76.44741499799994,36.903227394000055],[-76.453943,36.89274739200005],[-76.45329199899999,36.88703839100003],[-76.454694,36.884084390000055],[-76.47362200499998,36.882629389000044],[-76.48336700799996,36.87816138800008],[-76.48717000899995,36.880633388000035],[-76.49156701099997,36.88110838800003],[-76.49311201199998,36.89184939000006],[-76.48337100899994,36.89624639200008],[-76.48015900899998,36.91427639500006],[-76.48930901199998,36.92178239700007],[-76.49370601399994,36.92111739600006],[-76.49976701599996,36.92938239800003],[-76.49917301599999,36.93755240000007],[-76.49525101499995,36.941446401000064],[-76.48553001199997,36.93858340000003],[-76.48756101299995,36.952379403000066],[-76.48645701299995,36.95654740400005],[-76.48919001399997,36.959681405000026],[-76.49596401699995,36.96499840600006],[-76.51336502199996,36.96806440600005],[-76.52100802499996,36.97319440700005],[-76.52414402599999,36.97832340800005],[-76.52297302599999,36.98109240800005],[-76.52485502699994,36.98384040900004],[-76.53411202999996,36.985221409000076],[-76.54064803199998,36.988258409000025],[-76.55124803599995,36.99895341100006],[-76.55692903699997,37.002021411000044],[-76.56619903999996,37.00391941100003],[-76.56940704099998,37.00316041100007],[-76.57166504199995,36.998320410000076],[-76.57939004399998,36.99879441000007],[-76.58354904599997,37.00705141200007],[-76.57606204399997,37.01540241400005],[-76.57796404499999,37.02194941500005],[-76.58649304799997,37.028747416000044],[-76.61212605599997,37.03561141700004],[-76.64601506699995,37.03623541600007],[-76.65913107099993,37.04244141600003],[-76.66626207399997,37.05021941800004],[-76.66994607499998,37.05989242000004],[-76.66982407599994,37.06426742100007],[-76.66764807599998,37.07623542300007],[-76.65711107399994,37.099807429000066],[-76.65841807399994,37.10331442900008],[-76.65689607399997,37.10985043100004],[-76.66447907699995,37.121889433000035],[-76.66436007799996,37.13288043500006],[-76.66709407899998,37.14045943700006],[-76.67159007999999,37.14206743700004],[-76.67030208099999,37.15163743900007],[-76.67147208099993,37.15874644000007],[-76.66867208099995,37.166778442000066],[-76.66427207999999,37.17103444300005],[-76.66377607999993,37.17388244400007],[-76.66988808199994,37.18357844600007],[-76.67767008499999,37.18856944600003],[-76.68658308799996,37.19727844800008],[-76.69199508999998,37.19502644700003],[-76.69541208999993,37.17849444400008],[-76.69763608999995,37.17436644300005],[-76.70286409199997,37.170673442000066],[-76.70631109199996,37.16527544100006],[-76.70776009199994,37.15875143900007],[-76.71529709399994,37.14804243700007],[-76.73032209899998,37.14540243600004],[-76.73728210099995,37.14617143600003],[-76.74763410399999,37.15055543600005],[-76.76192810999999,37.16811743900007],[-76.78272511699998,37.17824944100005],[-76.78539611799994,37.18426344200003],[-76.78973611899994,37.187717442000064],[-76.79690712199994,37.18941144300004],[-76.80251312399997,37.19831544400006],[-76.80320012399994,37.20152044500003],[-76.80102512399998,37.20605044600006],[-76.80637412599998,37.207123446000026],[-76.81849612899998,37.20532444500003],[-76.83620313499995,37.20598744500006],[-76.86570614399994,37.20903144400006],[-76.89092915099997,37.19951344100008],[-76.89835615399994,37.19917244100003],[-76.90845715699999,37.202674441000056],[-76.92616516299995,37.21601944400004],[-76.93258216499999,37.21772344400006],[-76.94708016999994,37.22803844500004],[-76.94838817099998,37.230876446000025],[-76.94042516899998,37.237689448000026],[-76.93614716699994,37.23882444800006],[-76.91784616099994,37.234282448000044],[-76.91855916199995,37.23731044800007],[-76.91653916099995,37.24232444900008],[-76.91416216099998,37.24364945000008],[-76.90477315799995,37.24241945000006],[-76.90037615699998,37.243744450000065],[-76.89769115599995,37.24553145100003],[-76.89740515599993,37.25055545200007],[-76.89003715399997,37.253109453000036],[-76.88599715299995,37.25282545300007],[-76.88171815199996,37.25746045400007],[-76.87221114899995,37.26275745500004],[-76.86757714699996,37.260676455000066],[-76.86626914699997,37.258500455000046],[-76.86769514699995,37.25197445300006],[-76.87328114899998,37.25150145300006],[-76.873637149,37.25008245300006],[-76.86952414699994,37.242164451000065],[-76.85046414099997,37.24081145100007],[-76.82218013199997,37.243649453000046],[-76.79888712499996,37.234756452000056],[-76.79353912299996,37.23125545100004],[-76.78053411799993,37.20934344700004],[-76.76442411199997,37.19888844600007],[-76.75776710999997,37.19166544400008],[-76.75047210699995,37.19010544400004],[-76.74304210499997,37.19261844500005],[-76.74000210399998,37.19538644600004],[-76.74065610499997,37.198320446000025],[-76.73499710299996,37.20316844800004],[-76.73816010399997,37.20636544800004],[-76.74350810599998,37.206649448000064],[-76.75135110899998,37.209205448000034],[-76.75158910899995,37.210814449000054],[-76.75836311099994,37.211571449000076],[-76.75978911099998,37.21242344900003],[-76.75824411099995,37.215546449000044],[-76.73150910299995,37.21223545000004],[-76.70262709399998,37.21715545200004],[-76.69300109099999,37.22368545300003],[-76.65984408099996,37.22321245400008],[-76.649871078,37.22092145400006],[-76.64108707499997,37.21600945400007],[-76.62987007099997,37.206745452000064],[-76.62329406899994,37.198745451000036],[-76.61934206699993,37.192153449000045],[-76.61281906399995,37.17117044500003],[-76.60945606299998,37.16641244400006],[-76.60651106199998,37.16615344400003],[-76.61444806399999,37.16196144300005],[-76.60731706199994,37.15930944300004],[-76.60632506099995,37.15758444200003],[-76.61670606399997,37.14377543900008],[-76.62225406499994,37.142153439000026],[-76.62358106499994,37.13822643800006],[-76.62134006499997,37.13581743700007],[-76.62775806599996,37.12586943500003],[-76.62205306399994,37.125584435000064],[-76.61848806299997,37.12302643500004],[-76.61825406299994,37.11935443400006],[-76.61100105999998,37.11487743300006],[-76.59828505599995,37.11137043300005],[-76.59630905499995,37.106489432000046],[-76.57950104999998,37.09663443100004],[-76.57403104699995,37.08899342900003],[-76.56714904499995,37.08378742800005],[-76.56774404499998,37.08151242800005],[-76.56346504399994,37.07819342700003],[-76.55711904199995,37.07623542700003],[-76.55562204099994,37.076581427000065],[-76.55894904199994,37.08198642800005],[-76.55051203999994,37.08151242800005],[-76.55704804199996,37.09383643100006],[-76.56203904399996,37.097248431000025],[-76.56299004499994,37.10502043300005],[-76.57000204699995,37.108432433000075],[-76.56691204699996,37.11345543500005],[-76.56025704399997,37.11127543400005],[-76.55669104299994,37.108053434000055],[-76.55241304099997,37.09867043200006],[-76.54373803799996,37.09374143100007],[-76.54314403799998,37.08909643000004],[-76.52656203199996,37.07853842900005],[-76.52657503199998,37.07005442700006],[-76.52797503199997,37.06825442600007],[-76.52627503099995,37.062954425000044],[-76.51864102899998,37.055734424000036],[-76.51229102699995,37.05486542400007],[-76.46447300999995,37.02755442000006],[-76.46126300899994,37.02451141900008],[-76.45520200699997,37.014168417000064],[-76.44823300399997,37.00771241600006],[-76.44783400399996,37.00202141500006],[-76.45282500499997,37.00002841500003],[-76.45212000499998,36.99817041400007],[-76.42525499499999,36.96642240800003],[-76.42026299299994,36.96395440800006],[-76.41099398999995,36.963004408000074],[-76.40856999,36.969154410000044],[-76.40148698799999,36.97487341100003],[-76.39636998699996,36.98235441300005],[-76.38336898299997,36.993354416000045],[-76.37748098199995,36.99699141700006],[-76.36215097699994,37.002401418000034],[-76.35636797599994,37.00295441800006],[-76.34806797299996,37.00675442000005],[-76.34066797099996,37.01525342200006],[-76.32388496599998,37.01194242200006],[-76.31798196399996,36.999248419000025],[-76.31641696299994,36.99959541900006],[-76.32231196599997,37.01206342200004],[-76.31936796499997,37.01312442200003],[-76.31713896399998,37.01263642200007],[-76.31462596299997,37.009337421000055],[-76.31500996299997,37.001690420000045],[-76.31204996199995,37.00037841900007],[-76.30427395899994,37.00138542000008],[-76.30035395899995,37.00885742200006],[-76.29286495799994,37.03515242700007],[-76.27135695399994,37.087579439000024],[-76.27990295699993,37.10123444200008],[-76.28537995899995,37.10227244200007],[-76.29191596099997,37.10852744300007],[-76.29488696199996,37.10890644300008],[-76.30177996499998,37.11411944400004],[-76.30059196499997,37.11866744500003],[-76.29512496299998,37.12482644600004],[-76.29928396499997,37.13013244700005],[-76.30177996599997,37.13013244700005],[-76.31108996899997,37.13850244900004],[-76.31507496999996,37.13804844800006],[-76.32435497299997,37.142902449000076],[-76.32705197399997,37.142437449000056],[-76.33252197599995,37.144486449000055],[-76.33321597599996,37.14773345000003],[-76.33581097699994,37.14793045000005],[-76.33703997799995,37.15046845000006],[-76.33624397699998,37.15334245100007],[-76.33916397899998,37.15837945200008],[-76.34155297899997,37.15882945200008],[-76.34337397999997,37.16319245300008],[-76.33945197899999,37.16915845400007],[-76.34776198199995,37.169261454000036],[-76.35033898299997,37.17099645400003],[-76.35216798299996,37.16915845400007],[-76.35969198599997,37.16858745300004],[-76.36215098599996,37.165938453000024],[-76.36942698799999,37.16430845200006],[-76.38138099199995,37.15571845000005],[-76.39475799599995,37.157575450000024],[-76.39980999699998,37.16046145000007],[-76.40196199799993,37.159120450000046],[-76.41230100099995,37.16148745000004],[-76.408379,37.16688545100004],[-76.40802300099995,37.175029453000036],[-76.40053599899994,37.179006454000046],[-76.39399999599993,37.17446145300005],[-76.39250899599995,37.175633454000035],[-76.39114799699996,37.19462845800007],[-76.39307299699993,37.198626458000035],[-76.40208100099994,37.20655546000006],[-76.39567599899993,37.21214246100004],[-76.39506899899999,37.21706046200006],[-76.38663199699994,37.22784846500008],[-76.397346,37.22424046400005],[-76.41068200399997,37.22248646300005],[-76.42139200799994,37.223251463000054],[-76.43725501199998,37.21904446100007],[-76.45598201799999,37.21851546100004],[-76.47180102299995,37.21602345900004],[-76.48369002699997,37.22233146000008],[-76.49401002999997,37.22541546100007],[-76.50903703599994,37.23948646300005],[-76.50499603499998,37.245257464000076],[-76.48284202799994,37.25483846700007],[-76.47719502599995,37.25018146600007],[-76.46890702399998,37.251084467000055],[-76.46456602199999,37.24991846700004],[-76.45840802099997,37.25223946800003],[-76.43962501499993,37.25468146900005],[-76.43393001299995,37.25698746900008],[-76.42914301199994,37.253317469000024],[-76.42288700999995,37.254918469000074],[-76.42454200999998,37.25869047000003],[-76.42347200999995,37.262284471000044],[-76.41717300899995,37.26512147200003],[-76.39586000199995,37.265333472000066],[-76.390078,37.26351347200006],[-76.37902599699999,37.26824247400003],[-76.36238799199998,37.268620474000045],[-76.35999999099994,37.27085747500007],[-76.35455598999994,37.272338475000026],[-76.35255798899993,37.278341477000026],[-76.36692999399997,37.27961947600005],[-76.36892399399994,37.27836147600004],[-76.37629299699995,37.280630476000056],[-76.37866899799997,37.28573647700006],[-76.38294799899995,37.286304477000044],[-76.38208599899997,37.29275847900004],[-76.385605,37.29411547900003],[-76.38629900099994,37.29832148000003],[-76.38900800099998,37.29623147900003],[-76.39257400299994,37.29613647900004],[-76.39685200399998,37.30303748000006],[-76.39554500399998,37.30492848100005],[-76.39150400299997,37.30473948100007],[-76.38859400199993,37.30848448200004],[-76.39471300399998,37.312868482000056],[-76.39934700599997,37.31334048200006],[-76.40315000699997,37.310883482000065],[-76.41016200899998,37.30937148100003],[-76.41158800899996,37.30757548100007],[-76.41919401099995,37.30766948100006],[-76.43856501799996,37.31381348100007],[-76.43713901799998,37.32411548300007],[-76.43309801699996,37.32241348300005],[-76.42549201399999,37.32326448400005],[-76.42145201299996,37.32061848300003],[-76.42002601199994,37.32175248300007],[-76.41693601099996,37.320523483000045],[-76.41289500999994,37.32260248400007],[-76.41135000999998,37.32449348400007],[-76.41634201199997,37.32931248500006],[-76.41527201199995,37.331674486000054],[-76.41242001099994,37.33356448600006],[-76.40590200899999,37.329929486000026],[-76.40469500799998,37.331674486000054],[-76.40639000899995,37.332931486000064],[-76.40267600799996,37.33611148700004],[-76.40367800799999,37.33867048800005],[-76.41146901099995,37.34102948800006],[-76.41013401099997,37.34416748800004],[-76.41234201099996,37.344967489000055],[-76.41470401199996,37.33968648700005],[-76.42088901399995,37.34336348800008],[-76.42648001599997,37.34857948900003],[-76.42542001599998,37.35063948900006],[-76.43496701899994,37.354531490000056],[-76.44415002199997,37.366535492000025],[-76.44640802299995,37.364929492000044],[-76.44688302299994,37.36200149100006],[-76.45650902599994,37.35935649000004],[-76.46732402999999,37.36672449100007],[-76.46958202999997,37.37059649200006],[-76.46732402999999,37.373240493000026],[-76.46720502999995,37.379851494000036],[-76.46364002899998,37.38523449500008],[-76.46102502899998,37.38740549600004],[-76.45484602699997,37.388161496000066],[-76.45092402599994,37.38683949600005],[-76.45104302499993,37.38126749500003],[-76.43752702099994,37.379757495000035],[-76.42870101799997,37.38155149600004],[-76.41453401299998,37.368361493000066],[-76.40985901199997,37.36868349400004],[-76.40971901199998,37.37479549500006],[-76.41231201299996,37.37492449500007],[-76.41732301499997,37.379554496000026],[-76.41491401399998,37.37980649600007],[-76.41474301399995,37.38168449600005],[-76.41634201499994,37.394015499000034],[-76.41872101599995,37.397807499000066],[-76.41516901499995,37.40214050000003],[-76.41610401599996,37.409308502000044],[-76.41289501599994,37.41808750400003],[-76.40386301299998,37.418653504000076],[-76.39899101099996,37.41676550400007],[-76.39649500999997,37.41006450300006],[-76.39685200999998,37.402040501000045],[-76.39143900699997,37.39029149900006],[-76.38525400499998,37.38434649800007],[-76.37383600099997,37.38031749700008],[-76.370707,37.38051249700004],[-76.36726099899994,37.37749049700005],[-76.36675299899997,37.37450249600005],[-76.36262599799994,37.373996496000075],[-76.35989299699997,37.37087949600004],[-76.35513899499995,37.36955749600003],[-76.34860299299999,37.37154049600008],[-76.33778798899993,37.36577949600007],[-76.33632398899994,37.361175495000055],[-76.32964598599995,37.35400749300004],[-76.32626198499997,37.35247249300005],[-76.32511798499996,37.34933649300007],[-76.32228498399996,37.349866493000036],[-76.32091298299997,37.348587493000025],[-76.32064798299996,37.344114492000074],[-76.31378298099997,37.34546949200006],[-76.31414298099997,37.339533491000054],[-76.31205197999998,37.33809549100005],[-76.30858297799995,37.329373489000034],[-76.29723997499997,37.32711648900005],[-76.29477797399994,37.32336048800005],[-76.29130897299996,37.32413648800008],[-76.28814297199995,37.32232348800005],[-76.28255696999997,37.319114488000025],[-76.27801196799999,37.31050548600007],[-76.27621596699998,37.31083648600003],[-76.27223096699998,37.32148248800007],[-76.27146496699999,37.32954649000004],[-76.27480296799996,37.33101349000003],[-76.27599196899996,37.335454491000064],[-76.27288996799996,37.33518149100007],[-76.27093396699996,37.34103649300005],[-76.27408696899994,37.34481849300005],[-76.27468396899997,37.34962649400006],[-76.27290196899997,37.35397249500005],[-76.27206996899997,37.35557849600008],[-76.26484896599999,37.35740649600007],[-76.25929096499993,37.36222449700006],[-76.24775296199994,37.378823501000056],[-76.25039396499994,37.41300450800003],[-76.24922096499995,37.41581950900007],[-76.25170196599998,37.421688510000024],[-76.25241496699994,37.43659951300003],[-76.25704896899998,37.44358151500006],[-76.25609896899994,37.452638517000025],[-76.26025796999994,37.45697851700004],[-76.26726997299994,37.45678951700006],[-76.27095397399995,37.45952551700003],[-76.27154797399999,37.46216651800006],[-76.28069797699999,37.46584551800004],[-76.27950997699998,37.47471152000003],[-76.29151298099998,37.47980452100006],[-76.29423798199997,37.48264152200005],[-76.29983198399998,37.48357652200008],[-76.30232698499998,37.48517952200007],[-76.30197098499997,37.48763152200007],[-76.30898198699998,37.48857452200008],[-76.31028998799997,37.49112052300006],[-76.30696198699997,37.494891524000025],[-76.30351598599998,37.493477523000024],[-76.29258198199994,37.49498652400007],[-76.29377098299994,37.49130852300004],[-76.28675897999995,37.48687752300003],[-76.28568997999997,37.48763152300006],[-76.27273597599998,37.48357652200008],[-76.26821997399998,37.48112452200007],[-76.26643797299994,37.47574852100007],[-76.26429897299994,37.476880521000055],[-76.26851397399997,37.48391352300007],[-76.27190397599998,37.48640552300003],[-76.27309297599999,37.48895152400007],[-76.27097297599994,37.489648524000074],[-76.28104497999993,37.50782852700007],[-76.28816898199995,37.51412552800008],[-76.29360098399997,37.516506529000026],[-76.29765298499996,37.51543152800008],[-76.29845798499997,37.51268452800008],[-76.29644698499999,37.511242527000036],[-76.29774098499996,37.50687052600006],[-76.31349798899998,37.49102652300007],[-76.31646898999998,37.48989452200004],[-76.31028998799997,37.48772552200006],[-76.31254798799995,37.48621652200006],[-76.32169799099995,37.48574552100007],[-76.32526299199998,37.48612252100003],[-76.32775899299997,37.488197522000064],[-76.33363399599995,37.502804524000055],[-76.34059399799997,37.505168525000045],[-76.34570399899997,37.50403752400007],[-76.35268000199994,37.504920524000056],[-76.35639900299998,37.508091525000054],[-76.36047600499995,37.51924752700006],[-76.36162800599999,37.534671530000026],[-76.35877600499998,37.53665053100008],[-76.35533000399994,37.53759253100003],[-76.34899400199998,37.53655553100003],[-76.339991,37.53833753200007],[-76.340237,37.54220953200007],[-76.33500799799998,37.54249253300003],[-76.33239399699994,37.54136153200005],[-76.33120499699999,37.53862953200007],[-76.33094899599996,37.52498552900005],[-76.32899199599996,37.53075353000003],[-76.32859099599995,37.54597853400003],[-76.32205499499997,37.54739253400004],[-76.32018499399999,37.54626953400003],[-76.31191399099998,37.546403534000035],[-76.30276398899997,37.55130253600004],[-76.29796198799994,37.55764353700005],[-76.29803398799999,37.55987453800003],[-76.30014598899999,37.561741538000035],[-76.30665799099995,37.56329353800004],[-76.31275499199995,37.56254153800006],[-76.31409199299998,37.559734537000054],[-76.32091999499994,37.565429538000046],[-76.33264299899997,37.570049538000035],[-76.35783700699994,37.57370653800007],[-76.38319001499997,37.57306353700005],[-76.40837602299996,37.58171353800003],[-76.41510602499994,37.580551538000066],[-76.42295002799995,37.58544853800004],[-76.42508902799995,37.58441253800004],[-76.42806002999998,37.589403539000045],[-76.42580202899995,37.589403539000045],[-76.42342502799994,37.592228540000065],[-76.42627702899995,37.59260554000008],[-76.42948602999996,37.59091053900005],[-76.43744803299995,37.59693654000006],[-76.43566603299996,37.59863154100003],[-76.43150603099997,37.59740754100005],[-76.43067403099997,37.59947854100005],[-76.43174403099994,37.60155054200004],[-76.43459603199994,37.602021542000045],[-76.43435803299997,37.60569254200004],[-76.43198203199995,37.60635154300007],[-76.43083103199996,37.61113254400004],[-76.43328703299994,37.61402054400003],[-76.43547603299999,37.61281454400006],[-76.44864703699994,37.61239154300006],[-76.45135203799998,37.61096554300008],[-76.45432303899997,37.61105954300007],[-76.45650303999997,37.61316454300004],[-76.47569404599994,37.61089154200005],[-76.49232405099997,37.61310154200004],[-76.50750205499997,37.610929541000075],[-76.52719006199999,37.61132254000006],[-76.53377906399999,37.61253754000006],[-76.54266806699997,37.61686454100004],[-76.54925506899997,37.62141654200008],[-76.55715807199994,37.63362154400005],[-76.56553007499997,37.63772254400004],[-76.56754407599993,37.639600545000064],[-76.56708207599996,37.64204954500008],[-76.57672907899996,37.647483546000046],[-76.57720407899996,37.64936454600007],[-76.57433007799995,37.650842547000025],[-76.57383707899999,37.65644954800007],[-76.58968208399995,37.66582954900008],[-76.59003908399995,37.66752255000006],[-76.57959308099998,37.67151555100003],[-76.57935608099996,37.67329855100007],[-76.58804808499997,37.684768553000026],[-76.58974608499994,37.68854555400003],[-76.58879408499996,37.69376355500003],[-76.59639608799995,37.699716556000055],[-76.59787008899997,37.70292555700007],[-76.59807508899996,37.709127558000034],[-76.59594508899994,37.71299655900003],[-76.59721508899997,37.71727656000007],[-76.60646809199994,37.72482656100004],[-76.61923109699995,37.73092456200004],[-76.62071909799994,37.73752056300003],[-76.62319509799994,37.739357563000056],[-76.61665909699997,37.74189456400006],[-76.61971209799998,37.74480256500004],[-76.63614710299998,37.75042756500005],[-76.66388911199994,37.75189456500004],[-76.67700411599998,37.756107565000036],[-76.68092411799995,37.75965456600005],[-76.68337411899995,37.765514567000025],[-76.68334511899997,37.77579056900004],[-76.68050311899998,37.78014557000006],[-76.68977512199996,37.785197571000026],[-76.69792712399999,37.78640757100004],[-76.71550012999995,37.785880570000074],[-76.72386513199996,37.78851057000003],[-76.73431113599997,37.798667572000056],[-76.74497713999995,37.812596574000054],[-76.74969614199995,37.82240957600004],[-76.75638314499997,37.82668357700004],[-76.76395914799997,37.835341578000055],[-76.76633014899994,37.840444579000064],[-76.76485214799999,37.84594658100008],[-76.76778014899998,37.847681581000074],[-76.77097415099996,37.85480158200005],[-76.78282815499995,37.86319158300006],[-76.78422315599994,37.87400058600008],[-76.78885815799998,37.87681458600008],[-76.79420615999999,37.88516258800007],[-76.79456215999994,37.895198590000064],[-76.80632716399998,37.89660458900005],[-76.81583416699993,37.90194959000007],[-76.82201416899994,37.90251259000007],[-76.82676817099997,37.91132659200008],[-76.82641117099996,37.914139592000026],[-76.83262217299995,37.91623959300006],[-76.84079117599998,37.915358592000075],[-76.84744617799998,37.91648359200008],[-76.85219917999996,37.92079559300004],[-76.85600218099995,37.93026359500004],[-76.86028018299999,37.93326359500003],[-76.85992418299998,37.93532559600004],[-76.87002518599996,37.94169859700003],[-76.88072118999997,37.95107059800006],[-76.88963419299995,37.952850598000055],[-76.88642519199993,37.95509959900005],[-76.87739318999996,37.97046560200005],[-76.89177319499998,37.975055603000044],[-76.90496419899995,37.97252660200007],[-76.91601620299997,37.97365060100003],[-76.92742520699994,37.98180060300007],[-76.92718720699997,37.98498560300004],[-76.92184020499997,37.990885605000074],[-76.91827420499999,37.99903360700006],[-76.91292720299998,38.000719607000065],[-76.90033019899994,37.998659607000036],[-76.89807219799997,37.996036607000065],[-76.89819019799995,37.99238460600003],[-76.89213019599998,37.986296605000064],[-76.87121418899994,37.98592160600003],[-76.86337018599994,37.97749160400008],[-76.85659618399995,37.97327560400004],[-76.85552718399998,37.97524360400007],[-76.85160518299995,37.973182604000044],[-76.84673317999994,37.95613060000005],[-76.85006018099995,37.95116359900004],[-76.84625717899996,37.94872759900005],[-76.84619717899994,37.94546659800005],[-76.83544317499997,37.93213859600007],[-76.82367817199997,37.934013597000046],[-76.81547816899996,37.93045159600007],[-76.81013016699995,37.92426459500007],[-76.80074216399998,37.92398359500004],[-76.79848416299996,37.92520159600008],[-76.77923215699997,37.91151459400004],[-76.76877415299998,37.89913659100006],[-76.76604015099997,37.893228590000035],[-76.76571315099994,37.87928158700004],[-76.74755414499998,37.87587158700006],[-76.74524314399997,37.87128058600007],[-76.73839714099995,37.865380585000025],[-76.74012214199996,37.86341158500005],[-76.74118214199996,37.855257583000025],[-76.73618513999998,37.85377058300003],[-76.73118813799994,37.84982258300005],[-76.72718213699994,37.84227058100004],[-76.72614513599996,37.83623458000005],[-76.72215813499997,37.836687580000046],[-76.71338113199994,37.83262658000007],[-76.70160812699999,37.822684578000064],[-76.69274912499998,37.82277757800006],[-76.68019912099999,37.82566157900004],[-76.66942011699996,37.812167577000025],[-76.65830411299999,37.80682257600006],[-76.65141510999996,37.796246574000065],[-76.64244710799994,37.80548957600007],[-76.63840610699998,37.80492557700006],[-76.63436610499997,37.80107557600007],[-76.62699810299995,37.80041857600003],[-76.62545310199994,37.79619257500008],[-76.62771110299997,37.793469575000074],[-76.63578410499997,37.789537573000075],[-76.63227510399997,37.78702157300006],[-76.63102910399994,37.78642057300004],[-76.62776210299995,37.78850057300008],[-76.62057809999999,37.78783557400004],[-76.61832709999999,37.785181573000045],[-76.61898909999996,37.78362557300005],[-76.60202609399994,37.77273857100005],[-76.59594109199998,37.77168757100003],[-76.59383709099995,37.772855571000036],[-76.58429208799998,37.770866571000056],[-76.57142608299995,37.746729567000045],[-76.56955608199996,37.73440356400005],[-76.56399407999999,37.731954564000034],[-76.56047807799996,37.727834563000044],[-76.55583907599998,37.71671056100007],[-76.54198107199994,37.70796456000005],[-76.53723006999996,37.69889955800005],[-76.53530406799996,37.68752355600003],[-76.53770006799994,37.668937552000045],[-76.53418906699994,37.66094855000006],[-76.53027406499996,37.66021555000003],[-76.52495006299995,37.653535549000026],[-76.52201506199998,37.65291054900007],[-76.51018905799998,37.642331547000026],[-76.50152405499995,37.64376954800008],[-76.49756605399995,37.64706354900005],[-76.49485705399997,37.653077550000035],[-76.50292905599997,37.65416355000008],[-76.50185905599994,37.65820955100003],[-76.49900705499994,37.658303551000074],[-76.49429605399996,37.66143955200005],[-76.48617305199997,37.672226554000076],[-76.47785404999996,37.67777555600003],[-76.48557805299998,37.68257255700007],[-76.48712305299995,37.685393557000054],[-76.48023105199997,37.69291755900008],[-76.46870304799995,37.69573856000005],[-76.46264204599998,37.69019055900003],[-76.45990904499996,37.683512558000075],[-76.45634404399993,37.68313655800006],[-76.45432304299999,37.67721155700008],[-76.46989204699997,37.67025055500005],[-76.47239404799996,37.66577955300005],[-76.45968704299997,37.65961955300003],[-76.45548204199997,37.65108155100006],[-76.45211103999998,37.64879255100004],[-76.44650503899999,37.65000255100006],[-76.44529103899998,37.65264455200003],[-76.43976203699998,37.65243355200005],[-76.42915303299998,37.64125955000003],[-76.42505203199994,37.63952255000004],[-76.41839002899997,37.63995455000003],[-76.41494902799997,37.63823855000004],[-76.40329702399998,37.627362548000065],[-76.39549802199997,37.62997954900004],[-76.38574001899997,37.629118549000054],[-76.37467001499994,37.62222754800007],[-76.36188900999997,37.60902454600006],[-76.35904100899995,37.609048546000054],[-76.35875400899994,37.61094954600003],[-76.36074200999997,37.61228754600006],[-76.35711200899993,37.618495548000055],[-76.34368400499994,37.623767549000036],[-76.33251300199998,37.62452055000006],[-76.32205499899999,37.62009654900004],[-76.31266599599996,37.62480255100007],[-76.30862599499994,37.624614551000036],[-76.30636799399997,37.622731550000026],[-76.30684499399996,37.620228550000036],[-76.29911899099994,37.61962555000008],[-76.29218598899996,37.61504954900005],[-76.28195198599997,37.61417154900005],[-76.28007898499999,37.61515255000006],[-76.27944898499999,37.61823255000007],[-76.29253598999998,37.63610555400004],[-76.30589299499997,37.64108455400003],[-76.31294399699993,37.642196554000066],[-76.31432999699996,37.64089655400005],[-76.31587499799997,37.63797855300004],[-76.31135899599997,37.634873553000034],[-76.31088399599997,37.632896552000034],[-76.31801399799997,37.63110855200006],[-76.31979699799996,37.626967551000064],[-76.326095,37.62743755100007],[-76.33180000199997,37.62979055100004],[-76.33417600399997,37.64343655400006],[-76.33256400299996,37.64582455400006],[-76.33989400599995,37.65597355600005],[-76.33633700499996,37.65860455700005],[-76.33762300599994,37.662630558000046],[-76.33286900499996,37.67081555900006],[-76.33073000399997,37.67241456000005],[-76.32752100299996,37.67119156000007],[-76.32502600199996,37.671943560000045],[-76.32514500299999,37.67485956100006],[-76.33417600599995,37.68229056200005],[-76.33441400599997,37.684547562000034],[-76.32419400299995,37.68793356300006],[-76.32027200199997,37.68793356300006],[-76.31860800099997,37.68548756300004],[-76.31254599899995,37.68457356300007],[-76.315162,37.689813564000076],[-76.313498,37.69442156500003],[-76.30731899799997,37.692353565000076],[-76.30684299799998,37.68934356400007],[-76.30363499699996,37.68943756400006],[-76.30244599599996,37.69094256500006],[-76.30292199699994,37.694703565000054],[-76.30113899599996,37.695456566000075],[-76.30315899699997,37.70232056700007],[-76.310884,37.71115856900008],[-76.31165600099996,37.71697257000005],[-76.31397400099996,37.71877357000005],[-76.31658800199995,37.71623456900005],[-76.32122300399999,37.721969570000056],[-76.31955900299994,37.723285571000076],[-76.31920300399997,37.72770357200005],[-76.32276800499994,37.72817357200006],[-76.32205500499998,37.737007574000074],[-76.32027200399995,37.73785357400004],[-76.31658800299994,37.73653757400007],[-76.31278500199994,37.732966573000056],[-76.3072,37.731274573000064],[-76.30863700099997,37.740576575000034],[-76.31100300199995,37.74245857500006],[-76.31421100299997,37.74245857500006],[-76.31587500399996,37.746499576000076],[-76.31563700399994,37.749694576000024],[-76.31211000299999,37.750529577000066],[-76.31017600199993,37.752706577000026],[-76.31599400499994,37.76360057900007],[-76.30809000199997,37.76424258000003],[-76.30981400299999,37.77496658200005],[-76.30549600199998,37.776463582000076],[-76.30577400199996,37.780133583000065],[-76.30315900199997,37.78135458300005],[-76.297811,37.780696584000054],[-76.29186899799998,37.78295058400005],[-76.28789099699998,37.77755058300005],[-76.28554799599993,37.78409458500005],[-76.29263999899996,37.786091585000065],[-76.298524,37.783514584000045],[-76.30666600299998,37.787464585000066],[-76.30706100299994,37.784783584000024],[-76.30945800399996,37.78304458400004],[-76.31528100499997,37.78201158300004],[-76.31646900599998,37.792812585000036],[-76.31195300499996,37.79234258500003],[-76.31147800499997,37.795911586000045],[-76.30756700399996,37.800256587000035],[-76.30748400499994,37.81235759000003],[-76.31219100599998,37.81412659000006],[-76.30660600499994,37.82191859200003],[-76.28490599799994,37.82231559300004],[-76.28198699699993,37.81807559200007],[-76.28259399699994,37.81411659100007],[-76.28054599599994,37.812604591000024],[-76.27517999499997,37.812671591000026],[-76.26605899199996,37.81740759200005],[-76.25050698799998,37.83501559600006],[-76.24956198899997,37.85185860000007],[-76.24701798799998,37.85300760000007],[-76.24480898799999,37.86902860400005],[-76.23672698699994,37.88918160800006],[-76.23696498699996,37.89050860800006],[-76.25039399199994,37.895760609000035],[-76.25625299399996,37.90426761100008],[-76.25859399499996,37.90466961100003],[-76.26599999699994,37.911387612000055],[-76.34385002399995,37.947352616000046],[-76.36021302899996,37.95233661700007],[-76.38504003699995,37.95641161700007],[-76.40922204499998,37.96368761800005],[-76.41630104699993,37.96683561800006],[-76.42748905099995,37.97704562000007],[-76.43133105299995,37.97905662000005],[-76.43174405299999,37.97739762000003],[-76.43697305399996,37.97852162000004],[-76.44051805599997,37.98435162100003],[-76.44315305699996,37.98582862100005],[-76.45099605899998,37.98479762000005],[-76.46097906199998,37.98685862000008],[-76.46977306499997,37.983486619000075],[-76.47310006599997,37.98489162000004],[-76.47131806499993,37.988263620000055],[-76.47250606599994,37.99407062200004],[-76.46240506299995,37.99669262200007],[-76.46322106399998,38.00511162400005],[-76.46787106499994,38.005027624000036],[-76.47381306699998,38.00989662500007],[-76.47939906899995,38.010926625000025],[-76.47856706899995,38.01279862500007],[-76.46934506599996,38.01355162600004],[-76.495930075,38.018771626000046],[-76.51654908199998,38.02657362700006],[-76.51909108199999,38.024595626000064],[-76.52396408399994,38.02403362600006],[-76.53584808799997,38.02665462600004],[-76.53656108799998,38.02094462500003],[-76.54796909099997,38.02412762500006],[-76.55510009399995,38.024595625000075],[-76.55367409299998,38.02936962600006],[-76.54939509199994,38.02946362600005],[-76.55141609299994,38.03676462800007],[-76.55046509299996,38.04060162800005],[-76.53976908999994,38.03901062800003],[-76.52871708699996,38.04621763000006],[-76.52384508499995,38.04546863000007],[-76.52336908499996,38.042286630000035],[-76.52084908399996,38.046001631000024],[-76.53335808899999,38.06244463300004],[-76.53531308999999,38.06597063400005],[-76.53540408999999,38.07363363600007],[-76.53739709099995,38.075541636000025],[-76.55759609799998,38.086152638000044],[-76.57949910499997,38.09487763900006],[-76.588191108,38.10227964000006],[-76.60093911299998,38.110091641000054],[-76.60432211499995,38.130269645000055],[-76.61313611799994,38.14018764700006],[-76.61211511799996,38.14889764800006],[-76.62468512199996,38.15075164800004],[-76.62947812399995,38.15305764900006],[-76.63898512699996,38.15148364800007],[-76.64345012799998,38.14825764700004],[-76.64066412699998,38.14189564600008],[-76.63698012599997,38.14245664600003],[-76.63591112499995,38.141334646000075],[-76.63686212499994,38.13535264500007],[-76.63234612299993,38.12871564400007],[-76.63424712399996,38.12534964300005],[-76.63971412499995,38.12198464200003],[-76.65183512999994,38.13395064400004],[-76.65658913099998,38.13535264400008],[-76.66512913499997,38.14764564600006],[-76.67351313799998,38.15243964700005],[-76.68489414099997,38.15650464700008],[-76.68968514299996,38.16015764800005],[-76.70065114699997,38.16016364800004],[-76.70206014699994,38.15971564700004],[-76.70129914599994,38.155725647000054],[-76.70405014699998,38.149271645000056],[-76.70857814799996,38.145073644000036],[-76.72172415199998,38.13764264200006],[-76.72860615399998,38.13170664100005],[-76.73276515499998,38.13180064100004],[-76.73835115699995,38.134230641000045],[-76.73835115699995,38.147689644000025],[-76.74103915899997,38.15220564500004],[-76.75491716399995,38.16433464700003],[-76.76024316499996,38.166588647000026],[-76.78844717399994,38.16920664600008],[-76.79988917799994,38.16894064600007],[-76.82427618499997,38.16364664400004],[-76.83879718999998,38.16348364300006],[-76.85406419499998,38.16726264400006],[-76.85904719599995,38.17103564400003],[-76.87527420099997,38.172214644000064],[-76.91083421399998,38.19708064800005],[-76.92231421799994,38.20089564800003],[-76.93713622199994,38.20239164800006],[-76.96231323099994,38.214082649000034],[-76.96733723299997,38.22719265200004],[-76.96655523299995,38.22954965200006],[-76.96237723199994,38.23010065200003],[-76.95936223099994,38.23277565300003],[-76.95695623099994,38.23683065400007],[-76.96215223299998,38.25649365800007],[-76.98137423999998,38.27422166100007],[-76.99552024499997,38.27328266000006],[-77.00086824599998,38.27486866000004],[-77.00187124699994,38.28174566200005],[-77.00994324999994,38.28883966300003],[-77.01731425299994,38.29860266400004],[-77.02630625599994,38.30269266500005],[-77.02883925699996,38.310882667000044],[-77.03068525799995,38.31163066700003],[-77.04293726099996,38.30947366600003],[-77.05648526599998,38.31711966700004],[-77.05779226699997,38.320569668000076],[-77.05434626599998,38.32289966800005],[-77.04424526299994,38.32308666900008],[-77.03961026099995,38.31879766800006],[-77.03188525899998,38.31935666800007],[-77.02689425699998,38.32215466900004],[-77.02512225699996,38.32171666900007],[-77.02169225599994,38.32440367000004],[-77.02094925599994,38.32928067100005],[-77.01490925399997,38.33277067200004],[-77.01485225399995,38.33818767300005],[-77.01693425499997,38.34170467300004],[-77.01469425499994,38.35446867600007],[-77.01591325699997,38.371031679000055],[-77.01182925599994,38.374561680000056],[-77.01850025799996,38.38194868100004],[-77.04152626599995,38.400193684000044],[-77.05342226999994,38.39882068400004],[-77.07071627399995,38.37764367900007],[-77.08481227799996,38.36830467600004],[-77.09009127899998,38.36728267600006],[-77.10471928399994,38.369662676000075],[-77.12470128999996,38.36676767400007],[-77.13822629399994,38.36792467400005],[-77.15519329899996,38.35105467000005],[-77.16269430099999,38.34600166900003],[-77.17408230399997,38.34265866800007],[-77.18018730599994,38.341106667000076],[-77.20449331299994,38.34041566600007],[-77.24010032399997,38.33099566300007],[-77.26455433199999,38.332449662000045],[-77.27963533699995,38.339451663000034],[-77.28620433899994,38.34703266400004],[-77.28835233999996,38.35129366500007],[-77.28814733999997,38.35948466700006],[-77.29607934399996,38.369804669000075],[-77.31729035099994,38.38358367100005],[-77.31541135099997,38.388959672000055],[-77.31686335099994,38.390089672000045],[-77.31698235199997,38.395492673000035],[-77.31072134999994,38.397676674000024],[-77.31903835299994,38.41781067800008],[-77.32330735599999,38.438506682000025],[-77.32629335699994,38.443605683000044],[-77.32426435799994,38.45871268600007],[-77.32262435799998,38.467138688000034],[-77.31557735599995,38.47892269000005],[-77.31033635499995,38.49393369400008],[-77.29634235199995,38.50711669700007],[-77.29642335199998,38.50921969700005],[-77.29927535299998,38.51005669700004],[-77.29773035299996,38.51479869800005],[-77.29110535099994,38.51572869900008],[-77.28862034999997,38.51915869900006],[-77.28655934999995,38.519448700000055],[-77.28275634899995,38.52626070100007],[-77.28393934899998,38.527891701000044],[-77.28644034999996,38.52800170100005],[-77.28311334899996,38.53302170200004],[-77.27912534799998,38.53398770300004],[-77.27630534799994,38.539627704000054],[-77.27660534799998,38.547127706000026],[-77.27258634699996,38.55144570700003],[-77.26163634399995,38.55669970800005],[-77.26032234399997,38.559850709000045],[-77.25704634299996,38.56045770900005],[-77.26083234399994,38.56533771000005],[-77.26530634699998,38.580326713000034],[-77.26386134599994,38.58506171400006],[-77.25795234499998,38.58340371400004],[-77.25530634399996,38.586922714000025],[-77.24700534199997,38.590625715000044],[-77.24681234199994,38.59400171600004],[-77.25121034299997,38.59347071600007],[-77.25649334499997,38.59908771700003],[-77.25494834499995,38.60326771800004],[-77.24995634299995,38.60614671900004],[-77.24970234399996,38.611362720000045],[-77.24781034299997,38.612645720000046],[-77.24510634299997,38.620724722000034],[-77.24840534399993,38.62631672300006],[-77.24808934399994,38.63232072400007],[-77.24670634399996,38.63522472500006],[-77.24060634199998,38.63892472600003],[-77.23420133999997,38.636568725000075],[-77.22832833899997,38.63789972600006],[-77.22393033799995,38.64597572800005],[-77.22797133899996,38.65256472900006],[-77.23593334199995,38.66008173000006],[-77.23189334099999,38.66258773100003],[-77.22607033899999,38.660267730000044],[-77.22476233899994,38.657669730000066],[-77.21050233399995,38.656555730000036],[-77.20075733099998,38.65804073100003],[-77.19433932899994,38.65275073000004],[-77.19327032899997,38.65089473000006],[-77.20337133099997,38.64012772700005],[-77.20871933299998,38.63762172600008],[-77.21570333499994,38.63707772600003],[-77.21102533299995,38.63003472500003],[-77.20560333099996,38.62599372400007],[-77.20525632999994,38.62071472300005],[-77.20197132899995,38.61768272300003],[-77.16890831899997,38.62545972500004],[-77.15809331699995,38.636878728000056],[-77.14763531299997,38.635114728000076],[-77.13020230799998,38.635024729000065],[-77.13190330899994,38.644224731000065],[-77.13590331099994,38.64982473200007],[-77.13250331099994,38.67382373700008],[-77.12200330799999,38.68582373900006],[-77.10590230399998,38.69682274200005],[-77.09900230199997,38.698622743000044],[-77.07995029699998,38.70901774600003],[-77.07956529699999,38.712842746000035],[-77.07421129499994,38.71261874700008],[-77.07183629399998,38.71009274600004],[-77.05320128899996,38.709922747000064],[-77.04619828699998,38.71443874800008],[-77.04325628599997,38.71901874900004],[-77.04148928599994,38.725917751000054],[-77.04163928699995,38.73671275300006],[-77.04346928699994,38.73915475300004],[-77.03900828899998,38.79165276400005],[-77.03810029099998,38.828619771000035],[-77.03920129199997,38.83221977200003],[-77.04490129399994,38.83471977200003],[-77.04500129399997,38.83851977300003],[-77.04420129399995,38.84021977400005],[-77.03855129199997,38.83926977400006],[-77.03454329099998,38.84048077400007],[-77.03170028999995,38.850519776000056],[-77.03400629199996,38.857149777000075],[-77.03930129399998,38.86431977900003],[-77.04060129399994,38.87121978000005],[-77.04540129599997,38.875219781000055],[-77.04630129599997,38.87131978000008],[-77.04910129699994,38.87071978000006],[-77.05410129899997,38.87911978100004],[-77.05825629999998,38.88007678100007],[-77.06820130499995,38.899818785000036],[-77.09020231199997,38.90421878500007],[-77.10120231599996,38.91111878600003],[-77.11976132299998,38.93435079000005],[-77.12760332599998,38.94001779100006],[-77.13770332999997,38.95531779300006],[-77.14818133399996,38.96500979500007],[-77.16530333899993,38.96801779500004],[-77.18300434499997,38.968817794000074],[-77.19750434899998,38.966817793000075],[-77.20930435299994,38.97041779400007],[-77.21150435399994,38.96941779300005],[-77.22150435699996,38.971317793000026],[-77.22999435999998,38.97986579500008],[-77.23227036099996,38.97950979500007],[-77.23480536099999,38.97631779400007],[-77.24462336499994,38.98254279500003],[-77.24830536699994,38.99231679700006],[-77.25300536799995,38.99571679700006],[-77.25570536899994,39.00241679800007],[-77.25180536899995,39.01141680000006],[-77.24690536699995,39.01481680100005],[-77.24460536699996,39.020116802000075],[-77.24600536799994,39.02491680300005],[-77.24840536899995,39.02691680400005],[-77.25530537099996,39.03001680400007],[-77.27470837699997,39.03409880400005],[-77.29310738399994,39.04651580600006],[-77.31490739099996,39.05221580600005],[-77.34028939999996,39.06299880700004],[-77.36753140799993,39.06109480600003],[-77.38011041199996,39.06281580600006],[-77.38568241399997,39.06199480500004],[-77.39920641799995,39.06479180500003],[-77.42318242599998,39.06688580500003],[-77.43740242999996,39.07061880500004],[-77.45820443699995,39.073730805000025],[-77.46261943799993,39.07625580500007],[-77.47701244399997,39.10033881000004],[-77.48580244799996,39.10931081100006],[-77.51993145899996,39.120932812000035],[-77.52456146099996,39.127828813000065],[-77.52728446299994,39.14624381700003],[-77.52487446199996,39.14846281700005],[-77.51642846099998,39.17089882200003],[-77.51063345999995,39.17849182400005],[-77.50516445799997,39.18205782500007],[-77.48597345299999,39.18567282600003],[-77.47859844999994,39.18917582700004],[-77.47501544999994,39.19494182900007],[-77.47593144999996,39.20203183000007],[-77.47361244999996,39.20841483100003],[-77.45988544699998,39.21868983400003],[-77.45768244599998,39.22502783500005],[-77.46021244699995,39.22836683600008],[-77.47121545099998,39.23451683700006],[-77.48681545699998,39.24759383900005],[-77.49660845999995,39.25105283900007],[-77.50842946399996,39.252637839000045],[-77.52248846899994,39.25909384000005],[-77.54058347499995,39.26495484000003],[-77.56085648199996,39.286159843000064],[-77.56277048299995,39.29450884500005],[-77.56182848399999,39.301920847000076],[-77.56659848499999,39.306128847000025],[-77.57849348899998,39.30523584700006],[-77.59274149299995,39.30129784500008],[-77.60590249699999,39.30369584500005],[-77.61594149999996,39.302729845000044],[-77.65099951199994,39.31079184500004],[-77.66613251699994,39.31701584600006],[-77.67584851999999,39.324199847000045],[-77.68170852199995,39.32367384600008],[-77.68712652399995,39.31992184500007],[-77.69298652499998,39.31845784500007],[-77.70771152999998,39.32156684500006],[-77.71952153399997,39.32132184400007],[-77.72164053399996,39.318501844000025],[-77.73490153799997,39.31241684200006],[-77.75026954099997,39.289291837000064],[-77.75310754099996,39.27734783400007],[-77.76177054299995,39.263038831000074],[-77.76284654299997,39.25845283000007],[-77.77028354499998,39.255984829000056],[-77.77087854499996,39.249767828000074],[-77.76727954399996,39.24938782800007],[-77.77141754499996,39.23678382600008],[-77.78364254799999,39.224088823000045],[-77.79363354999998,39.21013281900008],[-77.79819255099994,39.20066581700007],[-77.79794554999995,39.192833816000075],[-77.80471455099996,39.17942681300008],[-77.80510155099995,39.17422981200008],[-77.82141555499999,39.15241780700006],[-77.82287655499994,39.14776280600006],[-77.82218455399999,39.13999280400003],[-77.82815955599995,39.132336802000054],[-78.14092266599994,39.33375283000004],[-78.15819667199997,39.343399832000046],[-78.26278770899995,39.41433084200003],[-78.34708973799997,39.46601984800003],[-78.34947873899995,39.462212848000036],[-78.34514573699994,39.45949184700004],[-78.34733573699998,39.44766684500007],[-78.34654873699998,39.442623844000025],[-78.35322973799998,39.43679984200003],[-78.34672073599995,39.427625841000065],[-78.35935473899997,39.41254183700005],[-78.35992073799997,39.40903583700003],[-78.35795173799994,39.40419983600003],[-78.34943873399999,39.39725983500006],[-78.35092673399998,39.39099283300004],[-78.34321673199997,39.388814833000026],[-78.35483973399994,39.37162382900004],[-78.36686973699994,39.359297827000034],[-78.34048272899997,39.353499826000075],[-78.33928672799993,39.34861282600008],[-78.34131072899999,39.34556282500006],[-78.34368772899995,39.346720825000034],[-78.34741172999998,39.34340982400005],[-78.34546272999995,39.34103182400003],[-78.34630372999999,39.33911582300004],[-78.36003773199997,39.31777881900007],[-78.36468873399997,39.317319818000044],[-78.36724473399994,39.310155817000066],[-78.385890739,39.29489581300004],[-78.39337374099995,39.282995810000045],[-78.39777174199997,39.280613810000034],[-78.39989374199996,39.281352810000044],[-78.40288874299995,39.278631809000046],[-78.40278574299998,39.27547880900005],[-78.41942474699994,39.25748380400006],[-78.40911874299996,39.25257180400007],[-78.39967173999997,39.24388180200003],[-78.40421674099997,39.24122180200004],[-78.40558774099998,39.23118380000005],[-78.43865374899997,39.198056792000045],[-78.43084874599998,39.19623479200004],[-78.42867874599995,39.19264079100003],[-78.42602674499994,39.194147791000034],[-78.42490774399994,39.19330879100005],[-78.42429474399995,39.19216379100004],[-78.42869974499996,39.18722479000007],[-78.42631774399996,39.182769789000076],[-78.42431374399996,39.18268878900005],[-78.41894674199995,39.17736178800004],[-78.41484673999997,39.17784278900007],[-78.41313373999998,39.173645788000044],[-78.40696873699994,39.17091078800007],[-78.40369973599996,39.167458787000044],[-78.41394573899998,39.15842278500003],[-78.42729674299994,39.15273378300003],[-78.43666074499998,39.14169878100006],[-78.43943174499998,39.13215377900008],[-78.45987174999993,39.11335877400006],[-78.46666475199999,39.112865774000056],[-78.47537875499995,39.10747677200004],[-78.47842875599997,39.10985077300006],[-78.49516275999997,39.100999770000044],[-78.51648176599997,39.08180976600005],[-78.51679176499994,39.07757676500006],[-78.52271676699996,39.071069763000025],[-78.54021877199995,39.060638760000074],[-78.57190377899997,39.03200275300003],[-78.56583977699995,39.026310753000075],[-78.55964277499999,39.02446375200003],[-78.55738277399996,39.021400752000034],[-78.55046977199999,39.01807275200008],[-78.57046477699998,39.001559747000044],[-78.58046777899995,38.99057474500006],[-78.59326378199995,38.971925741000064],[-78.59889678399998,38.96955374000004],[-78.60165778399994,38.96461073900008],[-78.60837178699995,38.96975074000005],[-78.61118678799994,38.97614174100005],[-78.61867879,38.97408974000007],[-78.62045579099998,38.982608742000025],[-78.62567479299997,38.982582742000034],[-78.63084879399997,38.97959374100003],[-78.63842579599998,38.966826738000066],[-78.64659179799997,38.96814573800003],[-78.65235479999996,38.960684736000076],[-78.65905280099997,38.94738273300004],[-78.66588880299997,38.941586732000076],[-78.67068180399997,38.93380773000007],[-78.680458806,38.92532072800003],[-78.68826880799998,38.92478772800007],[-78.69738281099995,38.915609725000024],[-78.70432581299997,38.91523872500005],[-78.71617081599999,38.904837722000025],[-78.71864981699997,38.90456872200008],[-78.72090281799996,38.90985172300003],[-78.72009781799994,38.923870726000075],[-78.71707881799995,38.936035729000025],[-78.72245381899995,38.931412728000055],[-78.73892382399998,38.92729072600008],[-78.75051982699995,38.91603672300005],[-78.75451882799996,38.90573572100004],[-78.75908782899995,38.90053672000005],[-78.77279583299998,38.89374971800004],[-78.77920083399994,38.892305717000056],[-78.78602783599996,38.88719471600007],[-78.80818384099996,38.85618270900005],[-78.82726484499995,38.82161770100004],[-78.84818984899994,38.79498569500004],[-78.86927885399996,38.76299868800004],[-78.99399989799997,38.850109701000065],[-78.99817389899994,38.847360700000024],[-79.00025489899997,38.84541969900005],[-78.99901689899997,38.84008169800006],[-79.00235489999994,38.836519698000075],[-79.00655489999997,38.82371969500008],[-79.01955590399996,38.81791969300008],[-79.02405590399997,38.80921969100007],[-79.02305590299994,38.798620689000074],[-79.02725590399996,38.79212068800007],[-79.03315590599993,38.79102068700007],[-79.04655690999994,38.79212068700008],[-79.05495691199997,38.78572068500006],[-79.05565691199996,38.783020685000054],[-79.05165691099995,38.77802068400007],[-79.05155691099998,38.77262068300007],[-79.05565691199996,38.77092068200005],[-79.05755691199994,38.76022068000003],[-79.07255791499995,38.74752067700007],[-79.07385791499996,38.74212167600007],[-79.08545791799997,38.72462167200007],[-79.08725791799998,38.72012167100007],[-79.08655791799998,38.71602267000003],[-79.09275791899995,38.70232266700003],[-79.09075791699996,38.69252266500007],[-79.08435791499994,38.68652366400005],[-79.08785791499997,38.673823662000075],[-79.09224891599996,38.668121660000054],[-79.09295791599999,38.659524659000056],[-79.10635891999993,38.65622465700005],[-79.11155892199997,38.65972465800007],[-79.11595792299994,38.658816657000045],[-79.12025892399998,38.66022365800006],[-79.12301292499995,38.659342657000025],[-79.12405892499999,38.65612465700008],[-79.12975992699995,38.65502465600008],[-79.13755992799997,38.63802465200007],[-79.14265992999998,38.634424652000064],[-79.15125993099997,38.62062564800004],[-79.15535793199996,38.611232646000076],[-79.15435993099999,38.60652564500003],[-79.15916093299995,38.601226644000064],[-79.15865993199998,38.592326642000046],[-79.16346093299995,38.583126640000046],[-79.17086093399996,38.57412663800005],[-79.17096093399994,38.56812763700003],[-79.17666093599996,38.56552763600007],[-79.18406093699997,38.551527633000035],[-79.19346093899998,38.542428631000064],[-79.20146194099993,38.527828628000066],[-79.20586194199996,38.52452862700005],[-79.21096194199998,38.507429623000064],[-79.20696194099997,38.50352962300008],[-79.21059394099996,38.49292062000006],[-79.21906994399995,38.48744861900008],[-79.22140894399996,38.48484461800007],[-79.22096394399995,38.48059761800005],[-79.22567194499999,38.476478617000055],[-79.24006194899994,38.469848615000046],[-79.24264394899996,38.45417561100004],[-79.24734494999996,38.45330161100003],[-79.25443795199999,38.45595661100003],[-79.25736895299997,38.45016361000006],[-79.26110995399995,38.44808960900008],[-79.26741695499999,38.43832960700007],[-79.27453195699997,38.43634460700008],[-79.28276495999995,38.43165460500006],[-79.27968095799997,38.42418060400007],[-79.28015195799998,38.42076760300006],[-79.28297395899995,38.41810260300008],[-79.28687695999997,38.420562603000064],[-79.29053196099994,38.420764603000066],[-79.30008396399995,38.41489560100007],[-79.30458396499995,38.41551860100003],[-79.31227896699994,38.41188360000007],[-79.47664102099998,38.45723560300007],[-79.52147203899995,38.53392561600003],[-79.53187304299996,38.542824618000054],[-79.53687304499994,38.55092461900006],[-79.55547405099998,38.56022462000004],[-79.57177405699997,38.56312462000005],[-79.64907808199996,38.59152262300006],[-79.65547808299993,38.58242362100003],[-79.65817808399999,38.573023619000026],[-79.66287808499999,38.57042361800006],[-79.65927808299995,38.562423617000036],[-79.66257808399996,38.56052361600007],[-79.66507808499995,38.560923616000025],[-79.66927808599996,38.549523614000066],[-79.66967808499999,38.543423612000026],[-79.66687708399996,38.538324611000064],[-79.67297708499996,38.52872460900005],[-79.66677708299994,38.524324609000075],[-79.66207708099995,38.51552460700003],[-79.66877708299995,38.51202460600007],[-79.67047708299998,38.50772460500008],[-79.67407708399998,38.51042460600007],[-79.68037708599996,38.51062460500003],[-79.68297708699998,38.50132460300006],[-79.68834808799994,38.49619060200007],[-79.69227608899996,38.496481602000074],[-79.69757508999999,38.48723060000003],[-79.69546508899998,38.481461599000056],[-79.69342708799996,38.48101859900004],[-79.69418308899998,38.478318598000044],[-79.69962508999998,38.47397459700005],[-79.69893208899998,38.46987659600006],[-79.69559108799996,38.469065596000064],[-79.69109108699996,38.463751596000066],[-79.68836808499998,38.45687759400005],[-79.68820808499999,38.45048359300006],[-79.69148108599995,38.44628959200003],[-79.68954708499996,38.442518591000066],[-79.69165908499997,38.43644359000007],[-79.68967808399998,38.431446589000075],[-79.70663708799998,38.415737585000045],[-79.70896808899994,38.409560584000076],[-79.71736809099997,38.401569582000036],[-79.72265609099998,38.38952457900007],[-79.72635309199995,38.38707757900005],[-79.73170109299997,38.37338357600004],[-79.72679309199998,38.37083957500005],[-79.725600091,38.36383557400006],[-79.73206209199998,38.36017557300005],[-79.73460309299998,38.35673557200005],[-79.74061809499995,38.35410857200003],[-79.75556309899997,38.35737957200007],[-79.76443510199994,38.35652157100003],[-79.76726610299994,38.35340257000007],[-79.76640610199996,38.35088057000007],[-79.77035210299994,38.347807569000054],[-79.76765410199994,38.34408756800008],[-79.77309310299995,38.33553656700008],[-79.77927510499995,38.33161656500005],[-79.78597510699996,38.330885565000074],[-79.79655310999993,38.32348756300007],[-79.79962010999998,38.31715656200004],[-79.81015711299995,38.306714559000056],[-79.80402910999999,38.29862955800007],[-79.80278110999996,38.29208055700008],[-79.79785110799997,38.29206055700007],[-79.79545110699996,38.290235557000074],[-79.78979410499994,38.281174555000064],[-79.78754510399995,38.27330555300006],[-79.78894810399999,38.26871055200007],[-79.79829810699994,38.26596455200007],[-79.80127710699998,38.26148155100003],[-79.80633610899997,38.25920055000006],[-79.81199010999995,38.26040855000008],[-79.81571111099998,38.25507254900003],[-79.81486811099995,38.25157554800006],[-79.81962611199998,38.24824154700008],[-79.82528611399994,38.25049554700007],[-79.83088511599993,38.24969454700005],[-79.83512711599997,38.241899545000024],[-79.84521011899994,38.24108954500008],[-79.85032711999997,38.233336543000064],[-79.85696512199996,38.231082542000024],[-79.87909012799997,38.211023537000074],[-79.89159413099998,38.204659535000076],[-79.89291913099999,38.19987553400006],[-79.898429132,38.19305253300007],[-79.90609313499994,38.189006532000064],[-79.91441313699994,38.188425531000064],[-79.91634713799994,38.18628553100007],[-79.91617713699998,38.18439353000008],[-79.92119913899995,38.180385529000034],[-79.91662513699998,38.17800152900003],[-79.91891613699994,38.17044652800007],[-79.91792713699994,38.16840652700006],[-79.91488713599995,38.16753152700005],[-79.91638213599998,38.16302952600006],[-79.91951813699995,38.162656526000035],[-79.91866513599996,38.15479752400006],[-79.92551513799998,38.150244523000026],[-79.92868613899998,38.144935522000026],[-79.92903413799996,38.13977852100004],[-79.93375413999996,38.13551552000007],[-79.94275014199997,38.134340519000034],[-79.94484614299995,38.13159251900004],[-79.93895513999996,38.11162651500007],[-79.92633313499994,38.10715851400005],[-79.93510413699994,38.09654851200003],[-79.95437214199995,38.08040450800007],[-79.96009614299999,38.06868450500008],[-79.95984714299993,38.06370450400004],[-79.97389814599995,38.04001149900006],[-79.97216814499996,38.03610949800003],[-79.97370414499994,38.03256349800006],[-79.97527214499996,38.03008249700008],[-79.98029314699994,38.02760349600004],[-79.98562214799995,38.019167494000044],[-79.98614514799993,38.01418949300006],[-79.99011714899996,38.013253493000036],[-79.99498814999998,38.00786049200008],[-79.99613714999998,38.00100349000007],[-79.99938715099995,37.99584948900008],[-80.00251015099997,37.992774488000066],[-80.01219615399998,37.988640487000055],[-80.01314815399996,37.98426048600004],[-80.04841316299996,37.95748847900006],[-80.07451716999998,37.942228475000036],[-80.07544416999997,37.93963647500004],[-80.08695717299997,37.92955447200006],[-80.09656617499996,37.91811947000008],[-80.10293417699995,37.91891846900006],[-80.11897018099995,37.90362146600006],[-80.11775017999997,37.89772746500006],[-80.12061618099995,37.896742464000056],[-80.12362318199996,37.897950464000075],[-80.12955818399996,37.89414146300004],[-80.13193418399999,37.88950746200004],[-80.14195018699996,37.88262346100004],[-80.14895418899994,37.88689946100004],[-80.16220519299998,37.87512945800006],[-80.17671519599998,37.85403645300005],[-80.18181819699998,37.85273145300005],[-80.18306519699996,37.850653452000074],[-80.18355819699997,37.84681745200004],[-80.17939419499999,37.83975845000003],[-80.18638319699994,37.83774845000005],[-80.19963620099998,37.827514447000055],[-80.20285620199996,37.82424744600007],[-80.20648520199995,37.815977444000055],[-80.21623220499998,37.809827443000074],[-80.21861420599998,37.809790443000054],[-80.22709520699993,37.79889344000003],[-80.22949220799995,37.79233843900005],[-80.22342120599995,37.78718643800005],[-80.22348820499997,37.78245143700008],[-80.21861920399994,37.78329843700004],[-80.21589520299995,37.78199643700003],[-80.21566120299997,37.777488436000056],[-80.21690220299996,37.77606343600007],[-80.22183020399996,37.77830043600005],[-80.22545020599995,37.777083436000055],[-80.22679020599998,37.778821436000044],[-80.23046120699996,37.77831243600008],[-80.23589520799999,37.77313743500008],[-80.24027120999995,37.77271143400003],[-80.24144020999995,37.76806543300006],[-80.24456621099995,37.76701243300005],[-80.24798021199996,37.768518433000054],[-80.25132221199993,37.762965432000044],[-80.24979321199999,37.75711843100004],[-80.25162521199996,37.755873430000065],[-80.25741421399994,37.756091430000026],[-80.26276821399995,37.73834342600003],[-80.26031621299995,37.73352442600003],[-80.25202721099998,37.72983242500004],[-80.25308021099994,37.72590642400007],[-80.25814621199999,37.72061942300007],[-80.26440921399995,37.71879342200003],[-80.28711021899994,37.69641041700004],[-80.29614122199996,37.69179041600006],[-80.27937521399997,37.65708440900005],[-80.26745820999997,37.64611540800007],[-80.23929120099996,37.637679407000064],[-80.22098719499996,37.62777440600007],[-80.22602019599998,37.620066404000056],[-80.24027519899994,37.606968401000074],[-80.25892220399999,37.595506398000055],[-80.32850722299997,37.56432238800005],[-80.31239621699996,37.546246385000074],[-80.31446721799995,37.544127385000024],[-80.32749222199999,37.540029384000036],[-80.33030922199998,37.536251383000035],[-80.30934921499994,37.52738838200003],[-80.29164721099994,37.53651238400005],[-80.28238820799999,37.53352438400003],[-80.29979221099995,37.50827837800006],[-80.32710621899997,37.495383375000074],[-80.34379222399997,37.49215537300006],[-80.36684122999998,37.48488637100007],[-80.36317322899998,37.480008370000064],[-80.37195523099996,37.474076368000055],[-80.38253823399998,37.47037436700003],[-80.42565924599995,37.44988336100005],[-80.44302824999994,37.43813335800007],[-80.45731625399998,37.43227435600005],[-80.46482325599999,37.42615135500006],[-80.47560425899997,37.422956354000064],[-80.49487026599996,37.43507735600008],[-80.49728326699994,37.444786357000055],[-80.49298426699994,37.457756360000076],[-80.51139427399994,37.48167936400006],[-80.51514227499996,37.478573364000056],[-80.51864527599997,37.47931136400007],[-80.52348427699997,37.476912363000054],[-80.53237527999994,37.47713136300007],[-80.53689228099995,37.474015362000046],[-80.54483928299999,37.47470236200007],[-80.55203928499998,37.47357036100004],[-80.56144528799996,37.46978236000007],[-80.58585929499998,37.45666135600004],[-80.60020729799999,37.446180354000035],[-80.61680530299998,37.43945035200005],[-80.62212030399996,37.43597635100008],[-80.62266730399995,37.433314350000046],[-80.63439330799997,37.43123434900008],[-80.63738230799999,37.429379349000044],[-80.63695030799994,37.42747834800008],[-80.64589631099994,37.42215434700006],[-80.70520632699998,37.39462533900007],[-80.73804333599998,37.382554335000066],[-80.74872533899998,37.38005733400007],[-80.75988934199995,37.374889333000056],[-80.77008534499998,37.37237033200006],[-80.77676934799996,37.384138334000056],[-80.78338534999995,37.390656335000074],[-80.78419135099995,37.39459433600007],[-80.80045035599994,37.39574533500007],[-80.80613235699997,37.398081336000075],[-80.80636135799995,37.40412633700004],[-80.80877235899999,37.40627833700006],[-80.83768136899994,37.42566534000008],[-80.84167536999996,37.42597834000003],[-80.84632737099997,37.423401339000065],[-80.85065937299998,37.426069340000026],[-80.85700037499998,37.42705934000003],[-80.85955937499995,37.42957534000004],[-80.86515137699996,37.419934338000076],[-80.86276437499998,37.41183633600008],[-80.88325138,37.38394033000003],[-80.84945436699996,37.34691632400006],[-80.86898937299998,37.33858032100005],[-80.88010637499997,37.328910319000045],[-80.900538381,37.31500731500006],[-80.91926238599996,37.30617031200006],[-80.947899394,37.29587930900004],[-80.96655939899995,37.29216530800005],[-80.97389240099994,37.291451307000045],[-80.98132540399996,37.29347230700006],[-80.98217640399997,37.29603030800007],[-80.97959240399996,37.30228630900007],[-81.03719441999993,37.290258305000066],[-81.08401543399998,37.28440830100004],[-81.11259944199998,37.278504299000076],[-81.16703245799994,37.26288829400005],[-81.20477746799997,37.243020288000025],[-81.22510747299998,37.234881286000075],[-81.32010850599994,37.29933029500006],[-81.36215952099997,37.337694301000056],[-81.36631852199997,37.335934301000066],[-81.36938252299996,37.331834300000025],[-81.36760252199997,37.32757629900004],[-81.37445852299999,37.31862129700005],[-81.38016252499995,37.31784529600003],[-81.38673052699994,37.32048129700007],[-81.39429052899999,37.31641829600005],[-81.39855152999996,37.31064229400005],[-81.39682052899997,37.304505293000034],[-81.40506353099994,37.298801292000064],[-81.40376753099997,37.29660429100005],[-81.41159653199998,37.280337288000055],[-81.415684533,37.27914528700006],[-81.41674753399997,37.27722528700008],[-81.41666653299995,37.27322128600008],[-81.42794953599997,37.27102228500007],[-81.43534753899996,37.27402028500006],[-81.43716153899999,37.274072285000045],[-81.43992353999994,37.270883284000035],[-81.44765854199994,37.27225228400005],[-81.44907154299995,37.26959028400006],[-81.46058854599994,37.26553428300008],[-81.46000354599994,37.26255428200005],[-81.46211054599996,37.25990628100004],[-81.47643454999996,37.25513428000005],[-81.48014755099996,37.251128279000056],[-81.49229055499995,37.250967278000076],[-81.49804855599996,37.25466627900005],[-81.49887755699996,37.258032279000076],[-81.50319355799996,37.252586278000024],[-81.50643155799997,37.24447627600006],[-81.50732855799998,37.23380727400007],[-81.52073256199998,37.22692127200003],[-81.54444056799997,37.220768270000065],[-81.55360356999995,37.208450267000046],[-81.56062857199998,37.20667026700005],[-81.67821360699998,37.20149026100006],[-81.68327160899997,37.20565626100006],[-81.68354760899996,37.21145926300005],[-81.68672060999995,37.21311226300003],[-81.69511661299998,37.21357726300005],[-81.69895761399994,37.218208263000065],[-81.71573361999998,37.228778265000074],[-81.71625162099997,37.234328266000034],[-81.72306462299997,37.24050026700007],[-81.73854662799994,37.23827126600003],[-81.74400662899995,37.24253526600006],[-81.74097762899999,37.25405926900004],[-81.74544863099999,37.25813227000003],[-81.74611263099996,37.26360427100008],[-81.75212663299999,37.265575271000046],[-81.75753463499996,37.27001727100003],[-81.75763463499999,37.274010272000055],[-81.76175563699996,37.27572027200006],[-81.76784063899999,37.27422327200003],[-81.77468764099996,37.27481427200007],[-81.779353642,37.27740127200008],[-81.77936564199996,37.27998927300007],[-81.78312564399994,37.28258727300005],[-81.78929764599997,37.28442327300007],[-81.79342864699998,37.28168127200007],[-81.79359864699995,37.28484527300003],[-81.80538565099994,37.28562927300004],[-81.80723565099998,37.28318227200003],[-81.81962865399998,37.279418271000054],[-81.83447365899997,37.28177027100003],[-81.83340965899998,37.28454227100008],[-81.83876566099997,37.28635027100006],[-81.84995266399994,37.285234271000036],[-81.853554665,37.28770827100004],[-81.85446366699995,37.30657727500005],[-81.85962766799997,37.30477227400007],[-81.86568666999995,37.30949127500003],[-81.85993166899993,37.31397227600007],[-81.86027066899999,37.31572227700008],[-81.86742867099997,37.320845277000046],[-81.87018367199994,37.32067427700008],[-81.87834667499999,37.328844278000076],[-81.87871667499996,37.33176027900004],[-81.89377667999997,37.33011227800006],[-81.89600468099997,37.331974278000075],[-81.89949868199994,37.34110928000007],[-81.90732568499999,37.343126280000035],[-81.910878686,37.34873628100007],[-81.91668168799998,37.34935328100005],[-81.92157468999994,37.356430282000076],[-81.92564669099994,37.35732328200004],[-81.92850069199994,37.360652283000036],[-81.92670069199994,37.364625284000056],[-81.93338569399998,37.36934828400007],[-81.93389869499998,37.37275428500004],[-81.93106369399999,37.375473286000044],[-81.93674769599994,37.380737287000045],[-81.93571369599994,37.383154287000025],[-81.93181469499996,37.38548628800004],[-81.93388669599995,37.39065928900004],[-81.92878169399995,37.39385229000004],[-81.92828369499995,37.39806629000003],[-81.93078969599998,37.401663291000034],[-81.93004569599998,37.405298292000055],[-81.92450969399994,37.40762029200005],[-81.92348469399997,37.41138629300008],[-81.93247169699998,37.41522429400004],[-81.93695369899996,37.41992729400005],[-81.94055669999995,37.42906529600003],[-81.935319699,37.43639729800003],[-81.93562469899996,37.43840429800008],[-81.93884669999994,37.440470299000026],[-81.94576870199995,37.44022129800004],[-81.94937070399999,37.445694299000024],[-81.95743070699996,37.44905829900006],[-81.96632170899994,37.44672829900003],[-81.97038670999996,37.44769529900003],[-81.96879870999999,37.45150330000007],[-81.97617971299996,37.45719330000003],[-81.98001671399999,37.457217300000025],[-81.98489471499994,37.45432229900007],[-81.98700971599999,37.45488529900007],[-81.98763271599995,37.458668300000056],[-81.98952571699994,37.46067730100003],[-81.99227371799998,37.46092330000005],[-81.99297571799997,37.46845730200005],[-81.99607871999996,37.47153330200007],[-81.99658171999994,37.476712303000056],[-81.99297771899995,37.47980430400003],[-81.99291971899999,37.48297630500008],[-81.98985271899994,37.48488630500003],[-81.97759671499995,37.484610306000036],[-81.97575871499998,37.487701307000066],[-81.97066271299997,37.488475307000044],[-81.97073371299996,37.48991130700006],[-81.96713271199997,37.49075030700004],[-81.96498971199998,37.493495308000035],[-81.95326770799994,37.49177030800007],[-81.95436770899994,37.496091309000064],[-81.95315070899994,37.50132131000004],[-81.94391570599998,37.50293631100004],[-81.94419170599997,37.506983312000045],[-81.94115470599996,37.509490312000025],[-81.92673970099997,37.51304731400006],[-81.92719770199994,37.51533931400007],[-81.934060704,37.51947631500008],[-81.93875270499996,37.51290931300008],[-81.94386870699998,37.512886313000024],[-81.94547870699995,37.51661731400003],[-81.94369670699996,37.52121931500005],[-81.94766370899998,37.525087315000064],[-81.94754870899999,37.527537316000064],[-81.94401370799994,37.53097131700008],[-81.94602570799998,37.53174931700005],[-81.95352770999995,37.52806331600004],[-81.95663371099994,37.52849731600003],[-81.95738271199997,37.53520531700008],[-81.96758671499998,37.53282231600008],[-81.96928271599995,37.534332316000075],[-81.96801571499998,37.53804231700008],[-82.12485775499994,37.42727928800008],[-82.30941880199998,37.30007325500003],[-82.31603180399998,37.29488625400006],[-82.31896080399997,37.287531252000065],[-82.32462280599998,37.28318725100007],[-82.33157380799997,37.28221825000003],[-82.33694580899999,37.27974425000008],[-82.34185281099997,37.28089325000008],[-82.34207180999994,37.27411624800004],[-82.35095181199995,37.26708424700007],[-82.35534681399997,37.26522724600005],[-82.36453881599994,37.26442224500005],[-82.37659881999997,37.25990724400003],[-82.38566682199996,37.25963824400003],[-82.43102583499996,37.24678023900003],[-82.44916783999997,37.243915238000056],[-82.45701984199997,37.238295236000056],[-82.46307684399994,37.238299236000046],[-82.48644284999995,37.23121123400006],[-82.48722284999997,37.227806233000024],[-82.49148985099998,37.22509323200006],[-82.49524685299997,37.22561323200006],[-82.49631185299995,37.227569233000054],[-82.49886185399998,37.227051232000065],[-82.50789885599994,37.22273423100006],[-82.50943485599998,37.21893123000007],[-82.52012085899997,37.21291322900004],[-82.52446786099995,37.21496422900003],[-82.52874986199998,37.21374922800004],[-82.53179086299997,37.212104228000044],[-82.53157986199994,37.20917022700007],[-82.54130586499997,37.20653722600008],[-82.54580786599996,37.20307722600006],[-82.55037586799995,37.204465226000025],[-82.57899187499999,37.18850522100007],[-82.59245487899994,37.182854220000024],[-82.59276987899995,37.18039821900004],[-82.59745087999994,37.177095218000034],[-82.61742688499999,37.16813621600005],[-82.63349688899996,37.154271212000026],[-82.65327189499999,37.15132121100004],[-82.65747189599995,37.145031209000024],[-82.66772089899996,37.14195620800007],[-82.67676890099995,37.13497220600004],[-82.68460490299998,37.13584220600006],[-82.72210091299996,37.12017520200004],[-82.72645291399994,37.114992200000074],[-82.72629791399999,37.111859200000026],[-82.72194491199997,37.10569619900008],[-82.72162091199993,37.10128319800003],[-82.72218291199994,37.09431619600008],[-82.72495791199998,37.09191219600007],[-82.72304391099993,37.084999194000034],[-82.71720790899997,37.07955119400003],[-82.71674390899994,37.077227193000056],[-82.71835690899997,37.07571319300007],[-82.72375091099997,37.075532192000026],[-82.72702591199999,37.07302619200004],[-82.72631591099997,37.06687719100006],[-82.72225790899995,37.05795518900004],[-82.72247590899997,37.04510818600005],[-82.72628290999995,37.04210518600007],[-82.73360691199997,37.044532186000026],[-82.74245791399994,37.04298718500007],[-82.74798491499996,37.02522118100006],[-82.75071891599998,37.02411418100007],[-82.75405491699996,37.026594181000064],[-82.75917891799998,37.027340181000056],[-82.76641191999994,37.02311318000005],[-82.77179892099997,37.01572317800003],[-82.77737192299998,37.01528617800005],[-82.78214792399996,37.00824917600005],[-82.78890092599994,37.00816717600003],[-82.79344492699994,37.00549817500007],[-82.79749092899993,37.009661176000066],[-82.81358293299996,37.00532717500005],[-82.81575193399993,37.00720317500003],[-82.82268793599997,37.004135174000055],[-82.82522793699997,37.006286174000024],[-82.82859593799998,37.00571417400005],[-82.83059193799994,37.00095217300003],[-82.82912893699995,36.99754817200005],[-82.83080593699998,36.99345217100006],[-82.83601193899995,36.98884417000005],[-82.84500594099995,36.98381916900007],[-82.84943294199996,36.98348616900006],[-82.85373294399994,36.98518516900003],[-82.85793994499994,36.97828316700003],[-82.86292994599995,36.97998216700006],[-82.86753894699996,36.97752516700007],[-82.87023394699997,36.965505164000035],[-82.86736194599996,36.96318916400003],[-82.86540794499996,36.95809116300006],[-82.85570894199998,36.95381516200007],[-82.85997294299995,36.94908116100004],[-82.86128594299998,36.94485516000003],[-82.86168794299994,36.939323159000025],[-82.85796894099997,36.92953615700003],[-82.86003594199997,36.925248156000066],[-82.87747694599994,36.907967152000026],[-82.87007194299997,36.901742151000064],[-82.87321694399998,36.897270150000054],[-82.87864294499997,36.89398814900005],[-82.87857294499997,36.88959214800008],[-82.88462994699995,36.88848414800003],[-82.89544894899996,36.88215214600007],[-82.90632895299996,36.87974714500007],[-82.90798495299998,36.87875614500007],[-82.90777795299994,36.874713144000054],[-82.92241395699995,36.87393214300005],[-82.93757696099993,36.86728214100003],[-82.95168896499996,36.866159141000026],[-82.97025696999998,36.85769313800006],[-82.97923097299997,36.85970013800005],[-82.98871097599994,36.85914413800003],[-82.99837997799995,36.856637137000064],[-83.00608997999996,36.84789613500004],[-83.00922598099999,36.847302134000074],[-83.02189098499997,36.84999613400004],[-83.02689098699994,36.85549613500007],[-83.04219199099998,36.85439613500006],[-83.04759299299997,36.85179613400004],[-83.06049299699998,36.85379613400005],[-83.06619299799996,36.851896133000025],[-83.072594,36.85459613300003],[-83.07559400099996,36.85059613200008],[-83.073794,36.84489613100004],[-83.075194,36.84089613000003],[-83.08699500299997,36.83819612900004],[-83.09129500399996,36.83439612800004],[-83.09889600599996,36.831796128000065],[-83.10179600699996,36.82909612700007],[-83.09889600599996,36.82299612600008],[-83.09849600499996,36.814296124000066],[-83.10309600599999,36.80669612200006],[-83.11079700799996,36.800395121000065],[-83.11914800999995,36.78953811800005],[-83.12334501099997,36.78666111700005],[-83.13323501399998,36.784592117000045],[-83.12899101199997,36.77579111500006],[-83.13268901299995,36.77153511400007],[-83.128898011,36.769895114000064],[-83.13248101199997,36.764405113000066],[-83.12565900999994,36.76141411200007],[-83.12881701099997,36.75787111100004],[-83.12783700999995,36.750835110000025],[-83.13099801099997,36.749795110000036],[-83.13639901199997,36.743095108000034],[-83.15670001799998,36.742194107000046],[-83.16150001899996,36.739894106000065],[-83.16740002099993,36.73919410600007],[-83.19460102899995,36.73949410500006],[-83.25550404599994,36.72179409900008],[-83.26360504799999,36.72099409800006],[-83.28780605499998,36.71379409600007],[-83.31140706199994,36.71029409400006],[-83.34280807,36.701293091000025],[-83.35920907499997,36.693593089000046],[-83.36400907599995,36.69459308900008],[-83.38610308199998,36.686596086000065],[-83.39531008399996,36.67949308400006],[-83.39581008399995,36.67679308400005],[-83.42371109199996,36.66739208100006],[-83.46648710399995,36.66470707900004],[-83.48261410899994,36.66619207800005],[-83.49801511399994,36.67049207800005],[-83.50141511499999,36.66909207800006],[-83.51171511799998,36.66909207800006],[-83.52961612299998,36.666191076000075],[-83.53311612399995,36.66189107500003],[-83.54181612599996,36.65659107400006],[-83.56261613199996,36.65129107200005],[-83.56541013199995,36.647789071000034],[-83.57475313499998,36.64422507000006],[-83.57731613599998,36.64179106900008],[-83.58451613799997,36.641391069000065],[-83.58596013799996,36.643763069000045],[-83.60301714299999,36.636890067000024],[-83.60791714399994,36.63709006700003],[-83.61451714599997,36.633990066000024],[-83.61991714699997,36.62799006500006],[-83.62891714999995,36.62409006400003],[-83.63501715099994,36.62289006300006],[-83.63981715299997,36.624790063000034],[-83.64521715399997,36.62419006300007],[-83.64831815499997,36.62269006200006],[-83.64951715499996,36.61669006100004],[-83.66361815899995,36.60678905900005],[-83.67311816099993,36.604689058000076],[-83.67539916199996,36.60079105700004],[-83.62262814599995,36.59806805900007],[-83.55681412699994,36.59739106100005],[-83.27630404399997,36.59819407300006],[-83.26110303899998,36.59389407300006],[-82.88801692899995,36.593468088000066],[-82.65408131899994,36.593851434000044],[-82.48724180999994,36.595829104000074],[-82.46661680399995,36.59448810500004],[-82.21100872799997,36.59586711600008],[-82.17398571699994,36.59461411700005],[-81.93414764599999,36.59422012600004],[-81.92264764399994,36.616220131000034],[-81.73694358799997,36.61238613800003],[-81.64690356099999,36.61192514100003],[-81.67753856899998,36.588124135000044],[-81.60093754599995,36.587026138000056],[-81.52103552199998,36.58052714000007],[-81.48939051199994,36.579033141000025],[-81.47643350799996,36.58042814200007],[-81.44223149799996,36.576829142000065],[-81.37482747799999,36.57468014400007],[-81.30751445799996,36.57503114700006],[-81.17671541799996,36.57193315100005],[-81.00380536599994,36.56363615600003],[-80.94599134899994,36.56320315900007],[-80.83764431599997,36.55912516200004],[-80.70483427599999,36.56232616800003],[-80.29524615199995,36.54398018000006],[-80.05346161399996,36.54254385400003],[-79.51064991499999,36.54074520800003],[-79.24974283599994,36.54114621800005],[-78.50996761099998,36.541072245000066],[-78.24546453099998,36.54441825500004],[-78.00789665599996,36.54428956700008],[-77.47444706499994,36.54505263300007],[-77.20515821199996,36.54458829200007],[-77.16966220199998,36.547322294000026],[-77.15269319599997,36.54408529400007],[-76.91605012399998,36.543822302000024],[-76.91732012399996,36.546053302000075],[-76.91589912399996,36.55210030400008],[-76.80708009099999,36.55061330700005],[-76.54168900899998,36.55031931600007],[-75.86704580099996,36.550761339000076]]]]}},{"type":"Feature","properties":{"shapeName":"Louisiana","shapeISO":"US-LA","shapeID":"66186276B41335105066757","shapeGroup":"USA","shapeType":"ADM1"},"geometry":{"type":"MultiPolygon","coordinates":[[[[-88.86770527999994,29.861556432000043],[-88.86457327799997,29.851024430000052],[-88.86514827799994,29.848474430000067],[-88.86233627799999,29.846200429000078],[-88.86144127699998,29.85035843000003],[-88.86271927799999,29.856789432000028],[-88.86566427899999,29.862625433000062],[-88.86770527999994,29.861556432000043]]],[[[-88.87933828299998,29.87402843500007],[-88.87882728299996,29.872365434000073],[-88.87607828299997,29.875026435000052],[-88.87531128299997,29.881954437000047],[-88.87933828299998,29.87402843500007]]],[[[-88.87048128799995,30.049217474000045],[-88.88145929199999,30.053207474000033],[-88.86972528799998,30.043803473000025],[-88.85737328399995,30.027831469000034],[-88.84837828099995,30.013335467000047],[-88.84087127799995,29.995618463000028],[-88.83979527699995,29.983808460000034],[-88.83550027599995,29.97414345800007],[-88.83550027499996,29.967700457000035],[-88.83872027599995,29.962331456000072],[-88.83738427499998,29.944883452000056],[-88.82825227099994,29.92072244700006],[-88.83120526999994,29.878844437000055],[-88.84328227299994,29.86381543400006],[-88.83683527099998,29.85898343300005],[-88.83630127099997,29.85522643200005],[-88.84301527099996,29.82596542500005],[-88.84650227199995,29.81710642300004],[-88.85303827399997,29.81112242200004],[-88.863761276,29.79356941800006],[-88.865067276,29.781024415000047],[-88.87509627699995,29.759823410000024],[-88.86787927599994,29.762310410000055],[-88.83271526899995,29.824067425000067],[-88.81815126699996,29.88911444000007],[-88.81702226899995,29.934255450000023],[-88.82416327199996,29.970466458000033],[-88.83373027599998,29.998826464000047],[-88.85558828399996,30.034419471000035],[-88.87048128799995,30.049217474000045]]],[[[-89.26222738599995,29.827529412000047],[-89.26293338699998,29.824739412000042],[-89.24890738299996,29.82316441200004],[-89.24550438199998,29.826610413000026],[-89.24951038299997,29.828654413000038],[-89.26222738599995,29.827529412000047]]],[[[-89.29395140199995,30.000307449000047],[-89.29466440199997,29.997014449000062],[-89.29335740199997,29.994750448000048],[-89.28991040099999,29.995161448000033],[-89.28777140099999,29.999587449000046],[-89.29395140199995,30.000307449000047]]],[[[-89.30053937899999,29.38288631300003],[-89.29868537799996,29.38151931300007],[-89.29697337799996,29.38251331300006],[-89.29832837799995,29.385433314000068],[-89.29996837899995,29.38518531300008],[-89.30053937899999,29.38288631300003]]],[[[-89.30118037899996,29.377729312000042],[-89.30082437899995,29.37567831100006],[-89.29697337699997,29.37511931100005],[-89.296403377,29.377045312000064],[-89.29918437799995,29.37922031200003],[-89.30118037899996,29.377729312000042]]],[[[-89.32734540999996,29.951821438000025],[-89.32663240899996,29.946981437000034],[-89.32366140799996,29.946158436000076],[-89.31938240699998,29.948938437000038],[-89.31950140699996,29.95233643800003],[-89.32223540799998,29.95418943800007],[-89.32591940899994,29.955322438000053],[-89.32734540999996,29.951821438000025]]],[[[-89.33792141299995,29.960882439000045],[-89.33732741299997,29.959440439000048],[-89.33400041199997,29.95913243900003],[-89.33221741099999,29.96242644000006],[-89.33566341199997,29.96283844000004],[-89.33792141299995,29.960882439000045]]],[[[-89.34101141499997,29.988883445000056],[-89.33673341399998,29.987956445000066],[-89.33673341399998,29.99423544700005],[-89.33958541499999,29.99402944600007],[-89.34101141499997,29.988883445000056]]],[[[-89.34216841799997,30.059177461000047],[-89.34012041699998,30.05293645900008],[-89.34034741699998,30.044641458000058],[-89.33322641499996,30.03477245600004],[-89.32871141399994,30.038328457000034],[-89.32395841299996,30.047793459000047],[-89.312074409,30.04450145800007],[-89.30850940799996,30.039768457000037],[-89.28759340199997,30.04059245800005],[-89.28093839999997,30.036888458000078],[-89.28165139999999,30.028246456000034],[-89.27583139799998,30.023086455000055],[-89.27547139899997,30.03709445800007],[-89.25978439499994,30.04943846100008],[-89.25336739399995,30.060547464000024],[-89.24433539099994,30.05828546400005],[-89.23886838999994,30.052936463000037],[-89.24005738999995,30.045118461000072],[-89.23799938899998,30.033493458000066],[-89.22722238499995,30.021249456000078],[-89.22437038399994,30.00704845300004],[-89.22950538499998,30.000438451000036],[-89.21568038099997,29.993528450000042],[-89.20158937699995,30.00143445300006],[-89.21147837999996,30.01012445400005],[-89.21305038099996,30.02735745800004],[-89.20297937899994,30.03462546000003],[-89.18803637499997,30.031778460000055],[-89.18396437399997,30.032773460000044],[-89.17340637099994,30.043365463000043],[-89.17683437299996,30.06075346600005],[-89.17573337299996,30.06278046700004],[-89.18580437599996,30.06393946700007],[-89.19210137699997,30.067330467000033],[-89.20726238199995,30.070589468000037],[-89.22080538499995,30.071450467000034],[-89.22320938599995,30.080121469000062],[-89.22700638799995,30.086038470000062],[-89.22709038799997,30.09513147200005],[-89.22906338899998,30.098911473000044],[-89.23693239099998,30.09495847200003],[-89.24308439299995,30.10066847300004],[-89.22769538899996,30.119737478000047],[-89.21853338699998,30.122611479000057],[-89.21282038599998,30.131878481000058],[-89.20023438299995,30.14431148400007],[-89.19090138099995,30.149142485000027],[-89.18572037999996,30.157006487000046],[-89.19048038099999,30.16176548800007],[-89.19573938199994,30.15696048700005],[-89.20204138399998,30.147563485000035],[-89.21099438599998,30.141379483000037],[-89.26374139899997,30.110907475000033],[-89.30303140899997,30.091575469000077],[-89.31876041199996,30.065146463000076],[-89.32396241299995,30.064362462000076],[-89.32872941499994,30.061234462000073],[-89.34216841799997,30.059177461000047]]],[[[-89.34742941599995,29.975192442000036],[-89.34612141599996,29.973133442000062],[-89.34338841499994,29.973442442000078],[-89.34041741399994,29.97622244300004],[-89.34350741499998,29.981266444000028],[-89.34742941599995,29.975192442000036]]],[[[-89.36062041799994,29.927415431000043],[-89.36252141799997,29.92267743000008],[-89.36026341699994,29.91989643000005],[-89.35622341599998,29.91989643000005],[-89.35242041499998,29.924428431000024],[-89.35253941499997,29.92793043200004],[-89.35776841699999,29.934006433000036],[-89.36062041799994,29.927415431000043]]],[[[-89.36264042199997,30.00771744900004],[-89.364185422,30.004218448000074],[-89.35479741899996,30.002469448000056],[-89.35705541999994,30.006071449000046],[-89.36264042199997,30.00771744900004]]],[[[-89.36858242099999,29.953777437000042],[-89.36905742099998,29.952542436000044],[-89.36489841999997,29.950688436000064],[-89.36168941899996,29.95171843600008],[-89.35372741699996,29.95964643800005],[-89.35337141699995,29.961808439000038],[-89.35907541899996,29.964382439000076],[-89.36323441999997,29.971898441000064],[-89.36192741999997,29.973751441000047],[-89.35182641699998,29.972927441000024],[-89.35919441899995,29.976839442000028],[-89.36038241999995,29.979207443000064],[-89.36442342099997,29.980030443000032],[-89.36680042099994,29.97673644200006],[-89.36204641899997,29.962323439000045],[-89.36371041999996,29.95521943700004],[-89.36858242099999,29.953777437000042]]],[[[-89.38141742699997,30.009055448000026],[-89.38094142599994,30.00576244800004],[-89.37844642599998,30.004218447000028],[-89.37499942499994,30.00699744800005],[-89.370008424,30.006688448000034],[-89.36917642299994,30.004938448000075],[-89.36727542299997,30.004938448000075],[-89.36477942199997,30.009055449000073],[-89.37595042499998,30.011010449000025],[-89.37654442599995,30.014406450000024],[-89.37975342699997,30.014612450000072],[-89.38141742699997,30.009055448000026]]],[[[-89.44092444799998,30.135187474000077],[-89.44656944999997,30.130283473000077],[-89.43900844799998,30.12753247200004],[-89.42903644499995,30.12856447300004],[-89.42388744399994,30.133031474000063],[-89.41769944199996,30.14368747700007],[-89.42697644499998,30.148500477000027],[-89.42981844599996,30.14443447600007],[-89.44209844899996,30.144374476000053],[-89.44092444799998,30.135187474000077]]],[[[-89.58050246299996,29.57949934800007],[-89.58173346299998,29.57800734700004],[-89.57602946199995,29.574079347000065],[-89.57020645999995,29.57345934700004],[-89.56913645999998,29.575216347000037],[-89.58050246299996,29.57949934800007]]],[[[-89.62677447399994,29.535210336000034],[-89.62796247399996,29.533142336000026],[-89.62641747399994,29.52952333500008],[-89.61774247099999,29.520526334000067],[-89.60526446699998,29.510288332000073],[-89.59967846499995,29.50759933100005],[-89.59742046499997,29.511943332000044],[-89.59040946299996,29.518872334000037],[-89.59040946399995,29.52393933500008],[-89.57840646099999,29.53231433700006],[-89.57424645999998,29.538105339000026],[-89.56545245699994,29.539966339000046],[-89.564620457,29.54379134000004],[-89.56545245799998,29.54585934100004],[-89.56925545899998,29.54637634100004],[-89.57091945899998,29.548547341000074],[-89.57519745999997,29.549891341000034],[-89.58387246299998,29.545342340000047],[-89.58898346399997,29.547617340000045],[-89.59326146499996,29.546789340000032],[-89.60288746799995,29.539035338000076],[-89.61084946999995,29.53655433700004],[-89.61714847099995,29.535727337000026],[-89.62249547299996,29.536864337000054],[-89.62677447399994,29.535210336000034]]],[[[-89.64388747999999,29.55805834100005],[-89.64507547999995,29.556611341000064],[-89.64329247899997,29.55371634000005],[-89.64139147899994,29.55413034000003],[-89.63960847799996,29.555680341000027],[-89.64103447899998,29.559092341000053],[-89.64388747999999,29.55805834100005]]],[[[-89.64578847999996,29.565294343000062],[-89.64364947999997,29.56405334200008],[-89.63129047699994,29.56725834300005],[-89.63033947599996,29.56870534400008],[-89.63235947699997,29.56984234400005],[-89.63711347799995,29.569222344000025],[-89.64578847999996,29.565294343000062]]],[[[-89.66670448599996,29.553096339000035],[-89.666110485,29.550408339000057],[-89.65791048299997,29.547100338000064],[-89.65684048299994,29.551028339000027],[-89.66337648499996,29.556094340000072],[-89.66670448599996,29.553096339000035]]],[[[-89.90093753999997,29.31653828000003],[-89.90117553999994,29.31488027900008],[-89.88346853499996,29.307108278000044],[-89.87312953199995,29.308040279000068],[-89.86124552899997,29.31166728000005],[-89.86112652899999,29.31301528000006],[-89.86968253099997,29.316538281000078],[-89.87265353199996,29.32109728200004],[-89.88679553599997,29.32130428100004],[-89.89024253699995,29.323894282000026],[-89.89452053799994,29.32244428100006],[-89.90093753999997,29.31653828000003]]],[[[-89.95023855199997,29.27704926900003],[-89.95041455199998,29.27550226900007],[-89.94422654999994,29.271722269000065],[-89.91584154299994,29.286482273000047],[-89.90771154099997,29.292599274000054],[-89.90659153999997,29.296642275000067],[-89.90866254099996,29.29767727500007],[-89.92316054499997,29.289489273000072],[-89.93397554699999,29.285654272000045],[-89.94302154999997,29.27653427000007],[-89.95023855199997,29.27704926900003]]],[[[-89.962462556,29.304320275000066],[-89.95793955499994,29.302475275000063],[-89.95698555399997,29.30366927500006],[-89.959765555,29.306781276000038],[-89.962462556,29.304320275000066]]],[[[-89.97913455999998,29.28109427000004],[-89.97949055899994,29.277569269000026],[-89.97105355699995,29.27601426900003],[-89.96915155599999,29.272075268000037],[-89.96713155599997,29.271453268000073],[-89.96558655599995,29.274874269000065],[-89.96689355599995,29.28264827000004],[-89.97152855799999,29.284929271000067],[-89.97913455999998,29.28109427000004]]],[[[-89.98404056199996,29.320819278000045],[-89.98159256099996,29.30880727600004],[-89.97316855899999,29.301027274000035],[-89.97047155799999,29.30334327500003],[-89.96910255799997,29.311412276000055],[-89.97034655899995,29.316912278000075],[-89.97387455999996,29.320856278000065],[-89.98404056199996,29.320819278000045]]],[[[-90.02227356999998,29.242526260000034],[-90.02464956999995,29.24107525900007],[-90.021441569,29.239726259000065],[-90.01181556699999,29.240660260000027],[-90.01086456599995,29.237756259000037],[-90.008012566,29.239519259000076],[-90.01169656699994,29.248333261000028],[-90.01454856799995,29.250925262000067],[-90.01692556899997,29.250614262000056],[-90.01775756899997,29.24729626100003],[-90.02227356999998,29.242526260000034]]],[[[-90.02880957199994,29.26450726400003],[-90.02690757199997,29.26004926300004],[-90.02203556999996,29.260982264000063],[-90.01989656999996,29.264922265000052],[-90.02262957099998,29.267203265000035],[-90.02880957199994,29.26450726400003]]],[[[-90.33541664799998,29.068067212000074],[-90.33743664799994,29.066717211000025],[-90.33494064699994,29.063808211000037],[-90.327453645,29.064431211000056],[-90.31759064299996,29.067340212000033],[-90.31212364099997,29.070352213000035],[-90.31093564099996,29.07274121300003],[-90.31259864199995,29.075234214000034],[-90.31646564299996,29.073534213000073],[-90.31842264299996,29.070768213000065],[-90.33541664799998,29.068067212000074]]],[[[-90.34789465599994,29.18402623700007],[-90.35039065599995,29.181224236000048],[-90.34765665499998,29.17769623500004],[-90.34456665499994,29.184129237000036],[-90.33862465299995,29.18661923800005],[-90.33803065299998,29.18942123800008],[-90.34480765499995,29.18789423800007],[-90.34789465599994,29.18402623700007]]],[[[-90.35989765599999,29.104935219000026],[-90.36169365599994,29.103081219000046],[-90.35603365499998,29.10193921800004],[-90.34314065099994,29.106181220000053],[-90.35181665399995,29.107530220000058],[-90.35989765599999,29.104935219000026]]],[[[-90.37261465899996,29.11115422000006],[-90.37617865999994,29.108673219000025],[-90.34670665299996,29.11708222200008],[-90.33981365099999,29.122273223000036],[-90.33958765099999,29.126723224000045],[-90.34706265299997,29.130475225000055],[-90.35145965399994,29.131097225000076],[-90.35252965399997,29.119782222000026],[-90.37261465899996,29.11115422000006]]],[[[-90.41444467499997,29.207990240000072],[-90.41313767399998,29.204152239000052],[-90.41087967299995,29.202700239000023],[-90.40778967299997,29.203945239000063],[-90.40767067299998,29.207056240000043],[-90.41076067399996,29.210687241000073],[-90.41444467499997,29.207990240000072]]],[[[-90.44439268499997,29.262537251000026],[-90.44142168399998,29.252066249000052],[-90.43512268199999,29.25341424900006],[-90.44439268499997,29.262537251000026]]],[[[-90.55032170699997,29.092147210000064],[-90.52918069999998,29.078054208000026],[-90.47332568499996,29.059495206000065],[-90.44273967599997,29.056058206000046],[-90.42366567099998,29.060868207000055],[-90.42899167299998,29.06413420800004],[-90.47006068399998,29.066884207000044],[-90.55032170699997,29.092147210000064]]],[[[-90.61849272899997,29.196994231000076],[-90.61873072899994,29.19533423100006],[-90.61338272799998,29.193156231000046],[-90.61433372799996,29.196268231000033],[-90.61692772899994,29.198072232000072],[-90.61849272899997,29.196994231000076]]],[[[-90.75932176099997,29.046893194000063],[-90.75600275999994,29.045208194000054],[-90.74090575599996,29.046799195000062],[-90.66167473599995,29.062617200000034],[-90.67024073799996,29.064957201000027],[-90.67398773899998,29.06214920000008],[-90.68844174299994,29.062617200000034],[-90.70546574699995,29.058125198000027],[-90.71178274899995,29.06233619900007],[-90.71649474999998,29.060558198000024],[-90.72131275099997,29.055785197000034],[-90.734909755,29.054100196000036],[-90.73705175499998,29.051292196000077],[-90.74540275799995,29.048671195000054],[-90.75450375999998,29.04942019500004],[-90.75932176099997,29.046893194000063]]],[[[-90.86814779099996,29.057204193000075],[-90.86526178999998,29.05409319200004],[-90.83434078099998,29.044928191000054],[-90.81818377699994,29.046526192000044],[-90.81428777599996,29.047787193000033],[-90.80616077399998,29.053799194000078],[-90.80890277499998,29.05569019400008],[-90.82034777799998,29.05733019400003],[-90.83679378199997,29.051234193000028],[-90.84131378399996,29.052285193000046],[-90.84391678399999,29.05005519200006],[-90.85376878699998,29.054177193000044],[-90.86814779099996,29.057204193000075]]],[[[-90.93574880899996,29.05564619100005],[-90.936817809,29.054432190000057],[-90.93282880799995,29.05141019000007],[-90.92649880599998,29.049124189000054],[-90.91976080399996,29.047679189000064],[-90.91639180399994,29.048214190000067],[-90.91553380299996,29.049874190000025],[-90.92637580599995,29.05153419000004],[-90.93574880899996,29.05564619100005]]],[[[-91.04156284299995,29.191807217000076],[-91.04013684199998,29.188694216000044],[-91.03633384099999,29.187657216000048],[-91.03633384099999,29.190251217000025],[-91.03966184199999,29.192326217000073],[-91.04156284299995,29.191807217000076]]],[[[-91.38358394299996,29.398364251000032],[-91.38382194299999,29.39505125100004],[-91.38108894199996,29.39329125000006],[-91.37609694099996,29.393395250000026],[-91.37502794099998,29.398882252000078],[-91.37657294099995,29.401781252000035],[-91.38180194299997,29.401470252000024],[-91.38358394299996,29.398364251000032]]],[[[-91.38465394099995,29.352902241000038],[-91.38239594099997,29.350726241000075],[-91.37966293999995,29.35404124200005],[-91.38019993999995,29.355252242000063],[-91.38171994099997,29.355776242000047],[-91.38465394099995,29.352902241000038]]],[[[-91.38738694399996,29.386353249000024],[-91.38596094299999,29.382004248000044],[-91.38049394199999,29.384800248000033],[-91.37942494199996,29.387493249000045],[-91.38073194199995,29.38966725000006],[-91.38417894299994,29.39018525000006],[-91.38738694399996,29.386353249000024]]],[[[-92.03185612399994,29.57763526900004],[-92.026983122,29.568849268000065],[-92.01747611899998,29.564301267000076],[-92.01514511799996,29.561333266000076],[-91.99310111199998,29.550988265000058],[-91.97196010599998,29.54341926400008],[-91.96593910399997,29.536333263000074],[-91.95354010099999,29.538146263000044],[-91.94712309899995,29.53411426300005],[-91.943082098,29.533286263000036],[-91.93912309699994,29.529339262000065],[-91.93464109599995,29.528513262000047],[-91.92871809399998,29.524020261000032],[-91.91532708999995,29.518518260000064],[-91.90600408799997,29.518603261000067],[-91.89646208499994,29.510467259000052],[-91.88806008199998,29.50826125900005],[-91.88302408099997,29.501225258000034],[-91.87819607999995,29.503607258000045],[-91.862509075,29.503296259000024],[-91.85260607199996,29.494989257000043],[-91.84646906999996,29.479313254000033],[-91.83101606599996,29.479815255000062],[-91.82158506299999,29.473930254000038],[-91.81461206199998,29.482066256000053],[-91.80356405899994,29.487884257000076],[-91.78620805399999,29.48311325700007],[-91.77495105099996,29.486575258000073],[-91.76826904999996,29.49036725900004],[-91.77314105099998,29.49636626000006],[-91.77421105199994,29.504951262000077],[-91.76541704999994,29.52480726600004],[-91.74592704599996,29.536905270000034],[-91.73535004299998,29.540111271000058],[-91.71324603799997,29.55551527500006],[-91.71324603799997,29.558099275000075],[-91.70921203699999,29.56101727600003],[-91.71027503699997,29.56419827700006],[-91.70813603699997,29.568849278000073],[-91.71108703799996,29.569333278000045],[-91.72061403999999,29.56326827600003],[-91.72252404099999,29.56474227600006],[-91.72472404099994,29.56420627600005],[-91.72548704099995,29.561614276000057],[-91.73677604399995,29.56233727500006],[-91.73832104499996,29.566575276000037],[-91.73780304499996,29.571596277000026],[-91.73333004399996,29.580839280000077],[-91.74057904599994,29.57422427800003],[-91.75519004999995,29.57467527800003],[-91.75959405099997,29.572984277000046],[-91.76517905199995,29.575051277000057],[-91.76945705399999,29.57443127700003],[-91.76779405299999,29.571123276000037],[-91.76850705299995,29.567919276000055],[-91.77587505499997,29.56781627500004],[-91.77658805599998,29.583836279000025],[-91.77528105599998,29.58786628000007],[-91.77979605699994,29.58828028000005],[-91.78359905799994,29.591070280000054],[-91.78466905799996,29.594067281000036],[-91.79512706099996,29.588590279000073],[-91.80273306299995,29.58869327900004],[-91.806179064,29.593860280000058],[-91.80663706499996,29.600202281000065],[-91.82103406899995,29.603470282000046],[-91.82412406899994,29.60285028100003],[-91.83095107199995,29.61162328300003],[-91.84052407399997,29.615765284000076],[-91.84337607499998,29.62031128500007],[-91.84301907499997,29.62774928600004],[-91.84896107699996,29.629402286000072],[-91.84919907699998,29.624960285000043],[-91.85323907799994,29.623720285000047],[-91.86191507999996,29.624960285000043],[-91.86643108199996,29.62971228600003],[-91.88318708599996,29.627129285000024],[-91.88627708699994,29.628472285000043],[-91.89150608799997,29.62816228500003],[-91.89150608799997,29.630538285000057],[-91.89507108899994,29.630641285000024],[-91.90315209199997,29.637356286000056],[-91.91254109399995,29.634257285000047],[-91.91610609499998,29.631158284000037],[-91.92846509799995,29.635083285000064],[-91.92608809799998,29.628885284000035],[-91.92810909799994,29.618658281000023],[-91.93274309899994,29.612459280000053],[-91.93990909999997,29.610296279000067],[-91.96503310699995,29.608024278000073],[-91.98265611199997,29.614215279000064],[-91.98904711399996,29.611453278000056],[-92.00535411799996,29.603057276000072],[-92.00796911799995,29.59324027300005],[-92.01783311999998,29.590967273000047],[-92.02092312099995,29.577325270000074],[-92.02496312199997,29.575774269000078],[-92.03185612399994,29.57763526900004]]],[[[-91.16607905999996,33.00411201600008],[-91.50012415099997,33.00679000300005],[-91.95196427299999,33.007433985000034],[-92.36287138299997,33.010633969000025],[-92.79653949899995,33.01484195200004],[-93.21565960999999,33.01839893500005],[-93.49089968299995,33.01844792300005],[-94.04297082799997,33.01922490000004],[-94.04309579799997,32.486566796000034],[-94.04183976999997,31.992407697000033],[-94.02928976699997,31.99587069900008],[-94.01727176299994,31.98934869800007],[-94.01642276299998,31.980853696000054],[-94.00736175999998,31.97377469500003],[-93.99376675499997,31.951506691000077],[-93.98738575299996,31.943448690000025],[-93.981593751,31.940078689000075],[-93.97961175099994,31.93668068900007],[-93.97932874999998,31.93073468800003],[-93.97394874799994,31.921673686000076],[-93.96800274699996,31.919974686000046],[-93.96178774499998,31.923999687000048],[-93.95894174399996,31.922239687000058],[-93.95355274199994,31.910568685000044],[-93.92920973599996,31.91176268600003],[-93.923262734,31.907798685000046],[-93.92184773399998,31.905533685000023],[-93.92297973399997,31.90270168400008],[-93.93090873599994,31.89647268300007],[-93.93223373599994,31.89351668200004],[-93.92666073399994,31.888260681000077],[-93.92213073299996,31.88571268100003],[-93.91986573199995,31.887694681000028],[-93.91959473199995,31.890753682000025],[-93.91595573199999,31.892866682000033],[-93.90742272899996,31.892479683000033],[-93.90315872799994,31.896189684000035],[-93.89741872699994,31.89444168400007],[-93.89664972599996,31.887299682000048],[-93.90189472699996,31.88006868000008],[-93.90246472699994,31.87528067900007],[-93.89947772599999,31.87353667900004],[-93.89610372499999,31.87622968000005],[-93.89297072499994,31.87632468000004],[-93.88925372299997,31.869032679000043],[-93.88503672199994,31.865891678000025],[-93.88256272099994,31.866852679000033],[-93.88078972099999,31.864758678000044],[-93.88249272099995,31.861932678000073],[-93.88879372299994,31.85771767600005],[-93.88898372199998,31.85572467600008],[-93.88798672199994,31.854590676000043],[-93.88350572099995,31.855062676000045],[-93.88181971999995,31.85225467600003],[-93.88444972099995,31.849874675000024],[-93.88350572099995,31.847044675000063],[-93.87482871799995,31.840616674000046],[-93.87313071699998,31.836669673000074],[-93.87713971799997,31.832189672000027],[-93.87407371699999,31.825350671000024],[-93.87476771699994,31.82166667000007],[-93.87092371599994,31.81684266900004],[-93.87325971599995,31.81489166800003],[-93.87084571499997,31.81378866800003],[-93.86732571499994,31.81532166900007],[-93.861390713,31.81230266800003],[-93.85932271199994,31.80912066800005],[-93.85339670999997,31.80547266700006],[-93.85353570999996,31.802612667000062],[-93.85148770999996,31.800155666000023],[-93.84763870899997,31.799640666000073],[-93.84619470799998,31.802026667000064],[-93.83934970699994,31.80033566700007],[-93.83561970499994,31.79449466600005],[-93.83687470499996,31.788739665000037],[-93.83465570399994,31.783314664000045],[-93.82344970099996,31.77510366200005],[-93.82260470099999,31.77356466200007],[-93.82527970099994,31.767374661000076],[-93.82959370199995,31.764209660000063],[-93.82681670099998,31.76378266000006],[-93.82617770099995,31.762332660000027],[-93.83045070199995,31.755836658000078],[-93.83610970299998,31.751591657000063],[-93.83610970299998,31.74852665700007],[-93.82997870099996,31.744517656000028],[-93.82458569899995,31.734402654000064],[-93.81677369699997,31.730841654000074],[-93.81347269599996,31.725889653000024],[-93.81249569499994,31.715217651000046],[-93.81692469599994,31.70877064900003],[-93.81629769599994,31.707502649000048],[-93.81148969399999,31.70722364900007],[-93.81112769399994,31.703686649000076],[-93.80840169299995,31.702858648000074],[-93.79762769099995,31.70555764900007],[-93.79499568999995,31.704811649000078],[-93.79455468999998,31.702081649000036],[-93.80448569099997,31.685669645000075],[-93.81394469299994,31.675899643000037],[-93.81276569299996,31.669768642000065],[-93.81518169299994,31.667960641000036],[-93.81686569399994,31.66863464100004],[-93.818895694,31.67377764200006],[-93.82205769499996,31.673972642000024],[-93.82646869599995,31.666924641000037],[-93.82566769599998,31.661027639000054],[-93.82007469399997,31.654205638000064],[-93.81804369299994,31.64789763700003],[-93.81596169199997,31.63228463400003],[-93.82060069299996,31.629719633000036],[-93.82073169299997,31.627997633000064],[-93.81724669099998,31.625557633000028],[-93.81684469099997,31.622514632000048],[-93.82717669399995,31.62028163100007],[-93.81879369099994,31.616608631000076],[-93.81872369099995,31.614561630000026],[-93.82629669299996,31.61490863000006],[-93.83045069399998,31.613600630000064],[-93.83806369599995,31.60680062800003],[-93.83938969599996,31.599080626000045],[-93.83493069399998,31.58621662400003],[-93.83036969299997,31.57936062300007],[-93.82715669199996,31.57848262300007],[-93.81844068899994,31.57094862100007],[-93.81915568899996,31.568935621000037],[-93.82296468999994,31.568135621000067],[-93.82157068899994,31.563701620000074],[-93.81686668799995,31.563089620000028],[-93.81836968799996,31.560169619000078],[-93.82109368899995,31.56034661900003],[-93.81858868799998,31.554831618000037],[-93.81397968699997,31.550561618000074],[-93.81025668599995,31.549883618000024],[-93.80831168499998,31.546388617000048],[-93.79954268299997,31.542982617000064],[-93.80336568299998,31.538792616000023],[-93.79921268199996,31.53808061600006],[-93.79809368199994,31.53404961500007],[-93.79030467899997,31.53077861400004],[-93.78769367899997,31.52734961400006],[-93.78084167699996,31.525389614000062],[-93.76006867099994,31.52393861400003],[-93.75488966999995,31.524801615000058],[-93.75413666999998,31.52641161500003],[-93.75761967099999,31.52755961500003],[-93.75811767099998,31.529877615000032],[-93.75470666999996,31.52987061600004],[-93.75189566899996,31.52748061500006],[-93.74774366799994,31.53069561600006],[-93.74734266799999,31.52839561600007],[-93.74277166699994,31.526863615000025],[-93.74056366599996,31.518534614000032],[-93.74458566699997,31.517592613000033],[-93.74220266599997,31.515474613000038],[-93.73343966399995,31.513228613000024],[-93.71344565899994,31.514846614000078],[-93.71158765799998,31.51279461400003],[-93.71155865799994,31.510130613000058],[-93.71910465899998,31.50399961200003],[-93.72429265999995,31.492209609000042],[-93.72759366099996,31.488907608000034],[-93.74189166399998,31.483540607000066],[-93.74515866499996,31.485643607000043],[-93.75185766699997,31.48312260600005],[-93.75220466699994,31.479556605000028],[-93.75063366599994,31.47903360500004],[-93.74800966599997,31.481653606000066],[-93.74554866499994,31.480401606000044],[-93.74948266599995,31.46869560300007],[-93.74184766299999,31.46585960300007],[-93.73151965999995,31.457479602000035],[-93.722099658,31.453501601000028],[-93.71774065699998,31.457111602000055],[-93.70997665399995,31.452765602000056],[-93.70913465399997,31.456751602000054],[-93.70394065299996,31.455498602000034],[-93.70920065399997,31.445048600000064],[-93.70894365399994,31.44171159900003],[-93.70589965299996,31.440332599000044],[-93.69269464899998,31.440568600000063],[-93.69253264899999,31.43820659900007],[-93.70468465099998,31.41890559500007],[-93.70488565099998,31.410886593000043],[-93.70161764999995,31.409339593000027],[-93.69587264799998,31.40939759300005],[-93.67412364199998,31.39768659200007],[-93.67165064099999,31.39335759100004],[-93.66853963999995,31.37936258800005],[-93.66815263899997,31.375108587000057],[-93.67000063999996,31.370484586000032],[-93.67241563999994,31.370629586000064],[-93.67265163999997,31.368507586000078],[-93.67029363999995,31.366149586000063],[-93.66604863799995,31.365206586000056],[-93.64124263199994,31.37275158800003],[-93.63922863199997,31.372025588000042],[-93.64029963199994,31.36874358700004],[-93.64478763299996,31.364126586000054],[-93.64587263299995,31.35901358500007],[-93.64808063299995,31.357424585000047],[-93.66844563799998,31.353017583000053],[-93.67001063899994,31.350350582000033],[-93.66859563799994,31.34115458100007],[-93.66967763799994,31.337980580000078],[-93.67728363999998,31.33048857800003],[-93.67708463899999,31.327949578000073],[-93.67355963799997,31.324547577000033],[-93.67519763899998,31.322054576000028],[-93.68439464099998,31.318517575000044],[-93.68785764099994,31.30984057300003],[-93.68688664099994,31.305171573000052],[-93.68404563999997,31.30177657200005],[-93.67544663799998,31.301045572000078],[-93.66741663499994,31.297059572000023],[-93.65987063299997,31.281967569000074],[-93.65701063199998,31.281741569000076],[-93.65091062999994,31.284325570000078],[-93.64737362899996,31.281731569000044],[-93.64407262799995,31.271592567000027],[-93.64147862699997,31.269941567000046],[-93.622849622,31.272064568000076],[-93.62034962199994,31.27103056800007],[-93.61884162099994,31.263810567000064],[-93.61459661999999,31.26145256600006],[-93.61394861899998,31.25938056600006],[-93.61543861999996,31.256125565000048],[-93.61429461899996,31.251636564000023],[-93.62169062099997,31.248591563000048],[-93.61631461899998,31.244600563000063],[-93.61621161899996,31.237553561000027],[-93.61799061899995,31.232506560000047],[-93.61071161699994,31.232157561000065],[-93.60875361599994,31.228019560000064],[-93.59839761399996,31.231102561000057],[-93.59656261299995,31.229662561000055],[-93.59910061399995,31.22418755900003],[-93.59505161199996,31.22104955900005],[-93.60314561399997,31.21706155800007],[-93.60354761399998,31.21067855600006],[-93.60729461499994,31.205408555000076],[-93.60186361299998,31.199398554000027],[-93.60244961199999,31.18254655100003],[-93.60031461199998,31.176163549000023],[-93.58850960799998,31.16558654800008],[-93.57922160599998,31.167427548000035],[-93.56956960399998,31.177579551000065],[-93.55265559999998,31.18558055300008],[-93.54893759899994,31.186606554000036],[-93.54182559699996,31.183206553000048],[-93.53510359499995,31.185619554000027],[-93.53331359399994,31.184468554000034],[-93.53144359399994,31.17895855300003],[-93.53281359399995,31.174270552000053],[-93.54306759599996,31.17066355000003],[-93.53648759399994,31.158476548000067],[-93.54017059499995,31.15605954800003],[-93.54870659699998,31.155844547000072],[-93.54718459599997,31.142102544000068],[-93.54028459299997,31.128873542000065],[-93.53962559299998,31.121849541000074],[-93.54138159299998,31.113507539000068],[-93.54870259499995,31.10604053700007],[-93.54926059399997,31.100141536000024],[-93.56268659799997,31.097604535000073],[-93.56347859799996,31.093994534000046],[-93.55907459699995,31.091783534000058],[-93.55664759599995,31.087440533000063],[-93.55197659399994,31.08457853300007],[-93.55221159399997,31.078936531000068],[-93.54013559099997,31.07800853200007],[-93.53263358899994,31.07455753100004],[-93.52775358799994,31.07457553100005],[-93.52896358799995,31.069836530000032],[-93.52513758599997,31.06655653000007],[-93.52075058499997,31.06613253000006],[-93.51891858499994,31.061868529000037],[-93.52115158499998,31.057280528000035],[-93.52926258699995,31.057572528000037],[-93.53207558799994,31.055269527000064],[-93.53122558699994,31.05168352700008],[-93.52651458599996,31.04736552600008],[-93.51890558399998,31.04374152500003],[-93.51994758399996,31.041881525000065],[-93.52405458499999,31.041525525000054],[-93.52491058499999,31.039952524000057],[-93.52160458399999,31.036306524000054],[-93.50829857999997,31.03235752300003],[-93.50846657999995,31.029446523000047],[-93.52232058299995,31.020103520000077],[-93.53158458599995,31.02019652000007],[-93.53343658599994,31.018976520000024],[-93.53914758699995,31.008297517000074],[-93.54850458999994,31.010263517000055],[-93.55147259099994,31.009242517000075],[-93.55593359099998,31.003749516000028],[-93.56563759399995,31.01316151700007],[-93.57147159599998,31.009604516000024],[-93.57459459599994,31.002368515000057],[-93.57821359699994,31.000000514000078],[-93.57337159499997,30.991833513000074],[-93.56429559299994,30.98960651300007],[-93.56797859299996,30.97798651000005],[-93.57433859499997,30.97371350900005],[-93.57282959399998,30.970728508000036],[-93.56844759299997,30.96910550800004],[-93.56053959099995,30.971291509000025],[-93.55354658899995,30.96737950800008],[-93.54984758799998,30.967123509000032],[-93.54732058699994,30.96476050800004],[-93.54633358699994,30.95780750700004],[-93.53928058499997,30.956525507000038],[-93.53176458299998,30.958222507000073],[-93.53054058199996,30.954583507000052],[-93.53237358299998,30.94898250500006],[-93.52982058199996,30.94217750400003],[-93.52601957999997,30.937540503000037],[-93.52778358099994,30.93285250200006],[-93.52615357999997,30.930040502000054],[-93.53094258099998,30.924539501000027],[-93.54321858399999,30.920138499000075],[-93.54207958399996,30.92585450000007],[-93.54517258499999,30.927064501000075],[-93.54955558599994,30.923758500000076],[-93.55194858599998,30.918651499000077],[-93.55838158799997,30.913542497000037],[-93.55854558799996,30.911397497000053],[-93.55303258599997,30.908105496000076],[-93.55400158599997,30.902778495000064],[-93.55312258599997,30.90105849500003],[-93.54862958399997,30.899899495000057],[-93.54920858399998,30.89744449400007],[-93.56632258899998,30.89484449300005],[-93.57408658999998,30.884534491000068],[-93.57083058899997,30.87558548900006],[-93.56480158699998,30.875680489000047],[-93.56294358699995,30.872809489000076],[-93.564143587,30.86856148800007],[-93.55914858599994,30.86994248800005],[-93.55846158499998,30.86778048800005],[-93.56191758599994,30.85833748600004],[-93.55732058399997,30.85208648500003],[-93.56410758599998,30.846749483000053],[-93.568488587,30.845130483000048],[-93.56797658699998,30.84303148200007],[-93.55817858399996,30.839979482000047],[-93.55363258299997,30.83514548100004],[-93.55311058199999,30.833116481000047],[-93.55716658299997,30.82876648000007],[-93.55406358199997,30.82494647900006],[-93.55465158199996,30.82325447900007],[-93.56417058399995,30.817546477000064],[-93.56376958399994,30.81361147700005],[-93.56071358299994,30.809644476000074],[-93.56135558299997,30.80758247500006],[-93.57468358599994,30.801378474000046],[-93.58223558899994,30.803122474000077],[-93.58378158899995,30.801784473000055],[-93.58427158899997,30.79666847200008],[-93.58139458799997,30.79163247100007],[-93.58192758799999,30.78898447100005],[-93.58938758999994,30.786681470000076],[-93.58317158799997,30.77860146900008],[-93.58387658799995,30.777053468000076],[-93.58990258899996,30.77776546800004],[-93.59272058999994,30.775100468000062],[-93.59210758899997,30.76368046500005],[-93.60497559199996,30.761989464000067],[-93.60679159299997,30.758162464000065],[-93.60918459299995,30.757265463000067],[-93.61162659399997,30.760036464000052],[-93.61348059499994,30.76085546400003],[-93.61445459499998,30.75987546400006],[-93.61478359499995,30.756069463000074],[-93.60835059299995,30.747840461000067],[-93.60995259299995,30.74465446100004],[-93.61775959499994,30.743257460000052],[-93.61898759499996,30.740270459000044],[-93.61065159299994,30.734284459000037],[-93.60955059199995,30.723144456000057],[-93.61281559199995,30.716575455000054],[-93.61477759299999,30.719869455000037],[-93.61723559399996,30.71858545500004],[-93.61644359299999,30.71239345400005],[-93.61966159399998,30.708944453000072],[-93.62078059399994,30.70412745200008],[-93.62447259499999,30.701088451000032],[-93.62381059399996,30.697975451000048],[-93.62044059299996,30.694243450000045],[-93.62665359499994,30.688362449000067],[-93.62991059499996,30.67994544700008],[-93.63616659699994,30.676120446000027],[-93.63821959699999,30.673063445000025],[-93.64537059899999,30.67339944500003],[-93.64825859899997,30.667786443000068],[-93.65497760099998,30.670189444000073],[-93.65975160199997,30.662057442000048],[-93.66456660299997,30.661730442000078],[-93.67036060499998,30.658039441000028],[-93.670542604,30.65263144000005],[-93.67384460499994,30.651302439000062],[-93.674140605,30.64869143900006],[-93.68310660699996,30.640768437000077],[-93.68042160599998,30.634882436000055],[-93.68472160699997,30.630815435000045],[-93.68512760699997,30.625206433000074],[-93.68198960599995,30.61858943200008],[-93.68570860699998,30.616423432000033],[-93.68914060699996,30.611411430000032],[-93.68340360599996,30.60804643000006],[-93.67924160399997,30.599770428000056],[-93.67866860399994,30.594102427000053],[-93.68507260499996,30.59209142700007],[-93.68512360499994,30.586619425000038],[-93.68811660599994,30.585663425000064],[-93.69222860699995,30.585711425000056],[-93.69175760699994,30.587964425000052],[-93.68781060599997,30.590143426000054],[-93.69287560699996,30.594387427000072],[-93.70083460899997,30.591988426000057],[-93.70330360999998,30.588778425000044],[-93.71246061199997,30.588484425000047],[-93.71403861199997,30.580289423000067],[-93.71682761299996,30.57786542300005],[-93.72194261399994,30.580329423000023],[-93.72819061599995,30.57287542100005],[-93.72620061499998,30.569871421000073],[-93.72775261499999,30.56649242000003],[-93.72395161399999,30.55922941800003],[-93.73107461599994,30.55334141700007],[-93.72918561499995,30.544856415000027],[-93.74025961699994,30.53957441400007],[-93.73950061699998,30.53804341400007],[-93.73285661499995,30.53663841300005],[-93.733784615,30.531401412000037],[-93.72772761299996,30.525676411000063],[-93.72049061099995,30.524333411000043],[-93.71647960999996,30.519236410000076],[-93.71082660899998,30.51773041000007],[-93.71035260799994,30.51317140900005],[-93.71171160799997,30.51075940900006],[-93.70726060699997,30.511394409000047],[-93.70651360699998,30.50991540900003],[-93.70681560699995,30.50707440800005],[-93.70973260799997,30.50651640800004],[-93.71515160899997,30.501273407000042],[-93.71413060899994,30.500002407000068],[-93.70854260699997,30.500402407000024],[-93.70867560699998,30.499129407000055],[-93.71040160699994,30.49741640600007],[-93.71450160899997,30.497706406000077],[-93.71668460899997,30.494011405000037],[-93.71025360699997,30.48625840400007],[-93.70976960699994,30.482654403000026],[-93.71173360699999,30.482304403000057],[-93.71483660799998,30.485240403000034],[-93.71742760899997,30.483827403000078],[-93.71052560599998,30.475503402000072],[-93.71186060699995,30.469442400000048],[-93.70638360499998,30.466909400000077],[-93.69904260299995,30.458810399000072],[-93.70634560499997,30.458146398000054],[-93.70694260499994,30.455346398000074],[-93.70210960299994,30.449764397000024],[-93.70744660399998,30.44593839600003],[-93.70695160399998,30.44399939500005],[-93.70463960299998,30.443123395000043],[-93.69831260199999,30.444933396000067],[-93.69780660199996,30.440588395000077],[-93.69928360199998,30.437381394000056],[-93.704160603,30.434358393000025],[-93.70267160199995,30.429952392000075],[-93.70826160399997,30.430257392000044],[-93.71275360499999,30.433180393000043],[-93.71404560499997,30.429734392000057],[-93.71647860599995,30.428447392000066],[-93.71706860599994,30.423119391000057],[-93.71918460599994,30.422727390000034],[-93.72295960799994,30.432102392000047],[-93.726830609,30.429680392000023],[-93.72684060799997,30.423647390000042],[-93.72232060699997,30.420734390000064],[-93.72275560699995,30.419562390000067],[-93.727554608,30.41872538900003],[-93.72872760799999,30.413552388000028],[-93.73392360999998,30.414940388000048],[-93.73489860999996,30.408344387000056],[-93.73827960999995,30.40396838600003],[-93.74168561099998,30.402980386000024],[-93.74204361099999,30.40052038500005],[-93.745504612,30.398752385000023],[-93.745977612,30.396483384000078],[-93.75144361299994,30.396293384000046],[-93.75331061399999,30.392230383000026],[-93.75766061499996,30.39042838200004],[-93.75847261499996,30.38403838100004],[-93.755158613,30.37520537900008],[-93.75727061399994,30.36428737700004],[-93.75175061199997,30.361051377000024],[-93.76154561399994,30.35223537400003],[-93.75812361299995,30.349529374000042],[-93.76302861399995,30.344152373000043],[-93.75892861299997,30.338552372000038],[-93.76582861399999,30.333323370000073],[-93.76427161399994,30.330228370000043],[-93.75556661099995,30.329584370000077],[-93.75604661099999,30.325711369000032],[-93.75104960999994,30.320948368000074],[-93.74986960899997,30.31438836700005],[-93.74421760799999,30.310686366000027],[-93.74394760699994,30.304037365000056],[-93.73870560599994,30.30379936500003],[-93.73423460399994,30.298818364000056],[-93.72422660199999,30.29513936400008],[-93.71432559899995,30.29428736400007],[-93.71291459799994,30.287944363000065],[-93.70459059599995,30.28995436300005],[-93.70913859699994,30.271832360000076],[-93.70860059599994,30.265508358000034],[-93.70316859499997,30.260013357000048],[-93.70764459499998,30.254262356000027],[-93.70311959399999,30.23918135300005],[-93.70655359399996,30.239664353000023],[-93.70503859399997,30.233401352000044],[-93.70929059499997,30.233878352000033],[-93.71336559599996,30.225266350000027],[-93.71215859499995,30.21982034900003],[-93.71922659699999,30.218547348000072],[-93.71905259599998,30.208732346000033],[-93.71496559499997,30.197351344000026],[-93.71784559499997,30.194004343000074],[-93.71305859399996,30.193376343000068],[-93.70849559299995,30.19676434400003],[-93.70550159199996,30.192926343000067],[-93.71260159399998,30.19019134200005],[-93.70196558999999,30.16777933800006],[-93.70196558999999,30.16470633800003],[-93.70749759099994,30.156101336000063],[-93.70653858999998,30.147429334000037],[-93.70018658899994,30.15272533500007],[-93.69774358799998,30.15295133500007],[-93.69370658699995,30.142517333000058],[-93.68855858499995,30.140379333000055],[-93.69285558599995,30.13521833200008],[-93.69550558699996,30.135602332000076],[-93.69828058799999,30.138624332000063],[-93.70075058799995,30.13814933200007],[-93.70143658799998,30.12230032900004],[-93.70780058899999,30.120745328000055],[-93.70341858799998,30.11719032800005],[-93.70244258799994,30.112726327000075],[-93.70549858799995,30.11029432600003],[-93.71150959,30.109397326000078],[-93.71460358999997,30.101830324000048],[-93.723771592,30.094135322000056],[-93.72363759199999,30.08318132000005],[-93.72580859199996,30.082004320000067],[-93.72764359299998,30.083287320000068],[-93.73057259399997,30.089044321000074],[-93.73249159399995,30.08891932100005],[-93.73409159499994,30.08613532000004],[-93.73145459399996,30.081935319000024],[-93.71641158899996,30.06912731700004],[-93.70218658499994,30.06547931700004],[-93.69940258399998,30.059255316000076],[-93.70394658499998,30.054296314000055],[-93.71089758699998,30.054382314000065],[-93.71377858799997,30.06569231700007],[-93.71733358899996,30.065715316000023],[-93.71945958999999,30.06381331600005],[-93.72081158999998,30.053048314000023],[-93.73745259299994,30.037288310000065],[-93.73974059299996,30.02399230700007],[-93.74207659399997,30.020776306000073],[-93.75524459699994,30.015192305000028],[-93.76845059999994,30.00169930100003],[-93.77057359999998,29.996537300000057],[-93.77889460199998,29.994875300000047],[-93.786941604,29.990585298000042],[-93.79009360499998,29.986569297000074],[-93.79444560499996,29.97477829500008],[-93.80782160799998,29.954554290000033],[-93.819004609,29.914827282000033],[-93.83838061299997,29.882860274000052],[-93.85514661599996,29.86410427000004],[-93.86357661799997,29.85718226800003],[-93.89068562499995,29.843164264000052],[-93.91636663099996,29.824973260000036],[-93.92275063199997,29.818813258000034],[-93.92799863299996,29.809645256000067],[-93.92881463299994,29.797085253000034],[-93.92651063199997,29.789565252000045],[-93.92241362999994,29.78505325100008],[-93.89847662399995,29.771582249000062],[-93.89386862199996,29.76729424800004],[-93.89082762099997,29.761678247000077],[-93.89383562199998,29.753038245000027],[-93.89164362099996,29.744623244000024],[-93.88882761999997,29.74223924300003],[-93.87002661499997,29.735487242000033],[-93.86321061199999,29.724064240000075],[-93.83797760399995,29.69062423400004],[-93.83270760299996,29.696375235000062],[-93.81429659899999,29.70832623900003],[-93.78003659099994,29.723235243000033],[-93.73968658099994,29.735822247000044],[-93.68204956599999,29.746450251000056],[-93.49285651699995,29.768734262000066],[-93.416442497,29.768219264000038],[-93.34644547899995,29.762648266000042],[-93.28345246299995,29.775301270000057],[-93.25065145399998,29.777872272000025],[-93.21344744399994,29.775627273000055],[-93.17693643499996,29.77049227300006],[-93.06491340399998,29.74562527100005],[-93.01179238899994,29.730043270000067],[-93.00805338799995,29.72445626900003],[-92.99313438399997,29.72385126900008],[-92.98184438099997,29.721477269000047],[-92.93514036799996,29.704240267000046],[-92.79443432799997,29.644869259000075],[-92.77803432399998,29.636709258000053],[-92.76270331999996,29.634540258000072],[-92.75783131799994,29.630202257000064],[-92.74131231299998,29.62214425600007],[-92.72610130899994,29.616772255000058],[-92.69365729999998,29.608300254000028],[-92.66073929099997,29.59610725300007],[-92.65218228899994,29.59559025300007],[-92.65170728899994,29.593834253000068],[-92.64196228599997,29.592594253000073],[-92.64041728599994,29.596210254000027],[-92.62924628299999,29.595177254000077],[-92.62580028199994,29.59362725300008],[-92.62461228099994,29.588357252000037],[-92.62271028099997,29.587013252000077],[-92.56678126499997,29.57724125200008],[-92.56711626599997,29.578638252000076],[-92.57553126799996,29.58163925300005],[-92.575768268,29.583809253000027],[-92.56935126699994,29.587943254000038],[-92.56150826499999,29.589597255000058],[-92.56162626399998,29.585876254000027],[-92.55627926299996,29.58008925300004],[-92.55746726299998,29.576058252000053],[-92.53928525799995,29.57347425200004],[-92.53536325699997,29.575025252000046],[-92.53488725699998,29.572131252000077],[-92.53144125599994,29.570994252000048],[-92.46774323899996,29.562621252000042],[-92.43007122799997,29.553731251000045],[-92.41699822499999,29.548769251000067],[-92.32347119899998,29.531502250000074],[-92.30386319399997,29.53419125100004],[-92.28401618899994,29.534294252000052],[-92.25549518099996,29.540188254000043],[-92.20249216799994,29.56727326200007],[-92.16933615999994,29.57977926500007],[-92.14699415499996,29.58567026700007],[-92.10480614299996,29.58815026900004],[-92.077829136,29.583603269000037],[-92.06451913299998,29.585670270000037],[-92.05787013099996,29.58407027000004],[-92.043960127,29.584636270000033],[-92.04134512699994,29.588977271000033],[-92.04384112699995,29.59187027200005],[-92.04835712899995,29.592490272000077],[-92.05109012899999,29.59094027100008],[-92.057745131,29.591147271000068],[-92.06024113199999,29.593317272000036],[-92.066540133,29.592387271000064],[-92.07046113499996,29.595177272000058],[-92.07069913499998,29.600034273000063],[-92.05204112999996,29.613259276000065],[-92.03813712699997,29.61821827800003],[-92.02423312299999,29.617288278000046],[-92.01377512,29.615325278000057],[-92.00890211899997,29.61294927800003],[-92.00866511899994,29.614602278000064],[-92.01769612199996,29.61821827800003],[-92.02696612399996,29.624417279000056],[-92.03112512599995,29.631131281000023],[-92.034572127,29.631545281000058],[-92.03991912799995,29.630822280000075],[-92.04752512999994,29.62359027900004],[-92.05887813299995,29.622355278000043],[-92.06564613399996,29.619972277000045],[-92.08414213899994,29.622881277000033],[-92.09506114199996,29.61780527600007],[-92.10326614399997,29.620127276000062],[-92.09945814299994,29.612949275000062],[-92.10040914299998,29.611606274000053],[-92.10575714499998,29.611813274000042],[-92.11205514699998,29.618322275000025],[-92.11699514799994,29.62883327700007],[-92.12168114999997,29.633404278000057],[-92.12643515199994,29.64311328000008],[-92.12619715199997,29.653441282000074],[-92.12869315299997,29.653648282000063],[-92.13380315399996,29.65922528300007],[-92.13629915499996,29.662633284000037],[-92.13665515499997,29.667486285000052],[-92.13380315499995,29.672442286000035],[-92.13225815399994,29.672133286000076],[-92.10318514699998,29.69313529200008],[-92.103873148,29.69915029300006],[-92.11027314999995,29.700008293000053],[-92.11788115199994,29.69850529200005],[-92.13213915499995,29.69846029200005],[-92.13713015699994,29.69949229200006],[-92.14865815999997,29.695156291000046],[-92.16446416399998,29.700834291000035],[-92.16672216499995,29.69949229100007],[-92.16909816499998,29.700215291000063],[-92.18502316999997,29.714356294000027],[-92.18566416999994,29.716890294000052],[-92.20008217499998,29.725715295000043],[-92.20891017799994,29.745934299000055],[-92.20331817699997,29.75340730100004],[-92.19653917499994,29.751918301000046],[-92.17639116899994,29.741186300000038],[-92.17111216799998,29.739787299000056],[-92.16627916599998,29.741299300000037],[-92.16664616699995,29.746113301000037],[-92.17354416899997,29.748271301000045],[-92.17576116899994,29.752177302000064],[-92.17582616999994,29.75735730300005],[-92.17334916899995,29.761291304000054],[-92.16679516699998,29.763414305000026],[-92.16255716599994,29.762169304000054],[-92.15809016499998,29.75874430400006],[-92.15733316399997,29.752950303000034],[-92.15122816299998,29.75415930300005],[-92.14687516199996,29.757593304000068],[-92.14665316199995,29.759384304000037],[-92.14977716299995,29.763053305000028],[-92.14722816199998,29.76580230600007],[-92.14237416099996,29.76776430600006],[-92.13190515799994,29.765842306000025],[-92.12358315499995,29.75346630400003],[-92.12607815599995,29.74469630200008],[-92.13095115699997,29.73695730000003],[-92.13526215799999,29.736545300000046],[-92.13570415799995,29.73241629900008],[-92.13933615899998,29.729784298000027],[-92.14976416099995,29.72603029700008],[-92.15210316199995,29.72142329600007],[-92.15102716099994,29.71931429600005],[-92.14961016099994,29.71681529500006],[-92.14443715899995,29.716423295000027],[-92.11585815299998,29.73953730100004],[-92.08365214499997,29.759140306000063],[-92.035672133,29.78166731300007],[-92.02029012899999,29.785485314000027],[-92.00105912499998,29.793386316000067],[-91.98287611999996,29.796171318000063],[-91.97823411899998,29.79994731900007],[-91.97751811899997,29.80335031900006],[-91.98554312099998,29.816433322000023],[-91.98563012199998,29.819685323000044],[-91.97947611999996,29.828858325000056],[-91.97099211799997,29.834321326000065],[-91.96802111799997,29.83514632600003],[-91.96172311599997,29.82597032500007],[-91.94829411199999,29.82298032400007],[-91.93751310899995,29.81677032400006],[-91.93296410799996,29.81926932400006],[-91.93118110699999,29.82225932500006],[-91.91763310399995,29.82122832500005],[-91.91668210299997,29.819166325000026],[-91.915256103,29.819372325000074],[-91.90689610099997,29.83094532800004],[-91.88912409699998,29.836028329000044],[-91.88198109499996,29.83545532900007],[-91.85952008799995,29.826073328000064],[-91.84550808499995,29.82924932900005],[-91.84127508399996,29.82835632900003],[-91.83081408099997,29.82927533000003],[-91.83084907999995,29.82180032800005],[-91.82458207799993,29.81277332600007],[-91.82295207699997,29.800419324000075],[-91.82602407699994,29.78240432000007],[-91.82880907799995,29.777934319000053],[-91.83908008099996,29.773583318000078],[-91.840150081,29.777915318000055],[-91.845973083,29.77987531900004],[-91.84951608399996,29.787626320000072],[-91.84953808399996,29.79194232100008],[-91.85167708499995,29.791839321000054],[-91.85476708499993,29.77946231800007],[-91.868579088,29.767022315000077],[-91.86890908799995,29.76151331400007],[-91.87924809099997,29.756561313000077],[-91.87746508999999,29.74799831100006],[-91.86023408499995,29.745934311000042],[-91.85536108399998,29.740981310000052],[-91.85441008299995,29.734687309000037],[-91.85631208299998,29.73014630800003],[-91.86296708499998,29.724470306000057],[-91.87833708899996,29.71609230400003],[-91.88100508899998,29.713343303000045],[-91.88075608899999,29.710844303000044],[-91.87378108699994,29.71141230300003],[-91.87354408699997,29.713530304000074],[-91.87045408599994,29.713530304000074],[-91.86617608499995,29.710330303000035],[-91.86070908399995,29.710021303000076],[-91.85833208299994,29.706098302000044],[-91.84234507899998,29.712820304000047],[-91.83610907699995,29.716730305000056],[-91.83373207699998,29.720342306000077],[-91.82529507499999,29.722612307000077],[-91.78667206499995,29.740465312000026],[-91.77288606199994,29.74562531400005],[-91.75292105699998,29.749855315000048],[-91.73711505199998,29.750268316000074],[-91.71807904699995,29.738133314000038],[-91.71382904599994,29.73714231400004],[-91.69742304099998,29.74273531600005],[-91.67294203499995,29.74624431700005],[-91.64846102799999,29.745625318000066],[-91.627902023,29.74108431700006],[-91.62151802099999,29.735434316000067],[-91.61684901899997,29.71972331300003],[-91.61791901899994,29.70640831000003],[-91.62172201899995,29.70052430900006],[-91.62207801899996,29.687517306000075],[-91.62493101999996,29.683183305000057],[-91.62302901899994,29.670997303000036],[-91.62743901899995,29.660161300000027],[-91.62659401899998,29.655610299000045],[-91.62956501999997,29.654887299000052],[-91.63586402099997,29.64786429700007],[-91.63705202099999,29.641357296000024],[-91.64389702299997,29.639014295000038],[-91.64751002399998,29.635470294000072],[-91.64097402199997,29.63195829400007],[-91.63610201999995,29.632268294000028],[-91.62611901799994,29.62875529300004],[-91.578108005,29.639602297000067],[-91.558767,29.637566297000035],[-91.55457699899995,29.635780297000053],[-91.54218099399998,29.59784428900008],[-91.53889099299994,29.594247289000066],[-91.53556299199994,29.58484328700007],[-91.53828699199994,29.574580284000035],[-91.53745099099996,29.565893283000037],[-91.52922298899995,29.558603281000046],[-91.52552898699997,29.551909280000075],[-91.52584598699997,29.545951279000064],[-91.52844298799994,29.541074278000053],[-91.54138599099997,29.526332274000026],[-91.51727998399997,29.52974527500004],[-91.49614197899996,29.53893627800005],[-91.49038397699996,29.53412327700005],[-91.50119297999998,29.528695276000064],[-91.49544697799996,29.524410275000037],[-91.48641697599999,29.52169527500007],[-91.48559597499997,29.499121270000046],[-91.47443197099994,29.494119269000066],[-91.46096896699999,29.46996626400005],[-91.44602896299995,29.47754126600006],[-91.43929796099997,29.482829268000046],[-91.43486495999997,29.482401268000046],[-91.42320895699999,29.488975270000026],[-91.41729795599997,29.48511626900006],[-91.40711895299995,29.487689270000033],[-91.39431294999997,29.497120272000075],[-91.39053694899997,29.503979274000073],[-91.39020894899994,29.509980275000032],[-91.38643294799994,29.50812327500006],[-91.38446294799996,29.50512227400003],[-91.38126994699996,29.506278275000057],[-91.37936694699994,29.512376276000055],[-91.35761894099994,29.51299627700007],[-91.35723393999996,29.505183275000036],[-91.35950494099995,29.495899273000077],[-91.35244493899995,29.502901275000056],[-91.34833993799998,29.50261527500004],[-91.35173093899994,29.49953427400004],[-91.35113093799998,29.497043274000077],[-91.34078793499998,29.491612273000044],[-91.34045993499996,29.488468272000034],[-91.35063893799997,29.48403827100003],[-91.35425093899994,29.47889327000007],[-91.36147493999994,29.47303326800005],[-91.36048993999998,29.470746268000028],[-91.34111693499995,29.48060827000006],[-91.33192293299999,29.482466271000078],[-91.32341692999995,29.483214272000055],[-91.32042992899994,29.478321271000027],[-91.32338592999997,29.475463270000034],[-91.33389293299996,29.472461269000064],[-91.33586293299999,29.467602268000064],[-91.33307193199994,29.46302726700003],[-91.34850493599998,29.459883266000077],[-91.35310193699996,29.454736265000065],[-91.34751993499998,29.44444326200005],[-91.34357893399994,29.443442262000076],[-91.35031093599997,29.439582261000055],[-91.35901193799998,29.439010261000078],[-91.36426593899995,29.435435260000077],[-91.36344493899998,29.426713258000063],[-91.35901193799998,29.426570258000027],[-91.35457893699999,29.434577260000026],[-91.34833993499996,29.434720260000063],[-91.34636993399994,29.432004260000042],[-91.35080293599998,29.42842925900004],[-91.35063893499995,29.422852258000034],[-91.34193793299994,29.42356725800005],[-91.33816093199994,29.429287259000034],[-91.33454993099997,29.431146260000048],[-91.32962992999995,29.42662025900006],[-91.33684793099997,29.413985256000046],[-91.33405692999997,29.391530251000063],[-91.31326892499999,29.406729255000073],[-91.30992292299999,29.400541254000075],[-91.30729592299997,29.404260255000054],[-91.30762492299993,29.41355625700004],[-91.30187792199996,29.413127257000042],[-91.28743091799998,29.403116255000043],[-91.28168491599996,29.404403256000023],[-91.27068491299997,29.414128258000062],[-91.25722191099999,29.438009264000073],[-91.25787891099998,29.44530126500007],[-91.25180390999998,29.44129726500006],[-91.24737090799994,29.436150264000048],[-91.24868490799997,29.430717263000076],[-91.24655090799996,29.430002263000063],[-91.24162490599997,29.431003263000036],[-91.24041490599996,29.440294265000034],[-91.23308790399994,29.436579264000045],[-91.21781989999994,29.435292265000044],[-91.21200489799998,29.420936262000055],[-91.21846889899996,29.40724025800006],[-91.21958489899998,29.397122256000046],[-91.20639389499996,29.39474125600003],[-91.20009289399997,29.38955525500006],[-91.19825689199996,29.37578525200007],[-91.192845891,29.371131251000065],[-91.18678588899996,29.370406251000077],[-91.17953588699999,29.367402251000044],[-91.17739688599994,29.36367425000003],[-91.16099688199995,29.361084250000033],[-91.14970687899995,29.353523249000034],[-91.15006387899996,29.35134824800008],[-91.15315387899994,29.350960248000035],[-91.15053887799996,29.344926247000046],[-91.13306987399994,29.34109324700006],[-91.12629587099997,29.333426245000055],[-91.12558287099995,29.325967244000026],[-91.12724687099995,29.322340243000042],[-91.12094786899996,29.31612324200006],[-91.11892786799996,29.306175240000073],[-91.12023486799995,29.300475238000047],[-91.12493386999995,29.29558123700008],[-91.12570186999994,29.29073323600005],[-91.13211887099999,29.28575823500006],[-91.132950871,29.281404234000036],[-91.12808986899995,29.27352323200006],[-91.12154186799995,29.271246232000067],[-91.11940286699996,29.266477231000067],[-91.11987886699995,29.260775230000036],[-91.11773986599997,29.258287229000075],[-91.11845286599998,29.25548722900004],[-91.12510786799999,29.248955227000067],[-91.129266869,29.24791822700007],[-91.14483487299998,29.251755227000046],[-91.14626087299996,29.243978225000035],[-91.14828087399997,29.241800225000077],[-91.15695687599998,29.243460225000035],[-91.16135387699995,29.240867224000056],[-91.16503787799996,29.24128222400003],[-91.16836487899997,29.237445223000066],[-91.16777087899999,29.23443822200005],[-91.17026687899994,29.235475223000037],[-91.17252487999997,29.237964223000063],[-91.17228687999994,29.240763224000034],[-91.16551287899995,29.253828227000042],[-91.16254187799996,29.255902227000036],[-91.15446087599997,29.25496922700006],[-91.15541187599996,29.25693922800008],[-91.16408687899997,29.25880522800003],[-91.16860287999998,29.265129229000024],[-91.17240588099997,29.266581229000053],[-91.17656488199998,29.271142230000066],[-91.17497888199995,29.273442231000047],[-91.17181188099994,29.273526231000062],[-91.17240588199996,29.27964223200007],[-91.168008881,29.28824623400004],[-91.17086088199994,29.294672235000064],[-91.16884088199998,29.308869239000046],[-91.16206687999994,29.318196241000066],[-91.16277988099995,29.321304242000053],[-91.16705788199994,29.32493024200005],[-91.171692883,29.325138242000037],[-91.18535888699995,29.314569239000036],[-91.18856788699998,29.310424238000053],[-91.19225188799999,29.310009238000077],[-91.19581688899996,29.305553237000026],[-91.19926388999994,29.30513923700005],[-91.20366089099997,29.314258239000026],[-91.20568089199998,29.315812239000024],[-91.208889893,29.313947238000026],[-91.21495089499996,29.31923223900003],[-91.21661389499997,29.324723241000072],[-91.22219989699994,29.325967241000058],[-91.22457689799995,29.328453241000034],[-91.22730989899998,29.339746244000025],[-91.23491590099997,29.34917324500003],[-91.23824290199997,29.350623246000055],[-91.24038190299996,29.355906247000064],[-91.23848090299998,29.36149924800003],[-91.23907490299996,29.367195249000076],[-91.23699290299999,29.371347250000042],[-91.24751290499995,29.368749249000075],[-91.25392990699999,29.364295248000076],[-91.26545790999995,29.36098124700004],[-91.269378911,29.35673424600003],[-91.27246891099998,29.34699724400008],[-91.27628191199994,29.342365243000074],[-91.27448891099993,29.33663824100006],[-91.27508391099997,29.332183240000063],[-91.27915491199997,29.32678523900006],[-91.28981991499995,29.31995723700004],[-91.28965591399998,29.314547236000067],[-91.29182691499994,29.311362235000047],[-91.29574891599998,29.30952923500007],[-91.30645691899997,29.308351234000042],[-91.30931991899996,29.305703234000077],[-91.31513292099999,29.304621233000034],[-91.31893492199998,29.30638223300008],[-91.32652992399994,29.30607423300006],[-91.33070092499997,29.30824823300003],[-91.33414692599996,29.307626233000065],[-91.33977392799994,29.30982323300003],[-91.33557292599994,29.302963232000025],[-91.31465691999995,29.282648228000028],[-91.30265391599994,29.26772122600005],[-91.28832991199994,29.25574822300007],[-91.26846690599996,29.246613222000065],[-91.21518789099997,29.226971219000063],[-91.17941688099995,29.22282222000007],[-91.17097987899996,29.223860220000063],[-91.15576787499998,29.223030220000055],[-91.13687287,29.217947220000042],[-91.12986086799998,29.220748221000065],[-91.11262886299994,29.209961219000036],[-91.10897086199998,29.20558821800006],[-91.10122085899997,29.20041821700005],[-91.09492185699997,29.19242921600005],[-91.08791085499996,29.19066621500008],[-91.07911685299996,29.19191121600005],[-91.07792785299995,29.190458216000025],[-91.07139185099999,29.189109216000077],[-91.06473684899998,29.18412921500004],[-91.05784384699996,29.186204215000032],[-91.05202084599995,29.19305221700006],[-91.04916884499994,29.194193217000077],[-91.05023884499997,29.197098218000065],[-91.04607884499995,29.206849220000038],[-91.04370184399994,29.20965022100006],[-91.03835484299998,29.210376221000047],[-91.03193684099995,29.201559220000036],[-91.027064839,29.20114422000006],[-91.027064839,29.187864217000026],[-91.02195483699995,29.185167216000025],[-91.01957783699999,29.179149215000052],[-91.01755783599998,29.18184721600005],[-91.01078383399994,29.18153621600004],[-91.01078383399994,29.17582921500008],[-91.00827783299997,29.174341214000037],[-91.00484183199995,29.175102215000038],[-91.00044483099998,29.173027214000058],[-90.99093682899996,29.175621215000035],[-90.98321282699999,29.173961215000077],[-90.96883282299996,29.17997921700004],[-90.95968282099994,29.18630821800008],[-90.95243281899997,29.18329921800006],[-90.95264581899994,29.180780217000063],[-90.949342818,29.176659217000065],[-90.94411481599997,29.175102216000028],[-90.93769681399993,29.17043321600005],[-90.93936081399994,29.166075215000035],[-90.92177280899995,29.152376212000036],[-90.92259380899998,29.15058821200006],[-90.919751809,29.15040421200007],[-90.90703580499996,29.143554211000037],[-90.90743580499998,29.141736210000033],[-90.90584780399996,29.140440210000065],[-90.90323380399997,29.142827211000053],[-90.89919280299995,29.142827211000053],[-90.89824180199997,29.140440210000065],[-90.90073780299997,29.13587220900007],[-90.89966980199995,29.133953209000026],[-90.89194379999998,29.131720209000036],[-90.88932879899994,29.12756820800007],[-90.88291179799995,29.128087208000068],[-90.88196079699998,29.126426208000055],[-90.88885379899995,29.122377207000056],[-90.88398179799998,29.118536206000044],[-90.86912679399995,29.118328206000058],[-90.87494979499996,29.111061205000055],[-90.87494979499996,29.107115204000024],[-90.87257279399995,29.105869204000044],[-90.870552794,29.107115204000024],[-90.86781879299997,29.106284204000076],[-90.867224793,29.103896203000033],[-90.86983979299998,29.098808202000043],[-90.86674979199995,29.09714720200003],[-90.86092679099994,29.100470203000043],[-90.85997578999996,29.094966202000023],[-90.85372878799996,29.083721199000024],[-90.85153378699994,29.07430019700007],[-90.83611278299998,29.06606819600006],[-90.82077577899997,29.067744197000025],[-90.81477477699997,29.06519419600005],[-90.80593877399997,29.06446519600007],[-90.80368877399997,29.06767119700004],[-90.80221977499997,29.093824203000054],[-90.79841677399997,29.096004204000053],[-90.79413877299999,29.094862203000048],[-90.78795877099998,29.107634206000057],[-90.78130376999997,29.10721920700007],[-90.77250976699997,29.103169206000075],[-90.77369776799998,29.107530207000025],[-90.76347776499995,29.118017210000062],[-90.75111876199998,29.119159210000078],[-90.74481975999998,29.11760221000003],[-90.73578775799996,29.134627214000034],[-90.72996475699995,29.138052215000073],[-90.72319075499996,29.135976215000028],[-90.71380275199994,29.121028212000056],[-90.71440975199994,29.117645211000024],[-90.71142575099998,29.11635621100004],[-90.70667174999994,29.12144321200003],[-90.69431274699997,29.125076213000057],[-90.68920274599998,29.140440217000048],[-90.68135974499995,29.156008220000047],[-90.68504374599996,29.165556222000077],[-90.67589274399995,29.17406522400006],[-90.64950973699996,29.171782225000072],[-90.64677673599994,29.16866922400004],[-90.64748973599995,29.179979227000047],[-90.64487573599996,29.182781227000078],[-90.643805736,29.197202231000063],[-90.63572473499994,29.213902234000045],[-90.61183772799995,29.214836235000064],[-90.60613372699999,29.224378238000043],[-90.61599772999995,29.23640824000006],[-90.59579472499996,29.23993424100007],[-90.57464071899994,29.229356240000072],[-90.56180671499999,29.234956241000077],[-90.56715371699994,29.238378242000067],[-90.57951372099996,29.241489242000057],[-90.58509872199994,29.241282242000068],[-90.59270472399999,29.245948243000043],[-90.58973372399998,29.253310245000023],[-90.58795072399994,29.271349249000025],[-90.60007272799999,29.288556252000035],[-90.59757672799998,29.30327325500008],[-90.59049472599997,29.305263256000046],[-90.58890172599996,29.308040257000073],[-90.58295972399998,29.312186258000054],[-90.57963272299997,29.311667258000057],[-90.57701772299998,29.313222258000053],[-90.56620371899999,29.303895256000033],[-90.55431971499996,29.28524025300004],[-90.55063571499994,29.28658725300005],[-90.54647571399994,29.293842255000072],[-90.53696871099999,29.29601925600008],[-90.53221570999995,29.303170257000033],[-90.52318370799998,29.30420625800008],[-90.51331970499996,29.30203025800006],[-90.50523870299997,29.305139259000043],[-90.49311669899998,29.294257257000027],[-90.47909369499996,29.29218425600004],[-90.47410269399995,29.297263258000044],[-90.46946769299996,29.298195258000078],[-90.46649669199996,29.300475259000052],[-90.46602169299996,29.308455260000073],[-90.45580168999999,29.314569262000077],[-90.45164168899998,29.321511264000037],[-90.45128568899997,29.326588265000055],[-90.45520668999995,29.32907526500003],[-90.46031669199994,29.33746726700008],[-90.45520669099994,29.34326826800003],[-90.44736368899999,29.347619270000052],[-90.440232687,29.34938027000004],[-90.43440968599998,29.34855127000003],[-90.42929968399994,29.345754270000043],[-90.43013168399995,29.341611269000055],[-90.42490268199998,29.329178266000042],[-90.40624467699996,29.313636263000035],[-90.39756967399995,29.31000926300004],[-90.39768867399994,29.306486262000078],[-90.39293467199997,29.296641260000058],[-90.39578667299998,29.293531259000076],[-90.39554967299995,29.28980025900006],[-90.39852067299995,29.28534325700008],[-90.39721267299996,29.28150825700004],[-90.39887667299996,29.274874255000043],[-90.39519267099996,29.25714625100005],[-90.40256067299998,29.251547250000044],[-90.40054067199998,29.24117824800004],[-90.40398667299996,29.23869024700008],[-90.40327367299994,29.23381624600006],[-90.40137267199998,29.23412724600007],[-90.39590567099998,29.241593248000072],[-90.39055766999996,29.243252248000033],[-90.38925066999997,29.255073251000056],[-90.38639866899996,29.258494252000048],[-90.38069466699994,29.257250252000063],[-90.37261366599995,29.264818254000033],[-90.37415866599997,29.268032254000047],[-90.37201866599997,29.274667256000043],[-90.37546566699996,29.273941256000057],[-90.37784266699998,29.275081256000078],[-90.378555668,29.278813257000024],[-90.37712966699996,29.28119725700003],[-90.378555668,29.28378925800007],[-90.37665366799996,29.293324260000077],[-90.36274966399998,29.29892126200008],[-90.35407466199996,29.30545026300007],[-90.35050866099994,29.30576126300008],[-90.34962966099994,29.302366263000067],[-90.34361665899996,29.298195262000036],[-90.34432965899998,29.28928226000005],[-90.33779365699996,29.286587260000033],[-90.33755565699994,29.284203259000037],[-90.33173265499994,29.27933125800007],[-90.32697865399996,29.287520260000065],[-90.32270065299997,29.28430726000005],[-90.32341365299999,29.276740258000075],[-90.32210665199995,29.273008257000072],[-90.31652065099996,29.273008257000072],[-90.31307464999998,29.26875825600007],[-90.31057864899998,29.268550257000072],[-90.30760764799999,29.270727257000033],[-90.30534964699996,29.268447257000048],[-90.30380464699994,29.262952255000073],[-90.30107164599997,29.260982255000044],[-90.29774364499997,29.253621254000052],[-90.29596164399999,29.245741252000073],[-90.29322864299996,29.24107525100004],[-90.29037564199996,29.240245251000033],[-90.28662664099994,29.22569924800007],[-90.28487163999995,29.223296247000064],[-90.28074963899996,29.222408247000033],[-90.27670963699995,29.210791245000053],[-90.27029163499998,29.20560424400003],[-90.27283763599996,29.19903724200003],[-90.25923963199995,29.19958824300005],[-90.26387463299994,29.191081241000063],[-90.26054763199994,29.189939241000047],[-90.26054763199994,29.185167240000055],[-90.263518633,29.180602239000052],[-90.27385763499996,29.175310237000076],[-90.27575863599998,29.180602238000063],[-90.28086863699997,29.183092239000075],[-90.28526563799994,29.17800823700003],[-90.27991863699998,29.17748923700003],[-90.27682863599995,29.17448023700007],[-90.27908663599999,29.17147123600006],[-90.27563963599994,29.170122236000054],[-90.26328063199998,29.172923237000077],[-90.25817063099998,29.17147123700005],[-90.25876463099996,29.165556235000054],[-90.27088663399996,29.159433234000062],[-90.27754163599997,29.161093234000077],[-90.28146263699995,29.156527233000077],[-90.28003963599997,29.153883232000055],[-90.27789763599998,29.157046233000074],[-90.27480763499995,29.158084233000068],[-90.26993563299999,29.155489233000026],[-90.25864563,29.155904233000058],[-90.25103962799994,29.15113023200007],[-90.24533562599999,29.149677232000045],[-90.247355627,29.147083232000057],[-90.25389262899995,29.143657231000077],[-90.26363663099994,29.14210023000004],[-90.27290663399998,29.144592230000057],[-90.27777863499995,29.142827230000023],[-90.269015632,29.139247229000034],[-90.24863462699994,29.138375230000065],[-90.24344062499995,29.136316229000045],[-90.24081962499997,29.130578228000047],[-90.23702862299996,29.13100022800006],[-90.23441062299997,29.12882922800003],[-90.23424062199996,29.110273224000025],[-90.23832462299998,29.108569223000075],[-90.24652462499995,29.110126224000055],[-90.25004962599996,29.10807222300008],[-90.24533562499994,29.10192322200004],[-90.24806862499997,29.09662822100006],[-90.24592962399998,29.09340822000007],[-90.24022562299996,29.092889220000075],[-90.22287461799993,29.087074219000044],[-90.18665560899996,29.10299922400003],[-90.17058560499999,29.115214227000024],[-90.11663259199997,29.148017236000044],[-90.09559758599994,29.16285824000005],[-90.04996257499994,29.188694247000058],[-90.040944573,29.19928925000005],[-90.02203456899997,29.216070254000044],[-89.95869355299999,29.251444264000042],[-89.95076155099997,29.26080626600003],[-89.94993055099997,29.26315926600006],[-89.95429655199996,29.270105268000066],[-89.96084655399994,29.26472426600003],[-89.97022155599996,29.263471266000067],[-89.97378655699998,29.257146264000028],[-89.97699555799994,29.25756126400006],[-89.97984755899995,29.260049265000077],[-89.98281855999994,29.259220265000067],[-89.98483855999996,29.261604265000074],[-89.98816656099996,29.260153265000042],[-89.99398956199997,29.249163262000025],[-90.00064456399997,29.248126262000028],[-90.00194156399994,29.24621226100004],[-90.00135756399999,29.240349260000073],[-90.00551656499994,29.237445259000026],[-90.00622956499996,29.234334258000047],[-90.01454856699996,29.232053258000064],[-90.02215456899995,29.220644255000025],[-90.03510757199996,29.211621252000043],[-90.04093157299997,29.205501251000044],[-90.04889357599995,29.21006525200005],[-90.04770457599994,29.21587325300004],[-90.04984457599994,29.21587325300004],[-90.06125257899998,29.208301251000023],[-90.07062758099994,29.20870325100003],[-90.07336058199996,29.210616251000033],[-90.07503858299998,29.21971125300007],[-90.08264358599996,29.22914925500004],[-90.09951959099999,29.23931225700005],[-90.09999459099998,29.24667425800004],[-90.10605559299995,29.253725260000067],[-90.10807559399996,29.26502626200005],[-90.10314359299997,29.273630264000076],[-90.09601359099997,29.27508126500004],[-90.08983358999996,29.284410267000055],[-90.07533558599994,29.296019270000045],[-90.05691558099994,29.294879270000024],[-90.04764557799996,29.285551268000063],[-90.03243357399998,29.28161226800006],[-90.02411557199997,29.283478269000057],[-90.01864856999998,29.28679427000003],[-90.01294456899996,29.294464271000038],[-90.01627156999996,29.300475273000075],[-90.03481057599998,29.30358427300007],[-90.03766257699994,29.309180274000028],[-90.03635757599994,29.314385275000063],[-90.03861357699998,29.322858277000023],[-90.03837557799994,29.332597279000026],[-90.03182057599997,29.34425628200006],[-90.01751957299996,29.35083028400004],[-90.01442957199998,29.35051928400003],[-90.00741856999997,29.343164282000032],[-90.00349656899994,29.343890283000064],[-89.99612856699997,29.341196282000055],[-89.98269956299998,29.341300283000066],[-89.97889656199999,29.346997284000054],[-89.97699556199996,29.35321228500004],[-89.98614556499996,29.35766628600004],[-89.99755456799994,29.37050928900004],[-90.00492256999996,29.370199288000038],[-90.00860657099997,29.366988288000073],[-90.01585557199996,29.35404128400006],[-90.02369957499997,29.35476628400005],[-90.02785857599997,29.35880628500007],[-90.03843557899995,29.356838284000048],[-90.04200057999998,29.360670285000026],[-90.04283257999998,29.368024287000026],[-90.03736557899998,29.372684288000073],[-90.03076957699994,29.375013289000037],[-90.01555857299996,29.376102289000073],[-90.00890357199995,29.379208290000065],[-90.00605157099994,29.38707829200007],[-90.00058456999994,29.39225629300006],[-90.00319957099998,29.399296295000056],[-90.00248657099996,29.403438296000047],[-89.98727456699999,29.40550829700004],[-89.98584856699995,29.41213429800007],[-89.97562856499997,29.427661302000047],[-89.97039956299994,29.431801303000043],[-89.98142756699997,29.43809430400006],[-89.98394756699997,29.44339330500003],[-89.99155356999995,29.446084305000056],[-89.99179056999998,29.450637306000033],[-89.98061956699996,29.458294308000063],[-89.96873556399999,29.463261310000064],[-89.96398256299995,29.463054310000075],[-89.95780256099994,29.45705330900006],[-89.94473055699996,29.458915310000066],[-89.93427255399996,29.439667306000047],[-89.91929854999995,29.448360308000076],[-89.90569154599996,29.44696330800008],[-89.90533454599995,29.439719307000075],[-89.89095554199997,29.445100308000065],[-89.886201541,29.440236307000077],[-89.88382453999998,29.434648306000042],[-89.87954653899999,29.434544306000078],[-89.87586253799998,29.436718307000035],[-89.87396153799995,29.44499730900003],[-89.86433553499995,29.455035311000074],[-89.86302753599995,29.470349315000078],[-89.85197553299997,29.475739316000045],[-89.83640752899998,29.47491131700008],[-89.82630652599994,29.469221316000073],[-89.82321652499996,29.465082315000075],[-89.81596752199994,29.46032331400005],[-89.82963352599995,29.45318331200008],[-89.83533852699998,29.452251312000044],[-89.84139852799996,29.43579630800008],[-89.84355852799996,29.421682305000047],[-89.82605452299998,29.415594304000024],[-89.82224852199994,29.40950530300006],[-89.81763052099996,29.405984302000036],[-89.81465951999996,29.400083301000052],[-89.79089151399995,29.410850304000064],[-89.78019650999994,29.402775302000066],[-89.76973850699994,29.39801230200004],[-89.76801550699997,29.38936730000006],[-89.72665949499998,29.389781301000028],[-89.71643849199995,29.38812430100006],[-89.69480948699999,29.39247330300003],[-89.66961547999995,29.39019530300004],[-89.64489747299996,29.389988304000042],[-89.65169447499994,29.39557930500007],[-89.65283547599995,29.40017630600005],[-89.65055347499998,29.410364308000055],[-89.64741647399995,29.40986730800006],[-89.64627547399994,29.407506308000052],[-89.64214047299998,29.406015307000075],[-89.63729147099997,29.397236306000025],[-89.62136646699997,29.393716305000055],[-89.60876946299999,29.387503304000063],[-89.59545945799994,29.356020298000033],[-89.62326846499997,29.346283295000035],[-89.63966847099994,29.373005300000045],[-89.646798473,29.376319301000024],[-89.66842747799996,29.364720298000066],[-89.68863048399999,29.358920296000065],[-89.72594249399998,29.357969294000043],[-89.75969650299999,29.350219292000077],[-89.76920350499995,29.33633728800004],[-89.79059450999995,29.328256286000055],[-89.80057751299995,29.343175289000044],[-89.80152851399998,29.35332629100003],[-89.81608651799996,29.357314291000023],[-89.82214652,29.356589291000034],[-89.82535552099995,29.355035291000036],[-89.82785152099996,29.34509128800005],[-89.83510052299994,29.342294287000072],[-89.83700152299997,29.33659628600003],[-89.833912522,29.331520285000067],[-89.83616952199998,29.32540728400005],[-89.84407252499994,29.322558283000035],[-89.84264652399997,29.318828282000027],[-89.72616749199995,29.30403128200004],[-89.67178647599997,29.28903328100006],[-89.63966846799997,29.290536282000062],[-89.63326746499996,29.279444280000064],[-89.62659546299994,29.276025279000066],[-89.62398146199996,29.26918327800007],[-89.61376145999998,29.268146278000074],[-89.60496745699999,29.260682276000068],[-89.60597945699999,29.25365527500003],[-89.53660543699993,29.23621727300008],[-89.48284942199996,29.215058270000043],[-89.47231541899998,29.207555269000068],[-89.44690941099998,29.18165026400004],[-89.42738540399995,29.144458256000064],[-89.41772340099999,29.138695255000073],[-89.39965339599996,29.123682252000037],[-89.39052039299997,29.123581253000054],[-89.35059038199995,29.129603255000063],[-89.34637138099998,29.13536425700005],[-89.33187337799995,29.148650260000068],[-89.32569337699994,29.177084266000065],[-89.328545379,29.19057226900003],[-89.31856237599999,29.20156927200003],[-89.30762937299994,29.203229273000034],[-89.29503236999994,29.198872272000074],[-89.27649336399998,29.173556267000038],[-89.28148436499998,29.159858264000036],[-89.27791936299997,29.146366261000026],[-89.27863236299999,29.13764725900006],[-89.29574536799998,29.133703258000025],[-89.29622136699999,29.126436256000034],[-89.30192536899995,29.120623255000055],[-89.31238337099995,29.11750825400003],[-89.31119437099994,29.111486252000077],[-89.30382636899998,29.10837125200004],[-89.30263836799998,29.09778024900004],[-89.30406436799996,29.088642247000053],[-89.31285836999996,29.087396247000072],[-89.31309636999998,29.082203246000063],[-89.31000636899995,29.07098624300005],[-89.31975137099994,29.05748224000007],[-89.32973337399994,29.056028239000057],[-89.34304337699996,29.057690239000067],[-89.34375637699998,29.052911238000036],[-89.34090437599997,29.045846237000035],[-89.35189737899998,29.043509236000034],[-89.35276237899996,29.04133723500007],[-89.35059037899998,29.03426223400004],[-89.35154037899997,29.029378233000045],[-89.35879037999996,29.019506230000047],[-89.36211738099996,29.01212822900004],[-89.36817838199994,29.00755522700007],[-89.37035238299995,29.000543226000048],[-89.38077538499994,28.989157223000063],[-89.38576638599994,28.987806222000074],[-89.38802438699997,28.98551922200005],[-89.39301638799998,28.987078222000036],[-89.39337238799999,28.976474220000057],[-89.39962738999998,28.97176821800008],[-89.40299838999994,28.955679215000032],[-89.40620439099996,28.95074621400005],[-89.41072339199997,28.949856213000032],[-89.41155539199997,28.945177212000033],[-89.41889539299996,28.933339209000053],[-89.41987039299994,28.929714208000064],[-89.41790639299995,28.928614208000056],[-89.40517738999995,28.931645209000067],[-89.37808838299998,28.95646321600003],[-89.36437537999996,28.964726218000067],[-89.36378137999998,28.97200422000003],[-89.33371537299996,29.00381322800007],[-89.30923436699999,29.023767233000058],[-89.28322036099996,29.053330240000037],[-89.25935935499996,29.05836324200004],[-89.25364535299997,29.06495924400008],[-89.25496935399997,29.075952246000043],[-89.25173235399996,29.083177248000027],[-89.24123035099996,29.08447824800004],[-89.22149434499994,29.06457924500006],[-89.21751934299994,29.05568024300004],[-89.215588342,29.04558724000003],[-89.22200534299998,29.028235236000057],[-89.21867834199998,29.02252023500006],[-89.15818832499997,28.996433231000026],[-89.15431532299993,28.992737230000046],[-89.15367232299997,28.98749422900005],[-89.14287131999998,28.99162823100005],[-89.14880032199994,29.00329323300008],[-89.13774831999996,29.018883237000068],[-89.14036232099994,29.019714237000073],[-89.15145932299998,29.013200235000056],[-89.15717032499998,29.018435236000073],[-89.15859832599995,29.021766237000065],[-89.15634432499996,29.028787238000064],[-89.14798832299994,29.040984241000046],[-89.14695832399997,29.05166424400005],[-89.14981032499998,29.05602824500005],[-89.14933432499998,29.06059824600004],[-89.14101632199998,29.061222246000057],[-89.14624532399995,29.06516924700003],[-89.14695832399997,29.070986248000054],[-89.14030332299996,29.072648249000054],[-89.13079531999995,29.070778249000057],[-89.11653531599995,29.074102250000067],[-89.11083031499999,29.081164252000065],[-89.11392031599996,29.086980253000036],[-89.11273231599995,29.092380254000034],[-89.10679031399997,29.093003254000052],[-89.10631431499996,29.11148625800007],[-89.10370031399998,29.11667826000007],[-89.09157831099998,29.117716260000066],[-89.08587430899996,29.111694259000046],[-89.07874430699997,29.10941025900007],[-89.07446530599998,29.10006525700004],[-89.07303930499995,29.088019254000073],[-89.06662230299997,29.090719255000067],[-89.03952629699995,29.135468266000032],[-89.06543430499994,29.13380726500003],[-89.09704531299997,29.13878926500007],[-89.10679031599994,29.146263266000062],[-89.11035531799996,29.15269826800005],[-89.11178131799994,29.15996226900006],[-89.10179931599998,29.165359271000057],[-89.09015231199999,29.157679269000027],[-89.08943931199997,29.166396271000053],[-89.08017030999997,29.170962273000043],[-89.05117830199998,29.170488273000046],[-89.04713230099998,29.18445127700005],[-89.01837329299997,29.17635827600003],[-89.01742229299998,29.171170274000076],[-89.01433229199995,29.16909427400003],[-89.01053029099995,29.170755275000033],[-89.00387428899995,29.179886277000037],[-89.00615928999997,29.18627927800003],[-89.02597929699994,29.21515828400004],[-89.03168329799996,29.21536528400003],[-89.03596129899995,29.20893428200003],[-89.04713230199997,29.206444281000074],[-89.05511730499995,29.21258828300006],[-89.05402530399994,29.20167328000008],[-89.05663930499998,29.19835327900006],[-89.06638430699996,29.197523279000052],[-89.07113830799995,29.193581278000067],[-89.08207131099994,29.192336277000038],[-89.08777531299995,29.19503327800004],[-89.09633231499998,29.18797927600008],[-89.10274931699996,29.199805278000042],[-89.11273231999996,29.202295279000055],[-89.12200132299995,29.202088278000076],[-89.11534632099995,29.21266828100005],[-89.11665832199998,29.219537282000033],[-89.12651732499995,29.220758282000077],[-89.13055832599997,29.226566283000068],[-89.12960732599998,29.231959285000073],[-89.11962532299998,29.233411285000045],[-89.12081332399998,29.243574287000058],[-89.11510932299996,29.252906290000055],[-89.12034132499997,29.26012729100006],[-89.12969332699998,29.265637292000065],[-89.13698432999996,29.27524429400006],[-89.13434232899994,29.27934529500004],[-89.14028033099999,29.29109029700004],[-89.15759833599998,29.29669629800003],[-89.16502033799998,29.303044299000078],[-89.17286434099998,29.324373304000062],[-89.17822634299995,29.32697530400003],[-89.18213434499995,29.337684307000075],[-89.18783934599998,29.34203530700006],[-89.20039434999995,29.344423307000056],[-89.21973935399996,29.32441730200003],[-89.224449355,29.321835302000068],[-89.22419735499994,29.313797300000033],[-89.22967035599999,29.307429298000045],[-89.23537535799994,29.30432029700006],[-89.25355036299999,29.32280730100007],[-89.25827536499997,29.338919304000058],[-89.25785736499995,29.33687730400004],[-89.26670536799998,29.34991930700005],[-89.27254836999998,29.351200307000056],[-89.29289337599994,29.367930310000077],[-89.30220937899998,29.369838310000034],[-89.31209038199995,29.388043314000072],[-89.32014738399994,29.38866431400004],[-89.32135938499994,29.38599331300003],[-89.31941738399996,29.378052311000033],[-89.31196738099999,29.370986310000035],[-89.31054138099995,29.361354308000045],[-89.320761383,29.35513930600007],[-89.33858738799995,29.355450306000023],[-89.34762039099996,29.365005308000036],[-89.33260138699995,29.379817311000068],[-89.33587838799997,29.38099931100004],[-89.36045339499998,29.379270310000038],[-89.36603939699995,29.383413311000027],[-89.38374640199999,29.38838331200003],[-89.40351540699999,29.388225311000042],[-89.40763340799998,29.38610531000006],[-89.40834640799994,29.37958130900006],[-89.41535840999995,29.37927030900005],[-89.42165641199995,29.376267308000024],[-89.42914341399995,29.378753308000057],[-89.42214641199996,29.388367310000035],[-89.42795541399994,29.390040311000064],[-89.43805641599994,29.387969310000074],[-89.44696941899997,29.38931531000003],[-89.45730842199998,29.39315331000006],[-89.47014742599998,29.401476312000057],[-89.47846142799995,29.395838310000045],[-89.48435942999998,29.39747631000006],[-89.48731342999997,29.393351309000025],[-89.50504343499995,29.386045307000074],[-89.50855643599994,29.386173307000035],[-89.51233143699994,29.382274306000056],[-89.53859444399995,29.38672630600007],[-89.54643844599997,29.392732308000063],[-89.56129344999994,29.395217308000042],[-89.55689644899996,29.400601309000024],[-89.55499444899993,29.407951311000033],[-89.55285544899994,29.409504311000035],[-89.54548744699997,29.406813311000064],[-89.54399244599995,29.40415531000008],[-89.53502944399997,29.40484631100003],[-89.52504744099997,29.402464310000028],[-89.52231343999995,29.398737310000058],[-89.52001443899997,29.399636310000062],[-89.52183843999995,29.413852313000064],[-89.53443544399994,29.422962315000063],[-89.53883244599996,29.431656316000044],[-89.53930244599997,29.441898319000074],[-89.53550544599995,29.450803321000024],[-89.53134544499994,29.452562321000073],[-89.52694844299998,29.452355321000027],[-89.52278944199998,29.45618432200007],[-89.53281044499994,29.45566632200007],[-89.53954544699997,29.45173432100006],[-89.54524944799994,29.451113320000047],[-89.55226144999995,29.455459321000035],[-89.55109344999994,29.463451323000072],[-89.55903545199999,29.461668322000037],[-89.57210745699996,29.47522232500006],[-89.56735445599998,29.48339532700004],[-89.56961245699995,29.494049329000063],[-89.59314246299994,29.494256328000063],[-89.60062946499994,29.492084328000033],[-89.60419446599997,29.489498327000035],[-89.60918546699997,29.48980832700005],[-89.62190147099994,29.499014329000033],[-89.62915047299998,29.502427329000056],[-89.64020347599995,29.503565329000025],[-89.65731548199994,29.52269833300005],[-89.65719748199996,29.532314335000024],[-89.67240848599994,29.535106335000023],[-89.67716248799996,29.537691335000034],[-89.68346048999996,29.54927133800004],[-89.68031148899996,29.555318339000053],[-89.68449149099996,29.563268341000025],[-89.67793448899994,29.567309342000044],[-89.66367348499995,29.564415342000075],[-89.64465947999997,29.57247734400005],[-89.64180747999995,29.575578345000054],[-89.65036348299998,29.586947347000034],[-89.67108748799996,29.588248347000047],[-89.68268849199995,29.596867348000046],[-89.67365648899994,29.598314349000077],[-89.67104148899995,29.601620350000076],[-89.67270548999994,29.60906035100004],[-89.68197549199994,29.616912353000032],[-89.68770549399994,29.61623735200004],[-89.68449149299994,29.624809354000035],[-89.67474149099996,29.62663835500007],[-89.65768248599994,29.624200355000028],[-89.64927448399999,29.625190356000076],[-89.63800447999995,29.611746353000058],[-89.63776647899994,29.596660350000036],[-89.62944847699998,29.597280350000062],[-89.60259046899995,29.582193348000033],[-89.60127546899997,29.583617348000075],[-89.60924547199994,29.59707435100006],[-89.61827747399997,29.60100035100004],[-89.62040047499994,29.605346352000026],[-89.61185947299998,29.610093353000025],[-89.60211446999995,29.61030035400006],[-89.61257247299994,29.61422635400004],[-89.62112947499998,29.61030035300007],[-89.62897247799998,29.61381235400006],[-89.63443947999997,29.621458355000073],[-89.62992347899996,29.62889635700003],[-89.64549148299994,29.628689356000052],[-89.65903948699997,29.637159358000076],[-89.66046548699995,29.641084359000047],[-89.66569448899997,29.64315035900006],[-89.66165348799996,29.64645536000006],[-89.63265647999998,29.644183360000056],[-89.62457547799994,29.637572359000046],[-89.62053547599999,29.63612635900006],[-89.59383646899994,29.64354736100006],[-89.58276646699994,29.65503936400006],[-89.56539346199997,29.659261366000067],[-89.55776745999998,29.657349366000062],[-89.55156645799997,29.653869365000048],[-89.537052454,29.651201365000077],[-89.52855245199999,29.651619365000045],[-89.52062344899997,29.640729363000048],[-89.50966044599994,29.64030936300003],[-89.50760344599996,29.636452363000046],[-89.50049844399996,29.63415036200007],[-89.50797744599998,29.646779365000043],[-89.51144244699998,29.656886367000027],[-89.522610451,29.659344367000074],[-89.53154745299997,29.66644936800003],[-89.53230845399997,29.673388370000055],[-89.51453244899994,29.668839369000068],[-89.51411744899997,29.671195370000078],[-89.51652644999996,29.673057370000038],[-89.52489245199996,29.675370371000042],[-89.52489245199996,29.682804372000078],[-89.51956845099994,29.692220374000044],[-89.50772544799997,29.692021375000024],[-89.50994744899998,29.697655376000057],[-89.51880845099998,29.70213037700006],[-89.52489245399994,29.72657138200003],[-89.51196245099999,29.72772738200007],[-89.50182244799998,29.722816382000076],[-89.49751944599996,29.717954381000027],[-89.49161744499997,29.72392938200005],[-89.48515244299995,29.719966382000052],[-89.47645343999994,29.70642637900005],[-89.46760443699998,29.699024378000047],[-89.46599843599995,29.687726375000068],[-89.46252543499998,29.67983137300007],[-89.47118743699997,29.673163372000033],[-89.46556743499997,29.65174336700005],[-89.44565342899995,29.651884368000026],[-89.43381342599997,29.656370369000058],[-89.44313042899995,29.671240372000057],[-89.44027842899999,29.68197837500003],[-89.42667242499994,29.67863037400008],[-89.43191242699999,29.688751376000027],[-89.42421542499994,29.697643379000056],[-89.41194742199997,29.68643837700006],[-89.40396141899998,29.681813376000036],[-89.38779941499996,29.679996376000076],[-89.38771041499996,29.683756377000066],[-89.39609541799996,29.695725379000066],[-89.40643341999998,29.694367378000038],[-89.43025542799995,29.712611382000034],[-89.42923642799997,29.727045385000054],[-89.42554742699997,29.73124838600006],[-89.43077142899995,29.740770388000044],[-89.41750342599994,29.752452391000077],[-89.40156242199998,29.769650395000042],[-89.40027242199994,29.785737399000027],[-89.39470242099998,29.790157400000055],[-89.38373141799997,29.79087940000005],[-89.37601041599999,29.788637400000027],[-89.37348041499996,29.783578399000078],[-89.36735141299994,29.777512398000056],[-89.36063441099998,29.781421399000067],[-89.35387840999994,29.783166400000027],[-89.33282740399994,29.77989340000005],[-89.32404140099999,29.773433398000066],[-89.31474639799995,29.762944396000023],[-89.31041039699994,29.76355139700007],[-89.30698739599995,29.76223139700005],[-89.30492639499994,29.75874939600004],[-89.28574738999998,29.763396397000065],[-89.29130839199996,29.76697839800005],[-89.29294939299996,29.775334400000077],[-89.29049439199997,29.78550940200006],[-89.29252039399995,29.79917140500004],[-89.29899739499996,29.79878740500004],[-89.30361039599995,29.796406404000038],[-89.30831839699994,29.788967402000026],[-89.31839639999998,29.783687401000066],[-89.32448140199995,29.784182401000066],[-89.32904440299995,29.782696400000077],[-89.33646040499997,29.785172401000068],[-89.34102340599998,29.790122402000065],[-89.33969240599998,29.792103402000066],[-89.34463640799999,29.797713403000046],[-89.35699541099996,29.80002340300007],[-89.35870741199994,29.809757405000028],[-89.35319241099995,29.814377407000052],[-89.34501740899998,29.815423407000026],[-89.34934340999996,29.820834408000053],[-89.35300241099998,29.819986408000034],[-89.36027141299996,29.822883408000052],[-89.36231941399996,29.826749409000058],[-89.36992541599994,29.825760409000054],[-89.37943241799996,29.82213040700003],[-89.38570742099995,29.83549241000003],[-89.38361541999996,29.84011041100007],[-89.36329441499998,29.845765413000038],[-89.34083340899997,29.849676415000033],[-89.32942440599999,29.843244414000026],[-89.33056540599995,29.840110413000048],[-89.33512940699995,29.838790413000027],[-89.33836140799997,29.839945413000066],[-89.34311540899995,29.838296412000034],[-89.33684040699995,29.83631641200003],[-89.32752340399998,29.82328540900005],[-89.32410040299999,29.826419410000028],[-89.31934740199995,29.82394541000008],[-89.31239939999995,29.823630410000078],[-89.31224639999994,29.826427411000054],[-89.31744540199998,29.830873411000027],[-89.31953740299997,29.83714141300004],[-89.30869939999997,29.84110041400004],[-89.30090339699996,29.836316413000077],[-89.30299439799995,29.843573415000037],[-89.31516440199994,29.85280941600007],[-89.30603739999998,29.858251418000066],[-89.30603739999998,29.865671419000023],[-89.29938239799998,29.86550742000003],[-89.29329739599996,29.863363419000052],[-89.28588139399994,29.850665417000073],[-89.27643539099995,29.84893341700007],[-89.27092138999996,29.852098417000036],[-89.26990238999997,29.860002419000068],[-89.26439538899996,29.866991421000023],[-89.25814138699997,29.867041421000067],[-89.25336738599998,29.874575423000067],[-89.24381238299998,29.87598142400003],[-89.24027638299998,29.878654424000047],[-89.24119438299994,29.885118426000076],[-89.25253738599997,29.884861425000054],[-89.29044839599999,29.879510423000056],[-89.31266940299997,29.881109423000055],[-89.32733340599998,29.874081421000028],[-89.33512940799994,29.872762420000072],[-89.34197441099997,29.883148422000033],[-89.32467140599994,29.888918424000053],[-89.32055040499995,29.89207542500003],[-89.31573440399995,29.902271427000073],[-89.31079040299994,29.90721542800003],[-89.30508640199997,29.91001742900005],[-89.29880239999994,29.909257429000036],[-89.29828639999994,29.914922430000047],[-89.29569539899995,29.918884431000038],[-89.28622739699995,29.92264543300007],[-89.27981139499997,29.927251434000027],[-89.26306739099994,29.929477435000024],[-89.25545838899995,29.928640435000034],[-89.24265638499998,29.931112436000035],[-89.23244138299998,29.930433436000044],[-89.23796538399995,29.937044437000054],[-89.23522138399994,29.94685043900006],[-89.22555038199994,29.967131444000074],[-89.22788838299994,29.97048744500006],[-89.24652238799996,29.97378244500004],[-89.24997438899999,29.97560244500005],[-89.25146538999996,29.981358447000048],[-89.24652238899995,29.99255744900006],[-89.24785338999999,29.997333450000042],[-89.25717039199998,29.990581448000057],[-89.26648739499996,29.99107544800006],[-89.27332039699996,29.99382544900004],[-89.27523539699996,29.98999444800006],[-89.27295239599994,29.98317044600003],[-89.27580439699994,29.977570445000026],[-89.28356739799995,29.973325444000068],[-89.29082539999996,29.95994544100006],[-89.29824140199997,29.952532439000038],[-89.31763540599997,29.92122443100004],[-89.32701940799996,29.91803943000008],[-89.33436840999997,29.906886428000064],[-89.34235441199996,29.90787542700008],[-89.34425641199994,29.911501428000065],[-89.35390541499999,29.91149942800007],[-89.35200441399996,29.902436426000065],[-89.35984741599998,29.89089742300007],[-89.37006841899995,29.892133423000075],[-89.37244441999997,29.901199425000073],[-89.37601042099999,29.906350426000074],[-89.38052642399998,29.94157543400007],[-89.38932042599998,29.94487043400005],[-89.39787642899995,29.954756436000025],[-89.39835242899994,29.95784543700006],[-89.39502442799994,29.958874437000077],[-89.38646842599996,29.955991437000023],[-89.381108424,29.956215437000026],[-89.381239425,29.95949243800004],[-89.39482342799994,29.963479438000036],[-89.41023643299997,29.96464043800006],[-89.41665343399995,29.960521437000068],[-89.42354643599998,29.963404437000065],[-89.42402143699996,29.968758438000066],[-89.41950543599995,29.970611439000038],[-89.41979243599997,29.972554439000078],[-89.42592243699994,29.97143543900006],[-89.43400343999997,29.97431743900006],[-89.43661844099995,29.983170441000027],[-89.43341643999997,29.991210443000057],[-89.44279844299996,29.99737444400006],[-89.45349344599998,29.993875443000036],[-89.45777144699997,29.998197444000027],[-89.45396944699996,30.00766644600003],[-89.44874044499994,30.01178244700003],[-89.43543044199998,30.00951844700006],[-89.43210244099998,30.01054744700008],[-89.43495444199993,30.013017448000028],[-89.44731444499996,30.014252447000047],[-89.44897744599996,30.019191448000072],[-89.44446144499994,30.02330744900007],[-89.43851944299996,30.024953450000055],[-89.43590544199998,30.027628451000055],[-89.42996344099998,30.028863451000063],[-89.42568543999994,30.02680545100003],[-89.42354643899995,30.016927449000036],[-89.42117943799997,30.01669344900006],[-89.41760443699997,30.02186645000006],[-89.41360243599996,30.023190450000072],[-89.40928543499996,30.020014450000076],[-89.40928543399997,30.00951844800005],[-89.39906543099994,30.00087344600007],[-89.39716343099997,30.005607447000045],[-89.40215443199997,30.00931244800006],[-89.40429443299996,30.01507544900005],[-89.40286743299998,30.01919145000005],[-89.40783943499997,30.023873451000043],[-89.40524443399994,30.02865745200006],[-89.39383643099995,30.03112645300007],[-89.38931642999995,30.03003545300004],[-89.38171442799995,30.03503645400008],[-89.37458442599996,30.03256745400006],[-89.37238042499996,30.036676455000077],[-89.38028842799997,30.041620456000032],[-89.377673427,30.04738145700003],[-89.37268242599998,30.049850458000037],[-89.38052642799994,30.052158458000065],[-89.39049643099997,30.052075458000047],[-89.40194343399997,30.049051457000076],[-89.415496438,30.043866455000057],[-89.42307043899996,30.036682453000026],[-89.43043844099998,30.033801452000034],[-89.43709344299998,30.03606545300005],[-89.44160944499998,30.040386453000053],[-89.44256044499997,30.046352455000033],[-89.43108044199994,30.051768456000048],[-89.44462344599998,30.060964458000058],[-89.45214144799996,30.060856457000057],[-89.45636144899998,30.058883457000036],[-89.46352245199995,30.066098458000056],[-89.48044645699997,30.07450546000007],[-89.48442845799997,30.078838460000043],[-89.49251045999995,30.07069045800006],[-89.49304245999997,30.06451045700004],[-89.49674645999994,30.060605456000076],[-89.49271945899994,30.045215453000026],[-89.48938345799996,30.041826452000066],[-89.49152245799996,30.037505451000072],[-89.50159246099997,30.034042450000072],[-89.50709846199999,30.02853544900006],[-89.55129747299998,30.005714442000055],[-89.55975847499997,29.99859244000004],[-89.57601347899998,29.996166439000035],[-89.58009147999996,29.99046043800007],[-89.57443047799995,29.983743437000044],[-89.57064747699997,29.975695435000034],[-89.57187047699995,29.971135434000075],[-89.57042447599997,29.961470432000056],[-89.57516747699998,29.957074431000024],[-89.58161347899994,29.94587242800003],[-89.58189547799998,29.929429425000023],[-89.59235148,29.91725842200003],[-89.59092147899997,29.88896541500003],[-89.59643447999997,29.879559413000038],[-89.61367148399995,29.869756410000036],[-89.63483048999996,29.86319640800008],[-89.66544049799995,29.862801407000063],[-89.67215849999997,29.866973408000035],[-89.68862650499995,29.867625408000038],[-89.70528350899997,29.874349408000057],[-89.72050651399996,29.89004741100007],[-89.72752951599995,29.89584041200004],[-89.73881851999994,29.902070413000047],[-89.74494452199997,29.90791041500006],[-89.74718152299994,29.930766419000065],[-89.74273252199998,29.935899421000045],[-89.73631652099994,29.93626842100008],[-89.71477951499998,29.947053424000046],[-89.71984851699995,29.952137425000046],[-89.72940051999996,29.957537426000044],[-89.74734652399997,29.945491423000078],[-89.77459653099999,29.936932420000062],[-89.79811453699995,29.931719418000057],[-89.81926554299997,29.933137418000058],[-89.838505549,29.945821420000073],[-89.84420755099995,29.955650422000076],[-89.85231755399997,29.97765542600007],[-89.85756355599995,30.00444443200007],[-89.84590255399996,30.021249436000062],[-89.83401855099999,30.032567439000047],[-89.82105854799994,30.041097441000034],[-89.81833254799994,30.045735442000023],[-89.79361354099996,30.046970443000077],[-89.76794353399998,30.04573544400006],[-89.74859752799995,30.03590444200006],[-89.74651052699994,30.032604442000036],[-89.73332852299995,30.022059440000078],[-89.724654521,30.022459440000034],[-89.717683519,30.02527744100007],[-89.71721251899999,30.028424442000073],[-89.72638952199998,30.041484444000048],[-89.73086552399997,30.04511844500007],[-89.73300552499995,30.052730447000044],[-89.73086552399997,30.06075344800007],[-89.72088352199995,30.068364450000047],[-89.69823451599996,30.07071045200007],[-89.68492451199995,30.07523145300007],[-89.68071551299994,30.104560460000073],[-89.67816851199996,30.108291460000032],[-89.67463851099996,30.11041146100007],[-89.66918750999997,30.110672461000036],[-89.65699150699999,30.118386463000036],[-89.64862450499999,30.13056246600007],[-89.64099450299994,30.138617468000064],[-89.63127850099994,30.144442470000058],[-89.62414749899995,30.157390473000078],[-89.59803249199996,30.15241447300008],[-89.59502649099994,30.149896472000023],[-89.58706748899993,30.150653473000034],[-89.57209848499997,30.160367475000044],[-89.57287648599998,30.166058477000036],[-89.56913148499996,30.172737478000045],[-89.55755948199999,30.17981848000005],[-89.546426479,30.182459481000024],[-89.53884347699994,30.181807481000078],[-89.53121847499995,30.177104480000025],[-89.53050147499994,30.184719482000048],[-89.52450947299997,30.180758481000055],[-89.53045747499993,30.192202484000063],[-89.53335747599994,30.194802484000036],[-89.53865747799995,30.19580248400007],[-89.54695847999994,30.193102483000075],[-89.55465848199998,30.185802481000053],[-89.56225848399998,30.182402480000064],[-89.57015948599997,30.180302480000023],[-89.57445948699996,30.18170248000007],[-89.58575948999999,30.192101482000055],[-89.58885949199998,30.200301483000032],[-89.596660494,30.21180148600007],[-89.60126049599995,30.21610148600007],[-89.61066049799996,30.21810148700007],[-89.61586149999994,30.223200488000032],[-89.61706150099997,30.227500488000032],[-89.61416150099996,30.244600492000075],[-89.61616150099997,30.247400493000043],[-89.62692750399998,30.25175049300003],[-89.63179450599995,30.256929494000076],[-89.63122050599998,30.261709495000048],[-89.62531050399997,30.263537496000026],[-89.62589750499995,30.26591849700003],[-89.63232150699997,30.268609497000057],[-89.63052550599997,30.276567499000066],[-89.63141650699998,30.279667499000027],[-89.63765250899996,30.285037500000044],[-89.63850950899996,30.288127501000076],[-89.64344550999994,30.28768750100005],[-89.64718351099998,30.28937250100006],[-89.64740451199998,30.291299501000026],[-89.64043950999996,30.295508502000075],[-89.64171051099999,30.303804504000027],[-89.64040651,30.306760505000057],[-89.63164850799996,30.309337506000077],[-89.62622650699996,30.31426050700003],[-89.62988250799998,30.321022508000055],[-89.62973250899995,30.339292512000043],[-89.64520451399994,30.348131514000045],[-89.64670551399996,30.352505515000075],[-89.65719651699999,30.356520515000057],[-89.66220951899999,30.37127251800007],[-89.68369152699995,30.40587852500005],[-89.68412352699994,30.412651526000047],[-89.68013952599995,30.411405526000067],[-89.67851952599995,30.414017527000055],[-89.68052052699994,30.42892953000006],[-89.68482152799999,30.439516532000027],[-89.68283452799994,30.445815534000076],[-89.68341552899994,30.451798535000023],[-89.69010753099997,30.459662536000053],[-89.70180453399996,30.465120537000075],[-89.70955653699997,30.477858540000057],[-89.71589153899998,30.477802540000027],[-89.71965753999996,30.483171541000047],[-89.72118654099995,30.488613542000053],[-89.72461954199997,30.491907542000035],[-89.74240154699999,30.497321543000055],[-89.74644054799995,30.50262454400007],[-89.75293654999996,30.502498544000048],[-89.75813855099994,30.50540954400003],[-89.75886755199997,30.51306754600006],[-89.76057555199998,30.515766546000066],[-89.76813855499995,30.51502554600006],[-89.77164855599995,30.530254549000063],[-89.77957055899998,30.544350552000026],[-89.78854756099997,30.544469551000077],[-89.80392456599998,30.549354552000068],[-89.80299156599995,30.55095255200007],[-89.79196556299996,30.548793552000063],[-89.79166956299997,30.551529553000023],[-89.79453756399994,30.556559554000046],[-89.80279456599999,30.55790855400005],[-89.80389256599994,30.560586554000054],[-89.80149956599996,30.563708555000062],[-89.79125956299998,30.561374555000043],[-89.786870562,30.569058557000062],[-89.78960956299994,30.570384557000068],[-89.79140256299996,30.569440557000064],[-89.79144056299998,30.56546955600004],[-89.79331356399996,30.56516455600007],[-89.79569056399998,30.565658556000074],[-89.79398356399997,30.56723655600007],[-89.79450056399997,30.569658557000025],[-89.80803256799999,30.568003556000065],[-89.80684856799996,30.572044557000027],[-89.80968956899994,30.580298559000028],[-89.81293056999993,30.581660559000056],[-89.81512756999996,30.584740559000068],[-89.81374056999994,30.586043560000064],[-89.80974456899997,30.584719559000064],[-89.80712356799995,30.587342560000025],[-89.81143656999996,30.586646560000077],[-89.81211456999995,30.59147856100003],[-89.81853257199998,30.592693561000033],[-89.81970157199999,30.596790562000024],[-89.814435571,30.59650956200005],[-89.81404657099995,30.59859256200008],[-89.82233957299997,30.60464756300007],[-89.81456857099994,30.606157564000057],[-89.81392557099997,30.607726564000075],[-89.81691057199998,30.60862556400008],[-89.82129157299994,30.607135564000032],[-89.82328357399996,30.60823556400004],[-89.82142957399998,30.619820567000033],[-89.82990757599998,30.61671156600005],[-89.83083057599998,30.617654566000056],[-89.82995357599998,30.62222656700004],[-89.82625357499995,30.621264567000026],[-89.82326657399994,30.62280856700005],[-89.820073574,30.632813569000064],[-89.81385557199997,30.636800571000038],[-89.81398257299998,30.638185571000065],[-89.81579357299995,30.639220571000067],[-89.82047457399995,30.63826757100003],[-89.82345357499997,30.63987657100006],[-89.82342357499994,30.642846572000053],[-89.82059257499998,30.644763572000045],[-89.82138557499997,30.646533572000067],[-89.82574957599996,30.645278572000052],[-89.82499157599995,30.64942857300008],[-89.83326657899994,30.657521574000043],[-89.85189458399998,30.661204575000056],[-89.85055558399995,30.66478657500005],[-89.84336058199995,30.663704575000054],[-89.83880958099996,30.669095577000064],[-89.83789958099999,30.67251957700006],[-89.83887358099997,30.673736578000046],[-89.84060258099998,30.672885577000045],[-89.84382158199998,30.668766576000053],[-89.84720658299995,30.670043577000058],[-89.83548358099995,30.691171582000038],[-89.83585358099998,30.69956058300005],[-89.83807058199994,30.704041584000038],[-89.84361058399998,30.70251658400008],[-89.84658158499997,30.706214584000065],[-89.83626258199996,30.71619058700003],[-89.83006558099999,30.716315587000054],[-89.82806657999998,30.725023589000045],[-89.836336583,30.727202589000058],[-89.83687558299994,30.734666591000064],[-89.83382358199998,30.736977591000027],[-89.82741958099996,30.736204592000036],[-89.81748557799995,30.73731059200003],[-89.81608057799997,30.739371593000044],[-89.81955357899994,30.740676593000046],[-89.82635658099997,30.738370592000024],[-89.82870258099996,30.739456592000067],[-89.82510657999995,30.742084593000072],[-89.82577958099995,30.747310594000055],[-89.82246457999997,30.754633596000076],[-89.824232581,30.755163596000045],[-89.82935458199995,30.75132359500003],[-89.83317258299996,30.75331959500005],[-89.83265458299996,30.755999596000038],[-89.82688558099994,30.756072596000024],[-89.82612658099998,30.75901959600003],[-89.83241358299995,30.76451559700007],[-89.83154258299999,30.767615598000077],[-89.82876158299996,30.768741598000076],[-89.82782458199995,30.77122859900004],[-89.82766158299995,30.774820600000055],[-89.83042358399996,30.77984760100003],[-89.82806058299997,30.783421602000033],[-89.82440058199995,30.779634601000055],[-89.82009258099998,30.782396602000063],[-89.81902958099994,30.784376602000066],[-89.82149158199996,30.79118860400007],[-89.81756458099994,30.79605960500004],[-89.81395157999998,30.793787604000045],[-89.81210157899994,30.788442603000078],[-89.80676857799995,30.789074604000064],[-89.80511257699999,30.790601604000074],[-89.80490657699994,30.79255460400003],[-89.81148457899997,30.798001605000024],[-89.80463757799998,30.80251660700003],[-89.80425757799998,30.80693960800005],[-89.79716157599995,30.811758609000037],[-89.79967857699995,30.815177609000045],[-89.80005457699997,30.819083610000064],[-89.79865957699997,30.820860611000057],[-89.795502576,30.820759611000028],[-89.79533257599996,30.817232610000076],[-89.79175057499998,30.820392611000045],[-89.78589957299994,30.81596761000003],[-89.78117357199994,30.82012861100003],[-89.78745957399997,30.82259261100006],[-89.78235557299996,30.832557614000052],[-89.78409757299994,30.832894614000054],[-89.786842574,30.830647613000053],[-89.79043757499994,30.83099061300004],[-89.79012657499999,30.83798861500003],[-89.78750557499995,30.844117616000062],[-89.79247557599996,30.85039161700007],[-89.78951457599999,30.851387618000047],[-89.785982575,30.84918061700006],[-89.78472257399994,30.846235617000048],[-89.78060557299995,30.84551361700005],[-89.78442157399996,30.85374961800005],[-89.78338957399995,30.85602761900003],[-89.77876057299994,30.855805619000023],[-89.77474457199997,30.85325961800004],[-89.77172757099999,30.854682619000073],[-89.76779456999998,30.865582621000044],[-89.77919957399996,30.875190623000037],[-89.77711557399994,30.881093624000073],[-89.770032572,30.882259625000074],[-89.77310457299996,30.898343628000077],[-89.77027457299994,30.899395629000026],[-89.765106571,30.89692462800008],[-89.75872456899998,30.897324629000025],[-89.75667656899998,30.90107462900005],[-89.75980856999996,30.90622163000006],[-89.76362757099997,30.907737631000032],[-89.76420757199998,30.911911631000066],[-89.75940856999995,30.915139632000034],[-89.75409156899997,30.912805632000072],[-89.75007856799994,30.91293563200003],[-89.74479456699999,30.91893863400003],[-89.74516656699996,30.922421634000045],[-89.75074656799995,30.923251634000053],[-89.75281756899994,30.925418635000028],[-89.74890256799995,30.93389363700004],[-89.75584057099996,30.939548638000076],[-89.75633857099996,30.943503639000028],[-89.75120156999998,30.951444640000034],[-89.73569156599996,30.966578644000037],[-89.72933256499994,30.966247644000077],[-89.72707756399996,30.967400645000055],[-89.728387565,30.971146645000033],[-89.73715456699995,30.976086646000056],[-89.73591756699994,30.97787064700003],[-89.73217356599997,30.978093647000037],[-89.73050656599997,30.979712647000042],[-89.72770356499996,30.993334650000065],[-89.73423256699994,30.995607650000068],[-89.73554556799996,30.999720651000075],[-89.72813156599994,31.000961652000058],[-89.72962156599993,31.00393265200006],[-89.73250956699997,31.00483665200005],[-89.74182656999994,31.003446652000036],[-89.74919457199996,30.999560651000024],[-89.75148657199998,30.999695651000025],[-89.752647573,31.001858651000077],[-89.81643458999997,31.002089649000027],[-90.38054174299998,30.999877629000025],[-90.73447883899996,30.99921961600006],[-91.10811993999994,30.998862603000077],[-91.63694808199995,30.99942158400006],[-91.62512407899999,31.00537958600006],[-91.59046907099997,31.017275590000054],[-91.57841906799996,31.024035592000075],[-91.56440306499996,31.038970595000023],[-91.55991306399994,31.054124598000044],[-91.56128906499998,31.060911600000054],[-91.56765406699998,31.07019160200008],[-91.59469907499994,31.091449605000037],[-91.61857608299994,31.107333608000033],[-91.62600008499999,31.116901609000024],[-91.62422308499998,31.13373461300006],[-91.59706807999999,31.163497620000044],[-91.58905207799995,31.178591624000035],[-91.58894507899998,31.18896462600003],[-91.59503508099993,31.201974628000073],[-91.60162208299994,31.208578629000044],[-91.62512508999998,31.22607663200006],[-91.64436209599995,31.234419633000073],[-91.65202509799997,31.242696635000073],[-91.65491309899994,31.25018063600004],[-91.65403309899995,31.255758637000042],[-91.64867509799996,31.262243639000076],[-91.63767809599995,31.267685640000025],[-91.62136409099998,31.267816641000024],[-91.58775508199994,31.26256864100003],[-91.56419807599997,31.261638642000037],[-91.53774006899994,31.26737464400003],[-91.51858406399998,31.275288646000035],[-91.51562006299997,31.278215647000025],[-91.50886406199999,31.291649650000068],[-91.50866606299996,31.31513665500006],[-91.53166306999998,31.331806658000062],[-91.53606707199998,31.338360659000045],[-91.54562307499998,31.343767660000026],[-91.54897307599998,31.347260660000074],[-91.55100807699995,31.363650664000033],[-91.54992107699996,31.376320666000026],[-91.54621307699995,31.382485668000072],[-91.55568607899994,31.386418668000033],[-91.56256108099996,31.383224667000036],[-91.56895908299998,31.377634666000063],[-91.57834008599997,31.399072670000066],[-91.57627108599996,31.41050367200006],[-91.57009808499998,31.419492675000072],[-91.56518508399995,31.423452676000068],[-91.54847107999996,31.43267367800007],[-91.54163207799996,31.431711678000056],[-91.53714307599995,31.424166677000073],[-91.53946407599994,31.41402667400007],[-91.53234207299994,31.39028067000004],[-91.52184207,31.375175667000065],[-91.51598406799997,31.37029166600007],[-91.50416906499999,31.36495566600007],[-91.47887605799997,31.36496066600006],[-91.47247105599996,31.37133166800004],[-91.47110405599994,31.376922669000066],[-91.47207105699994,31.395930673000066],[-91.47693205899998,31.39780167300006],[-91.48023605999998,31.404396675000044],[-91.50005206599997,31.420525677000057],[-91.51337207099994,31.444401682000034],[-91.51700507299995,31.460579685000027],[-91.51815407399994,31.48348869000006],[-91.51492307499996,31.510118695000074],[-91.52058507599997,31.51321269600004],[-91.52286807699994,31.517498697000065],[-91.52254207699997,31.522083698000074],[-91.51396907599997,31.53208970000003],[-91.48962406899994,31.53427170100008],[-91.47972406599996,31.530371701000036],[-91.44392205699995,31.542471705000025],[-91.41492104999998,31.56217171000003],[-91.40792104899998,31.569371712000077],[-91.40542104899998,31.576471713000046],[-91.40392104899996,31.58977171600003],[-91.41302105199998,31.595370717000037],[-91.42272205399996,31.597070717000065],[-91.43072205599998,31.596470716000056],[-91.45752306299994,31.587571714000035],[-91.46632306499998,31.586071713000024],[-91.47942406899995,31.58547171200007],[-91.48862407199994,31.587471712000024],[-91.50278907599994,31.595732714000064],[-91.51657307999994,31.61182371600006],[-91.51792708099998,31.618647718000034],[-91.51546808099994,31.63037772000007],[-91.50731607899996,31.639073722000035],[-91.49767107699995,31.645376724000073],[-91.49275407499994,31.644284724000045],[-91.48262407199996,31.63157072200005],[-91.47432406999997,31.625370721000024],[-91.46382306699996,31.62037072000004],[-91.43672205899998,31.61267072000004],[-91.42112205499996,31.61157072000003],[-91.40102104999994,31.620370723000065],[-91.39832104899995,31.62627072400005],[-91.39572104899997,31.644170728000063],[-91.40012105299996,31.688169737000067],[-91.39792105299995,31.709369741000046],[-91.37181004799999,31.742953749000037],[-91.365040046,31.74818975000005],[-91.33866903899997,31.750010752000037],[-91.31074003199996,31.749076753000054],[-91.29172902699997,31.74526575300007],[-91.27555102199995,31.74552075300005],[-91.26341201899999,31.75447375600004],[-91.25961701899996,31.761295757000028],[-91.26304901999998,31.76700075800005],[-91.27388002299995,31.771183759000053],[-91.28605102599994,31.77206775800005],[-91.30132102999994,31.76675375700006],[-91.32597903699997,31.76151575500006],[-91.35522004399996,31.758068753000032],[-91.36553504699998,31.76163375300007],[-91.36372004799995,31.780368757000076],[-91.35952004799998,31.799367761000042],[-91.34572004599994,31.842866771000047],[-91.33842004499996,31.851266773000077],[-91.33382004299995,31.85326677300003],[-91.29341903299996,31.86016577600003],[-91.28931803099994,31.846866774000034],[-91.28941802999998,31.82866677000004],[-91.28221802799999,31.814767767000035],[-91.27671802599997,31.811367767000036],[-91.26921802399994,31.809167767000076],[-91.26201702199995,31.809367767000026],[-91.25561701999999,31.81266776800004],[-91.24737301899995,31.82232877000007],[-91.24505301799996,31.831452772000034],[-91.26811802599997,31.85306677600005],[-91.26901802599997,31.858666777000053],[-91.26771802599995,31.862665778000064],[-91.26441802499994,31.865465779000033],[-91.24815002099996,31.869853780000028],[-91.23490501799995,31.87686878200003],[-91.20881601199994,31.90046478800008],[-91.20281601099998,31.90796479000005],[-91.19381600899999,31.909564790000047],[-91.18921600799996,31.91426479100005],[-91.180616005,31.917964793000067],[-91.18491600699997,31.92376479400008],[-91.18471600699996,31.935063796000065],[-91.19111600899998,31.934163796000064],[-91.19321600999996,31.93566379600003],[-91.18951600899999,31.94636379800005],[-91.18831600999994,31.960963801000048],[-91.18481600899997,31.96556280200008],[-91.17741600699998,31.973262804000058],[-91.16441600399997,31.98256280700008],[-91.11741499199996,31.987062809000065],[-91.10411398899998,31.99036281000008],[-91.09011098499997,32.00016281300003],[-91.07591398199997,32.01683381700008],[-91.07993398299999,32.01832181700007],[-91.08261398499997,32.028661819000035],[-91.08811398699999,32.03446082000005],[-91.09551398899998,32.037460821000025],[-91.14511600299994,32.04656082100007],[-91.15141600399994,32.049260821000075],[-91.15631600599994,32.052660821000075],[-91.16131600799997,32.05976082300003],[-91.16201600799997,32.06535982400004],[-91.16031600799994,32.070359825000025],[-91.15581600699994,32.075559826000074],[-91.14881600499996,32.080159827000045],[-91.13931500299998,32.08175982800003],[-91.128615,32.07655982700004],[-91.11431499499997,32.05826082400006],[-91.10371399199994,32.05026082300003],[-91.09871398999996,32.04836082300005],[-91.08021398499994,32.04836082300005],[-91.07911398499994,32.05026082400008],[-91.08151398699994,32.07775982900006],[-91.03471297599998,32.10105883600005],[-91.03051297499997,32.108158838000065],[-91.03091297599997,32.12055784000006],[-91.01761197199994,32.125158842000076],[-91.01181197099999,32.13115884300004],[-91.00411196999994,32.14615784700004],[-91.00291196999996,32.16205785000005],[-91.01661197399994,32.160857849000024],[-91.02501297599997,32.16255784900005],[-91.04181298099996,32.174556851000034],[-91.05831298599998,32.180956852000065],[-91.05891298599994,32.17125685000008],[-91.05571298499996,32.163757848000046],[-91.04971298299995,32.15735784700007],[-91.04851298199998,32.15015784600007],[-91.05121298199998,32.14415784400006],[-91.05318098199996,32.12424284000008],[-91.06156098399998,32.126912840000045],[-91.06908698599995,32.13148384100003],[-91.08163598999994,32.13399784100005],[-91.09166199299995,32.133609841000066],[-91.10118699499998,32.131141840000055],[-91.11129999799994,32.12504183800007],[-91.13140900299999,32.12621883800006],[-91.14440600699999,32.13039583800003],[-91.16282801199998,32.132699838000065],[-91.16545801299998,32.13429583800007],[-91.17170801499998,32.14425584000003],[-91.17455801599993,32.154983842000036],[-91.17105201599998,32.176531846000046],[-91.16417701599994,32.19689385100003],[-91.15803201399996,32.20196185200007],[-91.133593008,32.21343785500005],[-91.12850100699995,32.21317485600002],[-91.11727600299997,32.206673855000076],[-91.10851500099994,32.20815585500003],[-91.100415,32.217855858000064],[-91.09211399799995,32.223855859000025],[-91.08371399499998,32.226455860000044],[-91.07111399199994,32.22605586000003],[-91.06141398899996,32.21865585900002],[-91.05311298699996,32.227955862000044],[-91.05031298699998,32.23795486400007],[-91.04651298599998,32.241154865000055],[-91.03901298399995,32.24235486500004],[-91.02151297899997,32.23615486400007],[-91.00961197499998,32.22615586300003],[-91.00291197299998,32.223055862000024],[-91.00451297299998,32.21252186000004],[-91.00247297199996,32.19586585700006],[-91.00111397099994,32.192805856000064],[-90.99854797099994,32.19158385600008],[-90.99516496999996,32.192125856000075],[-90.98377696799997,32.21065186100003],[-90.98314096899998,32.23137686500007],[-90.98029596799995,32.24360686800003],[-90.96940896599995,32.252525870000056],[-90.97134996699998,32.25774787100005],[-90.97966896899999,32.26525787200006],[-90.98299097099994,32.270299873000056],[-90.98408297099996,32.27995987500003],[-90.97948097099999,32.29370787800008],[-90.97460796999997,32.29712787900007],[-90.96415496699996,32.29687787900008],[-90.95301396299999,32.28404887700003],[-90.94783996199999,32.283491877000074],[-90.93399695799997,32.29034887900008],[-90.92223695599995,32.29864488100003],[-90.91616295399996,32.303587882000045],[-90.902563951,32.319592886000066],[-90.90072595099997,32.33038488900007],[-90.88216694799996,32.35755789500007],[-90.87563694699998,32.37243989800004],[-90.87829494799996,32.374553898000045],[-90.88895295099996,32.373251898000035],[-90.89206595099995,32.37058489700007],[-90.89776795199998,32.35436589400007],[-90.91236895499998,32.33945989000006],[-90.93490296199997,32.344972890000065],[-90.95458896699995,32.34586489000003],[-90.99363097799994,32.35405289000005],[-91.00011197999999,32.35770089000005],[-91.00351198099997,32.362150891000056],[-91.00451198199994,32.368149892000076],[-91.00061198099996,32.381649895000066],[-90.99469197999997,32.392282898000076],[-90.99408598099996,32.40386790000008],[-90.98072897699996,32.408248901000036],[-90.97446697599997,32.41200690200003],[-90.96626097399997,32.42103290500006],[-90.96646297499996,32.43387390700008],[-90.96959597599994,32.439495908000026],[-90.97855297899997,32.44703791000006],[-90.99386898299997,32.45085591000003],[-90.99897998499995,32.450170909000065],[-91.00481198599994,32.44574690800005],[-91.02961199199996,32.43354790500007],[-91.05291299799995,32.43844790500003],[-91.08181300699994,32.450446906000025],[-91.09531401099997,32.458746907000034],[-91.10881401499995,32.47204591000008],[-91.11601401799999,32.483145912000055],[-91.11671401899997,32.50014491500008],[-91.10131001599996,32.525604921000024],[-91.09795501599996,32.537219923000066],[-91.09788401599997,32.544757925000056],[-91.09374701599995,32.549133926000025],[-91.07482300999999,32.53347292400008],[-91.05091300099997,32.500144918000046],[-91.03811199699999,32.490445916000056],[-91.01711199099998,32.48374591600003],[-90.999228986,32.48262091600003],[-90.99070898399998,32.487754917000075],[-90.98720798399995,32.495668919000025],[-90.98878998499998,32.50084692000007],[-90.99487298699995,32.508616922000044],[-91.00708098999996,32.51637692300005],[-91.05117400299997,32.53089592400005],[-91.061691006,32.536453925000046],[-91.07537900999995,32.54672392600003],[-91.08040401199997,32.55644792800007],[-91.036176002,32.579561934000026],[-91.01023399599995,32.60193294000004],[-91.00460499499997,32.60978594200003],[-91.00296799499995,32.62256094500003],[-91.00682599699996,32.63126694600004],[-91.01429199899997,32.64048794800004],[-91.02577500199999,32.64657894900006],[-91.03842100499998,32.63644894600003],[-91.04326900599995,32.62078494300005],[-91.04890600699997,32.61356194100006],[-91.04980200699998,32.60719394000006],[-91.07951201499998,32.60068593700004],[-91.10571002099994,32.59088493400003],[-91.11277002299994,32.590191934000075],[-91.11986002499998,32.584800932000064],[-91.12791802699996,32.58649893200004],[-91.14115403099999,32.59721493400008],[-91.14621003299999,32.604149935000066],[-91.15132403499996,32.615924937000045],[-91.15382703599994,32.63128794000005],[-91.15208703599995,32.641513943000064],[-91.14435303499994,32.648034944000074],[-91.13764403299996,32.650626945000056],[-91.12772903099994,32.66534894800003],[-91.11826402899999,32.674080951000064],[-91.09876802399998,32.68529695400008],[-91.07606701899994,32.69375695600007],[-91.06395201599997,32.70293195900007],[-91.05704901499996,32.71258196100007],[-91.05448701399996,32.72226496300004],[-91.06077201599999,32.72749996400006],[-91.07718202099994,32.73253996400007],[-91.12315803399997,32.742803964000075],[-91.15446704299995,32.74234496300005],[-91.15861604399998,32.74345496300003],[-91.16339504499996,32.74701496400007],[-91.16533404599994,32.751306965000026],[-91.16497404699999,32.761989967000034],[-91.15762004499999,32.77603897000006],[-91.15692404499998,32.78034897100002],[-91.16440304799994,32.78582697200005],[-91.16141804799997,32.80000997500008],[-91.16167504799995,32.81247097700003],[-91.15834204799995,32.82230997900007],[-91.15218004699994,32.826678980000054],[-91.14500804599999,32.842875984000045],[-91.12789204199998,32.85506498700005],[-91.11609703899995,32.855646988000046],[-91.10563703599996,32.85840198900007],[-91.08668903199998,32.873397993000026],[-91.07060802799998,32.888664996000045],[-91.06445502699995,32.90106999900007],[-91.06369002699995,32.90637],[-91.06481002899994,32.926470004000066],[-91.07208103099998,32.93783800600005],[-91.08043703399994,32.94321200700006],[-91.08309003499994,32.94791500800005],[-91.07891003399999,32.95182400900006],[-91.08036103499995,32.96280001100007],[-91.08680803699997,32.97627201300003],[-91.09693604099994,32.98641801500003],[-91.106587043,32.98894401500007],[-91.12511304799995,32.98467501400006],[-91.13552305099995,32.97966301200006],[-91.13859105099993,32.971358010000074],[-91.13305604899995,32.966547010000056],[-91.13072704799998,32.962263009000026],[-91.13663404999994,32.957355008000036],[-91.13786904999995,32.95276200700005],[-91.13131004699994,32.926925002000075],[-91.13404704699997,32.917682],[-91.14508204899994,32.90549999700005],[-91.15169605099999,32.901940996000064],[-91.15998105299997,32.899884995000036],[-91.17541105699996,32.90000399400003],[-91.19679106299998,32.906789995000054],[-91.20826906699995,32.91535999600006],[-91.21284306799998,32.922109997000064],[-91.21403306899998,32.93032599900005],[-91.21071106899996,32.93985100100008],[-91.19942106699995,32.95232000400006],[-91.20203606799998,32.957338005000054],[-91.20184806799995,32.961218006000024],[-91.18698906499998,32.976200009000024],[-91.17331406099999,32.986094012000024],[-91.16897906099996,32.992138013000044],[-91.16607905999996,33.00411201600008]]]]}},{"type":"Feature","properties":{"shapeName":"Florida","shapeISO":"US-FL","shapeID":"66186276B65591139260314","shapeGroup":"USA","shapeType":"ADM1"},"geometry":{"type":"MultiPolygon","coordinates":[[[[-80.17627866899994,25.525058623000064],[-80.17706266899995,25.521708623000052],[-80.17268266799994,25.52209162300005],[-80.17395266899996,25.52537962400004],[-80.17627866899994,25.525058623000064]]],[[[-80.25860368899998,25.359615580000025],[-80.25895968899994,25.35435357800003],[-80.25313668699994,25.350487577000024],[-80.25028468599999,25.344795576000024],[-80.24385968399997,25.34710057700005],[-80.23934368299996,25.350590578000038],[-80.24139368399995,25.355567579000024],[-80.22912268099998,25.38319058600007],[-80.23138968199999,25.387425587000052],[-80.20383167399996,25.414501595000047],[-80.20251067399994,25.42735859800007],[-80.19171267199994,25.448073604000058],[-80.18976967099997,25.453442605000077],[-80.18989967199997,25.461401607000028],[-80.17667066799999,25.48590061300007],[-80.17852966899994,25.501480617000027],[-80.17554666899997,25.516365621000034],[-80.17723966899996,25.518429622000042],[-80.18070266999996,25.506411619000062],[-80.18477267099996,25.50480761800003],[-80.18863967199997,25.50556461800005],[-80.18972567299994,25.504096618000062],[-80.18938667199996,25.49713461600004],[-80.18088266999996,25.49323961500005],[-80.18135766999995,25.490558615000054],[-80.18718067099996,25.482834612000033],[-80.18834167199998,25.477296611000043],[-80.19200267199994,25.47195061000008],[-80.19376567299997,25.461354607000033],[-80.20130767399996,25.44130460200006],[-80.20607667599995,25.43218859900003],[-80.21201867699995,25.42810959800005],[-80.20980967599996,25.424854597000035],[-80.20922267599997,25.414374595000027],[-80.21389167699994,25.410586593000062],[-80.21652567799998,25.405991592000078],[-80.22095967899998,25.406361592000053],[-80.22462167999998,25.402983591000066],[-80.23030068199995,25.402916591000064],[-80.23527668299994,25.401279591000048],[-80.23614268399996,25.39934259000006],[-80.24229268499994,25.399122590000047],[-80.24958668699998,25.39494258900004],[-80.24945268699997,25.38678158700003],[-80.25543268899997,25.38074358500006],[-80.25468168799995,25.36885058200005],[-80.25842768899997,25.36439358100006],[-80.25860368899998,25.359615580000025]]],[[[-80.29650669899996,25.32684057000006],[-80.29677969899996,25.325359570000046],[-80.29355169799999,25.32446157000004],[-80.29445069899998,25.327767571000038],[-80.29650669899996,25.32684057000006]]],[[[-80.30352470299994,25.380124584000043],[-80.30227270199998,25.377448583000046],[-80.29500469999994,25.37671858300007],[-80.29279269999995,25.37955458400006],[-80.29368069999998,25.385456585000043],[-80.30352470299994,25.380124584000043]]],[[[-80.30354370299995,25.40601159000005],[-80.30196570299995,25.403005590000078],[-80.29974370199994,25.405389590000027],[-80.30024170199994,25.406656591000058],[-80.30354370299995,25.40601159000005]]],[[[-80.46085474099993,25.05081249600005],[-80.45907673999994,25.048060496000062],[-80.45578373899997,25.04835749600005],[-80.44827773699996,25.050153497000053],[-80.44631373599998,25.052817497000035],[-80.44864073699995,25.05367049700004],[-80.46085474099993,25.05081249600005]]],[[[-80.48261674799994,25.086435505000054],[-80.48380474799995,25.085143505000076],[-80.48249774799996,25.084282505000033],[-80.47845774699994,25.08901850600006],[-80.46883174399994,25.09203150700006],[-80.47572374599997,25.09881150800004],[-80.47774474699997,25.103547510000055],[-80.47750674699995,25.098058508000065],[-80.47394174499993,25.093646507000074],[-80.47703174599997,25.090955506000057],[-80.48047774699995,25.092677507000076],[-80.48261674799994,25.086435505000054]]],[[[-80.48406474899997,25.11098351100003],[-80.48439974899998,25.10838951100004],[-80.48130974799994,25.11107951100007],[-80.47786274699996,25.107528511000055],[-80.47501074599995,25.109788511000033],[-80.47714974699994,25.112263512000027],[-80.47726874699998,25.121194514000024],[-80.47920774799996,25.123575515000027],[-80.48136274799998,25.114012512000045],[-80.48406474899997,25.11098351100003]]],[[[-80.49806575299993,25.102686509000023],[-80.49450075199996,25.09784350800004],[-80.48903374999998,25.102578509000068],[-80.48618174899997,25.108604511000067],[-80.48835074999994,25.108884511000042],[-80.48899574999996,25.10499851000003],[-80.49079675099995,25.103544509000074],[-80.49806575299993,25.102686509000023]]],[[[-80.50393675399994,25.076403502000062],[-80.50310475299995,25.075111502000027],[-80.50030975299995,25.075320502000068],[-80.49553775099997,25.078609503000052],[-80.49238275,25.07863250300005],[-80.49625875199996,25.081813504000024],[-80.50393675399994,25.076403502000062]]],[[[-80.51060175699996,25.138975518000052],[-80.50773975599998,25.134084517000076],[-80.50916575699995,25.131394516000057],[-80.50773975599998,25.130964516000063],[-80.50493075499998,25.135747517000027],[-80.50535875599996,25.13782851800005],[-80.50994075699998,25.139978518000078],[-80.51060175699996,25.138975518000052]]],[[[-80.51466075899998,25.150394521000067],[-80.51001275699997,25.14491552000004],[-80.50506375599997,25.14877252100007],[-80.50829575699998,25.156800523000072],[-80.51152175799996,25.151357521000023],[-80.51466075899998,25.150394521000067]]],[[[-80.51983575899999,25.086882505000062],[-80.51805375799995,25.082803504000026],[-80.51048675599998,25.081798503000073],[-80.51983575899999,25.086882505000062]]],[[[-80.54546676799998,25.183300529000064],[-80.54059076699997,25.181972528000074],[-80.531296764,25.18560953000008],[-80.53033476399997,25.187607530000037],[-80.53405476499995,25.190174531000025],[-80.53563876599998,25.195101532000024],[-80.53744976599995,25.19302853100004],[-80.53483476599996,25.18829653000006],[-80.53578576599995,25.18700553000008],[-80.54042076699994,25.18636053000006],[-80.54546676799998,25.183300529000064]]],[[[-80.55322376999999,25.16141752300007],[-80.55586977099995,25.158181522000064],[-80.55281276999995,25.15829152200007],[-80.55006076899997,25.161858523000035],[-80.55322376999999,25.16141752300007]]],[[[-80.55979176999995,25.064562498000043],[-80.55836576899998,25.062517498000034],[-80.55478976799998,25.064053498000078],[-80.55266076799995,25.062948498000026],[-80.55194776699994,25.064778498000067],[-80.55377476799998,25.06532549800005],[-80.55584676899997,25.07221050000004],[-80.55979176999995,25.064562498000043]]],[[[-80.570605775,25.131179515000042],[-80.57020077399994,25.12787551400004],[-80.56773377399998,25.125712513000053],[-80.56797477399994,25.122480513000028],[-80.56499377299997,25.12476451300006],[-80.56495777299995,25.12787551400004],[-80.570605775,25.131179515000042]]],[[[-80.57084377499996,25.148069519000046],[-80.56550277299993,25.14844251900007],[-80.56194677199994,25.139574517000028],[-80.55723577099997,25.140388517000076],[-80.56502077299996,25.149683520000053],[-80.56834777399996,25.15022152000006],[-80.57084377499996,25.148069519000046]]],[[[-80.57417077499997,25.10460150800003],[-80.57096277399995,25.103740508000044],[-80.56074177099998,25.10739950900006],[-80.56763477299995,25.11912851200003],[-80.56715977299996,25.108260509000047],[-80.57417077499997,25.10460150800003]]],[[[-80.57905277799995,25.159953522000023],[-80.57512177599995,25.148392519000026],[-80.57293077599996,25.15674952100005],[-80.57456377599993,25.159903522000036],[-80.57905277799995,25.159953522000023]]],[[[-80.58902977799994,25.060467496000058],[-80.58824877799998,25.056487495000056],[-80.58641177699997,25.055627495000067],[-80.58328077599998,25.05695049600007],[-80.58269577599998,25.061173497000027],[-80.58635877699999,25.062549497000077],[-80.58902977799994,25.060467496000058]]],[[[-80.60769878599996,25.17492152500006],[-80.60366878499997,25.171487524000042],[-80.59985578399994,25.16373652300007],[-80.58932978099995,25.161553522000077],[-80.58680177999997,25.16264452300004],[-80.58663377999994,25.17144652500008],[-80.59437378199993,25.170228524000038],[-80.59948378399997,25.173562525000023],[-80.60769878599996,25.17492152500006]]],[[[-80.61941078699994,25.071513499000048],[-80.61802278699997,25.06886849800003],[-80.61337778499995,25.068719498000064],[-80.61421978499999,25.05778049500003],[-80.61338778499999,25.056165495000073],[-80.60946678399995,25.055950495000047],[-80.60756478399998,25.059395496000036],[-80.60982278399996,25.065854497000032],[-80.60553278299994,25.070362499000055],[-80.61006078499997,25.070375498000033],[-80.61062978499996,25.07497950000004],[-80.61941078699994,25.071513499000048]]],[[[-80.61978478599997,25.002907481000022],[-80.62016178599998,25.001356481000073],[-80.61414878399995,25.003223481000077],[-80.61275378399995,25.006664482000076],[-80.61553378499997,25.00778148200004],[-80.61978478599997,25.002907481000022]]],[[[-80.62479679199998,25.18281152700007],[-80.62432179099994,25.18130652700006],[-80.61800778999998,25.18013652600007],[-80.61946478999994,25.178100526000037],[-80.61445078799994,25.175783525000043],[-80.61250278799997,25.176428526000052],[-80.60984978699997,25.182411527000056],[-80.61232478799997,25.181744527000035],[-80.62146979099998,25.183672527000056],[-80.62479679199998,25.18281152700007]]],[[[-80.62717378799994,25.00040548000004],[-80.62388978699994,24.998785480000038],[-80.62278778699994,25.000001480000037],[-80.62322778699996,25.00159048100005],[-80.62600478799999,25.002629481000042],[-80.62717378799994,25.00040548000004]]],[[[-80.62735978699999,24.959818470000073],[-80.62320578599997,24.958624470000075],[-80.62388478599996,24.96367747100004],[-80.62735978699999,24.959818470000073]]],[[[-80.63743679099997,25.027077487000042],[-80.63422978999995,25.02430148600007],[-80.63163078999997,25.02546748700007],[-80.63225778999998,25.027521487000058],[-80.63415479099996,25.028122487000076],[-80.63743679099997,25.027077487000042]]],[[[-80.64822679499997,25.050874493000038],[-80.64822679499997,25.049151492000078],[-80.64423879399999,25.046942492000028],[-80.64114379299997,25.049798493000026],[-80.64130079299997,25.05160449300007],[-80.64477979399999,25.052812493000033],[-80.64822679499997,25.050874493000038]]],[[[-80.64921079499999,25.035537489000035],[-80.64853479499999,25.03236048800005],[-80.64634079399997,25.03316348800007],[-80.64586279399998,25.036279489000037],[-80.64921079499999,25.035537489000035]]],[[[-80.65355579499999,24.98283047500007],[-80.65413079499996,24.981644475000053],[-80.65268779499996,24.980818475000035],[-80.64657879299995,24.987373476000073],[-80.65022879399999,24.989508477000072],[-80.65106079399999,24.98433847600006],[-80.65355579499999,24.98283047500007]]],[[[-80.65867479999997,25.10711550700006],[-80.65854679999995,25.10538150600007],[-80.65305779799996,25.103185506000045],[-80.65139879699996,25.100295505000076],[-80.64954679699997,25.090765503000057],[-80.65037779699998,25.088736502000074],[-80.64807979599993,25.085036501000047],[-80.64913679599994,25.078274500000077],[-80.64297879399999,25.072734498000045],[-80.64064579399997,25.07337749900006],[-80.64009879399998,25.08031950000003],[-80.63761879299994,25.08287850100004],[-80.64009179399994,25.082334501000048],[-80.64425079499995,25.088504502000035],[-80.644121795,25.091171503000055],[-80.64141379399996,25.09234850300004],[-80.64078079399997,25.095035504000066],[-80.64123079399997,25.097721505000038],[-80.64348479499995,25.098446505000027],[-80.64616579599993,25.102492506000033],[-80.64322979499997,25.105497507000052],[-80.63837779399995,25.10650350700007],[-80.63453979299999,25.116999510000028],[-80.63135779199996,25.11910651100004],[-80.63429579299998,25.120032511000034],[-80.63583679299995,25.123968512000033],[-80.63768279399994,25.12437151200004],[-80.64290979599997,25.131862514000034],[-80.63927279499995,25.133466514000077],[-80.63748479399999,25.137280515000043],[-80.64386779599994,25.13751151500003],[-80.64595079699995,25.13962651500003],[-80.64744179699994,25.138666515000068],[-80.64629279699994,25.135200514000076],[-80.64744179699994,25.13069351300004],[-80.64208079499997,25.126995512000065],[-80.63876179399995,25.12075451100003],[-80.64348479499995,25.112085508000064],[-80.64973979699994,25.10711550700006],[-80.65624979899997,25.109774508000044],[-80.65867479999997,25.10711550700006]]],[[[-80.66555879899994,24.98940047700006],[-80.66496479899996,24.988108476000036],[-80.65759679599995,24.987785476000056],[-80.65771579699998,24.990801477000048],[-80.65415079599995,24.993386478000048],[-80.65427379599998,24.99492047800004],[-80.65651279599996,24.996107479000045],[-80.66182879799999,24.995277478000048],[-80.66555879899994,24.98940047700006]]],[[[-80.66909080099998,25.035772488000077],[-80.66840880099994,25.03353148800005],[-80.66403179899999,25.033647488000042],[-80.66464279999997,25.037158489000035],[-80.66909080099998,25.035772488000077]]],[[[-80.66991679799997,24.923472460000028],[-80.67083979899996,24.92021445900008],[-80.66900879799994,24.91841745800008],[-80.66639179699996,24.91852245800004],[-80.66139479599997,24.921902459000023],[-80.66083079599997,24.924032460000035],[-80.66208179599994,24.92664246100003],[-80.66515679699995,24.928162461000056],[-80.66850579799996,24.926445460000025],[-80.66991679799997,24.923472460000028]]],[[[-80.67184580099996,24.988716476000036],[-80.66732479899997,24.98639947600003],[-80.66674779899995,24.987246476000053],[-80.67008779999998,24.99016947700005],[-80.67184580099996,24.988716476000036]]],[[[-80.68024680599996,25.100758505000044],[-80.68042280599997,25.099286504000077],[-80.66693480199996,25.095966504000046],[-80.66965280299996,25.100873505000038],[-80.67450280399999,25.10411050600004],[-80.68024680599996,25.100758505000044]]],[[[-80.68063880399995,25.032949487000053],[-80.67623980299999,25.030994487000044],[-80.67373180199996,25.03292048800006],[-80.67806380399998,25.035266488000048],[-80.68063880399995,25.032949487000053]]],[[[-80.68471480699998,25.114628508000067],[-80.68586380799997,25.112895508000065],[-80.68318280699998,25.112663508000026],[-80.68062980599996,25.11763350900003],[-80.67590680499995,25.114513508000073],[-80.67948180599996,25.12318151100004],[-80.68075780599997,25.122141510000063],[-80.68216180699994,25.12364351100007],[-80.68407680699994,25.122950510000067],[-80.68369380699994,25.120407510000064],[-80.68522580799998,25.11936750900003],[-80.68331080699994,25.116824509000026],[-80.68471480699998,25.114628508000067]]],[[[-80.68599180599995,25.030598487000077],[-80.68706780599996,25.027201486000024],[-80.68211380399998,25.02531848500007],[-80.68205580499995,25.030724487000043],[-80.68599180599995,25.030598487000077]]],[[[-80.70064781099995,25.055096493000065],[-80.69772880999994,25.04962449100003],[-80.69448280899996,25.050075492000076],[-80.69250680799996,25.052173492000065],[-80.69501480899999,25.05443049300004],[-80.69270080799998,25.057276493000074],[-80.69264580799995,25.060090494000065],[-80.69563780899995,25.06208849500007],[-80.70064781099995,25.055096493000065]]],[[[-80.70217581199995,25.098774504000062],[-80.70154081199996,25.095763503000057],[-80.69867481099999,25.096204503000024],[-80.69722481099996,25.098330504000046],[-80.69913881099995,25.107346506000056],[-80.70089481199994,25.10807350600004],[-80.70015981199998,25.101451505000057],[-80.70217581199995,25.098774504000062]]],[[[-80.70156481299995,25.122603510000033],[-80.70284081299997,25.12133251000006],[-80.70070281199997,25.11839050900005],[-80.70090581199997,25.11582450800006],[-80.69441580999995,25.119945509000047],[-80.69454380999997,25.122256510000057],[-80.69862881199998,25.121216510000068],[-80.70156481299995,25.122603510000033]]],[[[-80.70400580799998,24.902062453000042],[-80.70435580799995,24.898533453000027],[-80.70259280699997,24.897041452000053],[-80.69642380599998,24.89665145200007],[-80.69340680499994,24.899536453000053],[-80.69806080599994,24.908873455000048],[-80.70049380699999,24.908074455000076],[-80.70400580799998,24.902062453000042]]],[[[-80.71496081699996,25.140799514000037],[-80.70601981399994,25.128908511000077],[-80.69964981199996,25.125723511000047],[-80.69862881199998,25.12711051100007],[-80.70169181299997,25.133351513000036],[-80.70960581499997,25.13751151400004],[-80.70960581499997,25.141324515000065],[-80.71113781599996,25.143058515000064],[-80.71496081699996,25.140799514000037]]],[[[-80.71475881699996,25.14979151700004],[-80.71463981699998,25.14656351600007],[-80.71297581599998,25.143981515000064],[-80.71131181599998,25.144412515000056],[-80.71095581599997,25.14581051600004],[-80.71475881699996,25.14979151700004]]],[[[-80.72829881999996,25.094740502000036],[-80.72606681899998,25.08941050100003],[-80.72333281799996,25.090702501000067],[-80.72421781799994,25.093998502000034],[-80.72314781799997,25.095787503000054],[-80.72001081699995,25.09653150300005],[-80.72486581899994,25.099329504000025],[-80.72829881999996,25.094740502000036]]],[[[-80.73163581799997,24.99554347700007],[-80.73063281799995,24.99323647600005],[-80.72625381699999,24.996233477000033],[-80.723689816,25.005055479000077],[-80.73009581799994,25.002451479000058],[-80.73163581799997,24.99554347700007]]],[[[-80.73715182099994,25.065552495000077],[-80.73383782099995,25.065770495000038],[-80.72994381899997,25.062016494000034],[-80.72799181899995,25.06262249400004],[-80.72820581899998,25.070897496000043],[-80.73178381999998,25.06801649500005],[-80.73432382099998,25.072161496000035],[-80.73609982099998,25.07064749600005],[-80.73715182099994,25.065552495000077]]],[[[-80.74009182099996,25.008396480000044],[-80.73590381999998,25.00181447800003],[-80.73552981999995,25.00503947900006],[-80.73851282099997,25.011221481000064],[-80.74009182099996,25.008396480000044]]],[[[-80.74106237299998,24.85371948200003],[-80.73748281599995,24.84874343900003],[-80.73517781599998,24.84882643900005],[-80.72576781299995,24.857918442000027],[-80.70333480699998,24.868355445000077],[-80.69598880499996,24.877729447000036],[-80.68987480299995,24.881765449000056],[-80.69065380399996,24.88422544900004],[-80.69642280499994,24.88445144900004],[-80.70408780699995,24.88030544800006],[-80.70466880699996,24.872555446000035],[-80.71851381099998,24.86300844300007],[-80.72065281199997,24.862469443000066],[-80.72630181399995,24.866578444000027],[-80.73296881499994,24.864319443000056],[-80.74053281699997,24.856631441000047],[-80.74106237299998,24.85371948200003]]],[[[-80.75906782699997,25.032713486000034],[-80.75830882699995,25.028931485000044],[-80.75368582499993,25.029122485000073],[-80.75048482399995,25.02608148400003],[-80.74942482399996,25.027651485000035],[-80.75083982499996,25.02922548500004],[-80.75571482599997,25.031291486000043],[-80.75369382599996,25.037897487000066],[-80.75453282599995,25.039609488000053],[-80.75802682699998,25.03629748700007],[-80.75906782699997,25.032713486000034]]],[[[-80.762531831,25.145272515000045],[-80.76276983099996,25.143659514000035],[-80.76088882999994,25.14353251400007],[-80.75884782999998,25.145272515000045],[-80.76051182999998,25.146348515000057],[-80.762531831,25.145272515000045]]],[[[-80.78817483299997,24.940466462000074],[-80.78689583299996,24.937548461000063],[-80.78369583199998,24.937190461000057],[-80.78267483199994,24.93933146100005],[-80.783893832,24.940845462000027],[-80.78817483299997,24.940466462000074]]],[[[-80.79124583599997,25.025311483000053],[-80.79153683599998,25.02357148300007],[-80.78923483599993,25.023186483000075],[-80.78713783499995,25.02301548300005],[-80.78523483399994,25.024760483000023],[-80.78630383499996,25.026560484000072],[-80.79124583599997,25.025311483000053]]],[[[-80.79224183899998,25.131717510000044],[-80.78670583699994,25.124427509000043],[-80.78118483599997,25.122031508000077],[-80.78092083599995,25.123908509000046],[-80.78927083799994,25.13204051100007],[-80.79224183899998,25.131717510000044]]],[[[-80.79159683799998,25.09456250100004],[-80.79112583799997,25.09147450000006],[-80.78767483699994,25.08912250000003],[-80.78567283599995,25.092480501000068],[-80.78945683699999,25.092095500000028],[-80.79159683799998,25.09456250100004]]],[[[-80.79244683799999,25.071181495000076],[-80.79230283799996,25.067928494000057],[-80.78975783699997,25.06673849400005],[-80.78752183599994,25.06868149400003],[-80.78867583699997,25.07103849500004],[-80.79244683799999,25.071181495000076]]],[[[-80.83272884799999,24.99347347400004],[-80.82976784699997,24.987686473000053],[-80.82791184599995,24.987930473000063],[-80.82988984699995,24.994457475000047],[-80.83272884799999,24.99347347400004]]],[[[-80.83415685099999,25.11977650700004],[-80.83086084999997,25.11524050500003],[-80.82865984899996,25.114965505000043],[-80.83230085099996,25.121703507000063],[-80.83415685099999,25.11977650700004]]],[[[-80.84849284799998,24.804717426000025],[-80.85034084799997,24.802604425000027],[-80.84619384699994,24.802972425000064],[-80.82437984099994,24.812379428000042],[-80.79453383199996,24.812054429000057],[-80.78669482999999,24.824041432000058],[-80.79017483099994,24.82645043200006],[-80.79302683199995,24.826126432000024],[-80.79409583199998,24.823645432000035],[-80.79884983399995,24.821704431000057],[-80.80253383499996,24.822782431000064],[-80.80538583599997,24.830009433000043],[-80.79682983299995,24.837343435000037],[-80.78783283099995,24.84141343600004],[-80.79278283199994,24.84392243700006],[-80.80495583599998,24.83484743400004],[-80.80893783699997,24.83365343400004],[-80.83307584299996,24.810701428000073],[-80.84614484699995,24.807492426000067],[-80.84849284799998,24.804717426000025]]],[[[-80.85263885599994,25.109869504000073],[-80.85147385599998,25.10774050300006],[-80.84975985499995,25.108477503000074],[-80.85037785599997,25.110723504000077],[-80.85263885599994,25.109869504000073]]],[[[-80.86538785799996,25.032389484000078],[-80.86534485799996,25.029955483000037],[-80.86089785699994,25.031063483000025],[-80.86260285699996,25.033964484000023],[-80.86538785799996,25.032389484000078]]],[[[-80.88312086499997,25.110672503000046],[-80.88250286499994,25.10834350300007],[-80.87607886299998,25.110880503000033],[-80.87538386299997,25.115261505000035],[-80.87929086399998,25.118920505000062],[-80.88135086499994,25.11840350500006],[-80.881197865,25.113789504000067],[-80.88312086499997,25.110672503000046]]],[[[-80.88731386499995,25.05983949000006],[-80.88536186399995,25.058099490000075],[-80.88358486399994,25.059882490000064],[-80.88481686399996,25.06120349100007],[-80.88731386499995,25.05983949000006]]],[[[-80.90495786999998,25.05165248800006],[-80.90227586899994,25.049317487000053],[-80.90177886899994,25.05221848800005],[-80.90495786999998,25.05165248800006]]],[[[-80.90939387299994,25.133442509000076],[-80.90540887199995,25.132566508000025],[-80.90057587099994,25.134905509000077],[-80.90021187099995,25.13741551000004],[-80.90423387199996,25.13743351000005],[-80.90939387299994,25.133442509000076]]],[[[-80.91499787399994,25.108628502000045],[-80.91106987299997,25.10195550000003],[-80.90781687199996,25.102901501000076],[-80.90738687199996,25.104333501000042],[-80.91202287299996,25.11032950300006],[-80.91499787399994,25.108628502000045]]],[[[-80.92315586799998,24.76668241400006],[-80.92294686799994,24.765692414000057],[-80.91211786499997,24.765972414000032],[-80.90761886399997,24.768624415000033],[-80.90653386399998,24.770656416000065],[-80.90876286499997,24.777608418000057],[-80.91531286599997,24.77790441700006],[-80.91448086599996,24.774559417000035],[-80.91673886699994,24.770567416000063],[-80.92315586799998,24.76668241400006]]],[[[-80.93159387099996,24.768733415000042],[-80.93153387099994,24.76340241300005],[-80.92636486899994,24.765927414000032],[-80.92600886899999,24.768948415000068],[-80.93099987099998,24.770135415000027],[-80.93159387099996,24.768733415000042]]],[[[-80.93157687799999,25.08064749500005],[-80.92987987799995,25.07847249400004],[-80.92734787699999,25.07844949400004],[-80.92517087699997,25.080558495000048],[-80.93157687799999,25.08064749500005]]],[[[-80.94341588299994,25.10863050200004],[-80.94403888299996,25.10766650100004],[-80.94164488199993,25.106174501000055],[-80.93248387899996,25.109235502000047],[-80.93531987999995,25.111096502000066],[-80.94341588299994,25.10863050200004]]],[[[-81.12476392599996,24.707133395000028],[-81.12409692499995,24.70487739500004],[-81.12019292399998,24.704187395000076],[-81.11285092199995,24.692249392000065],[-81.10804391999994,24.688596391000033],[-81.09444091599994,24.68934739100007],[-81.08244291299997,24.691959392000058],[-81.07930991199999,24.689498392000075],[-81.07730291099995,24.689978392000057],[-81.07549491099996,24.691817392000075],[-81.07844191199996,24.69238639200006],[-81.07871891199994,24.696561393000025],[-81.07585791099996,24.704270395000037],[-81.07103690999998,24.711726397000064],[-81.06713790899994,24.714935398000023],[-81.06015190699998,24.71573939900003],[-81.05347390499998,24.720044400000063],[-81.02975589899995,24.728153402000032],[-81.02821089799994,24.726749402000053],[-81.03028889899997,24.72284140100004],[-81.02945989799997,24.721120401000064],[-81.02379689699995,24.71690540000003],[-81.01593589399994,24.719885401000056],[-81.00663189199997,24.726812403000054],[-80.97589288299997,24.742480407000073],[-80.96425687999994,24.751709410000046],[-80.93854587299995,24.767539414000055],[-80.93123787099995,24.772941416000037],[-80.93141887099995,24.774348416000066],[-80.93906787299994,24.774569416000077],[-80.94941987599998,24.765927414000032],[-80.95215287699995,24.766143414000055],[-80.95193487699999,24.769703415000038],[-80.95381687699995,24.77089141500005],[-80.95849187899995,24.765400413000066],[-80.96396087999995,24.76371441300006],[-80.966955881,24.758373411000036],[-80.97194188199995,24.759343412000078],[-80.977074884,24.756909411000038],[-80.97996188499997,24.752869410000073],[-80.98317088599998,24.754596410000033],[-80.98611788699998,24.75989941100005],[-80.98868588699997,24.760164411000062],[-80.98720088699997,24.754525410000042],[-80.98939988699993,24.74982040900005],[-80.99452988899998,24.74861340800004],[-80.99442888899995,24.743995407000057],[-81.00814489299995,24.73886440600006],[-81.01009189299998,24.74054940600007],[-81.01182789399996,24.739905406000048],[-81.01692089499994,24.734680404000073],[-81.02107489599996,24.733426404000056],[-81.02357589699994,24.73480640400004],[-81.02595289799996,24.733550404000027],[-81.02894289899996,24.73776940500005],[-81.03092589899995,24.737727405000044],[-81.03670090099996,24.74283140600005],[-81.04159590199998,24.74328240600005],[-81.05057290499997,24.73758540400007],[-81.05646290599998,24.73114040300004],[-81.06145390799998,24.728996402000064],[-81.06681890899995,24.723930401000075],[-81.06540790899999,24.720920400000068],[-81.07166991099996,24.72036540000005],[-81.07693491199996,24.716494399000055],[-81.07761991199999,24.72133740000004],[-81.08073591299996,24.718204399000058],[-81.09021691599997,24.71657939800008],[-81.09913791799994,24.71199739700006],[-81.10528991999996,24.711284397000043],[-81.10735792099996,24.712764397000058],[-81.11858892399994,24.707817396000053],[-81.12476392599996,24.707133395000028]]],[[[-81.23099995799998,24.782137412000054],[-81.23005795799997,24.77686341100008],[-81.22613795699993,24.775725411000053],[-81.22798095699994,24.781789412000023],[-81.23099995799998,24.782137412000054]]],[[[-81.28081096999995,24.65562937900006],[-81.28178096999994,24.65375437800003],[-81.27324296799998,24.65907038000006],[-81.25492396199996,24.66481538200003],[-81.24770796099995,24.66941838300005],[-81.24476395999994,24.669206383000073],[-81.24323495899995,24.67400238400006],[-81.24609795999999,24.675836385000025],[-81.25210496199998,24.672874384000067],[-81.26000896399995,24.674852384000076],[-81.26791096599999,24.664990382000042],[-81.27415896799994,24.662996381000028],[-81.28081096999995,24.65562937900006]]],[[[-81.29562897699998,24.77734841000006],[-81.29394897599997,24.77257440900007],[-81.28924597499997,24.769039408000026],[-81.28573697399997,24.76824640800004],[-81.28498197399995,24.77168640900004],[-81.28776097499997,24.776356410000062],[-81.29323597599995,24.780838411000047],[-81.29562897699998,24.77734841000006]]],[[[-81.31425798199996,24.752545403000056],[-81.31425798199996,24.750819403000037],[-81.29896197699998,24.743649401000027],[-81.29951197699995,24.747037402000046],[-81.30609997999994,24.75708340400007],[-81.31176298099996,24.756107404000034],[-81.31425798199996,24.752545403000056]]],[[[-81.32707598599995,24.76385940600005],[-81.32759498599995,24.762311405000048],[-81.32400298499994,24.75956040500006],[-81.31734798299993,24.75675440400005],[-81.32422398499995,24.767064407000078],[-81.32707598599995,24.76385940600005]]],[[[-81.33064798599997,24.729535397000063],[-81.32935098599995,24.726642396000045],[-81.32229198399995,24.728785397000024],[-81.31276998099997,24.727358397000046],[-81.30325597799998,24.71403339400007],[-81.29740397599994,24.716736394000066],[-81.29928497699996,24.71692639400004],[-81.30213697799996,24.721244395000042],[-81.30225597799995,24.730312398000024],[-81.30368197799999,24.732470398000032],[-81.31045597999997,24.738731400000063],[-81.31330798099998,24.73797539900005],[-81.31746698199998,24.739270400000066],[-81.32590498499997,24.746178401000066],[-81.32839998599997,24.750279402000047],[-81.33037898599997,24.74972640200008],[-81.32566698499994,24.739810400000067],[-81.32519198399996,24.73095939700005],[-81.33064798599997,24.729535397000063]]],[[[-81.34218598999996,24.739162399000065],[-81.34028398899994,24.737220399000023],[-81.33766998799996,24.737220399000023],[-81.33291598699998,24.73160739700006],[-81.33089598599997,24.74164540000004],[-81.33362898699994,24.744235401000026],[-81.33636298799996,24.744775401000027],[-81.33636298799996,24.740026400000033],[-81.34218598999996,24.739162399000065]]],[[[-81.35598901699996,25.703530644000068],[-81.357007018,25.696649642000068],[-81.35562701699996,25.692520641000044],[-81.35055901599998,25.689836640000067],[-81.33824501199996,25.692899641000054],[-81.33601201199997,25.707869645000073],[-81.34124101299994,25.712581646000046],[-81.35215701599998,25.70734964500008],[-81.35598901699996,25.703530644000068]]],[[[-81.44425501699999,24.63528737100006],[-81.44431501699995,24.632925370000066],[-81.44087601599995,24.632975370000054],[-81.44171901599998,24.636035371000048],[-81.44425501699999,24.63528737100006]]],[[[-81.48281802799994,24.61809736500004],[-81.47147402399997,24.609855364000055],[-81.46889602299996,24.608474363000028],[-81.46766802299999,24.60997736400003],[-81.46904202299999,24.61315936400007],[-81.48098902699996,24.618617366000024],[-81.48281802799994,24.61809736500004]]],[[[-81.81579612299998,24.562743345000058],[-81.80946412099996,24.556622343000072],[-81.81253912099999,24.545473340000058],[-81.80355911899994,24.544510340000045],[-81.78598411399997,24.546726341000067],[-81.77522211099995,24.55041334200007],[-81.76338810699997,24.55242434300004],[-81.75502210499997,24.551750343000037],[-81.74876610299998,24.55462634400004],[-81.73533409899994,24.556831345000035],[-81.71123709199998,24.556404345000033],[-81.69779608799996,24.55952234600005],[-81.68524608499996,24.558680346000074],[-81.67731008299995,24.56297334800007],[-81.66514507899996,24.57326235000005],[-81.64413407299998,24.574921351000057],[-81.63825707199999,24.579131352000047],[-81.62819006899997,24.579072353000072],[-81.61185506399994,24.585582355000042],[-81.60433606199996,24.58616835500004],[-81.59195305899993,24.59348835700007],[-81.57455905399996,24.60093935900005],[-81.56412905099995,24.603841360000047],[-81.55918704899995,24.609575362000044],[-81.54161304399997,24.61440536300006],[-81.53431904199994,24.617911364000065],[-81.51902803799999,24.618816365000043],[-81.51077103599994,24.625673367000047],[-81.50817203499997,24.638152370000057],[-81.50963103599997,24.647061372000053],[-81.50594703499996,24.65451437400003],[-81.48182302799995,24.647818373000064],[-81.48051502699997,24.64457737200007],[-81.47302802499996,24.649006374000066],[-81.44688401799993,24.653434375000074],[-81.44605201699994,24.644361373000038],[-81.44391801699999,24.642681372000027],[-81.43571301499998,24.65073437500007],[-81.42256401099996,24.64660037400006],[-81.41254000799995,24.646736374000056],[-81.40640600599994,24.642464373000053],[-81.401892004,24.62354836800006],[-81.39479800199996,24.62113936800006],[-81.36632899399996,24.631115371000078],[-81.36310199299999,24.630967371000054],[-81.36130299299998,24.63299937200003],[-81.34660098799998,24.635811373000024],[-81.33796398599998,24.640305374000036],[-81.33267598399993,24.63969537400004],[-81.32791798299996,24.645405375000053],[-81.31307497899996,24.647255376000032],[-81.296897974,24.65538637900005],[-81.30883397799994,24.664636381000037],[-81.31643198099994,24.697669389000055],[-81.31960598199998,24.70267639000008],[-81.33624398699999,24.70451139000005],[-81.34182898899996,24.707102391000035],[-81.35121799199999,24.72027339400006],[-81.35941799399995,24.72858439600003],[-81.36131899499998,24.737220398000034],[-81.36630999699997,24.742400400000065],[-81.36550899699995,24.76930440600006],[-81.37182499899995,24.77909340900004],[-81.40123400799996,24.791477411000074],[-81.44351302099994,24.81336841600006],[-81.47528602999995,24.79894341200003],[-81.49810403599997,24.792578410000033],[-81.52276304299994,24.772887404000073],[-81.53607304599996,24.765981402000023],[-81.56143505399996,24.760382400000026],[-81.57115405599995,24.756358399000078],[-81.58460205999995,24.736700394000025],[-81.64386907599999,24.712349386000028],[-81.65651207999997,24.702909384000066],[-81.67234108399998,24.699518383000054],[-81.68741308799997,24.686202379000065],[-81.70131809199995,24.67772837600006],[-81.74565410499997,24.659886371000027],[-81.75428410699999,24.654047369000068],[-81.76533910999996,24.63263036400008],[-81.75138010599994,24.62823736300004],[-81.72835209899995,24.617581361000077],[-81.72199809699998,24.60665835800006],[-81.73928910099994,24.590111353000054],[-81.75283710499997,24.580238351000048],[-81.76644410899996,24.58601935200005],[-81.77408711099997,24.58477135100003],[-81.78225011299998,24.577914349000025],[-81.79401511699996,24.575753349000024],[-81.79538011699998,24.592872353000075],[-81.797150118,24.594618353000044],[-81.79949811899996,24.594172353000033],[-81.79934311799997,24.576093349000075],[-81.80233411899997,24.565161346000025],[-81.80993912099996,24.57056534700007],[-81.81579612299998,24.562743345000058]]],[[[-81.89309314499997,24.562737343000038],[-81.89192014499997,24.559913343000062],[-81.88823114299998,24.557776342000068],[-81.88374614199995,24.560334343000022],[-81.88588114299995,24.56297234400006],[-81.89309314499997,24.562737343000038]]],[[[-81.92351815499995,24.602650353000058],[-81.92331215499996,24.600491352000063],[-81.92108515399997,24.60129435300007],[-81.91888715299996,24.604283353000028],[-81.91947515399994,24.605484354000055],[-81.92308315499997,24.606629354000063],[-81.92351815499995,24.602650353000058]]],[[[-81.92513515399997,24.54482433800007],[-81.92489515399996,24.53996833700006],[-81.91755215199998,24.543881338000062],[-81.91698015199995,24.546761339000057],[-81.92133115299998,24.548484339000026],[-81.92513515399997,24.54482433800007]]],[[[-81.92834015399995,24.529249334000042],[-81.92833215399997,24.526591333000056],[-81.92599815399996,24.52651833300007],[-81.91900215199996,24.528555334000032],[-81.91772815099995,24.53052533500005],[-81.92558715399997,24.53286733500005],[-81.92834015399995,24.529249334000042]]],[[[-81.97965516899995,24.52469133200003],[-81.97836616899997,24.52310033200007],[-81.96670116499996,24.523758332000057],[-81.97121016699998,24.52765533300004],[-81.97965516899995,24.52469133200003]]],[[[-82.00977517799998,24.534918334000054],[-82.00645617699996,24.527441332000024],[-81.99831117499997,24.53086733300006],[-81.99982017499997,24.533535334000078],[-82.00748717699997,24.53790633500006],[-82.00977517799998,24.534918334000054]]],[[[-82.14541021899998,24.589904345000036],[-82.14560521799996,24.58647734400006],[-82.14376121799995,24.586127344000033],[-82.141859217,24.589802345000066],[-82.13948221699997,24.590666346000035],[-82.12569721299997,24.585371345000055],[-82.12189421199997,24.581697344000077],[-82.11809120999999,24.569700341000043],[-82.11274320899997,24.57067334100003],[-82.11036720799996,24.56862034100004],[-82.11286220799997,24.559865338000066],[-82.12296421099995,24.551758336000034],[-82.13354021399994,24.552406336000047],[-82.13354021399994,24.550028335000036],[-82.13025621299994,24.548211335000076],[-82.11609020899994,24.549548336000043],[-82.11344920799996,24.551471336000077],[-82.11164520799997,24.555490337000037],[-82.10598920599995,24.55856933800004],[-82.10133920499999,24.565501340000026],[-82.09955420499995,24.574584342000037],[-82.10163420599997,24.58504334500003],[-82.10812020799995,24.59062334600003],[-82.12483021299994,24.59706834800005],[-82.13002621399994,24.597512348000066],[-82.14000321699996,24.595148347000077],[-82.14541021899998,24.589904345000036]]],[[[-82.14887121899994,24.551650336000023],[-82.14601921799994,24.548947335000037],[-82.14450621699996,24.549868335000042],[-82.145187218,24.552515336000056],[-82.14887121899994,24.551650336000023]]],[[[-82.16566722399995,24.55659333600005],[-82.16522322299994,24.55280633600006],[-82.16264122299998,24.549712335000038],[-82.15903722099995,24.547939334000034],[-82.15642922099994,24.549111335000077],[-82.15576322099997,24.551434335000067],[-82.15707122099997,24.553487336000046],[-82.16063622199994,24.551109335000035],[-82.16301322299995,24.553812336000078],[-82.16265622299994,24.56116233800003],[-82.15825922199997,24.564188339000054],[-82.15671422099996,24.56613433900003],[-82.15766522199993,24.566890339000054],[-82.16167522299997,24.565984339000067],[-82.16452322299995,24.563397338000073],[-82.16566722399995,24.55659333600005]]],[[[-82.22407629299994,26.602900849000036],[-82.22444629299997,26.593253847000028],[-82.22089429199997,26.58390984400006],[-82.21367528999997,26.579916844000024],[-82.20532428699994,26.567932841000072],[-82.20140528499996,26.55631483800005],[-82.20167828499996,26.551386837000052],[-82.19884128399997,26.54598083600007],[-82.18644427899994,26.489225822000037],[-82.18072027699998,26.476261819000058],[-82.17292027499997,26.467662817000075],[-82.148719267,26.455462814000043],[-82.12667425999996,26.436283810000077],[-82.09811825199995,26.42496380800003],[-82.08291824699995,26.422063808000075],[-82.07501824499997,26.422063808000075],[-82.06311724199998,26.425463809000064],[-82.01391622799997,26.45206281700007],[-82.01371622799996,26.45426281700003],[-82.01561022899995,26.45486281700005],[-82.02053022999996,26.453115817000025],[-82.03217623399996,26.45268981600003],[-82.06255424299997,26.470135820000053],[-82.06664024399998,26.46609581900003],[-82.07692724699996,26.46611081900005],[-82.08842624999994,26.455186816000037],[-82.12004925999997,26.47358581900005],[-82.13247726299994,26.479073821000043],[-82.14006826499997,26.477309820000073],[-82.14937126799998,26.477609820000055],[-82.16604527299995,26.489683822000075],[-82.17754427699998,26.502332825000053],[-82.17953827799994,26.512469828000064],[-82.18785628099994,26.523528830000032],[-82.19188728199998,26.543623835000062],[-82.19736428399995,26.553510837000033],[-82.20635528799994,26.58363184500007],[-82.21434028999994,26.60294884900003],[-82.21994329199998,26.607075850000058],[-82.22407629299994,26.602900849000036]]],[[[-82.26248830699996,26.683978868000054],[-82.26248830599997,26.677606867000065],[-82.24828630199994,26.66166286300006],[-82.23610529799998,26.63788585700007],[-82.23146929599994,26.63473085700008],[-82.22313029299994,26.612548851000042],[-82.22113229299998,26.613450852000028],[-82.21875529199997,26.625137855000048],[-82.22374629399997,26.626837855000076],[-82.22778729499998,26.637035857000058],[-82.22826229599997,26.644471859000078],[-82.23325329699998,26.649569860000042],[-82.23848229899994,26.662527863000037],[-82.23420429799995,26.67675786700005],[-82.24276030099998,26.681429868000066],[-82.24537530199996,26.686314869000057],[-82.24490030199996,26.692472871000064],[-82.24252330099995,26.696719872000074],[-82.24608830299996,26.706061874000056],[-82.25012930399998,26.70776087400003],[-82.25583330499995,26.703938873000027],[-82.25844730599994,26.688012869000033],[-82.26248830699996,26.683978868000054]]],[[[-82.42160338799994,27.846092148000025],[-82.42173338799995,27.843742148000047],[-82.41983238699999,27.842481148000047],[-82.41751838699997,27.84379014800004],[-82.41744538699999,27.846246149000024],[-82.40536938299994,27.847922149000055],[-82.40489138299995,27.84990115000005],[-82.42160338799994,27.846092148000025]]],[[[-82.43746339299997,27.867028153000035],[-82.43742039299997,27.864336152000078],[-82.42978239099995,27.863239152000062],[-82.42428138899999,27.868222154000023],[-82.42462538999996,27.884204158000045],[-82.43545139299994,27.884204157000056],[-82.43746339299997,27.867028153000035]]],[[[-82.44125378099994,27.831248667000068],[-82.44169239299998,27.823539142000072],[-82.43222339,27.822294142000032],[-82.43122438999995,27.838613146000057],[-82.43857939299994,27.839608146000046],[-82.44098539299995,27.835966145000043],[-82.44125378099994,27.831248667000068]]],[[[-82.44621439399998,27.808640139000033],[-82.44692739399994,27.80632713800003],[-82.44431339299996,27.80443513800003],[-82.44312439299995,27.806958138000027],[-82.44407539299993,27.80885013900007],[-82.44621439399998,27.808640139000033]]],[[[-82.57651407399999,27.63677122400003],[-82.57361142499997,27.631271093000066],[-82.56918142399996,27.630536092000057],[-82.56933242399998,27.633166093000057],[-82.57270142499993,27.636948094000047],[-82.57640642599995,27.637759094000046],[-82.57651407399999,27.63677122400003]]],[[[-82.69547346099995,27.665491098000075],[-82.69506546099996,27.661589097000046],[-82.68722245899994,27.66264209700006],[-82.68555845799995,27.664747098000078],[-82.68789145899996,27.668017099000053],[-82.69391046099997,27.66874309900004],[-82.69547346099995,27.665491098000075]]],[[[-82.75733751699994,28.800733368000067],[-82.75614951599994,28.799067368000067],[-82.74925651399997,28.797609368000053],[-82.74640451299996,28.79136036700004],[-82.74748451299996,28.78338636500007],[-82.73671050999997,28.773715363000065],[-82.73143050899995,28.784070365000048],[-82.72381850699998,28.790457367000045],[-82.73047950899996,28.797401368000067],[-82.74212651199997,28.803233369000054],[-82.75733751699994,28.800733368000067]]],[[[-82.76424447899996,27.591290078000043],[-82.76332247799996,27.58215107600006],[-82.75893047699998,27.577117075000046],[-82.75610447599996,27.576090075000025],[-82.76063947699998,27.58556907700006],[-82.75865547699993,27.596965080000075],[-82.75885347699995,27.600475080000024],[-82.76149747799997,27.603082081000025],[-82.76310547899999,27.602399081000044],[-82.76424447899996,27.591290078000043]]],[[[-82.84337751799995,28.119543203000035],[-82.84274651799996,28.11123020200006],[-82.83240851499994,28.106721201000028],[-82.83268251499999,28.109900201000073],[-82.83838651699995,28.113464202000046],[-82.83981251699998,28.11933420400004],[-82.83784051699996,28.124044205000075],[-82.83224051499997,28.12906220600007],[-82.83378951599997,28.130265206000047],[-82.83814851699998,28.129395206000027],[-82.84220451799996,28.125407205000045],[-82.84337751799995,28.119543203000035]]],[[[-82.85243552399999,28.21017822500005],[-82.85036852199994,28.172542216000068],[-82.84744652099994,28.164293214000054],[-82.84057251899998,28.163089214000024],[-82.84040451899995,28.166869215000077],[-82.84551652099998,28.18094621800003],[-82.84307952099994,28.188913220000074],[-82.84395952099999,28.20459922400005],[-82.83885551999998,28.211553226000035],[-82.84836852299998,28.214462226000023],[-82.85243552399999,28.21017822500005]]],[[[-82.87520342999994,24.62925634100003],[-82.87365942899999,24.626473341000064],[-82.86439642599998,24.62657334100004],[-82.86349542599999,24.62443834000004],[-82.86288942599998,24.625703341000076],[-82.86330242599996,24.628883341000062],[-82.87312542899997,24.630583342000023],[-82.87520342999994,24.62925634100003]]],[[[-82.92429344399994,24.630831341000032],[-82.92611744399994,24.62805534000006],[-82.92252244299993,24.629730340000037],[-82.91672344199998,24.63625034200004],[-82.92429344399994,24.630831341000032]]],[[[-83.03447260799999,29.12534843800006],[-83.03447260799999,29.12181843700006],[-83.02654560599996,29.11788543600005],[-83.02401460499993,29.119327437000038],[-83.02386360499997,29.124039438000068],[-83.02781760599999,29.127009438000073],[-83.03280860799998,29.127840438000078],[-83.03447260799999,29.12534843800006]]],[[[-83.03447260699994,29.099599432000048],[-83.03532860699994,29.096312431000058],[-83.03405360699998,29.095552431000044],[-83.02948060599994,29.093784430000028],[-83.02591560499997,29.096276431000035],[-83.03447260699994,29.099599432000048]]],[[[-83.07596261899994,29.10163743100003],[-83.07725461999996,29.100222431000077],[-83.07072161799994,29.096614430000045],[-83.06537061599994,29.095653430000027],[-83.05993161499998,29.099665431000062],[-83.06180561499997,29.10250743200004],[-83.07596261899994,29.10163743100003]]],[[[-83.09341662499997,29.131784438000068],[-83.09392562499994,29.128528437000057],[-83.09008962399997,29.126386436000075],[-83.09025662399995,29.118720435000057],[-83.08565462299998,29.120195435000028],[-83.08260762199995,29.12892243700003],[-83.08842562399997,29.134899438000048],[-83.09341662499997,29.131784438000068]]],[[[-83.83005186899999,29.97303061300005],[-83.83081886899998,29.971066612000072],[-83.82903586799995,29.969830612000067],[-83.82701586799999,29.971066612000072],[-83.82784786799994,29.972816613000077],[-83.83005186899999,29.97303061300005]]],[[[-84.67468710299994,29.78623954400007],[-84.67207210199996,29.779585543000053],[-84.66791110099996,29.77790254300004],[-84.62374508799996,29.788503546000072],[-84.57941007699998,29.807858552000027],[-84.57212807499997,29.81867055500004],[-84.57248407499998,29.828464557000075],[-84.57397907599994,29.830577558000073],[-84.57652507599994,29.827846557000044],[-84.58032707799998,29.826918557000056],[-84.58210807799998,29.82293255600007],[-84.58625407899996,29.819595555000035],[-84.58555607899996,29.816814554000075],[-84.58852707899996,29.815061554000067],[-84.59126107999998,29.81588655400003],[-84.60306408299994,29.811653552000053],[-84.61122508499994,29.800417550000077],[-84.62453608899995,29.790105547000053],[-84.63487509199996,29.78804354600004],[-84.64409309399997,29.789676546000067],[-84.64854209499998,29.783711545000074],[-84.65674209799994,29.78175154400003],[-84.66193209899996,29.781724544000042],[-84.67181310199999,29.786562545000038],[-84.67468710299994,29.78623954400007]]],[[[-85.09717221699998,29.62624749500003],[-85.09773021699993,29.62403349500005],[-85.09539421599999,29.62117449400006],[-85.06945720799996,29.60528749100007],[-85.04507819999998,29.586996488000068],[-84.95645617599996,29.61400249600007],[-84.88463615699999,29.65225350700007],[-84.87005915299994,29.65872850900007],[-84.79913313399999,29.68157051700007],[-84.776958128,29.69219652000004],[-84.76512112499995,29.69972952200004],[-84.69262310699997,29.763044539000077],[-84.69341210699997,29.768869540000026],[-84.69488910799998,29.770920540000077],[-84.69667210799997,29.77071454000003],[-84.70002710899996,29.76421853900007],[-84.70253510999999,29.76396053800005],[-84.70580711099996,29.76059153800003],[-84.70751211099997,29.75409553600008],[-84.71107111199996,29.750003535000076],[-84.71669911299995,29.74471253400003],[-84.72064511399998,29.74522653400004],[-84.72347711499998,29.74344053300007],[-84.72577111499999,29.73609453100005],[-84.73987611899997,29.72675452900006],[-84.74572912099995,29.726257529000065],[-84.76702612599996,29.711418524000067],[-84.77721212899996,29.70740352300004],[-84.77905812899996,29.70255452200007],[-84.77728212899996,29.695869521000077],[-84.78221612999994,29.69261152000007],[-84.78695213099996,29.695011520000037],[-84.79464813399994,29.702725522000037],[-84.79859113499998,29.70207952100003],[-84.79780613399998,29.69484052000007],[-84.79385913299996,29.694669520000048],[-84.79010913199994,29.69175451900003],[-84.79050413199997,29.689526519000026],[-84.80293713499998,29.68369751700004],[-84.80828513699998,29.68434251700006],[-84.81308413799997,29.681219516000056],[-84.83463814399994,29.675862514000073],[-84.85306114899998,29.671866513000055],[-84.86143315199996,29.67277651300003],[-84.86312615199995,29.66980951200003],[-84.86764915299995,29.670959512000024],[-84.86784915299995,29.66682951100006],[-84.87292815399996,29.66432051000004],[-84.87949215599997,29.663668510000036],[-84.88586315799995,29.656586508000032],[-84.89334515999997,29.656472508000036],[-84.89865516099997,29.653734507000024],[-84.90381916299998,29.648742506000076],[-84.91318616499996,29.649899506000054],[-84.92404416799997,29.646894505000034],[-84.92805116899996,29.63825450300004],[-84.93259616999995,29.637237502000062],[-84.94840817399995,29.622603499000036],[-84.98150218299998,29.608647494000024],[-84.99792518799995,29.60469349300007],[-85.01338019199994,29.604282493000028],[-85.01574919299998,29.598179491000053],[-85.02086519399995,29.59843949100008],[-85.02705119599995,29.596731490000025],[-85.05239620299994,29.603286491000063],[-85.06902220799998,29.609446492000075],[-85.07828021099994,29.617464494000046],[-85.08395021299998,29.619385494000028],[-85.09172821499999,29.626474495000025],[-85.09488621599996,29.62776249500007],[-85.09717221699998,29.62624749500003]]],[[[-85.22230025399995,29.679586504000042],[-85.22161225399998,29.677769503000036],[-85.20431824899998,29.672700503000044],[-85.18715924399999,29.665694501000075],[-85.15676923399997,29.64768749800004],[-85.14101422899995,29.63404349600006],[-85.13552722799994,29.632009495000034],[-85.12045822299996,29.630020495000053],[-85.09676821699998,29.633062497000026],[-85.09133921599994,29.65046650100004],[-85.07431221199994,29.673986507000052],[-85.08045921399997,29.674916507000034],[-85.08532421499996,29.679939508000075],[-85.09174621699998,29.682370508000076],[-85.09390621799997,29.684843509000075],[-85.10041221999995,29.68469550800006],[-85.114272224,29.688663509000037],[-85.13464322999994,29.686574508000035],[-85.13964823099997,29.68379550700007],[-85.15641923599998,29.679633506000073],[-85.16862923899998,29.682414506000043],[-85.18478024399997,29.682715505000033],[-85.20186024899994,29.68258150500003],[-85.22230025399995,29.679586504000042]]],[[[-85.00250324599995,31.000687810000045],[-85.24363631499995,31.000889802000074],[-85.57949475299995,30.99640514600003],[-85.89354749899996,30.993472780000047],[-86.11692256199996,30.992922772000043],[-86.23833959599995,30.994375769000044],[-86.51994267599997,30.993250759000034],[-86.56344068799996,30.995228758000053],[-86.70626572799995,30.994708753000054],[-86.725383734,30.996877753000035],[-86.92781478999996,30.997709746000055],[-87.03999382199999,30.999599743000033],[-87.14075984999994,30.99953774000005],[-87.23768987699998,30.99639873600006],[-87.25498488199997,30.998290736000058],[-87.59893297799994,30.99746272400006],[-87.59672697699995,30.987615722000044],[-87.59268097599994,30.980145720000053],[-87.59411597599996,30.976340719000063],[-87.58919197399996,30.964469717000043],[-87.59205997399994,30.951497714000027],[-87.59689497499994,30.94113671200006],[-87.60268897599997,30.934282710000048],[-87.60781597699997,30.92449570800005],[-87.61601797799995,30.90145870200007],[-87.62220797999998,30.897513701000037],[-87.62079297899999,30.887499699000045],[-87.62945898099997,30.880120697000052],[-87.63494298199998,30.865891694000027],[-87.62623297899995,30.85713269200005],[-87.62538497899999,30.854360692000057],[-87.62732797899997,30.847966690000078],[-87.61728597599995,30.840358689000027],[-87.61537197499996,30.83703668800007],[-87.61592797499998,30.83469868800006],[-87.605780972,30.831309687000044],[-87.60049097099994,30.820632685000078],[-87.58187396499994,30.812408684000047],[-87.57685396299996,30.808168683000076],[-87.57204796199994,30.800537682000027],[-87.56421395899997,30.796251681000058],[-87.55948895799997,30.790452680000044],[-87.55205595599995,30.786259679000068],[-87.54504895299993,30.778671678000023],[-87.54616495299996,30.772025676000055],[-87.53653294999998,30.761388674000045],[-87.53536994899997,30.749780672000043],[-87.53261194799995,30.743494670000075],[-87.51173394199998,30.733540669000035],[-87.50232193899996,30.72159566600004],[-87.48122993299995,30.716513666000026],[-87.47443392999998,30.70659166400003],[-87.470401929,30.705286664000027],[-87.46634292799996,30.700840663000065],[-87.45695292499994,30.697565663000034],[-87.45140892399996,30.699811663000048],[-87.43981891999994,30.690484662000074],[-87.43602591899997,30.688673661000053],[-87.430376917,30.688650662000043],[-87.41953191399995,30.679986660000054],[-87.40696290999995,30.67517065900006],[-87.40587890899997,30.666621658000054],[-87.40071190799995,30.657153656000048],[-87.39726690699996,30.654356655000072],[-87.39618190599998,30.65045965400003],[-87.39718990599994,30.648122654000076],[-87.39359290399995,30.63088565000004],[-87.39643490499998,30.617739647000064],[-87.39503090399995,30.61528664700006],[-87.39927490499997,30.605616644000065],[-87.40460190599998,30.603394644000048],[-87.40656290699997,30.599933643000043],[-87.40874090699998,30.58370663900007],[-87.41271690699995,30.573232637000046],[-87.41451790799994,30.573461637000037],[-87.41835890899995,30.570048636000024],[-87.41666490799997,30.566311635000034],[-87.41865190799996,30.561842634000072],[-87.42604190999998,30.560078633000046],[-87.42789591099995,30.554164632000038],[-87.43144591099997,30.55026863100005],[-87.43544491299997,30.549145631000044],[-87.44659091499994,30.52707362500007],[-87.44494891399995,30.514948623000066],[-87.44770691399998,30.51046362200003],[-87.44322491299994,30.506787621000058],[-87.43969491199994,30.506654621000052],[-87.43118290899997,30.49580061900008],[-87.43058290899995,30.491101618000073],[-87.43558290999994,30.480501615000037],[-87.43058290799996,30.47660161500005],[-87.42958290799999,30.470601613000042],[-87.42508290599994,30.465601612000057],[-87.41468190299997,30.457301611000048],[-87.40788190099994,30.456401611000047],[-87.40468189999996,30.452902610000024],[-87.399881898,30.451002610000046],[-87.39198089599995,30.451602610000066],[-87.38118089299996,30.450102610000044],[-87.37077288999996,30.446870610000076],[-87.36694388899997,30.440485609000064],[-87.36659588799995,30.43665360800003],[-87.37117388999997,30.43049560600008],[-87.38638089299997,30.420502604000035],[-87.39568089599999,30.417602603000034],[-87.40348189799994,30.410203601000035],[-87.40888189899994,30.408803600000056],[-87.42268190299995,30.41010360000007],[-87.42958290499996,30.406503599000075],[-87.43428290599996,30.397503597000025],[-87.44068290699994,30.391503595000074],[-87.44088290699995,30.38670359400004],[-87.43868290599994,30.380803593000053],[-87.45138290899996,30.36720459000003],[-87.45096690799994,30.346267585000078],[-87.45998290999995,30.33630558300007],[-87.46488291099996,30.333305582000037],[-87.47558391399997,30.33140558100007],[-87.49188391899997,30.330905580000035],[-87.49998492099996,30.328962580000052],[-87.50470592199997,30.32404457800004],[-87.50578492199998,30.312505576000035],[-87.50278492099994,30.30730657500004],[-87.49488391899996,30.30500657400006],[-87.48368391499997,30.304806575000043],[-87.47588391299996,30.307905576000053],[-87.46298290999994,30.307805576000078],[-87.45008290599998,30.311105577000035],[-87.45238290699996,30.30020657500006],[-87.51838492399997,30.283906569000067],[-87.51832892399995,30.280440568000074],[-87.45355790699995,30.29295157300004],[-87.42741289899999,30.296337575000052],[-87.33008387299998,30.31767858300003],[-87.31439686899995,30.321474584000043],[-87.31249486899998,30.32578258500007],[-87.30120486599998,30.330295586000034],[-87.30025486499994,30.328141586000072],[-87.28777686199999,30.32116658500007],[-87.27090085699996,30.316755584000077],[-87.20601483899998,30.32147458700007],[-87.15539682499997,30.327753590000043],[-87.00588778399998,30.355935602000045],[-86.87596674899999,30.377676611000027],[-86.78912472499997,30.388335616000063],[-86.71306670399997,30.39479362000003],[-86.62512467899995,30.396638623000058],[-86.52625065099994,30.387412624000035],[-86.50615464499998,30.382305623000036],[-86.47085363499997,30.383905625000068],[-86.44389462799995,30.383209626000053],[-86.38783261199995,30.377575626000066],[-86.31400259099996,30.366395626000042],[-86.26361457599995,30.355115625000053],[-86.18874555399998,30.334193623000033],[-86.08996752499996,30.303574619000074],[-85.99994149799994,30.270785614000033],[-85.94765148199997,30.249081611000065],[-85.87814246099998,30.215624606000063],[-85.81122344099998,30.17832559900006],[-85.77540942999997,30.156295595000074],[-85.72907241499996,30.118251588000078],[-85.69967940599997,30.09872858500006],[-85.61717138099993,30.062238579000052],[-85.59561537499997,30.050588577000042],[-85.55378336099994,30.011903569000026],[-85.54498935899994,30.005420568000034],[-85.53714635599994,30.003876568000067],[-85.53060935399998,29.997598567000068],[-85.52454935199995,29.98751256500003],[-85.51492234899996,29.977321563000032],[-85.50232534499997,29.967850561000034],[-85.48129133899994,29.95786355900003],[-85.45514633099998,29.95673056000004],[-85.438480326,29.951436559000058],[-85.42832532299997,29.950022559000047],[-85.42043732099995,29.94717055900003],[-85.40505631599996,29.938492557000075],[-85.38473430999994,29.920954554000048],[-85.36373530299994,29.89892055000007],[-85.35016929799997,29.87702454500004],[-85.34284229499997,29.857940541000062],[-85.33665829299997,29.84930053900007],[-85.33229329199997,29.845910538000055],[-85.32501228999996,29.84497153800004],[-85.31746828799999,29.83889953700003],[-85.31454428599994,29.832737536000025],[-85.31455128599998,29.82228453400006],[-85.31142428499999,29.814378532000035],[-85.30279328199998,29.808869531000028],[-85.30084528099997,29.798974529000077],[-85.30607028099996,29.759013519000064],[-85.30480827999997,29.748118517000023],[-85.30702127999996,29.73371551300005],[-85.30493227999995,29.731398513000045],[-85.31073528099995,29.711444508000056],[-85.31004327999995,29.70539050700006],[-85.31241927999997,29.692280504000053],[-85.31598528099994,29.68711850300008],[-85.32177628299996,29.685425502000044],[-85.32934128499994,29.68760250200006],[-85.33233328599994,29.684384501000068],[-85.33976528799997,29.68505950100007],[-85.34125128799997,29.683596501000068],[-85.34410528899997,29.684014501000036],[-85.34648528999998,29.68152250000003],[-85.35021029099994,29.682988501000068],[-85.35353829099995,29.67958150000004],[-85.35543929199997,29.680923500000063],[-85.35924229299997,29.679684500000064],[-85.36268929399995,29.681543500000032],[-85.36185729399995,29.688047501000028],[-85.36368129499994,29.691991502000064],[-85.36756129599996,29.692693502000054],[-85.37070129699998,29.70230450400004],[-85.37796429999997,29.709626506000063],[-85.38858330299996,29.730163510000068],[-85.38908630399999,29.742164513000034],[-85.39219830499997,29.754327516000046],[-85.39553230699994,29.76237351700007],[-85.40261930899999,29.766995518000044],[-85.40000430799995,29.776382520000027],[-85.40215730899996,29.77872552100007],[-85.40970031199998,29.802358526000035],[-85.41014631299998,29.808683528000074],[-85.40699231199994,29.819192530000066],[-85.40988231299997,29.824903531000075],[-85.41043631399998,29.830738533000044],[-85.40015231099994,29.85052853700006],[-85.39752431099998,29.86351454000004],[-85.39008330999997,29.87379054300004],[-85.38467430799994,29.877623544000073],[-85.38705130899996,29.87855154400006],[-85.39929131199995,29.873604543000056],[-85.40511431399995,29.86886454100005],[-85.41176931499996,29.85979553900006],[-85.41797531599997,29.82886053200008],[-85.41398731299995,29.799870525000074],[-85.40963731099998,29.78162352100003],[-85.39841130699995,29.742969513000048],[-85.38087129999997,29.702087504000076],[-85.36506529499997,29.677309499000046],[-85.35674729199997,29.669565497000065],[-85.35151828999994,29.66667449700003],[-85.32834428399997,29.67875550000008],[-85.30659627799997,29.68329850200007],[-85.27663826999998,29.68349050300003],[-85.25972326499993,29.681301503000043],[-85.24107325999995,29.67680750200003],[-85.22997925599998,29.677821503000075],[-85.22268125499994,29.68284050400007],[-85.21912925399994,29.689011506000043],[-85.20551224999997,29.69244050700007],[-85.18794924499997,29.699640509000062],[-85.17728824199997,29.700198510000064],[-85.17229924099996,29.703502511000067],[-85.15324223599998,29.708236512000042],[-85.12147722699996,29.715859515000034],[-85.10168622199996,29.71875351600005],[-85.07212721299999,29.719032517000073],[-85.04807020599998,29.71519151700005],[-85.04022120399998,29.71286451700007],[-85.03586320299996,29.708623516000046],[-85.03262520199996,29.708682516000067],[-85.02515019999998,29.712146517000065],[-85.01385519599995,29.709524517000034],[-85.00587319399995,29.71163451700005],[-85.00493019399994,29.71358851800005],[-84.99326819099997,29.71496651900003],[-84.98165018799995,29.720671520000053],[-84.97700818599998,29.721214520000046],[-84.96884518399997,29.72708552200004],[-84.96418018299994,29.739763525000058],[-84.94659917899997,29.74503752700008],[-84.93837417599997,29.750216528000067],[-84.92756217399995,29.761203531000035],[-84.92092117199996,29.77290653400007],[-84.91640717099995,29.777006535000055],[-84.91511417099997,29.78330853700004],[-84.90963316999995,29.783711537000045],[-84.90413416799998,29.786284538000075],[-84.88515216299999,29.784536538000054],[-84.88182416199999,29.78732153800007],[-84.88206216199995,29.79649954100006],[-84.87766516099998,29.798149541000043],[-84.87065315899997,29.79711854100003],[-84.87255515899994,29.790105539000024],[-84.87112915899996,29.781338537000067],[-84.88002816099998,29.769228534000035],[-84.88618416199995,29.765445533000047],[-84.89584316399998,29.744832528000074],[-84.90214616599997,29.735325526000054],[-84.89944716499997,29.731114525000066],[-84.89489716299994,29.728102524000064],[-84.89279816199996,29.723171523000076],[-84.88803516099995,29.722411523000062],[-84.88178115999995,29.733887526000046],[-84.86827515599998,29.74245952900003],[-84.83717214799998,29.755931533000023],[-84.82420114399997,29.758293534000074],[-84.80789913999996,29.766140536000023],[-84.79841313699995,29.768927537000025],[-84.76175412799995,29.788657542000067],[-84.75559912599994,29.788545543000055],[-84.73432412099999,29.805137547000072],[-84.72780911899997,29.807021548000023],[-84.70181811199996,29.82433855200003],[-84.69205710899996,29.82906455400007],[-84.68397910699997,29.83075355400007],[-84.67442710399996,29.83015255500004],[-84.67505410499996,29.83388655500005],[-84.66828810299995,29.83730755600004],[-84.66461410199997,29.834746556000027],[-84.66110610099997,29.83712755700003],[-84.65645409999996,29.834282556000062],[-84.65459909899994,29.835950556000057],[-84.65270109899996,29.843515558000036],[-84.61315808899997,29.867989565000073],[-84.60330708599997,29.87612256700004],[-84.56807707699994,29.891477572000042],[-84.535877068,29.910097577000045],[-84.52181806399994,29.91408357800003],[-84.51041406099995,29.91634157900006],[-84.50079205799994,29.916096579000055],[-84.49456605599994,29.913962579000042],[-84.49202905599998,29.909877578000078],[-84.48454305399997,29.916263580000077],[-84.47032704999998,29.924529582000048],[-84.45170904499997,29.92909058400005],[-84.44877204399995,29.921619582000062],[-84.44080904099997,29.912967581000032],[-84.43320403899997,29.907507580000072],[-84.42334003599996,29.903284579000058],[-84.40496202999998,29.90123457900006],[-84.37750202199999,29.893401578000066],[-84.36677201899994,29.89576357900006],[-84.34907001399995,29.89681758000006],[-84.34155901199995,29.90219458100006],[-84.33595701099995,29.912967584000057],[-84.33394901099996,29.92965958800005],[-84.33862901299995,29.94649559100003],[-84.34125501399996,29.947765592000053],[-84.34422801499994,29.94707759100004],[-84.35191801699995,29.951429592000068],[-84.36083001999998,29.954162592000046],[-84.36807902199996,29.95148559200004],[-84.37212002299998,29.952514592000057],[-84.38115202599994,29.960751593000055],[-84.38413702699995,29.961380593000058],[-84.40432603299996,29.959825592000072],[-84.40836603399998,29.96342859300006],[-84.41782003699996,29.965505593000046],[-84.42619203899994,29.960031592000064],[-84.43890804199998,29.960237591000066],[-84.44259204399998,29.962193592000062],[-84.44199804399994,29.967855593000024],[-84.43653104199996,29.969708594000053],[-84.43242004099994,29.974242595000078],[-84.43257004099996,29.976203595000072],[-84.43641204199997,29.978562596000074],[-84.43546204199998,29.98175359700008],[-84.43760104299997,29.988135598000042],[-84.43415404199999,29.990502599000024],[-84.42892504099996,29.986900598000034],[-84.41882403799997,29.983297597000046],[-84.40896003499995,29.984944598000027],[-84.39470003099996,29.982370598000045],[-84.385311028,29.97722459700003],[-84.37283302399999,29.97609159700005],[-84.353806019,29.969752596000035],[-84.34830601699997,29.969064596000067],[-84.34175801499998,29.97026359700004],[-84.34015201499994,29.975371598000038],[-84.34466801699995,29.98504760000003],[-84.34656901699998,29.98504760000003],[-84.35215501799996,29.979076598000063],[-84.35643301999994,29.980415599000025],[-84.361966022,29.987744600000042],[-84.36250602199993,29.992822601000057],[-84.36089002199998,29.997964602000025],[-84.36611902399994,30.008667605000028],[-84.36160302299999,30.015665607000074],[-84.35662602099995,30.018565607000028],[-84.35543702099994,30.014037606000045],[-84.35239301999997,30.012911606000046],[-84.34432701799994,30.022475609000026],[-84.34545501799994,30.027002610000068],[-84.33951301699994,30.029266610000036],[-84.33761101599998,30.026385610000034],[-84.33390401499997,30.029015610000044],[-84.33713601599999,30.032353611000076],[-84.33428401599997,30.037085612000055],[-84.31747801099993,30.04810761500005],[-84.29784000599994,30.05745661800006],[-84.29323800499998,30.058423618000063],[-84.28973100399998,30.057202618000076],[-84.28223200199994,30.06115661900003],[-84.277172,30.060268619000055],[-84.27305899899994,30.06376062000004],[-84.27079599899997,30.068099621000044],[-84.27037199899996,30.075474623000048],[-84.274007,30.083084625000026],[-84.272515,30.092363627000054],[-84.26936699899994,30.097665628000073],[-84.26383499799994,30.10028962900003],[-84.26226699799997,30.103729630000032],[-84.25608699599996,30.10475763000005],[-84.24749499299998,30.101145630000076],[-84.24567199299997,30.093026628000075],[-84.239211991,30.090157627000053],[-84.23701798999997,30.08556562600006],[-84.21873998399997,30.08397162700004],[-84.20341697999999,30.084615627000062],[-84.20158897999994,30.087987628000064],[-84.198533979,30.087942628000064],[-84.20167997999994,30.09443562900003],[-84.20450998099994,30.095915630000036],[-84.20878898299998,30.107224632000054],[-84.20559298199998,30.11432863400006],[-84.20215598099998,30.112266634000036],[-84.19356397799999,30.09783163000003],[-84.18806397599997,30.094050630000027],[-84.17981497399995,30.091987630000062],[-84.17706597299997,30.09611263100004],[-84.17500297199996,30.095768631000055],[-84.17384997199997,30.090980629000057],[-84.17740897299996,30.08545762800003],[-84.18222097399996,30.08236462700006],[-84.18449697399996,30.077259626000057],[-84.17915297299999,30.073192625000047],[-84.16788496899994,30.07142762500007],[-84.15728196599997,30.072719626000037],[-84.13568696099998,30.083023629000024],[-84.12489295799998,30.09060663100007],[-84.12060995699994,30.09118563100003],[-84.11894595599995,30.08851263100007],[-84.11384395399995,30.085483630000056],[-84.10564995199996,30.09117763200004],[-84.09374394899999,30.09396063300005],[-84.08306094599999,30.09229163300006],[-84.06299394099995,30.101383635000047],[-84.06071293999997,30.100502635000055],[-84.048718937,30.103213636000078],[-84.04028493399994,30.09964163500007],[-84.03670893299994,30.102290636000077],[-84.02427792999998,30.10327663700008],[-84.01404392599994,30.097335636000025],[-84.00676092399993,30.097560636000026],[-84.00153192299996,30.094681636000075],[-83.99915492199995,30.091391635000036],[-84.00200692199996,30.08522163300006],[-83.99654092099996,30.081725633000076],[-83.98964791899994,30.08727863400003],[-83.98605391799998,30.084600634000026],[-83.98924491799994,30.077693632000035],[-83.98323091699996,30.073087631000078],[-83.97359091399994,30.072511631000054],[-83.96957091299998,30.070418631000052],[-83.96752191199994,30.065769630000034],[-83.95968390999997,30.06494863000006],[-83.95166390699995,30.05863862900003],[-83.95088390699993,30.053412628000046],[-83.94569290499999,30.055014628000038],[-83.94386490399995,30.05078162700005],[-83.93908890299997,30.05010562700005],[-83.93343590099994,30.046310626000036],[-83.93188290099994,30.04418062600007],[-83.93367190099997,30.04115762500004],[-83.925367898,30.034573624000075],[-83.92000789699995,30.034616624000023],[-83.91382789499994,30.032558624000046],[-83.91315389499994,30.028997623000066],[-83.87403588299998,30.01113662000006],[-83.86296487999994,30.007863620000023],[-83.84543087399999,29.998073618000035],[-83.82869386899995,29.983192615000064],[-83.82203586699995,29.98215861500006],[-83.81946886599997,29.984191616000032],[-83.81257686399994,29.981926615000077],[-83.80773286199997,29.976716614000054],[-83.80265286099996,29.97760361400003],[-83.79576085899998,29.97575061400005],[-83.78873285699996,29.97698761500004],[-83.78245085499998,29.975544615000047],[-83.78077585499994,29.972175614000037],[-83.77579585299998,29.972250614000075],[-83.77400685199996,29.968081613000038],[-83.76723885099995,29.968132613000023],[-83.76201584899997,29.960829612000055],[-83.75725284699996,29.957948611000063],[-83.75258384599994,29.955693611000072],[-83.74941284499994,29.958866612000065],[-83.74632284399996,29.95783661200005],[-83.73917384199996,29.949217610000062],[-83.72789083799995,29.94097560800003],[-83.69732282899997,29.92784260600007],[-83.68884682599997,29.922167605000027],[-83.68428882499995,29.92344160500005],[-83.68079482399997,29.921579605000034],[-83.67718582199996,29.911586603000046],[-83.67163982099999,29.909793603000026],[-83.66870681999995,29.90600560200005],[-83.66229081799997,29.90247060100006],[-83.65357381499996,29.894657600000073],[-83.63798380999998,29.88607859800004],[-83.63649780999998,29.882730597000034],[-83.63699080999999,29.876463596000065],[-83.63256880799997,29.87387959600005],[-83.62927680699994,29.86344659300005],[-83.61963980299998,29.847606590000055],[-83.61857180299995,29.842341589000057],[-83.61304080099995,29.83987258800005],[-83.61060779999997,29.836679588000038],[-83.60524779899998,29.836392588000024],[-83.60142479799998,29.833097587000054],[-83.60259779799998,29.83048358600007],[-83.59549679599996,29.827989586000058],[-83.59436579499999,29.818557584000075],[-83.59252379499998,29.818652584000063],[-83.59040479399994,29.821421585000053],[-83.58683979299997,29.81894658400006],[-83.58755279299999,29.816059583000026],[-83.58590279199996,29.811759582000036],[-83.58897879299997,29.805336581000063],[-83.58848079299997,29.802247580000028],[-83.58544179199998,29.80044558000003],[-83.58190678999995,29.792068578000055],[-83.58304879099995,29.787312577000023],[-83.58921679199995,29.783266576000074],[-83.57895878899996,29.76838357300005],[-83.58327478999996,29.765730572000052],[-83.58565178999999,29.761397571000032],[-83.58422578999995,29.75850857000006],[-83.57987678899997,29.759208570000055],[-83.57329278699996,29.76325457200005],[-83.56602178499998,29.76143957100004],[-83.56080678299998,29.749246569000036],[-83.55998078199997,29.74303956700004],[-83.55388377999998,29.741128567000032],[-83.54717577799994,29.73222856500007],[-83.54928677899994,29.729617564000023],[-83.54793077799997,29.728086564000023],[-83.54248877699996,29.72815756400007],[-83.51271976799995,29.71648556300005],[-83.50957876699994,29.71241056200006],[-83.50412776499996,29.71372356200004],[-83.49295676199995,29.712691562000032],[-83.49866076299998,29.709801561000063],[-83.49567676199996,29.707781561000047],[-83.49090976099995,29.708366561000048],[-83.48772775999998,29.70030555900007],[-83.48357075899997,29.698547559000076],[-83.48369475799996,29.688214557000038],[-83.45849275099994,29.68048355600007],[-83.45832975099995,29.678160555000034],[-83.45535974999996,29.676449555000033],[-83.44819774799998,29.675259555000025],[-83.44463874699994,29.677160555000057],[-83.43626274399998,29.677394556000024],[-83.42876274199995,29.67501055500003],[-83.42497974099996,29.66953855400004],[-83.41856273899998,29.66912555400006],[-83.41470473799995,29.670541555000057],[-83.41095673699994,29.66995155500007],[-83.40858073599998,29.667266554000037],[-83.41071973599998,29.66437555300007],[-83.41477773799994,29.66356455300007],[-83.406440735,29.650330550000035],[-83.40144973299994,29.63339154600004],[-83.39948373099998,29.61296154200005],[-83.40168773099998,29.60095153900005],[-83.40507173199995,29.59557553700006],[-83.40691673199996,29.58855053600007],[-83.405259732,29.578324533000057],[-83.40715373199998,29.57056753200004],[-83.40305572999995,29.565013530000044],[-83.40036172899994,29.55013752700006],[-83.40311372999997,29.543276525000067],[-83.39983372799998,29.53304752300005],[-83.39645872699998,29.52983552200004],[-83.39574572699996,29.52631952200005],[-83.40155572799995,29.523296521000077],[-83.400255728,29.51724751900008],[-83.38837772399995,29.512462519000053],[-83.38397672299999,29.51300051900006],[-83.37925772099999,29.503563517000032],[-83.37029171899997,29.499906516000067],[-83.35672571499998,29.499906517000056],[-83.350070712,29.489363514000047],[-83.33993770899997,29.48576451400004],[-83.33113370599995,29.47559951200003],[-83.32321770399994,29.476794512000026],[-83.30783169899996,29.468866511000044],[-83.30709769899994,29.45965650900007],[-83.29616969499995,29.443803505000062],[-83.29378069499995,29.445216506000065],[-83.29187969399999,29.443146505000072],[-83.29558069499996,29.436981504000073],[-83.29107369299999,29.437011504000054],[-83.27202268799994,29.432261503000063],[-83.26396868599994,29.43581150400007],[-83.257653684,29.433004504000053],[-83.24051267899995,29.433183504000056],[-83.23042667599998,29.427480503000027],[-83.22855467499994,29.421209502000067],[-83.218078672,29.420497502000046],[-83.21371266999995,29.413215500000035],[-83.21449466999997,29.410182500000076],[-83.21043366899994,29.404871498000034],[-83.21236966899994,29.400543497000058],[-83.21133466899994,29.398330497000075],[-83.20244966599995,29.39442749600005],[-83.20191166599994,29.38808249500005],[-83.20411766599995,29.38336649400003],[-83.20124266499994,29.380194493000033],[-83.20070566499999,29.373860491000073],[-83.20251166599996,29.37129849100006],[-83.19847166399995,29.367984490000026],[-83.19371766299997,29.370055491000073],[-83.19110366199999,29.368191490000072],[-83.19203466199997,29.365721490000055],[-83.18958466099997,29.363422489000072],[-83.18864166099996,29.358851488000028],[-83.18380965899996,29.35363848700007],[-83.18203865899994,29.34754848600005],[-83.17090065499997,29.342503485000066],[-83.17351465599995,29.33172948200007],[-83.17945665699995,29.328206481000052],[-83.16781065399994,29.328621482000074],[-83.16424565299997,29.323855481000066],[-83.16733565299995,29.314736479000032],[-83.17280165499994,29.315151478000075],[-83.17632065599997,29.31282847800003],[-83.16957965299997,29.290360473000078],[-83.16157165099997,29.285705472000075],[-83.14976764699998,29.289773473000025],[-83.14644864599995,29.289199473000053],[-83.13810064399996,29.28406047200008],[-83.12803064099995,29.282738472000062],[-83.12557063999998,29.278850471000055],[-83.11599263699998,29.273579470000072],[-83.11124263599999,29.275353471000074],[-83.10748063399996,29.26889446900003],[-83.08901662899996,29.266507469000032],[-83.07726862499999,29.255336467000063],[-83.07473762399997,29.24798046500007],[-83.08208762599997,29.23933246300004],[-83.08077662499994,29.234389462000024],[-83.08674162699998,29.224681460000056],[-83.08784262699999,29.21642545800006],[-83.08609162599998,29.20952545600005],[-83.07368962199996,29.185957451000036],[-83.06774761999998,29.178902449000077],[-83.06584561899996,29.164582446000054],[-83.06825261899996,29.15314044300004],[-83.06465761699997,29.142372441000077],[-83.06085461699996,29.14797744200007],[-83.05687061499998,29.146268442000064],[-83.05800261499996,29.13905144000006],[-83.05654561499995,29.12991443800007],[-83.05316361399997,29.12675243800004],[-83.04825761199999,29.129708438000023],[-83.04778261199993,29.133861439000043],[-83.04136461099995,29.137597440000036],[-83.03443860799996,29.13347144000005],[-83.02092460499995,29.139466441000025],[-83.01640860299995,29.138635441000076],[-83.01450760299997,29.140504442000065],[-83.01759660399995,29.14465644300003],[-83.01664660399996,29.15046844400007],[-83.01363260299996,29.15452844500004],[-83.00318359999994,29.157322446000023],[-82.99964659899996,29.16332244800003],[-82.99858259999996,29.174129450000066],[-82.99477959899997,29.17516745100005],[-82.99168959799994,29.173506450000048],[-82.97467959299996,29.170915450000052],[-82.94530558399998,29.167826450000064],[-82.93240857999996,29.167896451000047],[-82.92261657799997,29.169774451000023],[-82.91170957399999,29.16730145100007],[-82.90708557299996,29.164760451000063],[-82.87639956399994,29.159420450000027],[-82.85818255899994,29.162280451000072],[-82.84146955399996,29.15878445100003],[-82.834219551,29.154925450000064],[-82.82707654999996,29.158430451000072],[-82.82246154799998,29.15794045100006],[-82.82056054799995,29.16229945200007],[-82.81390554599994,29.162507453000046],[-82.80701254399997,29.15254445000005],[-82.80809854399996,29.148404449000054],[-82.80473954299998,29.146629449000045],[-82.80673854299994,29.136282447000042],[-82.80570654199994,29.129853445000037],[-82.80844954299994,29.125617444000056],[-82.80275254099996,29.121033443000044],[-82.80178354099996,29.116627442000038],[-82.80772554199996,29.10852944000004],[-82.81287454399995,29.106515439000077],[-82.81536754399997,29.10203843800008],[-82.82366254599998,29.098907437000037],[-82.81937154499997,29.09191543600008],[-82.82019354499994,29.08722143500006],[-82.81461854299994,29.087138435000043],[-82.81461854299994,29.080283433000034],[-82.81692854399995,29.07622043200007],[-82.81556954299998,29.07301343100005],[-82.80820154099996,29.072805432000052],[-82.79985353899997,29.074983432000067],[-82.78348253399997,29.069274431000053],[-82.78490853399995,29.064911430000052],[-82.80582453999995,29.05722442800004],[-82.80487353899997,29.054315427000063],[-82.78324453299996,29.05764042900006],[-82.76375452799994,29.05452342800004],[-82.75351652399996,29.026501422000024],[-82.75828852499995,29.01919642000007],[-82.75938152499998,29.00662441700007],[-82.76405852599999,28.999712415000033],[-82.76055452399999,28.993092414000046],[-82.75198452199999,28.987975413000072],[-82.75716852299996,28.98595741200006],[-82.75333552199999,28.98144141100005],[-82.75092052099995,28.982402412000056],[-82.74358551899996,28.97819941100005],[-82.74367251899997,28.97019540900004],[-82.73261851499996,28.966599409000025],[-82.72572651299998,28.962232408000034],[-82.72386451199998,28.953511406000075],[-82.70879650699999,28.93598440200003],[-82.69601650399994,28.930826401000047],[-82.69625350299998,28.92520940000003],[-82.70148250499994,28.919384398000034],[-82.69554050299996,28.916264398000067],[-82.69197550199993,28.916056398000023],[-82.69231950199998,28.91247839700003],[-82.69577850299999,28.910438396000075],[-82.68886750099995,28.905614395000043],[-82.68977849999999,28.88550039000006],[-82.70061550299994,28.87850338800007],[-82.72789151099994,28.871256386000027],[-82.73383051199994,28.852199381000048],[-82.72939450999996,28.847684380000032],[-82.72762750899994,28.839258378000068],[-82.73659251199996,28.83591837700004],[-82.73869851199998,28.82480137500005],[-82.73214350999996,28.820518374000073],[-82.73024250899994,28.815936373000056],[-82.72239850699998,28.80948137200005],[-82.71503050499996,28.806357371000047],[-82.71312950399994,28.79969236900007],[-82.70671150199996,28.797609369000043],[-82.70032949999995,28.792241368000077],[-82.69815549899994,28.796359369000072],[-82.69506549899995,28.79573436900006],[-82.69150049699994,28.792193368000028],[-82.69197549699999,28.788861367000038],[-82.70254849999998,28.77743636400004],[-82.69720449799996,28.774070364000067],[-82.69791749799998,28.747609357000044],[-82.69007449499998,28.73656435500004],[-82.69387749599997,28.733437354000046],[-82.69886849799997,28.733437354000046],[-82.70481049899996,28.73593835500003],[-82.70837549999999,28.728435353000066],[-82.715030502,28.726976352000065],[-82.72073450299996,28.718639350000046],[-82.72084150299997,28.71370334900007],[-82.70481049899996,28.714470349000067],[-82.69529049599998,28.708020348000048],[-82.69103449399995,28.701722347000043],[-82.67510048899999,28.698210346000053],[-82.67457148899996,28.693922345000033],[-82.66725648699997,28.69174634500007],[-82.66630648699999,28.68882734400006],[-82.66933848699995,28.685406343000068],[-82.66803748699994,28.683290343000067],[-82.66012648499998,28.68257234300006],[-82.65513548299998,28.68048734300004],[-82.65513548299998,28.674857341000063],[-82.65846248399998,28.67068634000003],[-82.66202748499995,28.667350339000052],[-82.66939648699997,28.669226340000023],[-82.66796948599995,28.663179338000077],[-82.67529748799996,28.66104033700003],[-82.67771448899998,28.654836336000074],[-82.66796948599995,28.64753633400005],[-82.66915848599996,28.643990334000023],[-82.67414948699997,28.64044433300006],[-82.67486248699998,28.634186331000024],[-82.67181848599995,28.62760933000004],[-82.66720048499997,28.626428329000078],[-82.66606848399994,28.621042328000044],[-82.66226548299994,28.61833032800007],[-82.66416748299997,28.60268132400006],[-82.65993348199999,28.600039323000033],[-82.65513547999996,28.589533321000033],[-82.65085747899997,28.587446321000073],[-82.64943047799994,28.582646319000048],[-82.65275847899994,28.576802318000034],[-82.65751247999998,28.57492331700007],[-82.65705347999995,28.568033316000026],[-82.65109447799995,28.556971313000076],[-82.65228347799996,28.552170312000044],[-82.65679947899997,28.554049312000075],[-82.66165348099997,28.554148312000052],[-82.66313148099994,28.550774311000055],[-82.65669747899994,28.544819310000037],[-82.65275847699996,28.53776330900007],[-82.65489747799995,28.532752307000067],[-82.66804348199997,28.528204306000077],[-82.66892048099999,28.50769130100008],[-82.67819048299998,28.499337299000047],[-82.67014948099995,28.500774299000057],[-82.66639347999995,28.497335299000042],[-82.66892048099999,28.49390629800007],[-82.66701947999996,28.489728297000056],[-82.66447347899998,28.48879329700003],[-82.66505847899998,28.484439296000062],[-82.66960647999997,28.478875294000034],[-82.66844247999995,28.475381293000055],[-82.67050547999997,28.469858292000026],[-82.68421748399999,28.465145290000066],[-82.68320348399999,28.458313289000046],[-82.67272347999995,28.455045288000065],[-82.67105947999994,28.448985287000028],[-82.67784248099997,28.434372283000073],[-82.68414048299996,28.428024282000024],[-82.69743648599996,28.420171279000044],[-82.70084748699998,28.412941278000062],[-82.69363948499995,28.41052627700003],[-82.69482748499996,28.406345276000025],[-82.70195848699996,28.404672276000042],[-82.70632548799995,28.401330275000078],[-82.70689448799999,28.384376271000065],[-82.70400348699997,28.380497270000035],[-82.71306448899998,28.359373264000055],[-82.71809248999995,28.35733426400003],[-82.71835848999996,28.353021263000073],[-82.71302248899997,28.352018263000048],[-82.71582548899994,28.345506261000025],[-82.73146349299998,28.325080256000035],[-82.735466493,28.300395250000065],[-82.73279549199998,28.291938248000065],[-82.74368849499996,28.278082244000075],[-82.74312349399997,28.267868242000077],[-82.74619149499995,28.261197240000058],[-82.74973149599998,28.256132239000067],[-82.75543649799994,28.256551239000032],[-82.75907549899995,28.254025238000054],[-82.75329649699995,28.250479237000036],[-82.75139549599999,28.24566423600004],[-82.75472349699999,28.241685235000034],[-82.76203649899998,28.243092235000063],[-82.76464149899994,28.231257232000075],[-82.75733749699998,28.228284232000078],[-82.76446349899999,28.220074230000023],[-82.76264649799998,28.219018229000028],[-82.77010449999995,28.207729227000073],[-82.77645650199997,28.20920622700004],[-82.78205650399997,28.208388226000068],[-82.78718450499997,28.193497223000065],[-82.79776550699995,28.187794221000047],[-82.80454950899997,28.17609821800005],[-82.80392250899996,28.167327216000047],[-82.79916950699999,28.16104121500007],[-82.80651950899994,28.156341213000076],[-82.80748750899994,28.152240212000038],[-82.79072750399996,28.152495213000066],[-82.78595450299997,28.14278721100004],[-82.78722650299994,28.138368209000078],[-82.78384550199996,28.13748220900004],[-82.78132750099996,28.127596207000067],[-82.78393950099996,28.12369820600003],[-82.78134349999993,28.11807620500008],[-82.78382750099996,28.106297202000064],[-82.78034749899996,28.097069200000078],[-82.78367949999995,28.079903196000032],[-82.77887649799999,28.07638019500007],[-82.77920449799996,28.072787194000057],[-82.78657249999998,28.06523719200004],[-82.78348249899994,28.06062219100005],[-82.78348249899994,28.05265218900007],[-82.80035750399998,28.05265218900007],[-82.81249050799994,28.06178319000003],[-82.81770850899994,28.06230019000003],[-82.82120950999996,28.060192190000066],[-82.82555651099995,28.06374019100008],[-82.82462951099996,28.072571193000044],[-82.82712951199994,28.08300319500006],[-82.83624751499997,28.09186919700005],[-82.83862451599998,28.079497194000055],[-82.83410851399998,28.063769190000073],[-82.82230750999997,28.054074188000072],[-82.81509350799996,28.054959189000044],[-82.79916950299997,28.048457188000043],[-82.78606749999994,28.047950188000073],[-82.78875749999997,28.041549186000054],[-82.78847349999995,28.036500185000023],[-82.79085049999998,28.033982184000024],[-82.79180149999996,28.019296181000072],[-82.79417750099998,28.01216217900003],[-82.79298949999998,28.006496178000077],[-82.80487350199996,27.965988168000024],[-82.81081550399995,27.96955716800005],[-82.81081550399995,27.982571171000075],[-82.81770850699996,27.996633175000056],[-82.81556950599997,28.001459176000026],[-82.80915150499999,28.00649617700003],[-82.81628250699998,28.011952178000058],[-82.81366750699993,28.03125518300004],[-82.81651950799994,28.04573018600007],[-82.81850050899999,28.048701187000063],[-82.82816651099995,28.020135180000068],[-82.82982950999997,27.982571171000075],[-82.83268250999998,27.958010165000076],[-82.83505850999995,27.94982216300008],[-82.84290251199997,27.93386515900005],[-82.85217151299997,27.885977147000062],[-82.849129512,27.863205142000027],[-82.84212350899998,27.843965137000055],[-82.82856450399998,27.822259132000056],[-82.82043650199995,27.813747130000024],[-82.79053749199994,27.791053126000065],[-82.78005048899996,27.774834122000073],[-82.77047948599994,27.76627712000004],[-82.76092648199995,27.745210115000077],[-82.74664147799996,27.730196112000044],[-82.74032647599995,27.718211109000038],[-82.73802547499997,27.706812107000076],[-82.73838947399997,27.683686101000035],[-82.74521547599994,27.669799098000055],[-82.74616647499994,27.653800094000076],[-82.74117547299994,27.62958708800005],[-82.73735947199998,27.623457087000077],[-82.73737247099996,27.61168608400004],[-82.73499547099993,27.610844084000064],[-82.73307946999995,27.61297708400008],[-82.70502046299998,27.625315088000036],[-82.70249946199993,27.627855088000047],[-82.69809446099998,27.638863091000076],[-82.71122746499998,27.642010092000078],[-82.72162546899995,27.663913097000034],[-82.71713446699994,27.66756809800006],[-82.71978446799994,27.673378099000047],[-82.71913446899998,27.68600910200007],[-82.716456468,27.68874210300004],[-82.71882546899997,27.69201210400007],[-82.71363246699997,27.69866610500003],[-82.71336646699996,27.703684107000072],[-82.71146546699998,27.705368107000027],[-82.69863046299997,27.708103108000046],[-82.69767946299999,27.702001107000058],[-82.68912345999996,27.699475106000023],[-82.68032945799996,27.705788108000036],[-82.67983145799997,27.694891105000067],[-82.67723945699998,27.69505610500005],[-82.67732445699994,27.706212108000045],[-82.67162445599996,27.705912108000064],[-82.66292445299996,27.70231210700007],[-82.65252444999999,27.70031210700006],[-82.63982344599998,27.703912108000054],[-82.63362344499996,27.710612110000056],[-82.62572344299997,27.72701111400005],[-82.62502344299998,27.732711116000075],[-82.62719044399995,27.74106611800005],[-82.62320444299996,27.744583119000026],[-82.62455444299997,27.74841212000007],[-82.62933144499993,27.749318120000055],[-82.63052344499994,27.753910121000047],[-82.62803944499996,27.758383122000055],[-82.62398244399998,27.760378123000066],[-82.62160944299995,27.77396212600007],[-82.62437344399996,27.77832012700003],[-82.62246244399995,27.787563129000034],[-82.61163344099998,27.790311130000077],[-82.60709443999997,27.792893131000028],[-82.60567943899997,27.796469132000027],[-82.60742343999993,27.798909132000063],[-82.60460543899995,27.803759134000074],[-82.59642843699999,27.81347513600008],[-82.59162743599995,27.813052136000067],[-82.58849143499998,27.81538813700007],[-82.58695143499995,27.819622138000057],[-82.59357643699997,27.82251413800003],[-82.58874943599994,27.830435140000077],[-82.58932243599997,27.835707142000047],[-82.59482243799994,27.843407143000036],[-82.59844643899999,27.85758714700006],[-82.59661243899995,27.858892147000063],[-82.59639743899999,27.86408614800007],[-82.60332144099993,27.865177148000043],[-82.61647244499994,27.880849152000053],[-82.63212344999994,27.89110515400006],[-82.63826045199994,27.89290915400005],[-82.63817245199994,27.898081155000057],[-82.62930544999995,27.908100158000025],[-82.63160444999994,27.909503158000064],[-82.63802245199997,27.90530315700005],[-82.64372645399999,27.909713158000045],[-82.64635745499999,27.910028158000046],[-82.65085745599998,27.90656315700005],[-82.65561045699997,27.910764158000063],[-82.68512446599993,27.91630415900005],[-82.69102446799997,27.925885161000053],[-82.69459046899993,27.92273516000006],[-82.70385947199998,27.924205160000042],[-82.72012547699995,27.936404163000077],[-82.72585847899995,27.936225162000028],[-82.72485347799994,27.938360163000027],[-82.72005047699997,27.94099616400007],[-82.72148747799997,27.94574616500006],[-82.72488447899997,27.945757165000032],[-82.72180447799997,27.954618167000035],[-82.71652547699995,27.958403168000075],[-82.71061347499995,27.95703116800007],[-82.70647447399995,27.960530169000037],[-82.70013747199994,27.960312169000076],[-82.695077471,27.964111170000024],[-82.69126246999997,27.97102617200005],[-82.68769746899994,27.972705172000076],[-82.69387747099995,27.97732317300006],[-82.69268847099994,27.983830175000037],[-82.68674646899996,27.98823817600004],[-82.67557546599994,28.005447180000033],[-82.67676446699994,28.009224181000036],[-82.68294346899995,28.014050182000062],[-82.68511146999998,28.02067318400003],[-82.69007447099995,28.027478185000064],[-82.68674646999995,28.030206186000044],[-82.67700146799996,28.032933187000026],[-82.66535546399996,28.028108186000054],[-82.66583046399995,28.01908618400006],[-82.66820746399998,28.01593818300006],[-82.66488046299997,28.009643182000048],[-82.66535546299997,28.001040180000075],[-82.66345446299994,27.99936117900006],[-82.65774946099998,27.99873117900006],[-82.65489745999997,28.009434182000064],[-82.65727446099999,28.01027318200005],[-82.65703646099996,28.012791183000047],[-82.65513546099999,28.01677818400003],[-82.64943045899997,28.017827184000055],[-82.64111245699996,28.01677818400003],[-82.63897345599997,28.00712518200004],[-82.63208045399995,28.00208918100003],[-82.62732645199998,28.000830181000026],[-82.62341245099998,27.997145180000075],[-82.62233545099997,27.993904179000026],[-82.61354144799998,27.98991717800004],[-82.60088044399998,27.979960176000077],[-82.58359343899997,27.97900217600005],[-82.57337343599994,27.974175175000028],[-82.57028343499996,27.970396175000076],[-82.57337343499995,27.96304917300006],[-82.56885743399994,27.961369172000047],[-82.56550943299999,27.967081174000043],[-82.55392142999995,27.96700317400007],[-82.54595942699996,27.957646172000068],[-82.54841742799994,27.952132171000073],[-82.54639042699995,27.948631170000056],[-82.54122142599994,27.949003170000026],[-82.53372142299997,27.933004167000036],[-82.53303142299995,27.924636165000038],[-82.53514042299997,27.92203516400008],[-82.53541942299995,27.91782916300008],[-82.53212942199997,27.913697162000062],[-82.53132142099997,27.90390516000008],[-82.53549542299999,27.90321915900006],[-82.53534442199998,27.893960157000038],[-82.54175042399999,27.89371115700004],[-82.54282142399995,27.890606156000047],[-82.54154242399994,27.884394155000052],[-82.53130442099996,27.884716155000035],[-82.53286942099999,27.87998615400005],[-82.52992141999994,27.87750615300007],[-82.53322142099995,27.870706151000036],[-82.53862142199995,27.864906150000024],[-82.55292142599995,27.862707149000073],[-82.55182142599995,27.856519148000075],[-82.55483442599996,27.851518146000046],[-82.55427242599995,27.84781014500004],[-82.54324242299998,27.84559214500007],[-82.53667942099997,27.840792144000034],[-82.53751742099996,27.83566014300004],[-82.53389241999997,27.832930142000066],[-82.52852541799996,27.83663914300007],[-82.51119641299994,27.82802014200007],[-82.48985240699994,27.822612141000036],[-82.47527640299995,27.820996141000023],[-82.47244340199995,27.822564141000043],[-82.46884340099996,27.843300147000036],[-82.47162740199997,27.84734714700005],[-82.48014040499999,27.853251149000073],[-82.48806040799997,27.86357115100003],[-82.48788640799995,27.872077153000077],[-82.48176640599996,27.878103155000076],[-82.47940740599995,27.886937157000034],[-82.48742040799993,27.895006159000047],[-82.49112040999995,27.914505163000058],[-82.48982040999994,27.919605164000075],[-82.47331040599994,27.931345168000064],[-82.46808140399997,27.932815168000047],[-82.46641740399997,27.936174169000026],[-82.46105840199994,27.938166170000045],[-82.46191740199998,27.908436162000044],[-82.45373439899998,27.908551163000027],[-82.44867439799998,27.906571162000034],[-82.44526439699996,27.91013316300007],[-82.44502639699994,27.916854165000075],[-82.43456839299995,27.901312161000078],[-82.43480639299997,27.896480160000067],[-82.42933939199997,27.899421161000078],[-82.41532138799994,27.900383162000026],[-82.40261838399994,27.88260715800004],[-82.40158038299995,27.87636815600007],[-82.40330238299998,27.874017156000036],[-82.40129338199995,27.86076415200006],[-82.40438338299998,27.85782215200004],[-82.40233238299999,27.853967151000063],[-82.39783438099994,27.853847151000025],[-82.39648438099994,27.844996149000053],[-82.39215637899997,27.845517149000045],[-82.39473637999998,27.84219514800003],[-82.39338637899994,27.837524147000067],[-82.399142381,27.81914314200003],[-82.40286038099998,27.812676141000054],[-82.41084038399998,27.81087314000007],[-82.41707838499997,27.804538138000055],[-82.41523938499995,27.801145138000038],[-82.41234838399998,27.800768138000024],[-82.41252638399999,27.79414613600005],[-82.41742638499994,27.79826713700004],[-82.41538638399999,27.792688136000038],[-82.41898738499998,27.793995136000035],[-82.43575638999994,27.775418131000038],[-82.43219338899996,27.77306813000007],[-82.429935388,27.77456613100003],[-82.42874738799998,27.773115131000054],[-82.43463838899999,27.764360128000078],[-82.45754639499995,27.752576125000076],[-82.47834240099996,27.746255123000026],[-82.48230840199994,27.742654122000033],[-82.47713239999996,27.735221120000062],[-82.47630039999996,27.729934119000063],[-82.47841439999996,27.725581118000036],[-82.47626839999998,27.724404118000052],[-82.47763239999995,27.723051117000068],[-82.48245240099999,27.719891116000042],[-82.49489440499997,27.718968116000042],[-82.51426840999994,27.70559311200003],[-82.51700441099996,27.701689111000064],[-82.51704341099997,27.69800211000006],[-82.53714941599998,27.672938104000025],[-82.55854142099997,27.638683095000033],[-82.56291542199995,27.63800909400004],[-82.56600542199999,27.624533091000046],[-82.56445642199998,27.621784090000062],[-82.56567042199998,27.61571808900004],[-82.57251542399996,27.60714008700006],[-82.57774142499994,27.60539308600005],[-82.57745342499999,27.59956108500006],[-82.58145442599994,27.596311084000035],[-82.58763442799994,27.594138083000075],[-82.59649142999996,27.59405008300007],[-82.60173043199995,27.58989308200006],[-82.61172043399995,27.585288080000055],[-82.61300643499999,27.582842080000034],[-82.61202243399998,27.571236077000037],[-82.62672543799994,27.558899074000067],[-82.63205643899994,27.551913072000048],[-82.63493243999994,27.53921206900003],[-82.64601744299995,27.533545067000034],[-82.64667544299994,27.531837067000026],[-82.64134944099999,27.52551306500004],[-82.64848044299998,27.522351064000077],[-82.65562144499995,27.52126706400003],[-82.66202344699997,27.522819064000032],[-82.67462445099994,27.51961906300005],[-82.68362445299994,27.513120061000052],[-82.68692445399995,27.508020060000035],[-82.68642445299997,27.49722005700005],[-82.69042445399998,27.496420057000023],[-82.70682445899996,27.498420057000033],[-82.71062445999996,27.501720058000046],[-82.70812445999996,27.523519063000037],[-82.71839646299998,27.526814064000064],[-82.74244047099995,27.539365066000073],[-82.74575147199994,27.538839066000037],[-82.74302047099997,27.531091064000066],[-82.72452546499994,27.513619060000053],[-82.71452446099994,27.500420057000042],[-82.70782445899994,27.487620054000047],[-82.69100745299994,27.444336044000067],[-82.69182445299998,27.437223042000028],[-82.69007445199998,27.434420042000056],[-82.66108144299994,27.41260803700004],[-82.64282443699994,27.389725032000058],[-82.637546435,27.379982030000065],[-82.62386643099995,27.362211026000068],[-82.59036841999995,27.328369018000046],[-82.58675441899999,27.319612016000065],[-82.57602341599994,27.30932901400007],[-82.56925141299996,27.298593012000026],[-82.56006341099999,27.295105011000032],[-82.56172741099994,27.289191010000025],[-82.56975741299993,27.279457007000076],[-82.56889541299995,27.275582006000036],[-82.56399741099995,27.26986200500005],[-82.54512340499997,27.261031003000028],[-82.53646140199999,27.248763],[-82.53623140199994,27.245402],[-82.52203539799996,27.228379996000058],[-82.50284339099994,27.18973298700007],[-82.49993038999997,27.18056798500004],[-82.47702238199997,27.141235976000075],[-82.46889337899995,27.113616969000077],[-82.46532237799994,27.110736968000026],[-82.46032237599997,27.099937966000027],[-82.445721371,27.060638957000037],[-82.41922136199997,27.020740947000036],[-82.40955135799999,27.004512944000055],[-82.40062135499994,26.984941939000066],[-82.38161134899997,26.957691933000035],[-82.35165233899994,26.90838892100004],[-82.33454833299999,26.884354916000063],[-82.32578233099997,26.877476914000056],[-82.30173932299994,26.841592906000074],[-82.28253631599995,26.815996900000073],[-82.28225831599997,26.81096689900005],[-82.28436731699998,26.809301899000047],[-82.28268331599998,26.804210897000075],[-82.27424931299998,26.793544895000025],[-82.26950231199999,26.784678893000034],[-82.26468530899996,26.756840886000077],[-82.26427130799993,26.720166877000054],[-82.26194430699996,26.717089876000045],[-82.25880430699993,26.718482877000042],[-82.25975530699998,26.72803587900006],[-82.24989130499995,26.762950888000034],[-82.23063929999995,26.77101489000006],[-82.22065629699995,26.766558890000056],[-82.21000529399998,26.768081890000076],[-82.20544529199998,26.764436889000024],[-82.20330629199998,26.76570989000004],[-82.20211729199997,26.77016689100003],[-82.19712628999997,26.77292489200005],[-82.19070928799994,26.77250089200004],[-82.18547928699996,26.770048891000044],[-82.17217028299996,26.769953892000046],[-82.16171227999996,26.778441894000025],[-82.15109627699997,26.783483895000074],[-82.14626227599996,26.782897895000076],[-82.14507427599995,26.788838897000062],[-82.15339327999999,26.853956913000047],[-82.17050628599998,26.899113923000073],[-82.18120129,26.92136792900004],[-82.18310329099995,26.935777932000065],[-82.17407128899998,26.94171093400007],[-82.16789128699997,26.938320933000057],[-82.16765428599996,26.933446932000038],[-82.16028628399994,26.92963293100007],[-82.15481928199995,26.92179192900005],[-82.14792627999998,26.919460929000024],[-82.13913227799998,26.92285093000004],[-82.12464827399998,26.94561993600007],[-82.11488927199997,26.95082093700006],[-82.11845427299994,26.958235939000076],[-82.11655327299997,26.963320940000074],[-82.10275726799995,26.95778793900007],[-82.10300526799995,26.953151938000076],[-82.09706326699995,26.952727938000066],[-82.09180826499994,26.95413393900003],[-82.08754726399997,26.958063940000045],[-82.07900426199996,26.95821994000005],[-82.06616425799996,26.95442293900004],[-82.06093525599994,26.949973938000028],[-82.05380525399994,26.939803936000033],[-82.05523125399998,26.935777935000033],[-82.06772825699994,26.927795933000027],[-82.07876126099995,26.926029932000063],[-82.08684326299993,26.927725932000044],[-82.09230926399994,26.92306293100006],[-82.09848926599994,26.913102929000047],[-82.09516126399996,26.89148292300007],[-82.08945726299999,26.886182922000046],[-82.06355025499994,26.876855920000025],[-82.05808325299995,26.872190919000047],[-82.05680425199995,26.85880191600006],[-82.05852925199997,26.838678911000045],[-82.05795425199994,26.822004907000064],[-82.05507924999995,26.802456902000074],[-82.05713324999994,26.79456790000006],[-82.06140425199999,26.78923289900007],[-82.06140425099994,26.774283895000053],[-82.06657825199994,26.742661887000054],[-82.07980225499995,26.71678888100007],[-82.08497725599995,26.702415877000078],[-82.08670125599997,26.68516687300007],[-82.09135825699997,26.66677586800006],[-82.08208925399998,26.65360586500003],[-82.08779325499995,26.647232863000056],[-82.09896425799997,26.645958863000033],[-82.10395525999996,26.65424286500007],[-82.10362725999994,26.66543686700004],[-82.10625026099996,26.667343868000046],[-82.11179926299997,26.681641871000068],[-82.12579826799998,26.699540875000025],[-82.13902227199998,26.702990876000058],[-82.15167127499996,26.704140876000054],[-82.15814627699996,26.70733587600006],[-82.17383328199998,26.705637876000026],[-82.18357828399996,26.695020873000033],[-82.18381628399999,26.687800871000036],[-82.181568283,26.68171687000006],[-82.16931727999997,26.676544869000054],[-82.16603127799993,26.669299867000063],[-82.14994627299995,26.654119863000062],[-82.14255727099999,26.64391586100004],[-82.14768927199998,26.63448585900005],[-82.14459927099995,26.622800856000026],[-82.13865726899996,26.61260085300006],[-82.13201026699994,26.61020985300007],[-82.12439626399998,26.582421846000045],[-82.12510926399995,26.568179843000053],[-82.12249426299996,26.554998840000053],[-82.11393825999994,26.54075383600008],[-82.11203725899998,26.52756983300003],[-82.10466925599997,26.523528832000068],[-82.10205425599997,26.519488831000047],[-82.10704525699998,26.518212831000028],[-82.10915225799994,26.515237830000046],[-82.10062825499995,26.51076882900003],[-82.10271025499998,26.49969982600004],[-82.10650425599994,26.49139682400005],[-82.10567525599998,26.483934822000037],[-82.09611225299994,26.483934823000027],[-82.08589224999997,26.48949782400007],[-82.07175324599996,26.49255882500006],[-82.05689524199994,26.493752826000048],[-82.05689524199994,26.49715582700003],[-82.06331224399997,26.50289882800007],[-82.06854124599994,26.513533831000075],[-82.07163124699997,26.52565583300003],[-82.06925424699995,26.53543783600003],[-82.05808324399999,26.548408839000047],[-82.04310923899999,26.532673836000072],[-82.04120823799997,26.524804834000065],[-82.02552123399994,26.530334836000065],[-82.01530123099997,26.528845836000073],[-82.01031022899997,26.520764834000033],[-82.01102322899999,26.513746832000038],[-82.00908322799995,26.505207830000074],[-82.01363722899998,26.48758382500006],[-82.00896422799997,26.48405682500004],[-81.99701522399994,26.484860825000055],[-81.980715219,26.480961824000076],[-81.96951221599994,26.47650982400006],[-81.96894621599995,26.464840821000053],[-81.96421521399998,26.457961819000047],[-81.95661421199998,26.45236281800004],[-81.93841420599995,26.445062817000064],[-81.92361420199995,26.436662815000034],[-81.91171319799997,26.427162813000052],[-81.90538219599995,26.417377810000062],[-81.90253619499998,26.40955580900004],[-81.89764919299995,26.403310807000025],[-81.88638218999995,26.398150806000046],[-81.88427418899994,26.393963805000055],[-81.86898618399994,26.378652802000033],[-81.84455817599996,26.32771678900008],[-81.83314517199994,26.29452278100007],[-81.82067816599994,26.236739767000074],[-81.81681316399994,26.207170760000054],[-81.814613163,26.17317175200003],[-81.80883616099999,26.15225074700004],[-81.80175115699996,26.091409731000056],[-81.78496015099995,26.054017723000072],[-81.77316314699993,26.03302271800004],[-81.76244214299999,26.006074711000053],[-81.75786714199995,25.998727709000036],[-81.74917013899994,25.991649708000068],[-81.74505913699994,25.978892705000078],[-81.73959213599994,25.975687704000052],[-81.73816613499997,25.971841703000052],[-81.74458413699995,25.97013170200006],[-81.75551713999994,25.95731069900006],[-81.75314013899998,25.951112697000042],[-81.73886013499998,25.941108695000025],[-81.73462113299996,25.936137694000024],[-81.73195313199994,25.931510693000064],[-81.72933913099996,25.918453690000035],[-81.72949213099997,25.90941268800003],[-81.72857313099996,25.908165687000064],[-81.71796412799995,25.90793468700008],[-81.71769012799996,25.90204368600007],[-81.71317512599995,25.897572685000057],[-81.68954311799996,25.852714674000026],[-81.68480311699994,25.847209673000066],[-81.67829011499998,25.84530567300004],[-81.67750911499996,25.850360674000058],[-81.67263611299995,25.856658676000052],[-81.66961111299997,25.866361678000032],[-81.67090311299995,25.87179867900005],[-81.67518111499999,25.876502680000044],[-81.67209111399995,25.881849682000052],[-81.66382411099994,25.88560968300004],[-81.64608110699999,25.89728668600003],[-81.63681910399998,25.888900684000077],[-81.63164510199994,25.897470687000066],[-81.62262809999999,25.890662685000052],[-81.60496809499995,25.89208168600004],[-81.58248608799994,25.87671668300004],[-81.57912608599997,25.864859680000052],[-81.57274108499996,25.865596680000067],[-81.56937808299995,25.859421678000047],[-81.56439608199997,25.856213678000074],[-81.56133308099999,25.861746679000078],[-81.55253907899998,25.858324679000077],[-81.54789707699996,25.84961267600005],[-81.53423707299999,25.856613679000077],[-81.52782007099995,25.84998267700007],[-81.53000907099994,25.838617674000034],[-81.52282906899995,25.840998675000037],[-81.51498506699994,25.838645674000077],[-81.51153806599996,25.832304673000067],[-81.50517506399996,25.83615767400005],[-81.49961906299995,25.83480967400004],[-81.49304806099997,25.83088167300008],[-81.48954105899998,25.822119671000053],[-81.47945005599996,25.821308671000054],[-81.47648105499997,25.817251670000076],[-81.46812105299995,25.815155670000024],[-81.46398305199995,25.811297669000055],[-81.47023205299996,25.803331666000076],[-81.45789204899995,25.79775866500006],[-81.44137104499998,25.799230666000028],[-81.43560004299997,25.796068665000064],[-81.42399203999997,25.79372466500007],[-81.41504303699998,25.784354663000045],[-81.39519503099996,25.779161662000035],[-81.38901502899995,25.78130166300008],[-81.38140902699996,25.775523661000022],[-81.37945102599997,25.757151657000065],[-81.38188402599997,25.749194655000053],[-81.37000002299999,25.74341365400005],[-81.36016201999996,25.74179765300005],[-81.36049301999998,25.73699165200003],[-81.355251018,25.728731650000043],[-81.34608101499998,25.721477649000065],[-81.33504001199998,25.715653647000067],[-81.33030800999995,25.710653646000026],[-81.31190200499998,25.702915645000076],[-81.30326200199994,25.693738642000028],[-81.29033099799994,25.687510641000074],[-81.28752599699999,25.679383639000037],[-81.29185599799996,25.67248863700007],[-81.28490999599995,25.668888637000066],[-81.28942699699996,25.663745635000055],[-81.28990199699996,25.654319633000057],[-81.28372299499995,25.653676633000032],[-81.28300999499999,25.644891631000064],[-81.27332799199996,25.63850362900007],[-81.27527099199995,25.624728626000035],[-81.27149199099995,25.61434462300008],[-81.24171098199997,25.60652862200004],[-81.24052198099997,25.599045620000027],[-81.24284198199996,25.592385618000037],[-81.23903897999998,25.579737615000056],[-81.23270797799995,25.573370614000055],[-81.23357997799997,25.568910612000025],[-81.22004697399996,25.553671609000048],[-81.20932397099995,25.548615608000034],[-81.20439196899997,25.538912605000064],[-81.20317796899997,25.53416460400007],[-81.21015196999997,25.516892600000062],[-81.20970996999995,25.506495597000026],[-81.18898296299994,25.48073259100005],[-81.16797295699996,25.469493589000024],[-81.16711195599999,25.450882584000055],[-81.16253995499994,25.44115258200003],[-81.15715395299998,25.434498580000025],[-81.15751495299997,25.426569578000056],[-81.15182895099997,25.421571577000066],[-81.14986194999994,25.416134575000058],[-81.14969894999996,25.409189574000038],[-81.14676794899998,25.407581573000073],[-81.14714694899999,25.404301573000055],[-81.15065894999998,25.399210571000026],[-81.15051094999995,25.387259568000047],[-81.14687094899995,25.383618567000042],[-81.14139794699997,25.381362567000053],[-81.12305094199996,25.37912056700003],[-81.12186294099996,25.375684566000075],[-81.12445294199995,25.371313565000037],[-81.12252994099998,25.366937564000068],[-81.12516194199998,25.36393956300003],[-81.12514294199997,25.361218562000033],[-81.11915993999997,25.359265562000076],[-81.11726793899999,25.35495756100005],[-81.11821093899994,25.34522455800004],[-81.12141293999997,25.338754556000026],[-81.13391594399997,25.34300055700004],[-81.14010194599996,25.341121557000065],[-81.14810594799997,25.332797554000024],[-81.15191894899993,25.324770552000075],[-81.14891794699997,25.31807155100006],[-81.15230294799994,25.30554754700006],[-81.15929594999994,25.29859954500006],[-81.16207295099997,25.289837543000033],[-81.16162594999997,25.27535653900003],[-81.16421695099996,25.27424453900005],[-81.16711795199996,25.269972538000047],[-81.16830995199996,25.253182534000075],[-81.17090995199999,25.24586153200005],[-81.17204695199996,25.222280526000077],[-81.15548394699994,25.208102523000036],[-81.14901994499996,25.197714520000034],[-81.14228094199996,25.18300451600004],[-81.14098794099993,25.15719351000007],[-81.12739693699996,25.155393510000067],[-81.12061893499998,25.152306509000027],[-81.09726392799996,25.131277504000025],[-81.09066892599998,25.11791450100003],[-81.08792992499997,25.116175500000054],[-81.08393292399995,25.116198501000042],[-81.06607891899995,25.124290503000054],[-81.05050791399998,25.12827750400004],[-81.02299190599996,25.129397505000043],[-81.00960090199999,25.125407504000066],[-80.99917889899996,25.124226504000035],[-80.97176789099996,25.133962507000035],[-80.96667788999997,25.134031508000078],[-80.96430588899995,25.132176507000054],[-80.95742988699999,25.13570850800005],[-80.94982188499995,25.134446508000053],[-80.94918088499998,25.130235507000066],[-80.94554588399996,25.12844050700005],[-80.94321888299999,25.13444750800005],[-80.91592687499997,25.141305510000052],[-80.90057987099993,25.139673510000023],[-80.89891387099993,25.147656512000026],[-80.90161987199997,25.15380751400005],[-80.90006887099997,25.162038516000052],[-80.89465086999996,25.16543051700006],[-80.888074868,25.166446517000054],[-80.88552286699996,25.165245517000074],[-80.88046886599994,25.171420519000037],[-80.87546286399999,25.174325520000025],[-80.84855585699995,25.177655521000077],[-80.83888885399995,25.175930521000055],[-80.83316985199997,25.172603520000052],[-80.82990185099999,25.16866051900007],[-80.82636184999996,25.160649517000024],[-80.80988584499994,25.168906520000064],[-80.81002184499994,25.17235652000005],[-80.81369884599997,25.175930521000055],[-80.81459584699996,25.182714523000072],[-80.80854584499997,25.18443052400005],[-80.79803984199998,25.18184552300005],[-80.79449984099995,25.179873523000026],[-80.79354684099997,25.17642352200005],[-80.79953784199995,25.163114518000043],[-80.80198384199997,25.15260651600005],[-80.80052884199995,25.142989513000032],[-80.79800584099996,25.146682514000076],[-80.79905084199999,25.154702516000043],[-80.79724584099995,25.159418517000063],[-80.79363283999999,25.163721519000035],[-80.78315283699999,25.165878519000046],[-80.77924083599999,25.16401151900004],[-80.77636083499993,25.160570518000043],[-80.77203883399994,25.148554515000058],[-80.77296483399994,25.144782514000042],[-80.77805883499997,25.138214512000047],[-80.77147483299996,25.14034351300006],[-80.76949583299995,25.144971514000076],[-80.76902083299996,25.150457516000074],[-80.77253383399994,25.15608751700006],[-80.77273283399995,25.159004518000074],[-80.76888483299996,25.162273519000053],[-80.76299983099995,25.16258251900007],[-80.75735282999995,25.161048519000076],[-80.75428682899997,25.15843251800004],[-80.75571082899995,25.153039517000025],[-80.75160882799997,25.152762517000042],[-80.74231282499994,25.142529514000046],[-80.72274381899996,25.145411515000035],[-80.72160381899994,25.14647751600006],[-80.73148382199997,25.15179451700004],[-80.73562682299996,25.152071517000024],[-80.73807282399997,25.150344516000075],[-80.741100825,25.15163351700005],[-80.74430182599997,25.156374518000064],[-80.74741982699999,25.157979518000047],[-80.74752782699994,25.164884520000044],[-80.74587282599998,25.16566652000006],[-80.73878382399994,25.161823519000052],[-80.73752882399998,25.15917151900004],[-80.73442982299997,25.161204519000023],[-80.73029182199997,25.159836519000066],[-80.72946382199996,25.16312552000005],[-80.73230682299999,25.16762052100006],[-80.72457481999999,25.165194520000057],[-80.72306781999998,25.16251852000005],[-80.722393819,25.159551519000047],[-80.72603081999995,25.156055518000073],[-80.72665982099994,25.152885517000072],[-80.71785881799997,25.15597451800005],[-80.71069381599995,25.15182151700003],[-80.70730581499998,25.141747515000077],[-80.70416281399997,25.14081251500005],[-80.70568881399998,25.149064517000056],[-80.70309781399999,25.153562518000058],[-80.70068781299994,25.152932518000057],[-80.69783581199994,25.154653518000032],[-80.69806981199997,25.163398520000044],[-80.69165881099997,25.168324522000034],[-80.68809080999995,25.168744522000054],[-80.68136380799996,25.174408524000057],[-80.67828180699996,25.174702524000054],[-80.67762580699997,25.16935052200006],[-80.68028880699995,25.16474652100004],[-80.67777480699993,25.164339521000045],[-80.67259780499995,25.167617522000057],[-80.67421380599995,25.170136523000053],[-80.67232880499995,25.174713524000026],[-80.66765980399998,25.17059652300003],[-80.66975480399998,25.16721052200006],[-80.65768280099996,25.169564523000076],[-80.65326579899994,25.164553522000062],[-80.65564779999994,25.15755752000007],[-80.66170880199996,25.154653519000078],[-80.67050280399997,25.144326516000035],[-80.67442480499994,25.142604516000063],[-80.67371180499998,25.138301515000023],[-80.66883880299997,25.141744516000074],[-80.66191280099997,25.141538516000026],[-80.65798979999994,25.143161516000077],[-80.65760979999999,25.14665851700005],[-80.65659879999998,25.144756517000076],[-80.65255779899996,25.145939517000045],[-80.65172579899996,25.147015517000057],[-80.65600379999995,25.15002751800006],[-80.65624179999998,25.152501519000054],[-80.65569379999994,25.154804519000038],[-80.65094679899994,25.15744452000007],[-80.65177779899994,25.16212352100007],[-80.64694179799994,25.172796524000034],[-80.64032079599997,25.176991525000062],[-80.63411279399998,25.176466525000023],[-80.63725779499998,25.17826452500003],[-80.65130379899995,25.175197524000055],[-80.65790580099997,25.177886525000076],[-80.65861880099999,25.17530452400007],[-80.66123280199997,25.17498252400003],[-80.66396680299994,25.17670352500005],[-80.66034580199994,25.184881527000073],[-80.65422179999996,25.185091527000054],[-80.65223379999998,25.192797529000075],[-80.64821279899996,25.192924529000038],[-80.64720979799995,25.18971552800008],[-80.64377079699995,25.19161452900005],[-80.63889079599994,25.19068352900007],[-80.63116679399997,25.195200530000022],[-80.630954794,25.19763553100006],[-80.62877279299994,25.19815353100006],[-80.62522479199998,25.195307530000036],[-80.62204179099996,25.199754531000053],[-80.61952078999997,25.197673531000078],[-80.61343578899994,25.20147753200007],[-80.60977578799998,25.200361532000045],[-80.60899178799997,25.203201532000037],[-80.60504078599996,25.203520533000074],[-80.60363078599994,25.201924532000078],[-80.60585378599995,25.195415531000037],[-80.60317778499996,25.190202529000032],[-80.60947078699996,25.186084528000038],[-80.60918178699995,25.18369352700006],[-80.60647778599997,25.186461528000052],[-80.59401878299997,25.191475530000048],[-80.59416878299999,25.194668531000048],[-80.59158278199999,25.199249532000067],[-80.58339277999994,25.201114532000076],[-80.58451077999996,25.207286534000048],[-80.57956377899995,25.212098535000052],[-80.57376677699995,25.210038535000024],[-80.56793977599995,25.21176953500003],[-80.56329377399999,25.207387534000077],[-80.56447977499994,25.203810533000023],[-80.56873077599994,25.203586533000077],[-80.57034377599996,25.198692532000052],[-80.57352977699998,25.198856532000036],[-80.57650077799997,25.204125533000024],[-80.57756977799994,25.201221533000023],[-80.56887877599996,25.19325653100003],[-80.56551777499999,25.192943531000026],[-80.56497477499994,25.196655532000023],[-80.55899477299994,25.199651533000065],[-80.56279977399998,25.21230553600003],[-80.55653477199996,25.212081536000028],[-80.55392077199997,25.214232536000054],[-80.55190077099996,25.213587536000034],[-80.54979177099995,25.21478153700008],[-80.54833476999994,25.213264536000054],[-80.54928576999998,25.208533535000072],[-80.54774076999996,25.206275534000042],[-80.54488876899995,25.205092534000073],[-80.54239376799995,25.206383535000043],[-80.53585676599994,25.199393533000034],[-80.54142676799995,25.212059536000027],[-80.53921876699997,25.214912537000032],[-80.53561976599997,25.213694537000038],[-80.52967776499997,25.214232537000044],[-80.52423576299998,25.221904539000036],[-80.51934676199994,25.222617539000055],[-80.51505976099997,25.219822539000063],[-80.51553576099997,25.21724253800005],[-80.50972175899994,25.215429538000024],[-80.51042575899999,25.21380253700005],[-80.50693775799994,25.209556536000036],[-80.50813375799999,25.206509535000066],[-80.50570275699994,25.207563536000066],[-80.50280975699997,25.203190535000033],[-80.50004275599997,25.20526253500003],[-80.50049075599998,25.202708535000056],[-80.49798575499995,25.199936534000074],[-80.49539675399996,25.199812534000046],[-80.49626975499996,25.20526253500003],[-80.49794675499999,25.20788853600004],[-80.50119175599997,25.208453536000036],[-80.50078175599998,25.211570537000057],[-80.49856675499996,25.211496537000073],[-80.49479375399994,25.20793453600004],[-80.48721775199994,25.207130536000022],[-80.48547675199995,25.210863537000023],[-80.47971074999998,25.213264538000033],[-80.47204874799996,25.210409537000032],[-80.46550374599997,25.211759538000024],[-80.46455274599998,25.209071537000057],[-80.46162174499995,25.20635453600005],[-80.45853574399996,25.205974536000042],[-80.45478774199995,25.200375535000035],[-80.44968874099999,25.198021534000077],[-80.44735273999999,25.191839533000064],[-80.44268673899995,25.191651533000027],[-80.44399373899995,25.182940531000042],[-80.44625173999998,25.18261853000007],[-80.44779673999994,25.178961530000038],[-80.45009174099994,25.17972253000005],[-80.45187074099994,25.178588529000024],[-80.46186074399998,25.160112524000056],[-80.46073474299999,25.153500523000048],[-80.46181074299994,25.149790522000046],[-80.45704974199998,25.141621520000058],[-80.45883274199997,25.135097518000066],[-80.46134474299998,25.132491517000062],[-80.45552174099998,25.128188516000023],[-80.44898473899997,25.12560651600006],[-80.44720273799999,25.12313151500007],[-80.44244873699995,25.122270515000025],[-80.43840873599999,25.119257514000026],[-80.43828973599994,25.11678251400008],[-80.43389273399998,25.113877513000034],[-80.43329873399995,25.107851512000025],[-80.44304273699998,25.09784350900003],[-80.44339973699994,25.095368508000035],[-80.45385773899994,25.087188506000075],[-80.45599673999999,25.086327506000032],[-80.45920574099995,25.092892507000045],[-80.46574174299997,25.091708507000078],[-80.46027474099998,25.087511506000055],[-80.46105374099994,25.079114504000074],[-80.48378374699996,25.054572497000038],[-80.48888874899995,25.05020049600006],[-80.49099274899999,25.050557496000067],[-80.49674375099994,25.04701549500004],[-80.50134275199997,25.04190449300006],[-80.50079975199998,25.038530493000053],[-80.50341775299995,25.03736949200004],[-80.50495275299994,25.035030492000033],[-80.50427175299995,25.032921491000025],[-80.50772875399997,25.029559490000054],[-80.50972075399994,25.028061490000027],[-80.51393575499998,25.02788749000007],[-80.513277755,25.01753248700004],[-80.51589175599997,25.01473248600007],[-80.52686075899999,25.018264487000067],[-80.53997976299996,25.013503485000058],[-80.54382876399995,25.013977485000055],[-80.54476576399998,25.01215548500005],[-80.54286876299994,25.001378482000064],[-80.547457765,24.998272481000072],[-80.54940276499997,24.994761480000022],[-80.54931176499997,24.991203479000035],[-80.55284376599997,24.98916747900006],[-80.55092276499994,24.98728447800005],[-80.55661376699999,24.978840476000073],[-80.55619676699996,24.976258475000066],[-80.55840776699995,24.971298474000037],[-80.56383976899997,24.969936474000065],[-80.57020176999998,24.962706472000036],[-80.57808977299999,24.96294047200007],[-80.58240177399995,24.967107473000056],[-80.58541377499995,24.96615347200003],[-80.58303677399994,24.964214472000037],[-80.58660177499996,24.96173647100005],[-80.58992877599997,24.96572247200004],[-80.59443877799998,24.967925473000037],[-80.59884177899994,24.96615347200003],[-80.60093677899994,24.962805471000024],[-80.60062477899999,24.959581470000046],[-80.59575277799996,24.953979469000046],[-80.60145677899999,24.94859146700003],[-80.60537877999997,24.95171646800003],[-80.61250878199996,24.953332468000042],[-80.61334078199997,24.944173466000052],[-80.61654978299998,24.94374246600006],[-80.61935978399998,24.94694746700003],[-80.62367978599997,24.947083467000027],[-80.62389678499994,24.939911465000023],[-80.62162278499994,24.933625463000055],[-80.62324078499995,24.931246463000036],[-80.62917678699995,24.92532846100005],[-80.63169978699995,24.924751461000028],[-80.64043978999996,24.91518645800005],[-80.64971279199995,24.913531458000023],[-80.65243879299999,24.90936445600005],[-80.65213579299996,24.90727845600003],[-80.65960879499994,24.90501145500008],[-80.66103479499998,24.900222454000073],[-80.66043379499996,24.89846445300003],[-80.65769779399994,24.897358453000038],[-80.63384178799998,24.914287458000047],[-80.61797578399995,24.931298463000076],[-80.60740778099995,24.940495465000026],[-80.60114077899993,24.943447466000066],[-80.59808677799998,24.947439467000038],[-80.57582377199998,24.952370469000073],[-80.56578176899995,24.957100470000057],[-80.56130676799995,24.964779472000032],[-80.55169776499997,24.971539474000053],[-80.54769176399998,24.978910476000067],[-80.53428676099998,24.993128480000053],[-80.53181675999997,24.99825448200005],[-80.52102575699996,25.00252748300005],[-80.51836775599998,25.00196548300005],[-80.51637375599995,25.003797483000028],[-80.51595475599999,25.007932484000037],[-80.51412375499996,25.01028748500005],[-80.51183375399995,25.01066148500007],[-80.50959975399996,25.014352486000064],[-80.50652775299994,25.014441486000067],[-80.49452674999998,25.023057489000053],[-80.48957574799994,25.030028491000053],[-80.48945574799995,25.03297449100006],[-80.49363374999996,25.038830493000034],[-80.48475974699994,25.04570949500004],[-80.47213974399995,25.061539499000048],[-80.46145974099994,25.07010450100006],[-80.44315473599994,25.076192503000073],[-80.43345273299997,25.08693250600004],[-80.43315573299998,25.08896950700006],[-80.43045973299996,25.08971250700006],[-80.42901973199997,25.098489509000046],[-80.42390973099998,25.104407511000034],[-80.41951272999995,25.10236351100008],[-80.41903772999996,25.099457510000036],[-80.41738272899994,25.098860510000065],[-80.41413072799998,25.102586511000027],[-80.41032572699999,25.10287851100003],[-80.40440672499994,25.10624651200004],[-80.40005972399996,25.106030512000075],[-80.39573972299996,25.11408351400007],[-80.38883172099997,25.12089051600003],[-80.38535471999995,25.121324516000072],[-80.38142871899998,25.128031518000057],[-80.37713971799997,25.130346519000057],[-80.37447671699994,25.13565452000006],[-80.37144771699997,25.136993520000033],[-80.37309571699996,25.14038652100004],[-80.36952471599994,25.14991952400004],[-80.36288471399996,25.153015525000058],[-80.35818571299995,25.153232525000078],[-80.35436071199996,25.163296527000057],[-80.349849711,25.168940529000054],[-80.35028671099997,25.17023652900008],[-80.35367571199998,25.170249529000046],[-80.36662871599998,25.16713052800003],[-80.36734171599994,25.168744529000037],[-80.36044971399997,25.177133531000038],[-80.35628971299997,25.178638531000047],[-80.35305371199996,25.18307553300008],[-80.35142271199999,25.190507534000062],[-80.34352270999995,25.19545753600005],[-80.34248370999995,25.20156953700007],[-80.34074170899999,25.204955538000036],[-80.33754070799995,25.206398539000077],[-80.33460170799998,25.21620854100007],[-80.33042670699996,25.218994542000075],[-80.33038470699995,25.221267543000067],[-80.32740770599997,25.223816543000055],[-80.32222770499999,25.233979546000057],[-80.31587270299997,25.238928548000047],[-80.30795070099998,25.25603255200008],[-80.28739469599998,25.284094560000028],[-80.27877969399998,25.30032056400006],[-80.27848369399999,25.306127565000054],[-80.27517369299994,25.31047056700004],[-80.27556669299997,25.313146567000047],[-80.26969569099998,25.320284569000023],[-80.26000268899998,25.324855571000057],[-80.25301768699995,25.33835057400006],[-80.25301768699995,25.340498575000026],[-80.25753368799997,25.34286157500003],[-80.26050468899996,25.34640657600005],[-80.25765268899994,25.35070257700005],[-80.26697569099997,25.35206757700007],[-80.27369669299998,25.34715757600003],[-80.28046169499999,25.329276571000037],[-80.28974169699995,25.323806570000045],[-80.29060369699994,25.315450568000074],[-80.30481170099995,25.305267565000065],[-80.30709570199997,25.300511563000043],[-80.33207770899998,25.28562055900005],[-80.33680170999997,25.287524560000065],[-80.33952571099996,25.29104256000005],[-80.34278171199998,25.290545560000055],[-80.34329671199998,25.28852156000005],[-80.34600471299996,25.287038559000052],[-80.35089671399999,25.286635559000047],[-80.35662971599999,25.283605558000033],[-80.36591571899999,25.285387558000025],[-80.36651071899996,25.28259355800003],[-80.36306371799998,25.283453558000076],[-80.36033071699995,25.279155557000024],[-80.35569571499997,25.277328557000033],[-80.35177371399999,25.279262557000038],[-80.35011071399998,25.276683556000023],[-80.34416871199994,25.276576557000055],[-80.34369271199995,25.27184755500008],[-80.34119771099995,25.271632555000053],[-80.34250471099995,25.26733355400006],[-80.34024671099996,25.264862554000047],[-80.33371070899994,25.265721554000038],[-80.33216570799993,25.263035553000066],[-80.33275970799997,25.251427550000074],[-80.33501770899994,25.247772549000047],[-80.33442370799997,25.240463548000037],[-80.33977170999998,25.22702654400007],[-80.34511871099994,25.221973543000047],[-80.35284371299997,25.20756553900003],[-80.35712171399996,25.208426539000072],[-80.36211271599996,25.206598538000037],[-80.37185771799994,25.206284538000034],[-80.37352171899994,25.205307538000056],[-80.37257071799996,25.19874853600004],[-80.37447271899998,25.19756553600007],[-80.38053372099995,25.200254536000045],[-80.38944672299993,25.19788853600005],[-80.39146672399994,25.192619534000073],[-80.39740872499993,25.191759534000028],[-80.40168672699997,25.192081534000067],[-80.40453872799998,25.194232534000037],[-80.40727272799995,25.19369453400003],[-80.41666073099998,25.19874853500005],[-80.42081973299997,25.206490537000036],[-80.42046373299996,25.21197453900004],[-80.41333273099997,25.225090542000032],[-80.41464073099996,25.23089654300003],[-80.41357073099994,25.235518545000048],[-80.39978572699994,25.23842154600004],[-80.40002272699996,25.241968547000056],[-80.39705172699996,25.24788054800007],[-80.39740872699997,25.256586550000065],[-80.40049872799995,25.261208552000028],[-80.40002272799995,25.270987554000044],[-80.39812172799998,25.276790556000037],[-80.38588072499994,25.291082559000074],[-80.38290972399994,25.291619560000072],[-80.37969272299995,25.288467559000026],[-80.37245172099995,25.28710655900005],[-80.37126371999994,25.291404560000046],[-80.37411572099995,25.292801560000044],[-80.37378272099994,25.29623956100005],[-80.37706672199994,25.302194562000068],[-80.37586672199996,25.30769456400003],[-80.37367172099994,25.309530564000056],[-80.37343972099995,25.312820565000038],[-80.37054172099994,25.317465566000067],[-80.37187872099997,25.32079256700007],[-80.37064272099997,25.32322356800006],[-80.36539071899995,25.32481156800003],[-80.36309371899995,25.328103569000064],[-80.36086371799996,25.328073569000026],[-80.35731771699994,25.324736569000038],[-80.35436471599996,25.326362569000025],[-80.35164471499996,25.325819569000032],[-80.34931571499999,25.32101656800006],[-80.34227771299999,25.323263569000062],[-80.34260471299996,25.331550571000037],[-80.33095470999996,25.346574575000034],[-80.32632970899994,25.35705557800003],[-80.32280270799998,25.361471579000067],[-80.31827570699994,25.362910579000072],[-80.31378770499998,25.367156580000028],[-80.30542670299997,25.387748586000043],[-80.30843870399997,25.390392586000075],[-80.31267570599994,25.38796258600007],[-80.319805708,25.389143586000046],[-80.32044470799997,25.39149058600003],[-80.32632070999995,25.39426358700007],[-80.32792670999999,25.396839588000034],[-80.32746570999996,25.404593590000047],[-80.32928571099995,25.406495590000077],[-80.32564370999995,25.410173591000046],[-80.32822471099996,25.416108593000047],[-80.32609270999995,25.419440593000047],[-80.32533571,25.43081159600007],[-80.32156370899997,25.432835597000064],[-80.32044470899996,25.437157598000056],[-80.32606071099997,25.43794459800006],[-80.33052571199994,25.442969599000037],[-80.33063971199994,25.450662601000033],[-80.33694471399997,25.456191603000036],[-80.33721871499995,25.459222603000057],[-80.33408671399997,25.464246605000028],[-80.33705171499997,25.46562560500007],[-80.33847971499995,25.46987760600007],[-80.34014071599995,25.469941606000077],[-80.34029971599995,25.47720460800008],[-80.34002971599995,25.489371611000024],[-80.33815771599996,25.489435611000033],[-80.33699171499995,25.493466612000077],[-80.33899571599994,25.495348612000043],[-80.33977571599996,25.50025361400003],[-80.33267871399994,25.504071615000043],[-80.33350071499996,25.507602616000042],[-80.33582571499994,25.509654616000034],[-80.33355371499994,25.517035618000023],[-80.33103571399994,25.51797761800003],[-80.33145971499994,25.52569262000003],[-80.32994771399996,25.526208621000023],[-80.33148871499998,25.528244621000056],[-80.32874871399997,25.532644622000078],[-80.32459671299995,25.535609623000028],[-80.31435270999998,25.53617862300007],[-80.31344570999994,25.537380624000036],[-80.31175470899996,25.54700762600004],[-80.30732870799994,25.557959629000038],[-80.30676370799995,25.56507563100007],[-80.30267670699999,25.569501632000026],[-80.30775070899995,25.586241636000068],[-80.30854770999997,25.595273639000027],[-80.30844570999994,25.60702664200005],[-80.30539770899998,25.615912644000048],[-80.29879870699995,25.619277645000068],[-80.29827570699996,25.621619645000067],[-80.28632370399998,25.620066645000065],[-80.27583270099996,25.63739565000003],[-80.27200469999997,25.639195650000033],[-80.27067869999996,25.647557653000035],[-80.26830369899994,25.651758654000048],[-80.26618769899994,25.652735654000026],[-80.26819369899994,25.65449065400003],[-80.26733469899995,25.658983656000032],[-80.26014269799998,25.674526660000026],[-80.25575969599998,25.677891661000046],[-80.25583469599997,25.68062566100008],[-80.24982669499997,25.69019366400005],[-80.24732269399993,25.697582666000073],[-80.24511369399994,25.69842066600006],[-80.24608269399994,25.707524668000076],[-80.24912469499998,25.71338767000003],[-80.23786069199997,25.72723267400005],[-80.23579669199995,25.726048673000037],[-80.22910968999997,25.732513675000064],[-80.21772268699993,25.73943767700007],[-80.21436068599996,25.738307677000023],[-80.21067668499995,25.74073567800008],[-80.20851768399996,25.745606679000048],[-80.20263468299999,25.748211680000054],[-80.19962368199998,25.745993679000037],[-80.17889867599996,25.74605168000005],[-80.17511867399998,25.744454679000057],[-80.16627267199993,25.73569967700007],[-80.16595667099995,25.731773676000046],[-80.16210566999996,25.73162267600003],[-80.15761366899994,25.727485675000025],[-80.15464966799993,25.72287567400008],[-80.16177366999995,25.71608167200003],[-80.17613067399998,25.70981467000007],[-80.16918567199997,25.706596670000067],[-80.16716767099996,25.701399669000068],[-80.17830267399995,25.686670665000065],[-80.16263566899994,25.674443662000044],[-80.15942966799997,25.66618266000006],[-80.15632866699997,25.666155660000072],[-80.15293266599997,25.671588661000044],[-80.15660166799995,25.691154666000045],[-80.15589166799998,25.698523668000064],[-80.15231866699997,25.705329670000026],[-80.14735666599995,25.72337767500005],[-80.14834466599996,25.72632367500006],[-80.15461866799996,25.728839676000064],[-80.15937266999998,25.73301467700003],[-80.14855766699998,25.738259678000077],[-80.14514266599997,25.741550679000056],[-80.14271966499996,25.746548681000036],[-80.14285366499996,25.750998682000045],[-80.13969066399994,25.755519683000045],[-80.13710166399994,25.75657168300006],[-80.13368866299999,25.76244368500005],[-80.13069966199998,25.764273685000035],[-80.13056066199994,25.771205687000077],[-80.12101065999997,25.813203698000052],[-80.11879566099998,25.845665706000034],[-80.12168966299998,25.897956719000035],[-80.12125966299999,25.91774672400004],[-80.11728666399995,25.986588742000038],[-80.10877766399994,26.090092768000034],[-80.10486666299994,26.095266770000023],[-80.10292466399994,26.135121780000077],[-80.08880466199997,26.232202805000043],[-80.08355266099994,26.25652381100008],[-80.08023665999997,26.258730811000078],[-80.07526666099994,26.31866082700003],[-80.07226665999997,26.33536083100006],[-80.07056665999994,26.33645983100007],[-80.06630965999994,26.391720845000066],[-80.05881465899995,26.45543886100006],[-80.05036565899997,26.50955387500005],[-80.04490165799996,26.537969883000073],[-80.04206565699997,26.545452884000042],[-80.03886565699997,26.569351891000053],[-80.03616065699998,26.602590899000063],[-80.03696765799998,26.646048910000047],[-80.03576565899994,26.676047917000062],[-80.03309765899996,26.70085292400006],[-80.03746466199993,26.766344940000067],[-80.03564666199998,26.77380294200003],[-80.03196766099995,26.77364594200003],[-80.03136466099994,26.79634394800007],[-80.04626566699994,26.859242963000042],[-80.06671767499995,26.924811979000026],[-80.07142767699997,26.942888983000046],[-80.07061867699997,26.944628984000076],[-80.08617668299996,26.987074994000068],[-80.09391168599996,27.018592002000048],[-80.11677469399996,27.072402015000023],[-80.13373869999998,27.10186802100003],[-80.14208770299996,27.119795026000077],[-80.14528970399994,27.13219902900005],[-80.15755870899994,27.163136036000026],[-80.15337770799994,27.16931303800004],[-80.16147271099999,27.192819043000043],[-80.19309272199996,27.249551057000076],[-80.22675573399994,27.322741074000078],[-80.23354073599995,27.341312079000033],[-80.26146474599994,27.394358091000072],[-80.27839475199994,27.435869101000037],[-80.29062475699999,27.466519108000057],[-80.29008075699994,27.47327111000004],[-80.31166376499993,27.525566122000043],[-80.32470177,27.569183133000024],[-80.33095877199997,27.59754613900003],[-80.34791577799996,27.624266146000025],[-80.358400782,27.665297156000065],[-80.38345779199994,27.74002917300004],[-80.44718181399998,27.859736201000032],[-80.44697581399998,27.861959202000037],[-80.50887383599996,27.970482227000048],[-80.53096684399998,28.013661237000065],[-80.55785585399997,28.071830250000062],[-80.57199785899996,28.111599260000048],[-80.59416686799995,28.195869280000068],[-80.60334187299998,28.252560293000045],[-80.60682587499997,28.296409304000065],[-80.60679487599998,28.32706531100007],[-80.60427887599997,28.354851318000044],[-80.59415187499997,28.395328328000062],[-80.58903287399994,28.407877331000066],[-80.58470287199998,28.411848332000034],[-80.57810787099999,28.423080335000066],[-80.56378486699998,28.435803339000074],[-80.54228386099999,28.445719342000075],[-80.52896485699995,28.449701343000072],[-80.52522685599996,28.45503434400007],[-80.52509685699994,28.459459345000027],[-80.55418686699994,28.513822358000027],[-80.56097586899995,28.53074136200007],[-80.56736387199999,28.562358369000037],[-80.57424287499998,28.585344375000034],[-80.61679288899995,28.634566386000074],[-80.64340689799997,28.67359039400003],[-80.70972791999998,28.75669741300004],[-80.87799697799994,29.011594470000034],[-80.89308998399997,29.036950475000026],[-80.90958898999997,29.07093048300004],[-80.92994199599997,29.091621487000054],[-80.94437900099996,29.11086649200007],[-80.96617900899997,29.147965500000055],[-81.04668103799997,29.307861536000075],[-81.11522806299996,29.456276569000067],[-81.16358408099995,29.55529559100006],[-81.21156809899998,29.667090617000042],[-81.22668610499994,29.711220627000046],[-81.24037010999996,29.739473633000046],[-81.25388011599995,29.77685764100005],[-81.25828011799996,29.79449964500003],[-81.26556012199995,29.858735660000036],[-81.27291212499995,29.88372266600004],[-81.27511612599994,29.898843670000076],[-81.27737012699998,29.903985671000044],[-81.28895813099996,29.915185673000053],[-81.29969013499993,29.93998067900003],[-81.30898113899997,29.96944568500004],[-81.35559415999995,30.162568729000043],[-81.38092717099994,30.256814751000036],[-81.39079117599994,30.30481276200004],[-81.39666317899997,30.355174773000044],[-81.39707017999996,30.379516779000028],[-81.39426217999994,30.392075782000063],[-81.39162317899996,30.39669978300003],[-81.40362618299997,30.394649782000045],[-81.40481418299998,30.397211783000046],[-81.40170118299994,30.403638784000066],[-81.40701118499999,30.422045788000048],[-81.40673118499996,30.43741679200008],[-81.41438218999997,30.486709803000053],[-81.41634218999997,30.49095780400006],[-81.42216519199997,30.488090803000034],[-81.43333619499998,30.487988803000064],[-81.44236819799994,30.498740805000068],[-81.43583219699997,30.526076812000042],[-81.44189519999998,30.552734818000033],[-81.44339620099998,30.570491822000065],[-81.44189220199996,30.601390829000024],[-81.42917720099996,30.67081984600003],[-81.42584920099995,30.700457853000046],[-81.42919620199996,30.700727853000046],[-81.43804820499997,30.705050853000046],[-81.44412720699995,30.70971985400007],[-81.45998121199995,30.71043985400007],[-81.47260021599999,30.713317854000024],[-81.47575721599998,30.714759855000068],[-81.48733521999998,30.72608685700004],[-81.51611922899997,30.72224185500005],[-81.53115923299998,30.724224855000045],[-81.53336923399996,30.72343885500004],[-81.53425123399995,30.720975854000073],[-81.53381623299998,30.712060852000036],[-81.53515123399995,30.709707852000065],[-81.53839423499994,30.708661851000045],[-81.54159823599997,30.710067851000076],[-81.54609923699996,30.717035853000027],[-81.54930423799993,30.718297853000024],[-81.56071224099998,30.71169485100006],[-81.56346424199995,30.71342885200005],[-81.56379924199996,30.71775485300003],[-81.57372224499994,30.722341853000046],[-81.58682324899996,30.723740853000038],[-81.59384425099995,30.71848685200007],[-81.59710925199994,30.71933185200004],[-81.59645525199994,30.727255854000077],[-81.60088025399995,30.729449854000052],[-81.60429625499995,30.728944854000076],[-81.60602125499997,30.726224853000076],[-81.60583025499994,30.71969585200003],[-81.60762325499996,30.71637885100006],[-81.61065925599996,30.716222851000055],[-81.61506925799995,30.72269685200007],[-81.62114225899995,30.722545852000053],[-81.62354525999996,30.72468585200005],[-81.62082625999994,30.73162585400007],[-81.62436926099997,30.736345855000025],[-81.62833426199995,30.735399855000026],[-81.63069526199996,30.728100853000058],[-81.63326926299999,30.72960885300006],[-81.63505026399997,30.73328185400004],[-81.63806126499998,30.733373854000035],[-81.64191826599995,30.728927853000073],[-81.64614026699996,30.727596852000033],[-81.64919126799998,30.728691853000043],[-81.65177326899999,30.732289853000054],[-81.65212626899995,30.74244085600003],[-81.65508226999998,30.743906856000024],[-81.65988927099994,30.74218585500006],[-81.66269227199996,30.743045856000037],[-81.65977827199998,30.750776857000062],[-81.66334827299994,30.754407858000036],[-81.66984727499994,30.75167485700007],[-81.67843827699994,30.751075857000046],[-81.68332927799997,30.74756285600006],[-81.67930927699996,30.744750855000063],[-81.67247127499996,30.74844085600006],[-81.66907827399996,30.74499185600007],[-81.66932727399995,30.741340855000033],[-81.67282727499997,30.738940854000077],[-81.68892827999997,30.741439854000078],[-81.69478128199995,30.748419856000055],[-81.719930289,30.74463985400007],[-81.73223029299999,30.749639855000055],[-81.73387129299994,30.75161185500008],[-81.73275329299997,30.75497385600005],[-81.74236429599995,30.759679857000037],[-81.74124729599998,30.76524985800006],[-81.75488229999996,30.768706859000076],[-81.76326430299997,30.77581286000003],[-81.76974630499996,30.77533286000005],[-81.77348630599994,30.76700185800007],[-81.77157130499995,30.764148857000066],[-81.78321330799997,30.761890856000036],[-81.78258830799996,30.766078857000025],[-81.78670030899997,30.769807858000036],[-81.78367930899998,30.772884859000044],[-81.79320331199995,30.786092862000032],[-81.79820931299997,30.78351186100008],[-81.80853231699996,30.790019862000065],[-81.83942732599996,30.787177860000043],[-81.84177732599994,30.79138486100004],[-81.84706632799998,30.79121586100007],[-81.85262932999996,30.794444862000034],[-81.86861133399998,30.792759861000036],[-81.87135333499998,30.797272862000057],[-81.88153833799998,30.80080586200006],[-81.88272833899998,30.805129863000047],[-81.89128434199995,30.815950865000048],[-81.89102434199998,30.822475867000037],[-81.89290934299999,30.825518868000074],[-81.89622434399996,30.82568986800004],[-81.90144634499995,30.829927868000027],[-81.90727334699994,30.825560867000036],[-81.90409434599997,30.820415866000076],[-81.90453634599999,30.817748865000056],[-81.91092934799997,30.815894865000075],[-81.92445135199995,30.817571865000048],[-81.93359035399999,30.820667865000075],[-81.93759535599997,30.827718867000044],[-81.94979035899996,30.82749886600004],[-81.95976236199994,30.82117386500005],[-81.96217836299996,30.81800686400004],[-81.96253736199998,30.796531859000027],[-81.96894936299998,30.79082085700003],[-81.97385936399996,30.778492854000035],[-81.98127636599997,30.776772854000058],[-81.98860836899996,30.780061854000053],[-81.99497537099995,30.786078855000028],[-82.00786837499999,30.79294285700007],[-82.01705437699997,30.791662856000073],[-82.02286937899999,30.787996855000074],[-82.024038379,30.78316185400007],[-82.01788437699997,30.77584985200008],[-82.01160037499994,30.763127850000046],[-82.01792037599995,30.75526884800007],[-82.02840337899994,30.750986846000046],[-82.03596738099998,30.75100384600006],[-82.03897038199995,30.749267846000066],[-82.04002938199994,30.737553843000057],[-82.04379838299997,30.729646841000033],[-82.03756637999999,30.718645839000033],[-82.03642937999996,30.706590836000032],[-82.04181538099994,30.692381832000024],[-82.05043538299998,30.67627182800004],[-82.04699738099998,30.665931826000076],[-82.04951038099995,30.655553824000037],[-82.04227437899993,30.649457822000045],[-82.03909537799996,30.64113782100003],[-82.03994437799997,30.637149820000047],[-82.02850237399997,30.621834816000046],[-82.02654437299998,30.61330881500004],[-82.02734137299996,30.606731813000067],[-82.01571136899997,30.601709812000024],[-82.01211236799998,30.59377881000006],[-82.00548036499998,30.563500804000057],[-82.01321936699998,30.550096800000063],[-82.01836436699995,30.531189796000035],[-82.01887136699997,30.52383379400004],[-82.01477336599999,30.513014792000035],[-82.01589536499995,30.495504788000062],[-82.01822536599997,30.492090787000052],[-82.01778236499996,30.47508678300005],[-82.02373736599998,30.467294781000078],[-82.02821536699997,30.44740177600005],[-82.03620636899996,30.438465774000065],[-82.03721236899997,30.434523773000024],[-82.03400836799995,30.422362770000063],[-82.03997436899994,30.41428576800007],[-82.04199336899995,30.403271765000056],[-82.04116736899994,30.39684676400003],[-82.03587436699996,30.385292761000073],[-82.03682836699994,30.377889760000073],[-82.04074936799998,30.370163758000047],[-82.04792036899994,30.363270756000077],[-82.06003737299994,30.360333755000056],[-82.08110937899994,30.358811754000044],[-82.09469038299994,30.36078675400006],[-82.10180138499999,30.36534175500003],[-82.10250338499998,30.367828755000062],[-82.10483738599999,30.36832475500006],[-82.14328539699994,30.36339875300007],[-82.15811240099998,30.359918752000056],[-82.16176040199997,30.357856751000043],[-82.16519540299998,30.358040751000033],[-82.171511405,30.359874751000063],[-82.18002140799996,30.368630753000048],[-82.18463640999994,30.377170755000066],[-82.18881741099995,30.376601755000024],[-82.19294341199998,30.378784755000027],[-82.19233941199997,30.38457575700005],[-82.20415441599994,30.401335760000052],[-82.21029441899998,30.42459576500005],[-82.20987341899996,30.43282376700006],[-82.206489418,30.43708676800003],[-82.20397841799996,30.444512770000074],[-82.20771141999995,30.46050877400006],[-82.20094141799996,30.474443777000033],[-82.201419419,30.485169780000035],[-82.21285542299995,30.498756782000044],[-82.22693642699994,30.510286785000062],[-82.23038042799999,30.517344786000024],[-82.22940242799996,30.520828787000028],[-82.23075542899994,30.52676378800004],[-82.23612643099995,30.53116078900007],[-82.24040643199999,30.53777579100006],[-82.23891543199994,30.545431792000045],[-82.23444143099994,30.54900879300004],[-82.23443043099996,30.55659879500007],[-82.22826842999996,30.562585797000054],[-82.22282942799995,30.565600798000048],[-82.21731842699995,30.565195798000047],[-82.21438842599997,30.566963798000074],[-82.21484242599996,30.568596799000034],[-82.56924052999995,30.590970793000054],[-82.93992163799999,30.61259771600004],[-83.49987980099996,30.645676777000062],[-84.15521367099996,30.679530819000036],[-84.37490905399994,30.689799760000028],[-84.47441308199996,30.692798758000038],[-84.64481913199995,30.701997754000047],[-84.86469719499996,30.71154775000008],[-84.86975619699996,30.721902752000062],[-84.87542519799996,30.727496753000025],[-84.88382520099998,30.732596754000042],[-84.88752620199995,30.741796756000042],[-84.89612620499997,30.75059675700004],[-84.90022620699995,30.751896758000044],[-84.90632620799994,30.75059675700004],[-84.91112620999996,30.75119675700006],[-84.91432621099995,30.753596757000025],[-84.91502621099994,30.76119675900003],[-84.92012721299994,30.765995760000067],[-84.91802721299996,30.778095763000067],[-84.92832721599996,30.79309576600008],[-84.92832721699995,30.805095769000047],[-84.93604621999998,30.82067677200007],[-84.93415921999997,30.834044775000052],[-84.92833921799996,30.842537777000075],[-84.92881121899995,30.84678477800003],[-84.93526022099996,30.854333780000047],[-84.93400122099996,30.863298782000072],[-84.93840522299996,30.873050784000043],[-84.93541722199996,30.882486786000072],[-84.94252922399994,30.888493787000073],[-84.95612922899994,30.90759279100007],[-84.96673023299996,30.91729279300006],[-84.97103023399995,30.92819279500003],[-84.98313123799994,30.93479179600007],[-84.98303123799997,30.942591798000024],[-84.97963123799997,30.954691801000024],[-84.98013123799996,30.961291802000062],[-84.98483123999995,30.96749180300003],[-84.99993224399998,30.971191804000057],[-85.00510924599996,30.974709804000042],[-85.00593824599997,30.97980980500006],[-85.00254424599996,30.98690480700003],[-85.00250324599995,31.000687810000045]]]]}},{"type":"Feature","properties":{"shapeName":"Texas","shapeISO":"US-TX","shapeID":"66186276B29106115751815","shapeGroup":"USA","shapeType":"ADM1"},"geometry":{"type":"MultiPolygon","coordinates":[[[[-94.71830283399999,29.728860213000075],[-94.71619183399997,29.727780212000027],[-94.71385583299997,29.731450213000073],[-94.71444983399994,29.73299721400008],[-94.71652083399994,29.733520214000066],[-94.71830283399999,29.728860213000075]]],[[[-94.82327084399998,29.32392312500008],[-94.821963843,29.313250123000046],[-94.81566584099994,29.312110123000025],[-94.79843383699995,29.312421124000025],[-94.78999583499996,29.31615212500003],[-94.78417283399995,29.32102212600006],[-94.781795833,29.324026127000025],[-94.78060783299998,29.332419128000026],[-94.77787483299994,29.33355812900004],[-94.77680083299998,29.337270129000046],[-94.780691833,29.334280129000035],[-94.78554083499995,29.335484129000065],[-94.79211483699999,29.341097130000037],[-94.81052884199994,29.35213413100007],[-94.82160784399997,29.34526513000003],[-94.81994384399997,29.339463129000023],[-94.82327084399998,29.32392312500008]]],[[[-94.83016384699994,29.34837213000003],[-94.83063884699999,29.346093130000042],[-94.82576684599996,29.34920113000004],[-94.82184484499999,29.348269130000062],[-94.81970584399994,29.351791131000027],[-94.82505384599995,29.354691132000028],[-94.83016384699994,29.34837213000003]]],[[[-94.91513486499997,29.273451112000032],[-94.91382686499998,29.269927111000072],[-94.91145086399996,29.268786111000054],[-94.90919286399998,29.26982311100005],[-94.90919286399998,29.27396911200003],[-94.91311386499996,29.27500611200003],[-94.91513486499997,29.273451112000032]]],[[[-94.92859888199996,29.583565176000036],[-94.91683387799998,29.567648173000066],[-94.91398187799996,29.567338173000053],[-94.90744587599994,29.57136917400004],[-94.90768287599997,29.573746174000064],[-94.91956688,29.588318177000076],[-94.92859888199996,29.583565176000036]]],[[[-94.97839289899997,29.683659195000075],[-94.97556089799997,29.676185193000038],[-94.96829189599998,29.66713819100005],[-94.96529589499994,29.651496188000067],[-94.96076789299997,29.643114187000037],[-94.95919789199996,29.636166185000036],[-94.95367389099994,29.63253918500004],[-94.95212888999998,29.62871718400004],[-94.95425189099996,29.622643183000037],[-94.95335088999997,29.618714182000076],[-94.94737588799995,29.613428181000074],[-94.94476088799996,29.61301418100004],[-94.94167188699998,29.615597182000045],[-94.93965088699997,29.620866183000032],[-94.94725688899996,29.629750184000045],[-94.94892088999995,29.633572185000048],[-94.94832688999998,29.64410818700003],[-94.95424589199996,29.65030518800006],[-94.94238488899998,29.65195718900003],[-94.94143388899994,29.653403190000063],[-94.94773189099999,29.67023619300005],[-94.95319889299998,29.677464194000038],[-94.96579589599997,29.679322194000065],[-94.96878089699999,29.680614194000043],[-94.96858289699998,29.68255119500003],[-94.97375789799997,29.686136195000074],[-94.97839289899997,29.683659195000075]]],[[[-94.99205990399997,29.698421197000073],[-94.99075190299999,29.69604719700004],[-94.97958089999997,29.688304195000057],[-94.97518389899994,29.687891196000066],[-94.97375789799997,29.689130196000065],[-94.97328289799998,29.69140219600007],[-94.97518389899994,29.693982197000025],[-94.97934389999995,29.693879197000058],[-94.98017589999995,29.69604719700004],[-94.98564190199994,29.698525197000038],[-94.99205990399997,29.698421197000073]]],[[[-95.12225925599995,29.08875651200003],[-95.11656790899997,29.08461006600004],[-95.11062590799997,29.08668706700007],[-95.08795190299998,29.107911072000036],[-95.05828089599999,29.12822907700007],[-94.89175985799994,29.229029103000073],[-94.79476283499997,29.284399118000067],[-94.76735182899995,29.305644123000036],[-94.72617881899998,29.33252213000003],[-94.73140482099996,29.33705413100006],[-94.74623082499994,29.334766130000048],[-94.76657482999997,29.337349130000064],[-94.77228883099997,29.33366212900006],[-94.77466583099994,29.32102212600006],[-94.78120183299995,29.31853512500004],[-94.78904483499997,29.311903124000025],[-94.79807683699994,29.30848312300003],[-94.82077584299998,29.309623122000062],[-94.82374684299998,29.305893121000054],[-94.82790584399999,29.304649121000068],[-94.82766784399996,29.300918120000063],[-94.82968884499996,29.30029612000004],[-94.83194684499995,29.302058120000027],[-94.83776584699996,29.301207120000072],[-94.83765084699996,29.299778120000042],[-94.84965384999998,29.297498119000068],[-94.85107984999996,29.299260119000053],[-94.85286184999995,29.299053119000064],[-94.85464485099999,29.297084119000033],[-94.86557785399998,29.293353117000038],[-94.86534085299996,29.291694117000077],[-94.87437285599998,29.289932116000045],[-94.88185885699994,29.279256114000077],[-94.88007685599996,29.272725113000035],[-94.89124785899998,29.270549112000026],[-94.91858086599996,29.25572310800004],[-94.92095786599998,29.25344210700007],[-94.92071986599996,29.250539107000066],[-94.93022686799998,29.24348810500004],[-94.93046486799994,29.234881103000077],[-94.93426786899994,29.23260010300004],[-94.94341787099995,29.23571110300003],[-94.95565887399994,29.229385101000048],[-94.94876587199997,29.228659101000062],[-94.94448787099998,29.223784100000046],[-94.94531987099998,29.221503100000064],[-94.95340087299996,29.218287099000065],[-94.96231387499995,29.219221099000038],[-94.96219487499997,29.21642009800007],[-94.95898587399995,29.21289409800005],[-94.95946187399994,29.210197097000048],[-94.96920687699998,29.213516097000024],[-94.97431687799997,29.211234097000045],[-94.97502987799999,29.208848096000054],[-94.97193987699995,29.20698109600005],[-94.97574287799995,29.20148309500007],[-94.97954587899994,29.202832095000076],[-94.99178588199999,29.200342094000064],[-94.99404388199997,29.195778093000058],[-94.98952788099996,29.190590092000036],[-95.00533388499997,29.18509209000007],[-95.01305888699994,29.18509209000007],[-95.00866188599997,29.182913090000056],[-95.00652188499998,29.179800089000025],[-95.00877988599996,29.177829089000056],[-95.01329588699997,29.17876308900003],[-95.01709888799996,29.17751708800006],[-95.01900088799994,29.175650088000054],[-95.01674288699996,29.172122087000048],[-95.016979887,29.168490087000066],[-95.02363488899994,29.169009086000074],[-95.02541788899998,29.162679085000036],[-95.02422988899997,29.160188085000073],[-95.02815088999995,29.156556084000044],[-95.03979789299996,29.154272083000023],[-95.06380289799995,29.137043079000023],[-95.06831889899996,29.13631607800005],[-95.07128989999995,29.13226807700005],[-95.07592490099995,29.129361077000056],[-95.09303790499996,29.122510075000037],[-95.09695990599994,29.11887607400007],[-95.11015090799998,29.097694069000056],[-95.11466690899994,29.094164068000055],[-95.11989591099996,29.092918068000074],[-95.12225925599995,29.08875651200003]]],[[[-97.11172236799996,27.893071758000076],[-97.10898936699994,27.892021758000055],[-97.10518636699999,27.89737775900005],[-97.09722436499999,27.903469761000053],[-97.10292836599996,27.903364760000045],[-97.11172236799996,27.893071758000076]]],[[[-97.12657737299998,27.909560761000023],[-97.12717137299995,27.90809076100004],[-97.12574537199998,27.90746076100004],[-97.12265537199994,27.91008576100006],[-97.12301237199995,27.912605762000055],[-97.12503237199996,27.912921762000053],[-97.12657737299998,27.909560761000023]]],[[[-97.12705336999994,27.841067747000068],[-97.12990537099995,27.83949174600008],[-97.12693436999996,27.83791574600008],[-97.10625636499998,27.83938674700005],[-97.08783535999999,27.84159274800004],[-97.08177535899995,27.844640749000064],[-97.07630835799995,27.842853749000028],[-97.06097835399999,27.846321750000072],[-97.06466235499994,27.850524751000023],[-97.05895735399997,27.85472775200003],[-97.05218335199999,27.867965754000068],[-97.049569352,27.87857575700008],[-97.05361035399994,27.90231476200006],[-97.06513735699997,27.913131763000024],[-97.08058636099997,27.916806764000057],[-97.07039235899998,27.912139763000027],[-97.06605635699998,27.906222762000027],[-97.07369335899995,27.89895376000004],[-97.074644359,27.894857759000047],[-97.08082436099994,27.894016759000067],[-97.08474636099999,27.891075758000056],[-97.08177536099998,27.888239758000054],[-97.08320136099996,27.88361875700008],[-97.08997536199996,27.87552975500006],[-97.10138336499995,27.883197756000072],[-97.12705336999994,27.841067747000068]]],[[[-97.13172337299994,27.896022758000072],[-97.13196137299997,27.89444775800007],[-97.12958437299994,27.89339775700006],[-97.11829436999994,27.890666757000076],[-97.11829436999994,27.885624756000027],[-97.11021336799996,27.88919575700004],[-97.11021336799996,27.890666757000076],[-97.11342236899998,27.89213675800005],[-97.13172337299994,27.896022758000072]]],[[[-97.132555374,27.898858759000063],[-97.12970337299998,27.897493758000053],[-97.12732637199997,27.900119759000063],[-97.12708837199995,27.904004760000078],[-97.12887137299998,27.90505576000004],[-97.132555374,27.898858759000063]]],[[[-97.14123037399997,27.853162749000035],[-97.14336937499996,27.849484748000066],[-97.13742737299998,27.849379748000047],[-97.13695237299999,27.853792749000036],[-97.13873537399996,27.855788749000055],[-97.14123037399997,27.853162749000035]]],[[[-97.15085637699997,27.875855753000053],[-97.14943037699999,27.874909753000054],[-97.14539037599997,27.876590754000063],[-97.14158737499997,27.879531754000027],[-97.14206237499997,27.881107755000073],[-97.14467737599995,27.880897754000046],[-97.15085637699997,27.875855753000053]]],[[[-97.16428537899998,27.82111074200003],[-97.16381037799994,27.817326741000045],[-97.15097537499997,27.817116741000063],[-97.14776637399996,27.815855741000064],[-97.14432037399996,27.816590741000027],[-97.14265637299997,27.82111074200003],[-97.15347137599997,27.82205674200003],[-97.16428537899998,27.82111074200003]]],[[[-97.17437037899998,27.755270728000028],[-97.17460737899995,27.75390372700008],[-97.17270637799999,27.752956727000026],[-97.16842837699994,27.754429728000048],[-97.16854637699998,27.758425728000077],[-97.16676437699994,27.759266729000046],[-97.16486237699996,27.763998730000026],[-97.16866537799996,27.764103730000045],[-97.17270637899998,27.76084472900004],[-97.17437037899998,27.755270728000028]]],[[[-97.19031138499997,27.816485740000076],[-97.19292538599996,27.81532974000004],[-97.18781538399998,27.812806739000052],[-97.17747638199995,27.814593740000078],[-97.17854638199998,27.818377741000063],[-97.19031138499997,27.816485740000076]]],[[[-97.222398393,27.809653738000065],[-97.21467339099996,27.80734073700006],[-97.20564138899994,27.807446738000067],[-97.20053138699996,27.811755739000034],[-97.19732338699998,27.81259673900007],[-97.19625338599997,27.81480373900007],[-97.222398393,27.809653738000065]]],[[[-97.24647539399996,27.682488711000076],[-97.24630739399998,27.675957709000045],[-97.24355339299996,27.67114570800004],[-97.24217939299996,27.67114570800004],[-97.23754139199997,27.682831711000063],[-97.23238339099998,27.682659711000042],[-97.22808838899994,27.673895709000078],[-97.23461938999998,27.641070702000036],[-97.23152938899995,27.640898702000072],[-97.22087038799998,27.675614710000048],[-97.21554538699996,27.682831711000063],[-97.22276238799998,27.685925712000028],[-97.23737339199994,27.686955712000042],[-97.24647539399996,27.682488711000076]]],[[[-97.25288035299997,26.37530743700006],[-97.25395035299994,26.37424243600003],[-97.25276135299998,26.37083543600005],[-97.25026635199998,26.369025435000026],[-97.24955335199996,26.37360443600005],[-97.25288035299997,26.37530743700006]]],[[[-97.25810935599998,26.425443447000077],[-97.25490035399997,26.41522644500003],[-97.25169235399994,26.41522644500003],[-97.25038535299996,26.420973446000062],[-97.25240535399996,26.426507448000052],[-97.25597035499999,26.427039448000073],[-97.25810935599998,26.425443447000077]]],[[[-97.26732740599994,27.87399674900007],[-97.268989407,27.873953749000066],[-97.26766440599994,27.868644748000065],[-97.25828740399999,27.866085748000046],[-97.24509639999997,27.840972743000066],[-97.24583739999997,27.83827274300006],[-97.24117439799994,27.832145742000023],[-97.23701539699994,27.829202741000074],[-97.23131139599997,27.828782741000055],[-97.23000439599997,27.83151574200008],[-97.23902139799998,27.843561744000056],[-97.24516239999997,27.85764974700004],[-97.24509639999997,27.861147747000075],[-97.24783040099999,27.861567747000038],[-97.25222040199998,27.87122774900007],[-97.26081840499995,27.874163750000037],[-97.26732740599994,27.87399674900007]]],[[[-97.317809405,27.49456667000004],[-97.31543240499997,27.495199670000034],[-97.31400640499999,27.497518670000034],[-97.31008540399995,27.505951672000037],[-97.31127340399996,27.507005672000048],[-97.31388840499994,27.50542467200006],[-97.317809405,27.49456667000004]]],[[[-97.31887940499996,27.48022966700006],[-97.31971140499996,27.477804666000054],[-97.31674040499996,27.477909666000073],[-97.31293740399997,27.486554668000053],[-97.30509340199995,27.49150966900004],[-97.30449940199998,27.49551567000003],[-97.30794640299996,27.491615669000055],[-97.31353140399995,27.490455669000028],[-97.31887940499996,27.48022966700006]]],[[[-97.37735338899995,26.558118472000046],[-97.37678338899997,26.556077472000027],[-97.327630377,26.55616247300003],[-97.30605637199994,26.55749747400006],[-97.30344137099996,26.554415473000063],[-97.28823036699998,26.549206473000027],[-97.27563336299994,26.524858468000048],[-97.27194936199999,26.51199246500005],[-97.26565035999994,26.50210146300003],[-97.25139035499996,26.461680455000078],[-97.24699335299994,26.44072045100006],[-97.24307135199996,26.431994449000058],[-97.243017351,26.408840444000077],[-97.23629734899998,26.40368444300003],[-97.222036345,26.377070438000032],[-97.21954134399994,26.369617436000055],[-97.22548334599998,26.362909435000063],[-97.21229134099997,26.33649942900007],[-97.20242833799995,26.298470422000037],[-97.20123933699995,26.286750419000043],[-97.19731733599997,26.278013417000068],[-97.19387133399994,26.243802410000058],[-97.18888033199994,26.232610408000028],[-97.17901632899998,26.180791397000064],[-97.17901632799999,26.17439239600003],[-97.18225432899999,26.162909393000064],[-97.18101832799994,26.159581393000053],[-97.18244432799997,26.148317390000045],[-97.17921132799995,26.145330390000026],[-97.17816632699999,26.13500338800003],[-97.17445832599998,26.12919838600004],[-97.17493332599997,26.12587038600003],[-97.172746325,26.123650385000076],[-97.17208132499997,26.11793138400003],[-97.17379232499997,26.114687383000046],[-97.16694732299999,26.092831379000074],[-97.17027532399999,26.084805377000066],[-97.16932432299996,26.077718376000064],[-97.16276432099994,26.06712837300006],[-97.16019732099994,26.06994637400004],[-97.15371931899995,26.06758637400003],[-97.16103032099994,26.09114837900006],[-97.17897332999996,26.219305405000057],[-97.19287433499994,26.29000442000006],[-97.21789534399994,26.387260440000034],[-97.26619336099998,26.540363471000035],[-97.26993436299995,26.562147476000064],[-97.31954937499995,26.561690474000045],[-97.37735338899995,26.558118472000046]]],[[[-97.39839540399998,26.86789853700003],[-97.388769401,26.839271531000065],[-97.390908401,26.816365526000027],[-97.38140039799998,26.79971252300004],[-97.37997439699996,26.787407520000045],[-97.37498339499996,26.77350851800003],[-97.36511939299999,26.761306515000058],[-97.36714039299994,26.756213514000024],[-97.35929638999994,26.738172511000073],[-97.35703838899997,26.725435508000032],[-97.33588538199996,26.668740497000044],[-97.33101238099994,26.65950049500003],[-97.32899237999999,26.646755492000068],[-97.31211737499996,26.61616048600007],[-97.30902737399998,26.604047484000034],[-97.29463136899994,26.57570947800008],[-97.29999636999997,26.57131147700005],[-97.31005537299995,26.569112476000043],[-97.31005537299995,26.56651347600007],[-97.32601437699998,26.564241475000074],[-97.34198638099997,26.563986474000046],[-97.34483838099999,26.562200474000065],[-97.28294736599997,26.564071476000038],[-97.27618036399997,26.565467476000038],[-97.284827367,26.58515048000004],[-97.31217137599998,26.666258497000058],[-97.33758138599995,26.753308514000025],[-97.35672639299997,26.832425530000023],[-97.37086239899998,26.910861546000035],[-97.37695040199998,26.971532559000025],[-97.37906340499995,27.047214575000055],[-97.37555840699997,27.118181590000063],[-97.36539340699994,27.19989160700004],[-97.35025640599997,27.268109622000054],[-97.32951640299996,27.33890963700003],[-97.30364939899994,27.409140652000076],[-97.27507439399994,27.475421667000035],[-97.19917137999994,27.622267699000076],[-97.15413737199998,27.69687271600003],[-97.09758135999994,27.777332734000026],[-97.05572635199997,27.82515674600006],[-97.04485334899994,27.834470748000058],[-97.056837353,27.841998749000027],[-97.07525735699994,27.83947674800004],[-97.08583435999998,27.835377747000052],[-97.12766536999999,27.82812674400003],[-97.13539037199996,27.824553743000024],[-97.13527137199998,27.823291743000027],[-97.13134937099994,27.822661743000026],[-97.12124836799995,27.815724742000043],[-97.11970336699994,27.81015374100008],[-97.12148636699999,27.785133735000045],[-97.12528936699994,27.77924573400003],[-97.13289436899998,27.775565733000064],[-97.14561037199996,27.772411732000023],[-97.15119637399994,27.768625731000043],[-97.15238437399995,27.76147573000003],[-97.15868337499995,27.752535728000055],[-97.15951537499996,27.745279726000035],[-97.16890337599995,27.722242721000043],[-97.18411437899994,27.695729715000027],[-97.18993837999994,27.69257271400005],[-97.19683038199997,27.684364712000047],[-97.19813738199997,27.672788710000077],[-97.19706838099995,27.655737706000025],[-97.20158438199996,27.655737706000025],[-97.20384238199995,27.651000705000058],[-97.20099038199999,27.64878970500007],[-97.20122738199996,27.646052704000056],[-97.20348538199994,27.642368703000045],[-97.21382438499995,27.64521070400008],[-97.21548838499996,27.644368703000055],[-97.21548838499996,27.639209702000073],[-97.20954638299997,27.62773370000008],[-97.21073538299999,27.624153699000033],[-97.21430038399996,27.62446969900003],[-97.220717386,27.633419701000037],[-97.22879838799997,27.63415670100005],[-97.23105638899995,27.63289270100006],[-97.23521638999995,27.63447270100005],[-97.23462138999997,27.636051701000042],[-97.23628538999998,27.637630702000024],[-97.24008839099997,27.633313701000077],[-97.26563939499994,27.580343689000074],[-97.30426140199995,27.507321673000035],[-97.29784439999997,27.492353670000057],[-97.30145740099994,27.484804668000038],[-97.30751840199997,27.481114667000043],[-97.31274740299995,27.472363665000046],[-97.31417340299998,27.466564664000032],[-97.31963940499998,27.45876166200003],[-97.33045440599994,27.434504657000048],[-97.33076340599996,27.41802865300008],[-97.33627740699995,27.402752650000025],[-97.34721040899996,27.388191647000042],[-97.35315240999995,27.373839644000043],[-97.35897541099996,27.366557642000032],[-97.36182841199997,27.359064640000042],[-97.36170941099994,27.349881638000056],[-97.36396741199997,27.34650363800006],[-97.366343412,27.330563634000043],[-97.36206541099995,27.326867634000052],[-97.36265941099998,27.321272632000046],[-97.356004408,27.30870763000007],[-97.35743040899996,27.305539629000066],[-97.36254140999995,27.304905629000075],[-97.37097841199994,27.298780627000042],[-97.37181041199995,27.294028626000056],[-97.36883941099995,27.281248624000057],[-97.37085941099997,27.27871462300004],[-97.36123340899996,27.27258762200006],[-97.37038440999999,27.249769617000027],[-97.38250641299999,27.246177616000068],[-97.37965441199998,27.226735612000027],[-97.37929741099998,27.209614609000027],[-97.38987441299997,27.20496460700008],[-97.38654641199997,27.197142606000057],[-97.38203041099996,27.193337605000067],[-97.387259412,27.174626601000057],[-97.38714041099996,27.16553359900007],[-97.39011141199995,27.15157659600004],[-97.38999341099998,27.129473592000068],[-97.39450841199994,27.12397359000005],[-97.38912540999996,27.101728586000036],[-97.38936340899994,27.09337058400007],[-97.38591640799996,27.084694582000054],[-97.38865040899998,27.078875581000034],[-97.39055140799996,27.04564457400005],[-97.38948240699995,27.017169568000043],[-97.39067040599997,26.98847456200008],[-97.39352240599999,26.971317559000056],[-97.38686740399999,26.95723055600007],[-97.39007640499995,26.95002755400003],[-97.39411640499998,26.915381547000038],[-97.39138340299996,26.88390454000006],[-97.39839540399998,26.86789853700003]]],[[[-97.40564941999997,27.29475162600005],[-97.40564941999997,27.290209625000045],[-97.40434241999998,27.290209625000045],[-97.39911341899995,27.309112629000026],[-97.40053941999997,27.31090762900004],[-97.40208441999994,27.310485629000027],[-97.40564941999997,27.29475162600005]]],[[[-97.40660042099995,27.315659630000027],[-97.40600542099997,27.313547630000073],[-97.40386642099998,27.314920630000074],[-97.39958841999999,27.324528632000067],[-97.40065841999996,27.325478632000056],[-97.40660042099995,27.315659630000027]]],[[[-97.42347040699997,26.752180512000052],[-97.42311340599997,26.74071950900003],[-97.41538940399994,26.740719510000076],[-97.41515140499996,26.746874511000044],[-97.41265540399996,26.75186251200006],[-97.41455740499998,26.752923512000052],[-97.42347040699997,26.752180512000052]]],[[[-103.00244331499994,36.50040306900007],[-103.04193332399996,36.500445067000044],[-103.04083328499996,36.055236997000065],[-103.04219526599996,35.825222960000076],[-103.04205976499998,35.39475294500005],[-103.04327020899996,35.125063848000025],[-103.04253019099997,34.89955181100004],[-103.04395515199997,34.37956072600008],[-103.043959122,33.97463465900006],[-103.05261963399994,33.570580359000076],[-103.06463405999995,32.99990449500007],[-103.06470483299995,32.52192841400006],[-103.06443199699999,32.00052332400003],[-103.72289116299999,32.000213666000036],[-104.02453021699995,32.00001528200005],[-104.53176533199996,32.00012225900008],[-104.84774940299997,32.00048763900003],[-105.33981647799999,32.000588684000036],[-105.73137159899994,32.001569206000056],[-106.12554368599996,32.00253818900006],[-106.61849579399995,32.00050016600005],[-106.61945779299998,31.994738165000058],[-106.62357779399997,31.99100416500005],[-106.63119179599994,31.98981416400005],[-106.63650179699994,31.985724163000043],[-106.63953879699994,31.98035316200003],[-106.638195796,31.97682516200007],[-106.63012379399999,31.971263161000024],[-106.62647579399999,31.970695161000037],[-106.62322579299996,31.97291516200005],[-106.61957879199997,31.97158316200006],[-106.61938079199996,31.964782161000073],[-106.62430879199997,31.961059160000048],[-106.62513279199999,31.954536159000043],[-106.62282879199995,31.952896158000044],[-106.61771779099996,31.956013159000065],[-106.61471178999994,31.95600515900003],[-106.61614578999996,31.94844415800003],[-106.62366879099994,31.945515157000045],[-106.62253878999996,31.93486815600005],[-106.62533179099995,31.93005815500004],[-106.62975679199997,31.926575154000034],[-106.62867279099999,31.92361915300006],[-106.62394278999994,31.925340154000025],[-106.61185578699997,31.920008154000072],[-106.62595678999998,31.91223215200006],[-106.63367779099997,31.909795151000026],[-106.64084979299997,31.90460315000007],[-106.64548879299997,31.89867514900004],[-106.64530579299998,31.894864148000067],[-106.63393678999995,31.88918914800007],[-106.62920678899997,31.88372214700007],[-106.63488278899996,31.874483145000056],[-106.63593578899997,31.866240144000074],[-106.62781778699997,31.86059814300006],[-106.62577278599997,31.856281143000047],[-106.61464678299996,31.846495142000038],[-106.60585478099995,31.84631014200005],[-106.60205477999995,31.844410142000072],[-106.60527677999994,31.82791713900008],[-106.60273677899994,31.825029139000037],[-106.59383577699998,31.824906139000063],[-106.58905477599995,31.822711139000035],[-106.57725377299994,31.810411137000074],[-106.57095377199994,31.810211138000057],[-106.56685377099996,31.813311138000074],[-106.56345376999997,31.81261113800008],[-106.56295476999998,31.811109138000063],[-106.54715376599995,31.807310138000048],[-106.54215376499997,31.80211213800004],[-106.53585276299998,31.798612137000077],[-106.53300976199995,31.791834136000034],[-106.52795276099994,31.790512136000075],[-106.52825176099998,31.783153135000077],[-106.52865276099999,31.781812135000052],[-106.52365275899996,31.776212134000048],[-106.51785175799995,31.771818134000057],[-106.513696757,31.770716134000054],[-106.51006975499996,31.761263132000067],[-106.50582775399994,31.760477132000062],[-106.48955174999998,31.748413131000063],[-106.48465174899997,31.74781413100004],[-106.47250274699996,31.75085713200008],[-106.46692174599997,31.759576134000042],[-106.45530174399994,31.76408613500007],[-106.45107374299994,31.76433013600007],[-106.435488739,31.755194135000067],[-106.41794973499998,31.752014135000024],[-106.38104872599996,31.732115133000036],[-106.37804872499999,31.728315133000024],[-106.37237972199995,31.712574131000054],[-106.34954771699995,31.696716129000038],[-106.33474671099998,31.66411712400003],[-106.30362370199998,31.622494119000066],[-106.30089870099994,31.609629117000054],[-106.28874969699996,31.58716211400008],[-106.28115069399996,31.562675110000043],[-106.25478968699997,31.548002109000038],[-106.24621268499999,31.541158108000047],[-106.23683268099995,31.513197104000028],[-106.22540167799997,31.501852102000043],[-106.21908367499998,31.48028509900007],[-106.20655367199998,31.46620409700006],[-106.19961566999996,31.46231309700005],[-106.17563466399997,31.455211097000074],[-106.15643765899995,31.437046095000028],[-106.13279165299997,31.425372094000068],[-106.10862464799999,31.42238009400006],[-106.08026763999999,31.398707092000052],[-106.00493562299994,31.39246309400005],[-105.97011061399996,31.36594209100008],[-105.95379560999999,31.364754091000066],[-105.94586160799997,31.353212090000056],[-105.94782460799996,31.339875088000042],[-105.93846160399994,31.31874008500006],[-105.93102860199997,31.312715084000047],[-105.90739759699994,31.312219085000038],[-105.89622959399998,31.292378082000027],[-105.89315859299995,31.29038008200007],[-105.87639658899997,31.291673083000035],[-105.86917258699998,31.28882008200003],[-105.85406658299996,31.27275308000003],[-105.85052058199994,31.26527407900005],[-105.83573157799998,31.24681707700006],[-105.81884457299998,31.23068607500005],[-105.794395566,31.20224507100005],[-105.78290456299999,31.197568071000035],[-105.77973456199999,31.19128807000004],[-105.78003056199998,31.182671069000037],[-105.776135561,31.176529068000036],[-105.77326655899998,31.166902066000034],[-105.76956955799994,31.164881066000078],[-105.76354055699994,31.16412606600005],[-105.74444055299995,31.16536006700005],[-105.74157355199998,31.164382067000076],[-105.71954954699999,31.14916606500003],[-105.71701554599997,31.141443064000043],[-105.70950054399998,31.136380064000036],[-105.64884352899998,31.115907063000066],[-105.64674052799995,31.11391306300004],[-105.64189952699996,31.09832706000003],[-105.62735852299994,31.098550061000026],[-105.60447651699997,31.08374905900007],[-105.59878251599997,31.07493105800006],[-105.59593051499996,31.064847056000076],[-105.58533251199998,31.057493056000055],[-105.57955150899994,31.035401052000054],[-105.58141350899996,31.02685205100005],[-105.57816050799994,31.02022905000007],[-105.57054150599998,31.01801205000004],[-105.56876550599998,31.014611049000052],[-105.57010550599995,31.00820804800003],[-105.55743950199997,30.99023404500008],[-105.543685499,30.984751045000053],[-105.53805149699997,30.98573904600005],[-105.53309749599998,30.98486404600004],[-105.52634949399999,30.977659045000053],[-105.52210349299997,30.976558045000047],[-105.51682049199997,30.969257044000074],[-105.51572749099995,30.96486204300004],[-105.51377349099994,30.966266043000076],[-105.50197748799997,30.967742044000033],[-105.49413748599994,30.957327043000078],[-105.49395948599994,30.955629042000055],[-105.496906487,30.95513504200005],[-105.49900148699999,30.950730041000043],[-105.49373748599999,30.94946604100005],[-105.48803648399996,30.94328304000004],[-105.47822948099997,30.93821704000004],[-105.47593248099997,30.933822039000063],[-105.47089547999997,30.933768040000075],[-105.47079847899994,30.931244039000035],[-105.46756147899998,30.92967303900008],[-105.46654347799995,30.924202038000033],[-105.46493647799997,30.925819038000043],[-105.45161347499999,30.924832039000023],[-105.45199847499998,30.920130038000025],[-105.45438447499998,30.919432038000025],[-105.45316147499994,30.91621103700004],[-105.45108347399997,30.91586103700007],[-105.447136474,30.919599038000058],[-105.44432947299998,30.917263038000044],[-105.44546047299997,30.916282038000077],[-105.44461147299995,30.91304003700003],[-105.44092747199994,30.908367036000072],[-105.43456846999999,30.907690037000066],[-105.43014546899997,30.905609036000044],[-105.42563346799994,30.900401036000062],[-105.41381146499998,30.899572036000052],[-105.41054246399995,30.891890035000074],[-105.41228246399999,30.88870703400005],[-105.40824446299996,30.889298035000024],[-105.404427463,30.891923035000048],[-105.39987546099997,30.889079035000066],[-105.39928546099998,30.88400903400003],[-105.40416746199998,30.879689033000034],[-105.40045346099998,30.876878033000025],[-105.392849459,30.875942033000058],[-105.39130845899996,30.873858033000033],[-105.39496745899999,30.871085032000053],[-105.39365345899995,30.867017031000046],[-105.39599045899996,30.86409703100003],[-105.39453245899995,30.86129303000007],[-105.39522545899996,30.859294030000058],[-105.40046245999997,30.85675302900006],[-105.40167745999997,30.854568029000063],[-105.40047145999995,30.85262202900003],[-105.39436645799998,30.849072028000023],[-105.39410545799996,30.850849029000074],[-105.39196145799997,30.85059902900008],[-105.39104545699996,30.852294029000063],[-105.38697845699994,30.853611029000035],[-105.38478845599997,30.850548029000038],[-105.38294545599996,30.852072029000055],[-105.37977545499996,30.850608029000057],[-105.37717145399995,30.851280029000065],[-105.37771245399995,30.84900402900007],[-105.37495545399997,30.849944029000028],[-105.37190245299996,30.847580029000028],[-105.36764745199997,30.84769802900007],[-105.36160145099996,30.85055003000008],[-105.35995844999997,30.846304029000066],[-105.35388044899997,30.84276102900003],[-105.35443244899994,30.83798802800004],[-105.35184644799995,30.83556702800007],[-105.34576444699997,30.840617029000043],[-105.33930244499999,30.840480029000048],[-105.33720144499995,30.83348602800004],[-105.32834244199995,30.831491028000073],[-105.33004444299996,30.826496027000076],[-105.32887544199997,30.824833027000068],[-105.32705244199997,30.824710027000037],[-105.32441744099998,30.828336028000024],[-105.32011744,30.827457028000026],[-105.31890643999998,30.82872302800007],[-105.31897643999997,30.82485502700007],[-105.31596743899996,30.818722026000046],[-105.31860943899994,30.813044025000067],[-105.31702943899995,30.810992025000076],[-105.31137543799997,30.814022026000032],[-105.31019343799994,30.816524026000025],[-105.30818543699996,30.81430402600006],[-105.30887143699994,30.811094025000045],[-105.30655043599995,30.809713025000065],[-105.30052843599998,30.819331027000032],[-105.30018043599995,30.824657028000047],[-105.29223443399997,30.826316029000054],[-105.28926743299996,30.823784028000034],[-105.28796243299996,30.817882027000053],[-105.28431843199996,30.81873902800004],[-105.27941043099997,30.81570302700004],[-105.27556742899998,30.80694102600006],[-105.272026429,30.809228026000028],[-105.26673442799995,30.808380027000055],[-105.26551342699997,30.802554026000053],[-105.257950425,30.79471302500008],[-105.25283442399996,30.795810025000037],[-105.25010442299998,30.79915902600004],[-105.24448542199997,30.799814026000035],[-105.23830742099994,30.803600027000073],[-105.23441141999996,30.802666027000043],[-105.23002841899995,30.803832027000055],[-105.22840041899997,30.802872027000035],[-105.227900418,30.79920402700003],[-105.22340541699998,30.800833027000067],[-105.21841941699995,30.80567602800005],[-105.21502641599994,30.80589802800006],[-105.21380741499996,30.801716028000044],[-105.20959941399997,30.797812027000077],[-105.21317841499996,30.793151026000032],[-105.21694741599998,30.79338802600006],[-105.21840941599999,30.791746026000055],[-105.22015941599994,30.787768025000048],[-105.21857641599996,30.78524902500004],[-105.21144241399998,30.781802024000058],[-105.20470641299994,30.787550026000076],[-105.20051641199996,30.787378026000056],[-105.19515341099998,30.792143027000066],[-105.19099640899998,30.785979026000064],[-105.18625040799998,30.784717026000067],[-105.18440040799999,30.78148202500006],[-105.18515340799996,30.777727025000047],[-105.18228840699999,30.77637102500006],[-105.17684240499995,30.768152023000027],[-105.17393040499996,30.76765202300004],[-105.168768404,30.775941025000066],[-105.16667340399994,30.776588025000024],[-105.16282440199996,30.77072402400006],[-105.15901840199996,30.771011025000064],[-105.15612940099999,30.76958802400003],[-105.15777240099999,30.76166702300003],[-105.16131340099997,30.75626802200003],[-105.16113640099996,30.752064021000024],[-105.1565364,30.75393602200006],[-105.15237139899995,30.75145702100008],[-105.14378039699994,30.75521002200003],[-105.14057839599997,30.752213022000035],[-105.13972439599996,30.753002022000032],[-105.13022139399999,30.750577022000073],[-105.12724339299996,30.747777022000037],[-105.11830439099998,30.749731023000038],[-105.12054139199995,30.74406102100005],[-105.11710239099995,30.742998021000062],[-105.11382538999999,30.746006022000074],[-105.11069138899995,30.743371022000076],[-105.11225538999997,30.740673021000077],[-105.10992038899997,30.74001602100003],[-105.11183438899997,30.73326602000003],[-105.10881438799998,30.73009202000003],[-105.10593638799998,30.730613020000078],[-105.10330638699998,30.728816020000068],[-105.10545238699996,30.723683019000077],[-105.09996638599995,30.722211019000042],[-105.09818838499996,30.716484018000074],[-105.09107238399997,30.717182018000074],[-105.08781038299998,30.71562001800004],[-105.08760238199994,30.71006701700003],[-105.08357538099995,30.71001801700004],[-105.08045238099999,30.708082017000038],[-105.07965637999996,30.703690016000053],[-105.08261638099998,30.70187601600003],[-105.08093337999998,30.70148801600004],[-105.08101937999999,30.699936016000038],[-105.07741037999995,30.70001701600006],[-105.07560937899996,30.701843016000055],[-105.07049937799997,30.70178101600004],[-105.06816037799996,30.70365001700003],[-105.06708937699995,30.699461016000043],[-105.06264337599998,30.698587016000033],[-105.06173737599994,30.69446401500005],[-105.06350637599996,30.688699014000065],[-105.061586375,30.68574801400007],[-105.05901437499995,30.68811601400006],[-105.05670737399998,30.687869014000057],[-105.054272374,30.685265014000038],[-105.055556374,30.682413014000076],[-105.05174137299997,30.681524014000047],[-105.048720372,30.68251701400004],[-105.04754637199994,30.681709014000035],[-105.04845637199998,30.68051301400004],[-105.04550237099994,30.679899014000057],[-105.04439037099996,30.683295014000066],[-105.04699937199996,30.688392015000034],[-105.04271837099998,30.68735801500003],[-105.03974837099997,30.68869701500006],[-105.03594736999997,30.68664401500007],[-105.03158536799998,30.680736014000047],[-105.02724236699999,30.678887014000054],[-105.02456736699997,30.681490015000065],[-105.021187366,30.681493015000058],[-105.01794336599994,30.68517301600008],[-105.01598236499996,30.682781015000046],[-105.01298736399997,30.68250501500006],[-105.00742636299998,30.68646001600007],[-105.00623136299998,30.68560401600007],[-105.00553436299998,30.68304101600006],[-105.00206636199994,30.680977015000053],[-105.00124936099996,30.67258801400004],[-104.99787135999998,30.668983014000048],[-104.994042359,30.668601014000046],[-104.993141359,30.665015013000072],[-104.98625735699994,30.662886013000048],[-104.98399035499995,30.635211008000056],[-104.98177435499997,30.630045008000025],[-104.98000835399995,30.629481007000038],[-104.98030035399995,30.622045006000064],[-104.974304352,30.61641100500003],[-104.97551735199994,30.61425000500003],[-104.97208035099999,30.61026500400004],[-104.96727534999997,30.607933004000074],[-104.95990134899995,30.61067100500003],[-104.95492934699996,30.609310005000054],[-104.95083034599998,30.60405600400003],[-104.94649934499995,30.604608005000046],[-104.94540334499999,30.603082004000044],[-104.94149834399997,30.603962005000028],[-104.94020134399995,30.60277200400003],[-104.93848734299996,30.603641005000043],[-104.93427434199998,30.59985600400006],[-104.92993634099997,30.59920700400005],[-104.92664734099998,30.60513900500007],[-104.92294433999996,30.603853005000076],[-104.92194633999998,30.598988005000024],[-104.91873133899998,30.597664004000023],[-104.92132933899995,30.58987100300004],[-104.91877133799994,30.585547002000055],[-104.90962833599997,30.585216003000028],[-104.90764733499998,30.58245300200008],[-104.90717233499998,30.577030001000026],[-104.89901033299998,30.57040500100004],[-104.89609633199996,30.562238999000044],[-104.89799033199995,30.55461699800003],[-104.89595333099999,30.55289799800005],[-104.89302233099994,30.553022998000074],[-104.89223732999994,30.551424998000073],[-104.89396933099994,30.550719997000044],[-104.88976932999998,30.54904699700006],[-104.89015632999997,30.545965997000053],[-104.88768332899997,30.546523997000065],[-104.88744532899995,30.543976996000026],[-104.89101032999997,30.541110996000043],[-104.889385329,30.535148995000043],[-104.88201132699999,30.531891995000024],[-104.880568327,30.528929994000066],[-104.88126532599995,30.523709993000068],[-104.88398032699996,30.526160994000065],[-104.885877328,30.524630993000073],[-104.88102732599998,30.520535993000067],[-104.88369332699995,30.520644993000076],[-104.885747327,30.51845699200004],[-104.88257232599994,30.516338992000044],[-104.87986532599996,30.517792992000068],[-104.87679632499999,30.51100899100004],[-104.87354132399997,30.513983992000078],[-104.87192832399995,30.510866991000057],[-104.87383832299997,30.495210989000043],[-104.86986432199996,30.494102989000055],[-104.86676732199999,30.495040989000074],[-104.86725832099995,30.48493198700004],[-104.86951332199999,30.48464598700008],[-104.87211432199996,30.480396986000073],[-104.86951432199999,30.479319986000064],[-104.86939232099996,30.474121985000068],[-104.86610331999998,30.467384984000034],[-104.86988132099998,30.458649982000054],[-104.86849331999997,30.453955982000025],[-104.86584531899996,30.452845982000042],[-104.86447131899996,30.449971981000033],[-104.86794231899995,30.441070979000074],[-104.86022931699995,30.439917980000075],[-104.85797231699996,30.437269979000064],[-104.85830831699997,30.431648978000055],[-104.86157031699997,30.42666497700003],[-104.85662831599996,30.424245977000055],[-104.85679931599998,30.421821977000036],[-104.85307631499995,30.420516976000044],[-104.85242931499994,30.418796976000067],[-104.84978631399997,30.419659976000048],[-104.84919131399994,30.421563977000062],[-104.84727731299995,30.413905976000024],[-104.85076531399994,30.41395997500007],[-104.85744931499994,30.40896197400008],[-104.85428831399997,30.40068397300007],[-104.85953031499997,30.390417971000034],[-104.85382331299996,30.385325970000054],[-104.84810931199996,30.38376997000006],[-104.84562231099994,30.379213970000023],[-104.83865530899999,30.375858969000035],[-104.83750230899994,30.373913969000057],[-104.82792830699998,30.37305396900007],[-104.81761130499996,30.37575097000007],[-104.81590330399996,30.373722970000074],[-104.81923130499996,30.37105696900005],[-104.81942630499998,30.368169969000064],[-104.81618030399994,30.36586896800003],[-104.81136430299995,30.366705969000066],[-104.81067430199994,30.362751968000055],[-104.81388330299995,30.360392968000042],[-104.814386303,30.353497966000077],[-104.82260430399998,30.35127196600007],[-104.819628304,30.346789965000028],[-104.81863930299994,30.34738096500007],[-104.81542830199999,30.34367796500004],[-104.80996630099997,30.341378964000057],[-104.81186330099996,30.33360396300003],[-104.79730029799998,30.330340963000026],[-104.79501729699996,30.32719396300007],[-104.79140829599999,30.325522962000036],[-104.79118729599998,30.321983962000047],[-104.78881129499996,30.32184796200005],[-104.78923929499996,30.318738961000065],[-104.78631229399997,30.315981961000034],[-104.78346529399994,30.316336961000047],[-104.77656929199998,30.309642960000076],[-104.77704329199997,30.306851960000074],[-104.77964029199995,30.30573595900006],[-104.77951129199994,30.303458959000068],[-104.77675429199996,30.304408959000057],[-104.77326729099997,30.302693959000067],[-104.76704328999995,30.30584496000006],[-104.76692028999997,30.30357096000006],[-104.76129728799998,30.300615959000027],[-104.75790328599999,30.28240095600006],[-104.76316428699994,30.275088955000058],[-104.76028528699999,30.274489955000035],[-104.75991928599996,30.27165195400005],[-104.75751728599994,30.271694954000054],[-104.75790628599998,30.27404795500007],[-104.75663328599995,30.27419095500005],[-104.75508028499996,30.271852955000043],[-104.75110628399995,30.273885955000026],[-104.75045028399995,30.271667955000055],[-104.74848828399996,30.27429995500006],[-104.75157628399995,30.26364895300003],[-104.749673283,30.26126495300008],[-104.74045728099998,30.259458953000035],[-104.73709727999994,30.25593695200007],[-104.73600727999997,30.256974953000054],[-104.73736928099999,30.26138495300006],[-104.73383127999995,30.261225953000064],[-104.73032527899994,30.258948953000072],[-104.72752527799997,30.254442953000023],[-104.72415527699997,30.253050952000024],[-104.72431327699996,30.250058952000074],[-104.71888827599997,30.246902952000028],[-104.71317527399998,30.237961950000056],[-104.70597627199999,30.235005950000073],[-104.70807827199997,30.226083948000053],[-104.71142527299997,30.22432894800005],[-104.71124527299997,30.222925948000068],[-104.70248426999996,30.21278394600006],[-104.70509327099995,30.208500945000026],[-104.70047226999998,30.205506945000025],[-104.69967726899995,30.198725944000046],[-104.69705026799994,30.19780494400004],[-104.69613226799999,30.19496494300006],[-104.69723626799998,30.191803943000025],[-104.69302826699999,30.189080942000032],[-104.69076526599997,30.18303994200005],[-104.68672426499995,30.178621941000074],[-104.68798726499995,30.176394940000023],[-104.68634126499995,30.173285940000028],[-104.68841026499996,30.165133938000054],[-104.687704264,30.159006937000072],[-104.689568265,30.154105937000054],[-104.68705326399999,30.152747936000026],[-104.68727826399999,30.15107993600003],[-104.69006626399994,30.149727936000033],[-104.68828226399995,30.147470935000058],[-104.68965926399994,30.146086935000028],[-104.68540626299995,30.144530935000034],[-104.68629626299997,30.141461934000063],[-104.68974126399996,30.140634934000047],[-104.68874526399998,30.13772593400006],[-104.69213226399995,30.13866793400007],[-104.69318426399997,30.135431933000064],[-104.69643326499994,30.135025933000065],[-104.69641126499994,30.133751933000042],[-104.69403426399998,30.122307931000023],[-104.69508726399994,30.117815930000063],[-104.69099426299994,30.11789293000004],[-104.68976826299996,30.116138930000034],[-104.69161626299996,30.11580293000003],[-104.69171726299999,30.111380929000063],[-104.68585326199997,30.110670929000037],[-104.687081262,30.105346928000074],[-104.69005926199998,30.106217928000035],[-104.69175126299996,30.10872992900005],[-104.69439026299995,30.10189292700005],[-104.69207226199995,30.09907492700006],[-104.69216226199995,30.09608892600005],[-104.69002226199996,30.096346926000024],[-104.68898226199997,30.094961926000053],[-104.68482326099996,30.100102927000023],[-104.68696226099996,30.090334925000036],[-104.69017126199998,30.08971792500006],[-104.68945826099997,30.08529692500008],[-104.68662926099995,30.087343925000027],[-104.68501225999995,30.085647925000046],[-104.68669825999996,30.083746924000025],[-104.68577225999996,30.082337924000058],[-104.69078126099998,30.078019923000056],[-104.69003726099999,30.07586892300003],[-104.68662425999997,30.076367923000078],[-104.68803125999995,30.07347092300006],[-104.69264426099994,30.074207922000028],[-104.69307326099994,30.071439922000025],[-104.69106326099995,30.070639922000055],[-104.69548626199997,30.066680921000057],[-104.70359126299996,30.06453492000003],[-104.70222226299995,30.06019492000007],[-104.70526326299995,30.05855691900007],[-104.70368726299995,30.05534791900004],[-104.70688326299995,30.050689918000046],[-104.69578225999999,30.037324916000046],[-104.70111126099994,30.035538915000075],[-104.70049526099996,30.033708915000034],[-104.70400726099996,30.024214913000037],[-104.70232026099995,30.021326913000053],[-104.693601259,30.019081913000036],[-104.68965025799997,30.014954912000064],[-104.69067925799999,30.008185911000055],[-104.69386225799997,30.007297911000023],[-104.69395025799997,30.00177991000004],[-104.69017125699997,30.003718910000032],[-104.68720025599998,29.996823909000057],[-104.68850725599998,29.993735909000065],[-104.69337925699995,29.994044908000035],[-104.69177825699995,29.991514908000056],[-104.68548825599999,29.989947908000033],[-104.68624925499995,29.984780907000072],[-104.68828125599998,29.98472590700004],[-104.68831925599994,29.980176906000054],[-104.69207225599996,29.976030905000073],[-104.69195325599998,29.973869905000072],[-104.68862625499997,29.973560905000056],[-104.68016125399998,29.97700790600004],[-104.68011525399999,29.974228905000075],[-104.68547725499997,29.970405905000064],[-104.68191025399994,29.969403905000036],[-104.68526525399994,29.956995902000074],[-104.68433125399997,29.956090902000028],[-104.68032625299998,29.95698290200005],[-104.67911825199997,29.95574890200004],[-104.67365225099996,29.956778903000043],[-104.67429725099998,29.95079990200003],[-104.67793025199995,29.952042902000073],[-104.67727225199997,29.950210901000048],[-104.68067625199996,29.947037901000044],[-104.67795925099995,29.941003900000055],[-104.67874825099994,29.938212899000064],[-104.68042625199996,29.939011899000036],[-104.68269025199999,29.935706899000024],[-104.67944325099995,29.931957898000064],[-104.68325425199998,29.92945589800007],[-104.67858525099996,29.92664289700008],[-104.67983525099999,29.920927896000023],[-104.67617124999998,29.916000895000025],[-104.67729024999994,29.913534895000055],[-104.67412724899998,29.91053789500006],[-104.67041924799997,29.911819895000065],[-104.66584924699998,29.908950895000032],[-104.665598247,29.901712893000024],[-104.66164624599998,29.902599894000048],[-104.66245424599998,29.905338894000067],[-104.65594524499994,29.906210894000026],[-104.65480624399999,29.904199894000044],[-104.65600224499997,29.902235894000057],[-104.65905124499994,29.90141789300003],[-104.65865924499997,29.891561892000027],[-104.65679224399997,29.889337891000025],[-104.65362724299996,29.890573892000077],[-104.65334224399999,29.89229989200004],[-104.65000324299996,29.891478892000066],[-104.65228724299999,29.88844189100007],[-104.64703224199997,29.883853891000058],[-104.64612124099995,29.878546890000052],[-104.64187023999995,29.875878890000024],[-104.64163623999997,29.874256889000037],[-104.63710723899999,29.873667889000046],[-104.63328423799999,29.870489889000055],[-104.63017623699994,29.86462788800003],[-104.63011223599995,29.853318886000068],[-104.62894323599994,29.85167488600007],[-104.62243223499996,29.85097988600006],[-104.62158023399996,29.849507886000026],[-104.62464123499996,29.842687884000043],[-104.61924823299995,29.84218188500006],[-104.61904823299994,29.844449885000074],[-104.61380923199994,29.84599788500003],[-104.60945423099997,29.839758885000037],[-104.61050823099998,29.836279884000078],[-104.61508623199995,29.833140883000056],[-104.62026523299994,29.833086883000078],[-104.61950623299998,29.830082882000056],[-104.614351232,29.829950883000038],[-104.61359723099997,29.827899882000054],[-104.60829022999997,29.82819788300003],[-104.61009122999997,29.819363881000072],[-104.60700122999998,29.818851881000057],[-104.60695422899994,29.817103881000037],[-104.60413122899996,29.815619880000042],[-104.60333322899999,29.817326881000042],[-104.60044722799995,29.815722881000056],[-104.59509922599995,29.805101879000063],[-104.59236522599997,29.806957879000038],[-104.59403222599997,29.809225880000042],[-104.59248122599996,29.81028088000005],[-104.59106522599996,29.809435880000024],[-104.58632922399994,29.803169879000052],[-104.58673522399994,29.800633878000042],[-104.59095522499996,29.798417878000066],[-104.58922422399996,29.79576787800005],[-104.58151522299994,29.795116878000044],[-104.58247222299997,29.792505877000053],[-104.57825422199994,29.787631876000034],[-104.57897822199999,29.78300287600007],[-104.57067021899996,29.778490875000045],[-104.56569721799997,29.77046687400008],[-104.568479218,29.76693987300007],[-104.56496521699995,29.76145787200005],[-104.57006221799998,29.752862871000048],[-104.55696921499998,29.74533787000007],[-104.55539921399998,29.74187586900007],[-104.55388621399999,29.743058870000027],[-104.54980521299996,29.740645869000048],[-104.55026621299999,29.738097869000057],[-104.55878221499995,29.738107868000043],[-104.560500215,29.735355868000056],[-104.55569221399998,29.734773868000048],[-104.55561021399996,29.731225867000035],[-104.54966821199997,29.731054868000058],[-104.54906821199995,29.727199867000024],[-104.55237721299994,29.72323486600004],[-104.54912921199997,29.72077786600005],[-104.552250212,29.717127865000066],[-104.54985821199995,29.71619986500008],[-104.54748821099997,29.717690865000066],[-104.544824211,29.715536865000047],[-104.54780021099998,29.714418865000027],[-104.54546021099998,29.713762865000035],[-104.54391820999996,29.71119386400005],[-104.54622721099997,29.709202864000076],[-104.54328020999998,29.70362986300006],[-104.54595720999998,29.699617862000025],[-104.54361620999998,29.69783686200003],[-104.54384120999998,29.696303862000036],[-104.53068820599998,29.69139886100004],[-104.53045420599994,29.689541861000066],[-104.53377720699996,29.685617860000036],[-104.540626208,29.684835860000078],[-104.54419920899994,29.681001859000048],[-104.53948220799998,29.678596859000038],[-104.535362207,29.673316858000078],[-104.53628720599994,29.66734785700004],[-104.53437220599994,29.666102857000055],[-104.53258220599997,29.66727585700005],[-104.53203620599999,29.670570858000076],[-104.52862320499997,29.66979685800004],[-104.528683205,29.667873857000075],[-104.52590820399996,29.668027857000027],[-104.52490020299996,29.659203856000033],[-104.51630820099996,29.65236785500008],[-104.518475202,29.649154854000074],[-104.51729320099997,29.647120854000036],[-104.5106932,29.645496854000044],[-104.50988219899995,29.643658854000023],[-104.51574520099996,29.64055285300003],[-104.50903419899998,29.633286852000026],[-104.50713319799996,29.63235385200005],[-104.50564219799998,29.634048852000035],[-104.50710319799998,29.636880852000047],[-104.497876196,29.63966385300006],[-104.49617619599996,29.63881585300004],[-104.49641519599999,29.634944853000036],[-104.49480319599996,29.63375485200004],[-104.48783119399997,29.634028853000075],[-104.486407193,29.629167852000023],[-104.484606193,29.627977852000072],[-104.47600019099997,29.627983852000057],[-104.47397718999997,29.618817851000074],[-104.46566318799995,29.618562851000036],[-104.46745018799999,29.611869850000062],[-104.46652918799998,29.60930084900008],[-104.45729918599994,29.609148849000064],[-104.45231018499999,29.60366484900004],[-104.39960017099997,29.572323845000028],[-104.39685616999998,29.56896884400004],[-104.39383516899994,29.559040843000048],[-104.39459816899995,29.556091842000058],[-104.38105016599997,29.543410840000035],[-104.37845416499994,29.541800840000064],[-104.37505316399995,29.54375284100007],[-104.36995816299998,29.542853841000067],[-104.35754115999998,29.532404839000037],[-104.33812215499995,29.51997183800006],[-104.33400415399996,29.519580838000024],[-104.33073615299998,29.522660839000025],[-104.32589515199999,29.52322883900007],[-104.32179815099994,29.52180383900003],[-104.32067315099994,29.52985584000004],[-104.31548514999997,29.53275884100003],[-104.31095514899994,29.52879684000004],[-104.31171614899995,29.523482839000053],[-104.29679814599996,29.52413284000005],[-104.29264014499995,29.521893840000075],[-104.29193814499996,29.519459839000035],[-104.27535614099997,29.516846840000028],[-104.26829313899998,29.513499839000076],[-104.26175313699997,29.513467839000043],[-104.26228713699999,29.51020883900003],[-104.26027513699995,29.50650483800007],[-104.25430413499998,29.506715838000048],[-104.24005113199996,29.497324837000065],[-104.23885913199996,29.498306838000076],[-104.235856131,29.49674883700004],[-104.23349613,29.492738837000047],[-104.23383413,29.48654983600005],[-104.23110912899995,29.479070834000026],[-104.21632112599997,29.484466836000024],[-104.213006125,29.484134836000067],[-104.20903912399996,29.480969836000043],[-104.21348512399999,29.462061832000074],[-104.21813512499995,29.457736831000034],[-104.21117512299998,29.449759830000062],[-104.19384111899996,29.441346829000054],[-104.19293311799998,29.435274828000047],[-104.18600111599994,29.428232827000045],[-104.18153511499997,29.427015827000048],[-104.18091011499996,29.42257982600006],[-104.18310611499999,29.420208826000078],[-104.18327911499995,29.41623082500007],[-104.18067711499998,29.41469982500007],[-104.18004311399994,29.411110824000048],[-104.17732611399998,29.40948882400005],[-104.17345211299994,29.410037824000028],[-104.16941511199997,29.40780382400004],[-104.17114211199998,29.403784823000024],[-104.16940711099994,29.401869823000027],[-104.16526010999996,29.401911823000034],[-104.16454910999994,29.400349823000056],[-104.16843911099994,29.396493822000025],[-104.16745211099999,29.394748822000054],[-104.160750109,29.389880821000077],[-104.15635210799996,29.39081482100005],[-104.15657810799996,29.393940822000047],[-104.15520410799996,29.39457382200004],[-104.15138910699994,29.39122682200008],[-104.15205410699997,29.38891582100007],[-104.14838210599999,29.385105821000025],[-104.14363510499999,29.388402821000057],[-104.14175610399997,29.378211820000047],[-104.13820810299995,29.378568820000055],[-104.13797210299998,29.382139820000077],[-104.134928103,29.384224821000032],[-104.13100410199996,29.381717821000052],[-104.130767102,29.379263820000062],[-104.12798810099997,29.378254820000052],[-104.12322409999996,29.38048882100003],[-104.12132709899998,29.371427819000075],[-104.11703409799998,29.371105819000036],[-104.11511909799998,29.37290082000004],[-104.10956909699996,29.37408982000005],[-104.10647609599994,29.373131820000026],[-104.09800809399997,29.36628181900005],[-104.09725809299994,29.36142381800005],[-104.09060909199997,29.359628818000033],[-104.08957809099996,29.355769817000066],[-104.09103109199998,29.35369681700007],[-104.08215908899996,29.345927816000028],[-104.07215508699994,29.34592281600004],[-104.06630408499996,29.340837815000043],[-104.05556208299998,29.337310815000023],[-104.05670208299995,29.33362681500006],[-104.05560508199994,29.33091481400004],[-104.03829107799999,29.32016081300003],[-104.01940707299997,29.311855812000033],[-104.01624707299999,29.312143812000045],[-104.00068706899998,29.305341811000062],[-103.99324306699998,29.30428481100006],[-103.975244063,29.29602181100006],[-103.96981906199994,29.297306811000055],[-103.96765706099995,29.300033812000038],[-103.96336405999995,29.298153811000077],[-103.95244705799996,29.29759681200005],[-103.95060505699996,29.29586081100007],[-103.93774505399995,29.292838811000024],[-103.92638405199995,29.294401812000046],[-103.91847804999998,29.290034812000044],[-103.91891904899995,29.28504681100003],[-103.91711504899996,29.28422081100007],[-103.91208704799999,29.283748811000066],[-103.89930104499996,29.287414812000065],[-103.888719042,29.27898281100005],[-103.88626604199999,29.280564811000033],[-103.884869042,29.284232812000027],[-103.88061504099994,29.28496681200005],[-103.87337103899995,29.28345381200006],[-103.86895403799997,29.280652812000028],[-103.86538803699995,29.281892812000024],[-103.863344037,29.279224812000052],[-103.85690203499996,29.281856812000058],[-103.83831203099999,29.278308812000034],[-103.83671902999998,29.277053812000077],[-103.83785103099996,29.27573981200004],[-103.83683002999999,29.273951811000074],[-103.82621602799998,29.269207811000058],[-103.81338202499995,29.273970812000073],[-103.81012002399996,29.273054812000055],[-103.80762102399996,29.270163812000078],[-103.80905102399998,29.266394811000055],[-103.80524602299994,29.260459810000043],[-103.79992402099998,29.25856981000004],[-103.79587202,29.259722810000028],[-103.78822901899997,29.265481812000075],[-103.78405601799994,29.265471812000044],[-103.77882401599999,29.25561681000005],[-103.77848601599999,29.252043810000032],[-103.77508101499996,29.247958809000068],[-103.77592501499998,29.244116808000058],[-103.78072501599996,29.24382680800005],[-103.78169001599997,29.24128280700006],[-103.78067301599998,29.23738380700007],[-103.78206301599994,29.227987805000055],[-103.77771801499995,29.22389580400005],[-103.77670701399995,29.220058804000075],[-103.77096701299996,29.21953580400003],[-103.76753901199999,29.225834805000034],[-103.768523013,29.227278805000026],[-103.76279101199998,29.232752807000054],[-103.758558011,29.232943807000026],[-103.75454700999995,29.227500806000023],[-103.75516301,29.224763805000066],[-103.75766600999998,29.223102805000053],[-103.75737400999998,29.22067280500005],[-103.74954000799994,29.21975280500004],[-103.74225500599994,29.221698805000074],[-103.74093300599998,29.219428805000064],[-103.74319100599996,29.215086804000066],[-103.74218400599995,29.208614803000046],[-103.73780300499999,29.20263680200003],[-103.73048000299997,29.19794580100006],[-103.72841900199995,29.19272980100004],[-103.72554700099994,29.19267280100007],[-103.71776599899994,29.180567799000073],[-103.715515999,29.181279799000038],[-103.71377899799995,29.185012800000038],[-103.70735399699998,29.183717800000068],[-103.70629499699999,29.185099800000046],[-103.70425799599997,29.184690800000055],[-103.69965799499994,29.178120799000055],[-103.697322994,29.177198799000053],[-103.687874992,29.178562799000076],[-103.68628899199996,29.17635179900003],[-103.68256199099994,29.176279799000042],[-103.67774898999994,29.173887799000056],[-103.66862298799998,29.17389379900004],[-103.66434398599995,29.170888799000068],[-103.66021198599998,29.170938799000055],[-103.65681698499998,29.169103799000027],[-103.65080698299994,29.161112797000044],[-103.65185498299996,29.15749679700008],[-103.64990898299999,29.156414797000025],[-103.63976897999999,29.161206798000023],[-103.63403297899998,29.158589798000037],[-103.62924197799998,29.162713799000073],[-103.61788597599997,29.16349179900004],[-103.61054897399998,29.165777800000058],[-103.60644697299995,29.160415799000077],[-103.60059897099995,29.15788279900005],[-103.59628996999999,29.15191979800005],[-103.59236896899995,29.150264798000023],[-103.57808196599996,29.150130798000077],[-103.56951096399996,29.155421799000067],[-103.56542596299994,29.15416779900005],[-103.55611696099999,29.155993800000033],[-103.55422196099994,29.15790880000003],[-103.55258095999994,29.157339800000045],[-103.55049595999998,29.156251800000064],[-103.55003495999995,29.153789800000027],[-103.55236495999998,29.15093679900008],[-103.55274196,29.14701179800005],[-103.55070195899998,29.14413379800004],[-103.54805695899995,29.14229879800007],[-103.54467995799996,29.144841798000073],[-103.53957295699996,29.146101799000064],[-103.52302895299994,29.135257797000065],[-103.52462195199996,29.121002795000038],[-103.51748695099997,29.120114795000063],[-103.51449394999997,29.12133979500004],[-103.51104394899994,29.120616795000046],[-103.50670094799995,29.116402794000066],[-103.50016194699998,29.11590579400007],[-103.49969294599998,29.109522793000053],[-103.49462094499995,29.108423793000043],[-103.48443794199994,29.094528791000073],[-103.48069194099998,29.091701791000048],[-103.47556693999996,29.091007791000038],[-103.47627093999995,29.08809879000006],[-103.47022193799995,29.085530790000064],[-103.46982493799999,29.080175789000066],[-103.47364093899995,29.071104787000024],[-103.47299293799995,29.06835178700004],[-103.470115938,29.06619878600003],[-103.45946293499998,29.067254787000024],[-103.46235993599998,29.07169478800006],[-103.46112493599998,29.072476788000074],[-103.44993893299994,29.07271878800003],[-103.44990093299998,29.065396787000054],[-103.44028292999997,29.05763478600005],[-103.43401192899995,29.05707978600003],[-103.43355292899997,29.05199678500003],[-103.42869192699999,29.048699785000053],[-103.43223992799994,29.043686784000045],[-103.42776292699995,29.042338784000037],[-103.42356592599998,29.043491784000025],[-103.42012792499997,29.04267578400004],[-103.41542292399998,29.037885783000036],[-103.40467892099997,29.039284784000074],[-103.40245692099995,29.03213178200008],[-103.40077591999994,29.031026782000026],[-103.39499091899995,29.032579783000074],[-103.39302191899998,29.034603783000023],[-103.38844291799995,29.033866783000065],[-103.38809291699994,29.024448782000036],[-103.38651391699995,29.021652781000057],[-103.38425191599998,29.024155782000037],[-103.37390191399999,29.02352778200003],[-103.36032890999996,29.018504781000047],[-103.35390990899998,29.022229782000068],[-103.34781090799999,29.040263786000025],[-103.34368690799994,29.04637378700005],[-103.33872390699997,29.04327478700003],[-103.33087990499996,29.042963787000076],[-103.32719490399995,29.03895678600003],[-103.32728990399994,29.03339478500004],[-103.32862190399999,29.030390785000066],[-103.33647690499998,29.027463784000076],[-103.34205590699997,29.02820578400008],[-103.33830690499997,29.019770782000023],[-103.331231904,29.01633778200005],[-103.32568990199997,29.016445782000062],[-103.32018490099995,29.019272783000076],[-103.31521689999994,29.02559778400007],[-103.30828589899994,29.02500578400003],[-103.30681989799996,29.022211784000035],[-103.30803789799995,29.01888878300008],[-103.31275689899996,29.012967782000032],[-103.31561189999996,29.012252782000076],[-103.31594689999997,29.01039478100006],[-103.30828289799996,29.003406780000034],[-103.30057389599995,29.008271782000065],[-103.28786089299996,29.002246781000053],[-103.28156189099997,28.987700778000033],[-103.28446089099998,28.98233577700006],[-103.28831389199996,28.98138977700006],[-103.28740989199997,28.978657777000024],[-103.283465891,28.976949776000026],[-103.27934688999994,28.977006777000042],[-103.273365889,28.98284877800006],[-103.26948488899995,28.992958780000038],[-103.26634188799994,28.99598578000007],[-103.25329388499995,28.98669177900007],[-103.24959788299998,28.98051977800003],[-103.23764388099994,28.98186677900003],[-103.22780987899995,28.991536781000036],[-103.21967787699998,28.983522780000044],[-103.21898987699996,28.985656780000056],[-103.21479087599994,28.98773078100004],[-103.20242087299994,28.987199781000072],[-103.17971486699997,28.98183878100008],[-103.17676386699998,28.978073780000045],[-103.17462086599994,28.97774878000007],[-103.17304386599994,28.98016578100004],[-103.17083286499997,28.980575781000027],[-103.16578486399999,28.97750078000007],[-103.16593186399996,28.974006780000025],[-103.163873863,28.972103780000054],[-103.15974186299997,28.97378578000007],[-103.15461686099997,28.971616780000033],[-103.15143786099998,28.975100781000037],[-103.14328285899995,28.97807878100008],[-103.13493985699995,28.98352978300005],[-103.13137885599997,28.983952783000063],[-103.12675685499994,28.982128783000064],[-103.12299985499999,28.98443878300003],[-103.11884185399998,28.98371378300004],[-103.11533685299997,28.98527478400007],[-103.11393085299994,28.988551784000038],[-103.11724685399997,29.000213786000074],[-103.10781985199998,29.013816789000032],[-103.10161685099996,29.01812779000005],[-103.09785685099996,29.027040792000037],[-103.10634885299999,29.037625794000064],[-103.10587685299998,29.042458794000027],[-103.10037185199997,29.051879796000037],[-103.10014285299997,29.060679798000024],[-103.09741385199999,29.060559798000043],[-103.09548885199996,29.06473179900007],[-103.09177785099996,29.06413279900005],[-103.09031984999996,29.053759797000055],[-103.08590884899996,29.053740797000046],[-103.08539584899995,29.058602798000038],[-103.08743384999997,29.067112800000075],[-103.07685584799998,29.07606380200008],[-103.07663884799996,29.07977480200003],[-103.08011584899998,29.086874803000057],[-103.076108848,29.09132780400006],[-103.07044284699998,29.09366080500007],[-103.06426284599996,29.091455805000066],[-103.05466284399995,29.100641807000045],[-103.04482384099998,29.095454806000077],[-103.03603883999995,29.09874080700007],[-103.03334883899998,29.101897808000047],[-103.03219383899994,29.10699880900006],[-103.03612583999995,29.11078480900005],[-103.03599483999994,29.11396681000008],[-103.02760083799996,29.116025811000043],[-103.02016283699999,29.125797813000077],[-103.01240383499999,29.12584981300006],[-103.01217983499998,29.128707813000062],[-103.01565983599994,29.13399981400005],[-103.00880583499998,29.137573815000053],[-103.00837083499994,29.14829781700007],[-103.00244283399996,29.150265818000037],[-102.99569683299995,29.161223820000032],[-102.99810483399995,29.172680822000075],[-102.99632783399994,29.17826982300005],[-102.98944083299995,29.183178824000038],[-102.97727482999994,29.186230825000052],[-102.95565782499995,29.17815382400005],[-102.95279482399997,29.173944824000046],[-102.95060082299995,29.17373582400006],[-102.94994182299996,29.179997825000044],[-102.94716482299998,29.180781825000054],[-102.94377382199997,29.191169827000067],[-102.94121782199994,29.191227827000034],[-102.940229822,29.189222827000037],[-102.937757821,29.18853882700006],[-102.93298381999995,29.19451282800003],[-102.92549081799996,29.19372782800008],[-102.91781381599998,29.190701828000044],[-102.91906781699998,29.198154829000032],[-102.91486281599998,29.19991883000006],[-102.91245681599997,29.206259831000068],[-102.91623081699998,29.215004833000023],[-102.91233281599995,29.219422834000056],[-102.90879581599995,29.219341834000033],[-102.90188481399997,29.213270833000024],[-102.89923981299995,29.208867832000067],[-102.89393281199995,29.208668832000058],[-102.87802880799995,29.214702834000036],[-102.87729480799999,29.21709183400003],[-102.86847680699998,29.22288383600005],[-102.86677080599998,29.227748837000036],[-102.87153380799998,29.23274883700003],[-102.87135580799998,29.24162983900004],[-102.88114380999997,29.246026839000024],[-102.88791081199997,29.245616839000036],[-102.89663481399998,29.254118840000046],[-102.90319781599999,29.254033840000034],[-102.90630481699998,29.26001584100004],[-102.90639081699999,29.262059842000042],[-102.90225781599997,29.264824842000053],[-102.89927181599995,29.26948984300003],[-102.90311381699996,29.27676484400007],[-102.90261381699997,29.279445845000055],[-102.89755281599997,29.281996846000027],[-102.89652281599996,29.284835846000078],[-102.89103081499997,29.287117847000047],[-102.88833681399996,29.291951848000053],[-102.89297981599998,29.30915585100007],[-102.88760281499998,29.311271851000072],[-102.88825781499997,29.315236852000055],[-102.88686781499996,29.319347853000068],[-102.88445881499996,29.32068285300005],[-102.88493881499994,29.325079854000023],[-102.87981381399999,29.33875985700007],[-102.88437281599994,29.347733858000026],[-102.87802781499994,29.35454285900005],[-102.87186581299994,29.352097859000025],[-102.86059080999996,29.351538860000062],[-102.83938380599994,29.358926862000033],[-102.83992880599999,29.361603862000038],[-102.84542980799995,29.365218863000052],[-102.84437380799994,29.37538386400007],[-102.83472080599995,29.378496865000045],[-102.83252880599997,29.388926867000066],[-102.82562080399998,29.39695086900008],[-102.81912480299997,29.39811487000003],[-102.81635580199998,29.397065869000073],[-102.81267480199995,29.40017787000005],[-102.81368480199995,29.40233087000007],[-102.81901180299997,29.40360387100003],[-102.82609380499997,29.402750870000034],[-102.826422805,29.407457871000076],[-102.83122180599997,29.40821887100003],[-102.833259807,29.40929587100004],[-102.83326980699997,29.41098087100005],[-102.82693380599994,29.417704873000048],[-102.83254780799996,29.43311387500006],[-102.83120480699995,29.433763876000057],[-102.83097880799994,29.444271878000052],[-102.819619806,29.450948879000066],[-102.82369780699997,29.45202787900007],[-102.82547780699997,29.455121880000036],[-102.82311380699997,29.46330388100006],[-102.81400580499997,29.471405883000045],[-102.81538280599995,29.474448884000026],[-102.81396280599995,29.48281088500005],[-102.80354680299996,29.484056886000076],[-102.80068180299997,29.486239886000078],[-102.80733580499998,29.49401388800004],[-102.80447680399999,29.50159788900004],[-102.80748280499995,29.50385588900008],[-102.80648880599995,29.515765892000047],[-102.808700806,29.522323893000078],[-102.79845180399997,29.52667189400006],[-102.79632980399998,29.530696895000062],[-102.79257580299998,29.532448895000073],[-102.79159780299995,29.53622889600007],[-102.79303580399994,29.53995089600005],[-102.79146080299995,29.54282889700005],[-102.78927480299996,29.54368389700005],[-102.78334080099995,29.541922897000063],[-102.78027480099996,29.542470897000044],[-102.77607379999995,29.547249898000075],[-102.77143779899995,29.548550899000077],[-102.77573379999995,29.55219389900003],[-102.77753980099999,29.556501900000058],[-102.77729280099999,29.56147690100005],[-102.77357379999995,29.566573902000073],[-102.77396980099996,29.57308890300004],[-102.76988579999994,29.57373390300006],[-102.76763579899995,29.571802903000048],[-102.766132799,29.572352903000024],[-102.76224979799997,29.579453905000037],[-102.76834979999995,29.594738907000078],[-102.76579479999998,29.597528908000072],[-102.76189479899995,29.598647908000032],[-102.74621079499997,29.592879908000043],[-102.73999979399997,29.59904590900004],[-102.74157379499997,29.602832910000075],[-102.73877679399999,29.60937191100004],[-102.73843679499998,29.621933913000078],[-102.74219379599998,29.63251491500006],[-102.73695679499997,29.641542917000038],[-102.729792794,29.640656917000058],[-102.72721779299997,29.642204917000072],[-102.72421679299998,29.647591919000035],[-102.72574879299998,29.65142191900003],[-102.72283679299994,29.65143191900006],[-102.71291279099995,29.658047921000048],[-102.70895078999996,29.66652192300006],[-102.70409178899996,29.67134492400004],[-102.70096878799995,29.672517924000033],[-102.69741678799994,29.671638924000035],[-102.69347478699996,29.676511925000057],[-102.69639378799997,29.682623926000076],[-102.69932578899994,29.685033926000074],[-102.69686178899997,29.698852929000054],[-102.68915578699995,29.704944930000067],[-102.691381789,29.721376933000045],[-102.69054078799996,29.722677933000057],[-102.68817278799997,29.72249193400006],[-102.68507078699997,29.72687193400003],[-102.68154278699996,29.728384935000065],[-102.67720078599996,29.73826593700005],[-102.67737978599996,29.741353937000042],[-102.67400578599995,29.744578938000075],[-102.66904278499999,29.74611093900006],[-102.66739978399994,29.74466393800003],[-102.66745178399998,29.739645937000034],[-102.66126078199994,29.73612793700005],[-102.63911277699998,29.733510937000062],[-102.63015977499998,29.734319938000056],[-102.62254277299996,29.73663693800006],[-102.61288777199997,29.74818694100003],[-102.61035477099995,29.747774941000046],[-102.59716876799996,29.751612942000065],[-102.593490767,29.74950194200005],[-102.58850076599998,29.74933694200007],[-102.57923376399998,29.755376943000044],[-102.57414776299998,29.754777944000068],[-102.57210976299996,29.756730944000026],[-102.57363776299997,29.768206946000078],[-102.56767176199997,29.771467947000076],[-102.56176276099995,29.766094946000067],[-102.55935175999997,29.760381945000063],[-102.55519275899997,29.755866944000047],[-102.55487275799999,29.749090943000056],[-102.54826975599997,29.744600943000023],[-102.54239275499998,29.747102943000073],[-102.53173275299997,29.756353945000058],[-102.52003475099997,29.761013947000038],[-102.51338974899994,29.765764948000026],[-102.51057974899999,29.773182949000045],[-102.51944175199998,29.78045295000004],[-102.51753975099996,29.783959951000043],[-102.49961074699996,29.781437951000044],[-102.48726074399997,29.786589952000043],[-102.48158774299998,29.782445952000046],[-102.48203574299998,29.777361951000046],[-102.48026574199997,29.776015951000034],[-102.47324174099998,29.776022951000073],[-102.46643873899995,29.783650953000063],[-102.46304473799995,29.782058953000046],[-102.45827773699995,29.774779951000028],[-102.44632373399998,29.777428952000037],[-102.43930573299997,29.773263952000036],[-102.43511473199999,29.77676295300006],[-102.43330973099995,29.77661295300004],[-102.42148272799994,29.769262952000076],[-102.41545372699994,29.76942295200007],[-102.41173972599995,29.767729952000025],[-102.40977772499997,29.76472195100007],[-102.40454572399995,29.765185952000024],[-102.39762772299997,29.769646953000063],[-102.39393972199997,29.768693953000025],[-102.38833171999994,29.76127095100003],[-102.38636971999995,29.762416952000024],[-102.38514271999998,29.77147495300005],[-102.38968272099999,29.782605955000065],[-102.37732171899995,29.789975957000024],[-102.37726271899999,29.800167959000078],[-102.36953071899995,29.820399963000057],[-102.36252271799998,29.833160966000037],[-102.36455071899996,29.845391968000058],[-102.36124471799997,29.849134968000044],[-102.35195971599995,29.853119970000023],[-102.34986971599994,29.86232197100003],[-102.34455971499995,29.864686972000072],[-102.34104171399997,29.869309973000043],[-102.33339271199998,29.868050973000038],[-102.33157571199996,29.862810972000034],[-102.32347170999998,29.86392197300006],[-102.32460871099994,29.873109974000045],[-102.32062770999994,29.878984975000037],[-102.31539770899997,29.87992497600004],[-102.31148970799995,29.877014975000066],[-102.30138970499996,29.877678976000027],[-102.29529870399995,29.873345975000063],[-102.28798970199995,29.871608975000072],[-102.28125769999997,29.863121974000023],[-102.27676369899996,29.862982974000033],[-102.26882569699995,29.867995975000042],[-102.26496269699999,29.867810975000054],[-102.26178569599995,29.864006975000052],[-102.26427069599998,29.855819973000052],[-102.26139769499997,29.85328797300008],[-102.25418969299994,29.85279597300007],[-102.25231069299997,29.85398597300008],[-102.25161269299997,29.859916974000043],[-102.24978369299998,29.863297975000023],[-102.24692369199994,29.86431497500007],[-102.24323369099994,29.858417974000076],[-102.24446369099996,29.84851897300007],[-102.23086568799994,29.84787297300005],[-102.22353668599999,29.840534972000057],[-102.20994668299994,29.844363973000043],[-102.19707167899998,29.83642497200003],[-102.19386667899994,29.838258973000052],[-102.19166367799994,29.846642974000076],[-102.18868067799997,29.848947975000044],[-102.18525867699998,29.847739975000025],[-102.181902676,29.846038974000066],[-102.17876967499996,29.84021897300005],[-102.17865667499996,29.83615097300003],[-102.18131367499996,29.831154972000036],[-102.18008467499999,29.826577971000063],[-102.16767467199998,29.826047971000037],[-102.16168266999995,29.81949197000006],[-102.15960966899996,29.814360969000063],[-102.15416366799997,29.81164596900004],[-102.15154166699995,29.811916969000038],[-102.14233466499996,29.802858968000066],[-102.12952266199994,29.79862896800006],[-102.12322966,29.802317969000057],[-102.12054265999996,29.802333969000074],[-102.11732765899995,29.800645968000026],[-102.11792465899998,29.796165968000025],[-102.11569065799995,29.792394967000064],[-102.10184365499998,29.793616968000038],[-102.09357565299996,29.791501968000034],[-102.08444765099995,29.79496696900003],[-102.07735664899997,29.792425968000032],[-102.07604964899997,29.788394968000034],[-102.07365464799994,29.786930967000046],[-102.05437964399994,29.78687596800006],[-102.05005264199997,29.78507496800006],[-102.04563764199997,29.790082969000025],[-102.04172164099998,29.789684969000064],[-102.03923563999996,29.79098196900003],[-102.03842063999997,29.792836970000053],[-102.04109664099997,29.79961497100004],[-102.03902164099998,29.80265997200007],[-102.03476763999998,29.804032972000073],[-102.02843263799997,29.80188497200004],[-102.02399763699998,29.80324597200007],[-102.019719636,29.801492972000062],[-102.01842063599997,29.79852197200006],[-102.01490663499999,29.797528972000066],[-101.997496631,29.80644297400005],[-101.99473262999999,29.805169974000023],[-101.991402629,29.79811997300004],[-101.98861562899998,29.796670972000072],[-101.98431162799994,29.799266973000044],[-101.98198062799997,29.805882974000042],[-101.98306762799996,29.809335975000067],[-101.981207628,29.815407976000074],[-101.97664062699994,29.815996976000065],[-101.96734062399997,29.81311297600007],[-101.96473262399996,29.809067975000062],[-101.96547362399997,29.805999975000077],[-101.96338562299997,29.800153974000068],[-101.95872862199997,29.796568973000035],[-101.95548862099997,29.795337973000073],[-101.94667261899997,29.801348975000053],[-101.93728561699999,29.800416975000076],[-101.93381461599995,29.797037974000034],[-101.93254961499997,29.789773973000024],[-101.93418261499994,29.787997973000074],[-101.93353661499998,29.78519797200005],[-101.92933161399998,29.782580972000062],[-101.92492361299998,29.784035972000027],[-101.91241461099997,29.797854975000064],[-101.90789160999998,29.798810976000027],[-101.89274760599994,29.797895976000063],[-101.88471560399995,29.793857976000027],[-101.88292360399998,29.793489976000046],[-101.87960760299995,29.79571797600005],[-101.87540860199994,29.794027976000052],[-101.86738859999997,29.797497977000035],[-101.85563259799994,29.807357979000074],[-101.85096659699997,29.807885979000048],[-101.83906459399998,29.79472297700005],[-101.83124059099998,29.789327977000028],[-101.82410958999998,29.787156977000052],[-101.81864258899998,29.79056097700004],[-101.81899858899999,29.793654978000063],[-101.82582359099996,29.805237980000072],[-101.82507059099999,29.80825998000006],[-101.81828358899998,29.811625981000077],[-101.81221758799995,29.809559981000064],[-101.80362158599996,29.803450980000036],[-101.80696958599998,29.799027979000073],[-101.81347058699998,29.794416978000072],[-101.81452958799997,29.791864978000035],[-101.81099758599998,29.783877976000042],[-101.80754458499996,29.781377976000044],[-101.80103458399998,29.77950297600006],[-101.78813058099996,29.779546976000063],[-101.78559457999995,29.784164977000046],[-101.78567658099996,29.78825697800005],[-101.78192057999996,29.789632978000043],[-101.77383357799994,29.78867997900005],[-101.75433157299994,29.777666977000024],[-101.74246656999998,29.778739978000033],[-101.73923656899996,29.77353997700004],[-101.73521056799996,29.77159697700006],[-101.72985156699997,29.771844977000057],[-101.72380856599995,29.776430978000064],[-101.72106656499994,29.776085978000026],[-101.71872156399996,29.774742978000063],[-101.71206456199997,29.762781976000042],[-101.70888156099994,29.761646976000065],[-101.69937255899998,29.76536797700004],[-101.69000055699996,29.77121797800004],[-101.68731555699998,29.76959197800005],[-101.68144855499997,29.76078897700006],[-101.67781255399996,29.760296977000053],[-101.67530755299998,29.761088977000043],[-101.67496555399998,29.764979978000042],[-101.67174155299995,29.768193978000056],[-101.66246155099998,29.77128497900003],[-101.65862854999995,29.76670697900005],[-101.65458654899999,29.76516797900007],[-101.65240954799998,29.758799977000024],[-101.64642654599999,29.75430897700005],[-101.64289154599999,29.75455297700006],[-101.63513654399998,29.758679978000032],[-101.632658543,29.76136997900005],[-101.63032754299996,29.768733980000036],[-101.62596654199996,29.771067981000044],[-101.61791453999996,29.769934981000063],[-101.60368953699998,29.774403982000024],[-101.57704353099996,29.769123982000053],[-101.57495352999996,29.769858982000073],[-101.57241052999996,29.773066983000035],[-101.57379753099997,29.78899998600008],[-101.56775752999994,29.798731988000043],[-101.55249352699997,29.804237989000057],[-101.54800252599995,29.810056991000067],[-101.54440052499996,29.81186099100006],[-101.54190952399995,29.810785991000046],[-101.53501852199997,29.797683989000063],[-101.53811152199995,29.786419987000045],[-101.53919952099994,29.761778982000067],[-101.53585552099997,29.758938982000075],[-101.53158151999997,29.759276982000074],[-101.51933351699995,29.76459998300004],[-101.50323151299995,29.76458698400006],[-101.48598850999997,29.774873986000046],[-101.47887250799994,29.784089988000062],[-101.46164750499997,29.789838990000078],[-101.45568650299998,29.78792499000008],[-101.45249650199997,29.78282598900006],[-101.45523250199994,29.771878987000036],[-101.45044649999994,29.753301984000075],[-101.44888949999995,29.75070398300005],[-101.44548549899997,29.74940198300004],[-101.43558149699999,29.752458984000043],[-101.409803491,29.770623988000068],[-101.40596849099995,29.77165798900006],[-101.40089248899994,29.770073989000025],[-101.39845348799997,29.76463498800007],[-101.40016348899997,29.760087987000077],[-101.41482449199998,29.75270298500004],[-101.41559249199997,29.74653898400004],[-101.41003249,29.741502983000032],[-101.40064448799995,29.738083983000024],[-101.39701748699997,29.733967982000024],[-101.39630248599997,29.727059981000025],[-101.39837048599998,29.717004979000023],[-101.39695648599997,29.71395197800007],[-101.38810648299994,29.70747097700007],[-101.37278147899997,29.699432976000026],[-101.37255747799998,29.67785297200004],[-101.36711347699998,29.670902971000032],[-101.36322647499998,29.652642968000066],[-101.36132047399997,29.65006796700004],[-101.35714847299994,29.64927196700006],[-101.35033547199998,29.660664970000028],[-101.34550147099998,29.66220097000007],[-101.31498046399997,29.659137971000064],[-101.30659246199997,29.65540297000007],[-101.30237945999994,29.64999897000007],[-101.30008345899995,29.640500968000026],[-101.30134045899996,29.635037967000073],[-101.31309746099998,29.61104896200004],[-101.31177645999998,29.58547495700003],[-101.30554145799994,29.577929956000048],[-101.29097045399999,29.571541955000043],[-101.28508345299997,29.582244957000057],[-101.27788345199997,29.590855959000066],[-101.27756545299997,29.60710196200006],[-101.28049645399994,29.614839964000055],[-101.27771745299998,29.621029965000048],[-101.26922545199994,29.630031967000036],[-101.26282444999998,29.630790967000053],[-101.25039144699997,29.624175967000042],[-101.24742644599996,29.618162966000057],[-101.25230544599998,29.604171963000056],[-101.24115944199997,29.56543395600005],[-101.25039344399994,29.556625954000026],[-101.26118344499997,29.536781950000034],[-101.26084544499997,29.529937949000043],[-101.25490344299999,29.520346947000064],[-101.23528343899994,29.52485894800003],[-101.22742743699996,29.522354948000043],[-101.19272842899994,29.520289949000073],[-101.17999742499995,29.515329949000034],[-101.17382942399996,29.514570949000074],[-101.17167142299996,29.503954947000068],[-101.167994422,29.500436946000036],[-101.16218941999995,29.48992894400004],[-101.15188541699996,29.477009942000052],[-101.14434541499998,29.47325094200005],[-101.13751141299997,29.47354694200004],[-101.13004641199996,29.47842494300005],[-101.11526240799998,29.468463942000028],[-101.10370740499997,29.470554943000025],[-101.08715740099996,29.46941894300005],[-101.07719239899996,29.464194943000052],[-101.06015939399998,29.45866594200004],[-101.05821439299996,29.447771940000052],[-101.05685239299999,29.44760394000008],[-101.05696539299998,29.440777939000043],[-101.04337238899996,29.429884937000054],[-101.03765038699999,29.41468593500008],[-101.03860838699995,29.410718934000045],[-101.03661238599994,29.40611293300003],[-101.02402438299998,29.393702931000064],[-101.01958838199994,29.391345931000046],[-101.016734381,29.387279930000034],[-101.01314537999997,29.379347929000062],[-101.01428237999994,29.374127928000064],[-101.01062237799994,29.36867392700003],[-101.00421537699998,29.364776926000047],[-100.99561537499994,29.363407926000036],[-100.97292436899994,29.35454992500007],[-100.97175136799996,29.35137592500007],[-100.96433336699994,29.347346924000078],[-100.94898036299998,29.347250925000026],[-100.94320436099997,29.341989924000075],[-100.94062335999996,29.333113922000052],[-100.92851335699999,29.326980922000075],[-100.91950735499995,29.325322922000055],[-100.916636354,29.31920892100004],[-100.90840235199994,29.31693192000006],[-100.90484335099995,29.312014920000024],[-100.89665434899996,29.309109919000036],[-100.89493934799998,29.310355920000063],[-100.88685034599996,29.307852919000027],[-100.88206034499996,29.299049918000037],[-100.87889134299996,29.28219791500004],[-100.87605734299996,29.27958991400004],[-100.86466733999998,29.276080914000033],[-100.856477338,29.27566891400005],[-100.85356833699996,29.272822914000074],[-100.84867233599994,29.271425914000076],[-100.83902433299994,29.26326391300006],[-100.83404833199995,29.261404912000046],[-100.82354132899997,29.261746913000025],[-100.81700232799994,29.26433691400007],[-100.81478832699997,29.26372891400007],[-100.81351532699995,29.260669913000072],[-100.81668132699997,29.25448391200007],[-100.80792532499999,29.252695912000036],[-100.79767932199996,29.246947911000063],[-100.79492032199994,29.242463910000026],[-100.79705432199995,29.235590909000052],[-100.79568932099994,29.22773490700007],[-100.79138031999997,29.22594990700003],[-100.78633731899998,29.228505908000045],[-100.78450731799995,29.226885908000042],[-100.77505031599998,29.21164190500008],[-100.77702831599998,29.204333904000066],[-100.77626231499994,29.200933903000077],[-100.77530231499998,29.19970290300006],[-100.76934931399995,29.198915903000056],[-100.76706731299998,29.195291902000065],[-100.76603931199998,29.18585390000004],[-100.77591331399998,29.17334889800003],[-100.77265731299997,29.168496897000068],[-100.76361331099997,29.164732896000032],[-100.76285930999995,29.159685895000052],[-100.75973430899995,29.157154895000076],[-100.74614830599995,29.154153895000036],[-100.73968930399997,29.150490895000075],[-100.73759930399996,29.147411894000072],[-100.73912430399997,29.141662893000046],[-100.73780330299996,29.13908389200003],[-100.72747030099998,29.129127891000053],[-100.70997429599998,29.119688890000077],[-100.69233529199994,29.115232889000026],[-100.68448028999995,29.110661889000028],[-100.67466428699998,29.099781887000063],[-100.664029283,29.074168882000038],[-100.66322028199994,29.048046877000047],[-100.66021627999999,29.03150187400007],[-100.65611827899994,29.017228872000032],[-100.65376627799998,29.01536087200003],[-100.65095427699998,29.008258870000077],[-100.64590227499997,28.986425866000047],[-100.64828327499998,28.982869865000055],[-100.648662275,28.97742686400005],[-100.64664427399998,28.966933862000076],[-100.65033327499998,28.961997861000043],[-100.647001274,28.957083861000058],[-100.65152027399995,28.94343685800004],[-100.644370273,28.93827785700006],[-100.63886527099999,28.927626855000028],[-100.63072826899997,28.924010855000063],[-100.62971426799999,28.921150854000075],[-100.63000126799994,28.91828685400003],[-100.63237526899997,28.916358853000077],[-100.63917826999995,28.91629385300007],[-100.64057627099999,28.914216853000028],[-100.63626826899997,28.911038852000047],[-100.63161926799995,28.902843851000057],[-100.62721426699994,28.90373885100007],[-100.62349026599998,28.909605852000027],[-100.61822426499998,28.90852685200008],[-100.61356726399998,28.901482851000026],[-100.60744726199994,28.902331851000042],[-100.60077626099996,28.900768851000066],[-100.60384926099994,28.888395849000062],[-100.59987825999997,28.886473849000026],[-100.59288325799997,28.88936084900007],[-100.58949725699995,28.88580784900006],[-100.59031825699998,28.88387984800005],[-100.59612625899996,28.881585848000043],[-100.59850625899998,28.879090847000043],[-100.59869025899997,28.875251846000026],[-100.59756125899997,28.873810846000026],[-100.59053525699994,28.872384846000045],[-100.59104825699995,28.86305884400008],[-100.58051025399999,28.85601284300003],[-100.57300025199999,28.848468842000045],[-100.57685425199998,28.836172840000074],[-100.57470725099995,28.82879183800003],[-100.57051824999996,28.82632183800007],[-100.56145124799997,28.829178839000065],[-100.55313824599995,28.82825383900007],[-100.54733224499995,28.82582183900007],[-100.54548924399995,28.812642836000066],[-100.54218124299996,28.808470835000037],[-100.53583824099996,28.805892835000066],[-100.53243923999997,28.791067832000067],[-100.53778023999996,28.780780830000026],[-100.53645323999996,28.77762683000003],[-100.53179023899997,28.77357882900003],[-100.53001223799998,28.768717828000035],[-100.53341623899996,28.75921182600007],[-100.53220023799997,28.75716582600006],[-100.52941823699996,28.756421826000064],[-100.52157823599998,28.757644826000046],[-100.51923423499994,28.75616582600003],[-100.51440723399998,28.750256825000065],[-100.51534023399995,28.743378824000047],[-100.50762123199996,28.74060382300007],[-100.50670922999996,28.71674981900003],[-100.51200623099999,28.705356816000062],[-100.51006322999996,28.69072781400007],[-100.50036222699998,28.66196480800005],[-100.49587122499997,28.65857380800003],[-100.47964422099994,28.65522980800006],[-100.47450221999998,28.647075806000032],[-100.46287421699998,28.64136880600006],[-100.45032021399999,28.64302380600003],[-100.44709921299994,28.64220180600006],[-100.44553721299997,28.637148805000038],[-100.44865621199995,28.616778801000066],[-100.44732821199995,28.60932980000007],[-100.44498321099996,28.60781080000004],[-100.43363120799995,28.60612180000004],[-100.43190020799994,28.59753979800007],[-100.42986420699998,28.596445798000047],[-100.40040719999996,28.586896797000065],[-100.39839319899994,28.584888797000076],[-100.39680819899996,28.580405796000036],[-100.39727819799998,28.575641795000024],[-100.40492319999998,28.560700792000034],[-100.40855019999998,28.55761879100004],[-100.41142220099994,28.55190379000004],[-100.40506619899998,28.53578478700007],[-100.39499619599997,28.52836278600006],[-100.38886819399994,28.51575278400003],[-100.37908719199999,28.511643783000068],[-100.36215618699998,28.508403783000063],[-100.35604518599996,28.504875783000045],[-100.34444018299996,28.503358783000067],[-100.33382217999997,28.49925678200003],[-100.33714818099998,28.49173378100005],[-100.34418918199998,28.486253779000037],[-100.35224318399997,28.48264277800007],[-100.36599018699997,28.481120778000047],[-100.36829618799999,28.477200777000064],[-100.35750618399999,28.46364677500003],[-100.35079418299995,28.459250774000054],[-100.34154117999998,28.44957577200006],[-100.33780517899999,28.44296477100005],[-100.33706717799998,28.427155768000034],[-100.34395317899998,28.410123765000037],[-100.34959417999994,28.402608763000046],[-100.34440817799998,28.389666761000058],[-100.34187717799995,28.384957760000077],[-100.32040117099996,28.36212175600008],[-100.31725417099995,28.35738675500005],[-100.31420616899999,28.34586375300006],[-100.31068316799997,28.343474753000066],[-100.30937616799997,28.33855875200004],[-100.28864716199996,28.316982748000044],[-100.28647916099999,28.31230074700005],[-100.28756216099998,28.30109774500005],[-100.29430416199995,28.28438574200004],[-100.29429916199996,28.281003741000063],[-100.29140516099994,28.275401740000063],[-100.28299215899995,28.270445739000024],[-100.26761215399995,28.250273736000054],[-100.25164214999995,28.236181733000024],[-100.24620814899998,28.234096733000058],[-100.22758314399994,28.235861734000025],[-100.22363814299996,28.23522873400003],[-100.22029214199995,28.232214734000024],[-100.217573142,28.226938733000054],[-100.21345813999994,28.210420730000067],[-100.21211313899994,28.19651472700008],[-100.208067138,28.19038772600004],[-100.196507135,28.19022272600006],[-100.18570213199996,28.185785726000063],[-100.17442112899994,28.179452725000033],[-100.16844612799997,28.171546723000063],[-100.16059812599997,28.168164723000075],[-100.14110612099995,28.168153723000046],[-100.119636115,28.15559272200005],[-100.09029710799996,28.14831772100007],[-100.08340110599994,28.144039720000023],[-100.07548210299996,28.124886717000038],[-100.06766010099994,28.11360671500006],[-100.05650109799996,28.104190713000037],[-100.05560409799995,28.10114571300005],[-100.05699109799997,28.09421171100007],[-100.05313109699995,28.084734710000077],[-100.04611609499995,28.07907270900006],[-100.02873308999995,28.073122708000028],[-100.01792208699999,28.06479170700004],[-100.01284708499998,28.037207702000046],[-100.00863908399998,28.02396869900008],[-99.99145507799994,27.994564694000076],[-99.98493107699994,27.99073369300004],[-99.97707507499996,27.989401693000048],[-99.96277707099995,27.983540692000076],[-99.93182006299998,27.980971693000072],[-99.93216906299995,27.967714690000037],[-99.93854906399997,27.95406368700003],[-99.937150063,27.940541685000028],[-99.93287406199994,27.937274684000045],[-99.92648805999994,27.935571684000024],[-99.92416705999995,27.931136683000034],[-99.92623605999995,27.927326682000057],[-99.91746905799994,27.917977681000025],[-99.900088053,27.912146680000035],[-99.89688305199996,27.907689679000043],[-99.89346405099997,27.899212678000026],[-99.89409905099996,27.892954677000034],[-99.90401305299997,27.879750674000036],[-99.90439305299998,27.875288673000057],[-99.90149405199998,27.864166671000078],[-99.89365804999994,27.85619766900004],[-99.88202304699996,27.85039666800003],[-99.87721004499997,27.84218366700003],[-99.87601104499998,27.83797266600004],[-99.87784804499995,27.824380663000056],[-99.87379304299998,27.813016661000063],[-99.87798304399996,27.800726659000077],[-99.87656104299998,27.79736365800005],[-99.87007404199994,27.79463165800007],[-99.85088503699995,27.79397865800007],[-99.84474503499996,27.77881365500008],[-99.84303303399997,27.768891653000026],[-99.83879903299999,27.764185653000027],[-99.83513503199998,27.762885652000023],[-99.82580102999998,27.76437865300005],[-99.82220102899998,27.76685965400003],[-99.81910002899997,27.776023656000064],[-99.81309402699998,27.773956655000063],[-99.80567802499996,27.758692652000036],[-99.80165902299996,27.741775649000033],[-99.79635002199996,27.735590648000027],[-99.78885301999998,27.73072264700005],[-99.78537401899996,27.730359647000057],[-99.77490901599998,27.733544648000077],[-99.77074801499998,27.732138648000046],[-99.76176201299995,27.722593647000053],[-99.75754701099999,27.711857645000066],[-99.73245600399997,27.685429640000052],[-99.72372400199998,27.673332638000034],[-99.72364200199996,27.66953663700008],[-99.72152700099997,27.66615963600003],[-99.71151899799997,27.658369635000042],[-99.70460899699998,27.65495863500007],[-99.69936399499994,27.65542163500004],[-99.69658099499998,27.663140637000026],[-99.69126099399995,27.66873663800004],[-99.68941099299997,27.668564638000078],[-99.68947399299998,27.66499963700005],[-99.68651799299994,27.661454637000077],[-99.67895699099995,27.658983636000073],[-99.66894998799995,27.65997863700005],[-99.66185298599999,27.655757636000033],[-99.65830298499998,27.650162635000072],[-99.65950798499995,27.645250634000035],[-99.66542998699998,27.640279633000034],[-99.66595598699996,27.635972632000062],[-99.658860985,27.631142631000046],[-99.65433198399995,27.629620631000023],[-99.65052598299997,27.630499631000077],[-99.63893697999998,27.626762631000076],[-99.62532997699998,27.631141632000038],[-99.62325397599994,27.63464863300004],[-99.62713097699998,27.638416634000066],[-99.62706497699997,27.64078263400006],[-99.62431897699997,27.644005635000042],[-99.621118976,27.64331863500007],[-99.61758997499999,27.638362634000032],[-99.61560597499994,27.63775563400003],[-99.60354097199996,27.641996635000055],[-99.59623896999994,27.639862635000043],[-99.59404596899998,27.638577635000047],[-99.59236096899997,27.628617633000033],[-99.57696596399995,27.617238631000077],[-99.57740696399998,27.610901630000058],[-99.57976696499998,27.608035629000028],[-99.584439966,27.606217628000024],[-99.58485096599998,27.60390762800006],[-99.58001396499998,27.602255628000023],[-99.56124095999996,27.607573629000058],[-99.55866396,27.60891963000006],[-99.55681995899994,27.61434063100006],[-99.55495795899998,27.614458631000048],[-99.53972995499998,27.603285629000027],[-99.53620495399997,27.59168662700006],[-99.53014595199994,27.58021162500006],[-99.51598594799998,27.572135624000055],[-99.51222694699999,27.568098623000026],[-99.51112694699998,27.56449862200003],[-99.51402394699994,27.556846621000034],[-99.51882694799997,27.553198620000046],[-99.52192694899998,27.544098618000078],[-99.52532794799998,27.510399611000025],[-99.52832794799997,27.49890060900003],[-99.52665194799994,27.497034608000035],[-99.51932794599998,27.496900608000033],[-99.51332794499996,27.49950060900005],[-99.49683394099998,27.500110610000036],[-99.48581393799998,27.49319260900006],[-99.48145993699995,27.48867160800006],[-99.47925893599995,27.47863960600006],[-99.48228993699996,27.47631960500007],[-99.48573293699997,27.463579603000028],[-99.49511193899997,27.451522600000033],[-99.49570693799996,27.438888597000073],[-99.487528936,27.41240059200004],[-99.48938993599995,27.399566590000063],[-99.49261293599994,27.39230458800006],[-99.49215193599997,27.380521586000043],[-99.49908393699997,27.373144584000045],[-99.50778693799998,27.35425158000004],[-99.50783893799996,27.34864157900006],[-99.50484493699997,27.33829357700006],[-99.52126794099996,27.324788574000024],[-99.53138394299998,27.323813573000052],[-99.53781394399994,27.317591572000026],[-99.53777894399997,27.31607757200004],[-99.53645094399997,27.31254257100005],[-99.52966194199996,27.30605557000007],[-99.523665941,27.304142570000067],[-99.51153893799994,27.30408157000005],[-99.50204393499996,27.306125570000063],[-99.49461193299999,27.303546570000037],[-99.48794493199995,27.29494556900005],[-99.48752093099995,27.29024456800005],[-99.49662293299997,27.27171256400004],[-99.49241493199997,27.26412256200007],[-99.48791792999998,27.26072556200006],[-99.48474592999997,27.25937556200006],[-99.48069592899998,27.259993562000034],[-99.46331692499996,27.268441564000057],[-99.45239892199999,27.26405056300007],[-99.44155691899994,27.249924561000057],[-99.44141491799996,27.236762558000066],[-99.44524591899994,27.223345555000037],[-99.44193591799996,27.21798955400004],[-99.43328791499994,27.211298553000063],[-99.43310591499994,27.203822552000076],[-99.42635591299995,27.17626654600008],[-99.42999191299998,27.15915354300006],[-99.43795891499997,27.15412554200003],[-99.43997891499998,27.151076541000066],[-99.43827291399998,27.144796540000073],[-99.43136291299999,27.137584538000056],[-99.43058891199996,27.12661653600003],[-99.43337791199997,27.119222535000063],[-99.44111691399996,27.11004653300006],[-99.44213091399996,27.106843532000028],[-99.43765391299996,27.100446531000046],[-99.43028291099995,27.09487653000008],[-99.42921690999998,27.090986529000077],[-99.43447791099999,27.07852152600003],[-99.45028991499998,27.067709524000065],[-99.45232391499997,27.062673523000058],[-99.44398091199997,27.036462518000064],[-99.44609391199998,27.023342515000024],[-99.44288391099997,27.018179514000053],[-99.43216290799995,27.010703513000067],[-99.42938790799997,27.01083751300007],[-99.42045490599997,27.016572514000075],[-99.41548390499997,27.017244514000026],[-99.40851490299997,27.00952451300003],[-99.40370190099998,26.997360511000068],[-99.38737489699997,26.98240350800006],[-99.37844289399999,26.980038508000064],[-99.37660089399998,26.97772150700007],[-99.37731989399998,26.973823507000077],[-99.39311989699996,26.964033504000042],[-99.39375589699995,26.960734504000072],[-99.38826089599996,26.944221500000026],[-99.37915689299996,26.93449449900004],[-99.36706188999995,26.929038498000068],[-99.36115188899998,26.92892549800007],[-99.35165788599994,26.925144497000076],[-99.33730488299994,26.922763497000062],[-99.32469187899994,26.91597749600004],[-99.32182687799997,26.90685049500007],[-99.32890787899998,26.87976548900008],[-99.31676087599999,26.865835486000037],[-99.31052687399995,26.86474248600007],[-99.29515386999998,26.865444487000048],[-99.28047886699994,26.858057486000064],[-99.26862086299997,26.843217483000046],[-99.26221586099996,26.815672478000067],[-99.24245185499996,26.788266472000032],[-99.24003085299995,26.745855464000044],[-99.20891484499998,26.72476546000007],[-99.20995584399998,26.693942454000023],[-99.200529841,26.656447447000062],[-99.17807183399998,26.620551440000042],[-99.16741782999998,26.560005428000068],[-99.17141182999995,26.54985242500004],[-99.17071182999996,26.540320424000072],[-99.16674982899997,26.536083423000036],[-99.143666823,26.52790542200006],[-99.12778981899999,26.52520342200006],[-99.10503881299996,26.500339417000077],[-99.09548680999995,26.481682413000044],[-99.09164280899995,26.476981413000033],[-99.09198380899994,26.472380412000064],[-99.10036480999997,26.458752409000056],[-99.10255080999997,26.44244440500006],[-99.10670981099997,26.437970404000055],[-99.11317081299995,26.43518440300005],[-99.11355381299995,26.432534403000034],[-99.11086281199994,26.426282402000027],[-99.106071811,26.423456401000067],[-99.09479080699998,26.41095739900004],[-99.08942080599996,26.408104398000035],[-99.08513380499994,26.398786397000038],[-99.08200980399994,26.396514396000043],[-99.06210079899995,26.397375397000076],[-99.05319279699995,26.402010398000073],[-99.04124879399996,26.412270400000068],[-99.03719479399996,26.413820401000066],[-99.03172779199997,26.412968401000057],[-99.02194278999997,26.40790640000006],[-99.011657787,26.39250039700005],[-99.00368178499997,26.393702398000073],[-99.00085678399995,26.392422397000075],[-98.98859778099995,26.391810398000075],[-98.97916077899998,26.399928399000032],[-98.97523477799996,26.401144400000078],[-98.95639977299999,26.395714399000042],[-98.95304977199999,26.391720398000075],[-98.95332377199998,26.38475139700006],[-98.95613577299997,26.377565395000033],[-98.94670176999995,26.370007394000027],[-98.94215976899994,26.36969139400003],[-98.93867676799994,26.369748394000055],[-98.93617176799995,26.371537395000075],[-98.93431476699999,26.37746839600004],[-98.93584876799997,26.38430439700005],[-98.93451676799998,26.387740398000062],[-98.92687076599998,26.394475400000033],[-98.92381076499998,26.392091399000037],[-98.92386976499995,26.382944397000074],[-98.91934976399995,26.376708396000026],[-98.91570176299996,26.373433396000053],[-98.91106576199996,26.371771395000053],[-98.90112275899997,26.370919395000044],[-98.89970475899997,26.365827394000064],[-98.90050175899995,26.35853439300007],[-98.89674175699997,26.35333439200008],[-98.86136174899997,26.36599439500003],[-98.85342274699997,26.365027395000027],[-98.84682974499998,26.359505394000053],[-98.84156974399997,26.35894739400004],[-98.83291674199995,26.363342395000075],[-98.82457873999994,26.370719397000073],[-98.82045973899994,26.37100639700003],[-98.81507773799996,26.366482397000027],[-98.81293573699998,26.366313397000056],[-98.80735573599998,26.369425397000043],[-98.79821873399999,26.360170396000058],[-98.79625973299994,26.34910839300005],[-98.78809772999995,26.337331391000077],[-98.78982973099994,26.33157939000006],[-98.77991972799998,26.326546389000043],[-98.77194472599996,26.325114389000078],[-98.764014724,26.326477390000036],[-98.75661372299999,26.33098539100007],[-98.75102872099995,26.33183739100008],[-98.74947672099995,26.329992391000076],[-98.74823071999998,26.320586389000027],[-98.74348471899998,26.314901388000067],[-98.73831271799997,26.31383538800003],[-98.73623171699995,26.307653386000027],[-98.73769971699994,26.304422386000056],[-98.74042671799998,26.30278138500006],[-98.74433071899995,26.303426385000023],[-98.75036071999995,26.307661386000063],[-98.75422372099996,26.30793238600006],[-98.75613072199997,26.304253385000038],[-98.75020971999999,26.295698384000048],[-98.74152071799995,26.294126383000048],[-98.73367371599994,26.298696385000028],[-98.72777271499996,26.29877438500006],[-98.72186071299996,26.29479338400006],[-98.718225712,26.287257383000053],[-98.71480971099999,26.286081382000077],[-98.70936070999994,26.289193383000054],[-98.701807708,26.286167383000077],[-98.69995070699997,26.28000938100007],[-98.70116670699997,26.278027381000072],[-98.70323370799997,26.277174381000066],[-98.71216470999997,26.27898138100005],[-98.71779971199999,26.277628381000056],[-98.71951571199997,26.276246380000032],[-98.71989271199999,26.272709379000048],[-98.71094970999997,26.268696379000062],[-98.69886370699999,26.265623379000033],[-98.68716370399994,26.265124379000042],[-98.68117470199996,26.262714378000055],[-98.67777370099998,26.255572377000078],[-98.67952970099998,26.25068337600004],[-98.67904970099994,26.24555837500003],[-98.67521369999997,26.23999337400005],[-98.66940469799994,26.23632437300006],[-98.65422869499997,26.23596437300006],[-98.64441169199995,26.241234375000033],[-98.63418768999998,26.24261637500007],[-98.63244368999995,26.251686377000055],[-98.62476668799997,26.259225379000043],[-98.62166168699997,26.258778379000034],[-98.61727368599998,26.246813377000024],[-98.61480668499996,26.247731377000036],[-98.61292068499995,26.252731378000078],[-98.60005668199994,26.257269379000036],[-98.58755267899994,26.257820380000055],[-98.58292467799998,26.25647637900005],[-98.58011967699997,26.253652379000073],[-98.57996567699996,26.249434378000046],[-98.585127678,26.243720377000045],[-98.57997367699994,26.23499937500003],[-98.57665067599999,26.23383837500006],[-98.57411367499998,26.23858937600005],[-98.56765267399999,26.241570377000073],[-98.56499267299995,26.238623376000078],[-98.56496067299997,26.22691637400004],[-98.56342167199995,26.22534437300004],[-98.55918867099996,26.22627837400006],[-98.55759467099995,26.231046375000062],[-98.54735066899997,26.234651376000045],[-98.54601266799995,26.23689337600007],[-98.54757466899997,26.241375377000054],[-98.55234266999997,26.24119637700005],[-98.55820467099994,26.243983377000063],[-98.55882367199996,26.245936378000067],[-98.55541667099999,26.247495378000053],[-98.54533566799995,26.244540378000067],[-98.53558566499999,26.226006374000065],[-98.52951066399999,26.227731375000076],[-98.52446366299995,26.235569376000058],[-98.52182166199998,26.235646377000023],[-98.52179566199999,26.232534376000046],[-98.52663266299999,26.22622337400003],[-98.52479466299997,26.221882374000074],[-98.52192566199994,26.221578374000046],[-98.51485465999997,26.227222375000053],[-98.50155465699999,26.22308137400006],[-98.50733965799998,26.210175372000037],[-98.50407965699998,26.208802371000047],[-98.49514065499994,26.212132372000042],[-98.48699565299995,26.21292737300007],[-98.48375765199995,26.211632372000054],[-98.48202865199994,26.208592372000055],[-98.48274765199994,26.201648370000044],[-98.480368651,26.20131537000003],[-98.47796865099997,26.203651371000035],[-98.47905665099995,26.209371372000078],[-98.48292565199995,26.213871373000075],[-98.48158965199997,26.219383374000074],[-98.47037264899996,26.220706375000077],[-98.46069664699996,26.226068376000057],[-98.45840964599995,26.225321376000068],[-98.45637464599997,26.218429375000028],[-98.45434964499998,26.217093374000058],[-98.44931264399997,26.223311376000026],[-98.44666564399995,26.224393376000023],[-98.44341364299999,26.223657376000062],[-98.44025864199995,26.219446375000075],[-98.43882964099998,26.214224374000025],[-98.43921064099999,26.21092737300006],[-98.44451164199995,26.203747372000066],[-98.44254364199998,26.199155371000074],[-98.42950263799997,26.19409937000006],[-98.41812763499996,26.18465236800006],[-98.40444063199999,26.182568368000034],[-98.40225663099994,26.179527368000038],[-98.40275263099994,26.17326336600007],[-98.39204562799995,26.166580365000073],[-98.38721362699994,26.158324364000066],[-98.383931626,26.156604363000042],[-98.36724462199999,26.157684364000033],[-98.36470962199996,26.160895365000044],[-98.36660762199995,26.168786366000063],[-98.36216662099997,26.172248367000066],[-98.35984362099998,26.172289367000076],[-98.35748461999998,26.167652366000027],[-98.35846061999996,26.16102836500005],[-98.35670861899996,26.156309364000037],[-98.35234861799995,26.151124363000065],[-98.34926061699997,26.152596363000043],[-98.34852461799994,26.16085236500004],[-98.34578861699998,26.166020366000055],[-98.34257561599998,26.167163367000057],[-98.33473261399996,26.16556336600007],[-98.33332361399994,26.158804365000037],[-98.33842761499994,26.151348363000068],[-98.33477061399998,26.145962362000034],[-98.32706761199995,26.14381336200006],[-98.32741961199997,26.14213336200004],[-98.33420361299994,26.141317361000063],[-98.33521161399995,26.137621361000072],[-98.32027760899996,26.117867357000023],[-98.31060760699995,26.114995356000065],[-98.30652260599999,26.104294354000046],[-98.302810605,26.102358354000046],[-98.29786660299999,26.10378235400003],[-98.30234660499997,26.107686355000055],[-98.30280860499994,26.109949356000072],[-98.29901060399999,26.11841935700005],[-98.29620260299998,26.12032535800006],[-98.29210760299998,26.120650358000034],[-98.27465359799999,26.115948357000036],[-98.26854759699995,26.12061735900005],[-98.26626559599998,26.12072635900006],[-98.266397596,26.116701358000057],[-98.27119259699998,26.114210357000047],[-98.27180559699997,26.111379357000033],[-98.27004159699999,26.10709435600006],[-98.286932601,26.106736355000066],[-98.28854260099996,26.10531635500007],[-98.28648360099999,26.102296354000032],[-98.27722559799997,26.098806354000033],[-98.26843059599997,26.09317135300006],[-98.26317759399996,26.084498351000036],[-98.251941591,26.079219350000074],[-98.25096459099996,26.074093349000066],[-98.24874458999994,26.07204634900006],[-98.23010458599998,26.077159350000045],[-98.22068058399998,26.076471350000077],[-98.21683958299997,26.07444135000003],[-98.213591582,26.069757349000042],[-98.20496757899997,26.066423349000047],[-98.19945357799998,26.05686634700004],[-98.19399257599997,26.053328346000058],[-98.19231257599995,26.053457346000073],[-98.18906757499997,26.063262348000023],[-98.18432957399995,26.063921349000054],[-98.17941357299998,26.06001434800004],[-98.17654757199995,26.061624348000066],[-98.17983657299999,26.064965349000033],[-98.18020457399996,26.071692350000035],[-98.17754157299998,26.075027351000074],[-98.17160557099999,26.07018135000004],[-98.16883656999994,26.06299134900007],[-98.16655756999995,26.062360349000073],[-98.16074056899998,26.064235349000057],[-98.15842956799997,26.062704349000057],[-98.15834156799997,26.060584349000067],[-98.16249656899998,26.05610034800003],[-98.16188756899999,26.05454334700005],[-98.15926956799996,26.05374734700007],[-98.15173856599995,26.058191348000037],[-98.14740556499999,26.049487347000024],[-98.14479456399994,26.049611347000052],[-98.14112956299994,26.054391348000024],[-98.13698356299994,26.061707349000073],[-98.13522856199995,26.072152352000046],[-98.13150156199998,26.074204352000038],[-98.12837456099999,26.072403352000038],[-98.13102156099995,26.066847351000035],[-98.13078356099999,26.06369335000005],[-98.12833855999997,26.06193335000006],[-98.10551255499996,26.067541351000045],[-98.09443955199998,26.058629350000047],[-98.08189154899998,26.063728351000066],[-98.08157454899998,26.06611235200006],[-98.08585654999996,26.06921235200008],[-98.08476254999994,26.070812352000075],[-98.08050254899996,26.070936353000036],[-98.07655154799994,26.068046352000067],[-98.07508054699997,26.059875350000027],[-98.07126454599995,26.055437350000034],[-98.07003254599994,26.051470349000056],[-98.07086454599994,26.045951348000074],[-98.07366754599997,26.04314634700006],[-98.08001054799996,26.041964347000032],[-98.07662754699999,26.03641934500007],[-98.07324954599994,26.036485346000063],[-98.06187554399997,26.046468348000076],[-98.04703453999997,26.04438134800006],[-98.03924653799999,26.041279347000057],[-98.03441053699999,26.051379350000047],[-98.03310953699997,26.06104335200007],[-98.02876653599998,26.066474353000046],[-98.02636253499998,26.06654835300003],[-98.02038953399995,26.05876635100003],[-98.01668253299994,26.060666352000055],[-98.01424053199997,26.06602635300004],[-98.01193953199999,26.065863353000054],[-98.01102053199997,26.060926352000024],[-98.01303853199994,26.05639935100004],[-98.01184053199995,26.056024351000076],[-98.00352352999994,26.064457353000023],[-97.99869652899997,26.06472435300003],[-97.99150052699997,26.05858935200007],[-97.98690152599994,26.06583435400006],[-97.98134252399996,26.067186354000057],[-97.97987652399996,26.066006354000024],[-97.97877652399995,26.059712353000066],[-97.96736551999999,26.051722351000024],[-97.95700851799995,26.059967353000047],[-97.95010251599996,26.061832354000046],[-97.944352515,26.059625353000058],[-97.93542751299998,26.052692352000065],[-97.93180851199998,26.055948353000076],[-97.93697451299994,26.061930354000026],[-97.93393151299995,26.064838355000063],[-97.93140451199997,26.063424355000052],[-97.92798851099997,26.05591035300006],[-97.92523750999999,26.055697353000028],[-97.92139550899998,26.057772354000065],[-97.90986950599995,26.056868354000073],[-97.89991150399999,26.06122235500004],[-97.89132550199997,26.060504355000035],[-97.88840050099998,26.062432355000055],[-97.88741850099996,26.06675335600005],[-97.87694249799995,26.064586356000063],[-97.87075149699996,26.05760235500003],[-97.86861349599997,26.057160355000065],[-97.86333249499995,26.069181357000048],[-97.86128049499996,26.069931358000076],[-97.85901649399995,26.066540357000065],[-97.86217449499998,26.06111635600007],[-97.86051149399998,26.05292235400003],[-97.84960149099999,26.052113354000028],[-97.84233048999994,26.053588355000045],[-97.83741048799999,26.05241135400007],[-97.83467248799997,26.046013353000035],[-97.83278648699996,26.04616135300006],[-97.82594748599996,26.05588235500005],[-97.81723048299995,26.056117356000073],[-97.81484048299995,26.052457355000058],[-97.81611348299998,26.045171353000057],[-97.81288548199996,26.04432635300003],[-97.81126348199996,26.04540635400008],[-97.81238748199996,26.048411354000052],[-97.81097948199994,26.055516356000055],[-97.80820248099997,26.05790035600006],[-97.80132447999995,26.060165357000074],[-97.79915547899998,26.053327356000068],[-97.79216247699998,26.052890356000034],[-97.78903547599998,26.049741355000037],[-97.78976447599996,26.047429355000077],[-97.79442147799995,26.04745835400007],[-97.79722647799997,26.04370635400005],[-97.79764747799999,26.040214353000067],[-97.79233347699994,26.03417235200004],[-97.78307747399998,26.034043352000026],[-97.77775347299996,26.029398351000054],[-97.77620147299996,26.030068351000068],[-97.77572347299997,26.032170352000037],[-97.76941347099995,26.035625353000057],[-97.77646647299997,26.040744353000036],[-97.77683547299995,26.04397635400005],[-97.76898247099996,26.047505355000055],[-97.76312746999997,26.04245435400003],[-97.76381446899995,26.027334351000036],[-97.761052469,26.02570835100005],[-97.75853046799995,26.02656335100005],[-97.75165146699999,26.031487352000056],[-97.74972446599998,26.031127352000055],[-97.747988465,26.02625235100004],[-97.74241146399999,26.029810352000027],[-97.73614446299996,26.027127351000047],[-97.73822446299994,26.021986350000077],[-97.73170746099998,26.02331735100006],[-97.72647745999996,26.02266035100007],[-97.72539045999997,26.024431351000032],[-97.72627545999995,26.02731735200007],[-97.733141462,26.027401352000027],[-97.73490746199997,26.03202235300006],[-97.71992745899996,26.030842353000025],[-97.71840145799996,26.029601352000043],[-97.72134645899996,26.02346735100008],[-97.70966845599997,26.02619835200005],[-97.70884945599994,26.036030354000047],[-97.70655945599998,26.037503354000023],[-97.70252845399995,26.031212353000058],[-97.69714045299997,26.030391353000027],[-97.69707645299997,26.02345935200003],[-97.69137645099994,26.01899435100006],[-97.69024445099996,26.022554352000043],[-97.69355345199995,26.026797352000074],[-97.69389545199994,26.031308353000043],[-97.69226745199995,26.03234135400004],[-97.68605844999996,26.026996353000072],[-97.67494344699998,26.026165353000067],[-97.67342544699994,26.027904353000054],[-97.67604844799996,26.03097835400007],[-97.67455544699999,26.033033354000054],[-97.67123844699995,26.034015354000076],[-97.66799144599997,26.028876353000044],[-97.66472544499999,26.031370354000046],[-97.66273544499995,26.038082356000075],[-97.66053144399996,26.033712355000034],[-97.66092544399999,26.030744354000035],[-97.66771044599994,26.023739352000064],[-97.66827544599994,26.01976035200005],[-97.65747544299995,26.019799352000064],[-97.65277844199994,26.01630035100004],[-97.65094644099997,26.01639435100003],[-97.65024644099998,26.023805353000057],[-97.64522743999999,26.02776235400006],[-97.63904943799997,26.022974353000052],[-97.63681243799994,26.01758035200004],[-97.63845243799994,26.01313035100003],[-97.64122843899997,26.011832350000077],[-97.64818443999997,26.012670350000064],[-97.64956944099998,26.011328350000042],[-97.64773043999998,26.008493350000037],[-97.63964143799996,26.004163349000066],[-97.63481143699994,25.99951334800005],[-97.62965943599994,26.005687349000027],[-97.62649443499998,26.005574349000028],[-97.62831743499999,25.997629348000032],[-97.62704043499997,25.996917348000068],[-97.62383143399995,25.99670334800004],[-97.61930343299997,26.002928349000058],[-97.61767543199994,26.00108134900006],[-97.62077543299995,25.99206534700005],[-97.62364543399997,25.99196734700007],[-97.63042143499996,25.99641034700005],[-97.63286343599998,25.99552834700006],[-97.63444343599997,25.99027234600004],[-97.63157843599998,25.98818234600003],[-97.621727433,25.989121346000047],[-97.61767343199995,25.979960344000062],[-97.60829042899996,25.976598344000024],[-97.60808442899997,25.971284343000036],[-97.61038042999996,25.965841341000043],[-97.60215642699995,25.95738534000003],[-97.59963642699995,25.956737340000075],[-97.59471142599995,25.961175341000057],[-97.58238042299996,25.962473341000077],[-97.58305142299997,25.955447340000035],[-97.57972542099998,25.943804337000074],[-97.57741442099996,25.943050337000045],[-97.57305341999995,25.94640333800004],[-97.57467541999995,25.952781340000058],[-97.57373941999998,25.953911340000047],[-97.56765341899995,25.951834339000072],[-97.56632641799996,25.945071338000048],[-97.58257242199994,25.937861336000026],[-97.55937141599998,25.932261336000067],[-97.55538641499999,25.937140337000073],[-97.54974741399997,25.936223337000058],[-97.54642841299994,25.934081336000077],[-97.54517741199999,25.923979334000023],[-97.54088141099999,25.924367334000067],[-97.54296441199995,25.920039333000034],[-97.53018940799996,25.919858334000025],[-97.53042040799994,25.916327333000027],[-97.53340640899995,25.91275033200003],[-97.53343040899995,25.90908033100004],[-97.53287040899994,25.907630331000064],[-97.52840040799998,25.90631133100004],[-97.52328940599995,25.897215329000062],[-97.52339840599996,25.88985232700003],[-97.52176940499999,25.88646232700006],[-97.51116340299995,25.88743432700005],[-97.50605240199997,25.890697328000044],[-97.49889339999999,25.898726330000045],[-97.49739339999996,25.89864833000007],[-97.49643739899994,25.89580932900003],[-97.49669439899998,25.879684326000074],[-97.492821398,25.880810326000073],[-97.488479397,25.885388327000044],[-97.486476397,25.883991327000047],[-97.48764739699999,25.879027326000028],[-97.48487239599996,25.878704326000047],[-97.46875139199994,25.88863232800003],[-97.46846739199998,25.88371132700007],[-97.47423039299997,25.88012132600005],[-97.47475039299997,25.878041326000073],[-97.47232839299994,25.87560032500005],[-97.46951439199995,25.87554332600007],[-97.46491839099997,25.88125832700007],[-97.45816938999997,25.884279328000048],[-97.45572538899995,25.884001328000068],[-97.45473438899995,25.879341327000077],[-97.45702938899996,25.86894032400005],[-97.45426438799996,25.867159324000056],[-97.44865038699999,25.872130325000057],[-97.44474638599996,25.867066324000064],[-97.44764938599997,25.863292323000053],[-97.44841538599997,25.859274323000022],[-97.45226438699996,25.858310322000023],[-97.45407138799999,25.854819321000036],[-97.45267038699996,25.853738321000037],[-97.44818738599997,25.855992322000077],[-97.44445838499996,25.855750322000063],[-97.44585638599995,25.85137732100003],[-97.44297638499995,25.848096320000025],[-97.43535538299994,25.84938332100006],[-97.42489537999995,25.840636319000055],[-97.41266437699994,25.841179320000037],[-97.41467337799997,25.84674532100007],[-97.41379337799998,25.85705732300005],[-97.41002537699995,25.86208132400003],[-97.40787937599998,25.861149324000053],[-97.41041137699995,25.850582322000037],[-97.40825437599995,25.845637321000027],[-97.40640437599995,25.844809320000024],[-97.40226037499997,25.851933322000036],[-97.39964737399998,25.851554322000027],[-97.399058374,25.849596322000025],[-97.40063037399995,25.846672321000028],[-97.40041737399997,25.84197732000007],[-97.40213437399996,25.840388320000045],[-97.40654237499996,25.840276319000054],[-97.40699437599994,25.83885531900006],[-97.40525737499996,25.837732319000054],[-97.39901237399994,25.839114319000032],[-97.39452037199999,25.83738131900003],[-97.38953137099998,25.839349320000053],[-97.38714537099997,25.84385732100003],[-97.38258736899996,25.83979332000007],[-97.37287136699996,25.840121320000037],[-97.37062336699995,25.849821322000025],[-97.36410736499994,25.850038323000035],[-97.36659036599997,25.853568323000047],[-97.37610236799998,25.85421632300006],[-97.37618736799999,25.855737323000028],[-97.369751367,25.858042324000053],[-97.36236936499995,25.868462326000042],[-97.35766736399995,25.869186327000023],[-97.35993936499995,25.87987932900006],[-97.36250336599994,25.87775732800003],[-97.37334436799995,25.87848832800006],[-97.37404336799995,25.879768329000058],[-97.36688736699995,25.885001330000023],[-97.35663636399994,25.887685331000057],[-97.35883936499994,25.889724331000025],[-97.36343436599998,25.889693331000046],[-97.36696436699998,25.891750331000026],[-97.36598336699996,25.902451334000034],[-97.37450536899996,25.905661334000058],[-97.37486236899997,25.908547335000037],[-97.36838036799998,25.90990733500007],[-97.36940036799996,25.91313033600005],[-97.36764936799995,25.915684336000027],[-97.36321136699996,25.91564433700006],[-97.35544836499997,25.919432337000046],[-97.35161936399999,25.92340733800006],[-97.34828136399994,25.931147340000052],[-97.34251436199997,25.928989340000044],[-97.33654236099994,25.929156340000077],[-97.33835236099998,25.921486338000022],[-97.33734935999996,25.920157338000024],[-97.33508135999995,25.919837338000036],[-97.33194535899997,25.921744339000043],[-97.33124835899997,25.918560338000077],[-97.32601035799996,25.91769333800005],[-97.32465835699998,25.918596338000043],[-97.32492135699994,25.92404533900003],[-97.32056835699996,25.929806341000074],[-97.31518435499999,25.931472341000074],[-97.30974635399997,25.926409340000077],[-97.30741035299997,25.926818340000068],[-97.30481735299998,25.92842334100004],[-97.30437235299996,25.935726342000066],[-97.30303635199994,25.937003342000025],[-97.30072335199998,25.937228343000072],[-97.29581434999994,25.933446342000025],[-97.29179334999998,25.93630634300007],[-97.277170346,25.935442343000034],[-97.27687934599999,25.938211343000035],[-97.28104434699998,25.94346134400007],[-97.27861834699996,25.947530345000075],[-97.28474834799994,25.94949134600006],[-97.28944734899994,25.953770346000056],[-97.28924634899994,25.955448347000072],[-97.28445334799994,25.95916034800007],[-97.28285534799994,25.959232348000057],[-97.28002834699998,25.95429034700004],[-97.27671434599995,25.95215134600005],[-97.24701733899997,25.94823834600004],[-97.24330633799997,25.953328347000024],[-97.23987433699995,25.954978348000054],[-97.22923333499995,25.958757349000052],[-97.22536133399996,25.959098349000044],[-97.22092933299996,25.95727634900004],[-97.20957832999994,25.963571350000052],[-97.20716432899997,25.963650350000023],[-97.20606632899995,25.958656349000023],[-97.19789532699997,25.957930349000037],[-97.19032732499994,25.95386534900007],[-97.18709032399994,25.955582349000053],[-97.18658532399996,25.958779350000043],[-97.17860832199995,25.961463351000077],[-97.177352322,25.964966351000044],[-97.17527032099997,25.965507351000042],[-97.17024532,25.96125635100003],[-97.16590031899995,25.96028535100004],[-97.15852231699995,25.96188335100004],[-97.16030131699995,25.95024734900005],[-97.15896131699998,25.949123348000057],[-97.147284314,25.95332835000005],[-97.14611231399994,25.956661350000047],[-97.14688831399997,25.969785353000077],[-97.15321731799997,26.038910368000074],[-97.15250431799996,26.05269037100004],[-97.14966931799995,26.064140373000043],[-97.152621319,26.064090373000056],[-97.15856431999998,26.060911372000078],[-97.16498932199994,26.063880373000075],[-97.19568232899996,26.04656336800008],[-97.19830632999998,26.066683373000046],[-97.19005732799997,26.06987837300005],[-97.18970032799996,26.07158637400005],[-97.19397832899995,26.071479374000035],[-97.19965833099997,26.07704837500006],[-97.20805533299995,26.07959337500006],[-97.24698734299994,26.080356374000075],[-97.26942934799996,26.086086375000036],[-97.27981135099998,26.09206137600006],[-97.29059535399995,26.104780378000044],[-97.29427935499996,26.105847379000068],[-97.29406135499994,26.113944380000078],[-97.288011354,26.116055381000024],[-97.28453435299997,26.11502438100007],[-97.28210135199998,26.120305382000026],[-97.28536735299997,26.128382384000076],[-97.29660535699998,26.142443386000025],[-97.29891435699994,26.14756638700004],[-97.29499235699996,26.155353389000027],[-97.29927035799994,26.15972639000006],[-97.30152835899997,26.165699391000032],[-97.30364235899998,26.166223391000074],[-97.30307335899994,26.170819392000055],[-97.29609635799994,26.18239239500008],[-97.29482435799997,26.19231639700007],[-97.29725035899997,26.203345399000057],[-97.29883035899996,26.20315939900007],[-97.29882435899998,26.201214399000037],[-97.30449335999998,26.202494399000045],[-97.31674036399994,26.22402940300003],[-97.31555136399999,26.22541440300006],[-97.31210536299994,26.225628404000076],[-97.30889636199998,26.229039404000048],[-97.30675736199998,26.235328406000065],[-97.30723336199998,26.239699407000046],[-97.30034036099994,26.253129410000042],[-97.29380435899998,26.258991411000068],[-97.29879536099997,26.260696411000026],[-97.30224136199996,26.271992414000067],[-97.30616336299994,26.27401741400007],[-97.31187336399995,26.27374141400003],[-97.31935436599997,26.270287413000062],[-97.32281436699998,26.271960413000045],[-97.32434636799996,26.27732041400003],[-97.31911736599994,26.279345415000023],[-97.30984736399995,26.28829541700003],[-97.30770836399995,26.287550417000034],[-97.30378636299997,26.280837415000065],[-97.296537361,26.27700141500003],[-97.29059535899995,26.271140414000058],[-97.27027335199995,26.213154402000043],[-97.26480735099994,26.201959400000078],[-97.26742135199999,26.214647402000026],[-97.28619835799998,26.267517413000064],[-97.27989935599999,26.270927414000028],[-97.28120735699997,26.280517416000066],[-97.28619835799998,26.284353417000034],[-97.29023935999999,26.293410418000065],[-97.29701236099999,26.296073419000038],[-97.32339536999996,26.352420430000052],[-97.32909937099998,26.359129431000042],[-97.329812372,26.368073433000063],[-97.33492237299998,26.37605943500006],[-97.33504137299997,26.37999843600005],[-97.34704437699997,26.40778244100005],[-97.38055738799994,26.480563456000027],[-97.405751394,26.478755455000055],[-97.41311939599996,26.481201455000075],[-97.40765239499996,26.491519457000038],[-97.40682039499995,26.499496459000056],[-97.41716039799996,26.519063463000066],[-97.42096239899996,26.535544466000033],[-97.41771439899998,26.548950469000033],[-97.41537739899996,26.55276747000005],[-97.41882339999995,26.55521247100006],[-97.42084439999996,26.554362470000058],[-97.42393340099994,26.55553147100005],[-97.42892540199995,26.569562473000076],[-97.42815840199995,26.572470474000056],[-97.43276440399995,26.582151476000035],[-97.43355940399994,26.589649477000023],[-97.44571540799996,26.609366481000052],[-97.44698840899997,26.624925485000063],[-97.44495240799995,26.633539486000075],[-97.45661441199996,26.667200493000053],[-97.45638241299997,26.672643494000056],[-97.46072841399996,26.687810497000044],[-97.46469541499994,26.694172499000047],[-97.465052416,26.70595650100006],[-97.46814241699997,26.71020350200007],[-97.46826141699995,26.711901502000046],[-97.46540941599994,26.713600503000066],[-97.46873641699995,26.71975750400003],[-97.46695341699996,26.722198504000062],[-97.46861641799995,26.740919508000047],[-97.47861242199997,26.806679522000024],[-97.46647641899995,26.809699523000063],[-97.46481341899994,26.823968526000044],[-97.44710541499995,26.822301526000047],[-97.44068741299998,26.824488527000028],[-97.41781540699998,26.814907525000024],[-97.41384840599994,26.815115525000067],[-97.412681406,26.81740652600007],[-97.41396440699998,26.819697526000027],[-97.42248340899994,26.82469652700007],[-97.44675541499998,26.83375552800004],[-97.46029141899999,26.847291531000053],[-97.45760741899994,26.87290153600003],[-97.45422341799997,26.874358537000035],[-97.41209740799997,26.871131537000053],[-97.41023040699997,26.874358538000024],[-97.412447408,26.878105539000046],[-97.41769840999996,26.879042539000068],[-97.45690741899995,26.882581538000068],[-97.45317341899994,26.910471544000075],[-97.45165641899996,26.91151254400006],[-97.43847041599997,26.910992545000056],[-97.43730341499997,26.91307354500003],[-97.43893741599999,26.914113545000077],[-97.45142341899998,26.914113545000077],[-97.45329041999997,26.91733954600005],[-97.44500541999997,26.979752559000076],[-97.44197141899997,26.98058455900008],[-97.44150441899995,26.98484756000005],[-97.44407141999994,26.987239561000024],[-97.43917042099997,27.07070957800005],[-97.41793241599999,27.070917579000024],[-97.41816541599997,27.072267579000027],[-97.43940342099995,27.07652857900007],[-97.43438642199999,27.145083594000027],[-97.43100142199995,27.160865597000054],[-97.43286942299994,27.162526597000067],[-97.44157242499995,27.163837597000054],[-97.43477442399995,27.202245606000076],[-97.42230642299995,27.25771661700003],[-97.42260042299995,27.26204961800005],[-97.43823642699994,27.26381261800003],[-97.45270643099997,27.26236061800006],[-97.46542643399994,27.255928616000062],[-97.46709043399994,27.25364461500004],[-97.48872743899994,27.249332614000025],[-97.50016944199996,27.244484613000054],[-97.50322244299997,27.239904612000032],[-97.50983844399997,27.235324610000077],[-97.52001644699999,27.231252609000023],[-97.52960744899997,27.229161609000073],[-97.54291745199998,27.229217608000056],[-97.55663345599999,27.23188460800003],[-97.57396045999997,27.238886609000076],[-97.59693946599998,27.243064610000033],[-97.63113047499996,27.242234609000036],[-97.63521447599999,27.245347609000078],[-97.63988247699996,27.254061611000054],[-97.64011847799998,27.27094761400008],[-97.64735047999994,27.276363615000037],[-97.65808648199999,27.27345861400005],[-97.667888485,27.272836614000028],[-97.68294148799998,27.268376613000044],[-97.69449449099994,27.267028612000047],[-97.69986249299996,27.268376612000054],[-97.70184649299995,27.264746611000078],[-97.70978149499996,27.262775611000052],[-97.72145049799997,27.263501611000038],[-97.72775249899996,27.261634610000044],[-97.736153501,27.264434610000023],[-97.74012150199997,27.267546611000057],[-97.74012150299995,27.273251612000024],[-97.72938549999998,27.272525612000038],[-97.72530149899995,27.269310612000027],[-97.71153149599996,27.277607614000033],[-97.70044549299996,27.27522261400003],[-97.68714248999999,27.28248261500005],[-97.675940487,27.283000616000038],[-97.66368748399998,27.286423617000025],[-97.65773648299995,27.29606761900004],[-97.65889748299998,27.298658620000026],[-97.65488448299999,27.305107621000047],[-97.67505948799999,27.31090762200006],[-97.67612848799996,27.31682062300007],[-97.68444748999997,27.31988262300007],[-97.68634949099999,27.322733624000023],[-97.68373448999995,27.325795624000023],[-97.69205349299995,27.333713626000076],[-97.69062749299997,27.340681627000038],[-97.696331494,27.351131629000065],[-97.69668849499999,27.356725631000074],[-97.70369949699995,27.363375632000043],[-97.70536349699995,27.37107963300008],[-97.71166249899994,27.37677863400006],[-97.71285049999994,27.381843635000052],[-97.70880949899998,27.385642636000057],[-97.70286749699994,27.385220636000042],[-97.69656949599994,27.381632636000063],[-97.68385349199997,27.378994635000026],[-97.67767349099995,27.373190634000025],[-97.67684148999996,27.37034063400006],[-97.67803049099996,27.368335633000072],[-97.67589148999997,27.36548563300005],[-97.66840448799996,27.364008633000026],[-97.66127348599997,27.36010363200006],[-97.66032348599998,27.35545963100003],[-97.66222448599996,27.355036631000075],[-97.66816648699995,27.34574862900007],[-97.65937248499995,27.335508627000024],[-97.65842548399996,27.329700626000033],[-97.65141048199996,27.324634625000044],[-97.63322747799998,27.324634626000034],[-97.63215847699996,27.31513162400006],[-97.63477247799995,27.31270862300005],[-97.62966247599996,27.309007622000024],[-97.63203947699998,27.304360621000058],[-97.63691147799994,27.300981621000062],[-97.63501047699998,27.298658620000026],[-97.62633447499996,27.295701620000045],[-97.62585947499997,27.29306161900007],[-97.62146247399994,27.288625618000026],[-97.61302447199995,27.285245618000033],[-97.60725646999998,27.28697961900008],[-97.57701646399994,27.313864625000065],[-97.56683946099997,27.318210626000052],[-97.53672945399995,27.33930863100005],[-97.53374145399994,27.34004363200006],[-97.52769745299997,27.34954863400003],[-97.51441844999994,27.361533637000036],[-97.51127044899994,27.36279263700004],[-97.50963444899998,27.36812463800004],[-97.49786944599998,27.37224063900004],[-97.49870044599999,27.382371641000077],[-97.49359044599998,27.390601643000025],[-97.48693544399998,27.387119643000062],[-97.48503444299996,27.37646164000006],[-97.47956744099997,27.374034640000048],[-97.47885444099995,27.37213464000007],[-97.48503444299996,27.365485638000052],[-97.48230144199994,27.360842637000076],[-97.48776744299994,27.352292635000026],[-97.48158844099999,27.346909634000042],[-97.48277644099994,27.34469263400007],[-97.48146944099994,27.340469633000055],[-97.49915144499994,27.327945630000045],[-97.50119644499995,27.328223630000025],[-97.50321644599995,27.324528629000042],[-97.50271344499998,27.322347629000035],[-97.496680444,27.316609628000037],[-97.49727444399997,27.310907626000073],[-97.50060244399998,27.306578626000032],[-97.50474944499996,27.30504462500005],[-97.51747244799998,27.30504462500005],[-97.518071449,27.302143624000053],[-97.52459645,27.29791962300004],[-97.52591544999996,27.290632622000032],[-97.52922745099994,27.290217621000068],[-97.53399645199994,27.28704162100007],[-97.54041345399997,27.286935620000065],[-97.54374145499997,27.291054621000058],[-97.54698845499996,27.29079562100003],[-97.54444445399997,27.28417962000003],[-97.53223045099998,27.27858161900008],[-97.52151844899998,27.279859619000035],[-97.51332444699995,27.278237619000038],[-97.50831144499995,27.275018619000036],[-97.48286643999995,27.29791962400003],[-97.45080543199998,27.313695628000062],[-97.434765428,27.31369562900005],[-97.41444342299997,27.321572631000038],[-97.40500342099995,27.329981633000045],[-97.40194942099998,27.335578634000058],[-97.40065842099995,27.34300363600005],[-97.38342641799994,27.383531645000062],[-97.36940341499997,27.410437651000052],[-97.36833341499994,27.417821652000043],[-97.36964041599998,27.42446765400007],[-97.36755941599995,27.443336658000078],[-97.35823241399999,27.464860662000035],[-97.35692541399999,27.471925664000025],[-97.35055041299995,27.478582665000033],[-97.35110141299998,27.48183666600005],[-97.34908141299996,27.48383966600005],[-97.34991341299997,27.491219668000042],[-97.34473441299997,27.513021673000026],[-97.33498741099999,27.532662677000076],[-97.32219840899995,27.569062685000063],[-97.29465240299999,27.592692691000025],[-97.29406140299994,27.59410469100004],[-97.29821840399995,27.597431691000054],[-97.29928740499997,27.605962693000038],[-97.26763239899998,27.675279708000062],[-97.2692214,27.677444709000042],[-97.26066439799996,27.68018071000006],[-97.25597539699999,27.69173971200007],[-97.25377239599999,27.692808712000044],[-97.24355139399995,27.689231712000037],[-97.24485939399995,27.69291471300005],[-97.25305839599997,27.69754471300007],[-97.25396239699995,27.69670071300004],[-97.28039240299995,27.704593714000055],[-97.29144440599998,27.70564571400007],[-97.31645341299998,27.712680715000033],[-97.34368641999998,27.724027716000023],[-97.34884342099997,27.728369717000078],[-97.36108442499994,27.73489171800003],[-97.36836242699997,27.741687719000026],[-97.37522642899995,27.74940672100007],[-97.37760342999997,27.76076472300008],[-97.38865543299994,27.771490725000035],[-97.39329843399997,27.78290972700006],[-97.39091343399997,27.795567730000073],[-97.39269543499995,27.810704733000023],[-97.39177143499995,27.813952734000054],[-97.37855343299998,27.832460738000066],[-97.37887143299997,27.835923738000076],[-97.38782343499997,27.84013273900007],[-97.39210143599996,27.836664738000024],[-97.39542943699996,27.837189738000063],[-97.40980843999995,27.833406737000075],[-97.41670144199998,27.822161734000076],[-97.41919744199998,27.823002735000046],[-97.42088244299998,27.82572473500005],[-97.42918044499999,27.828360735000047],[-97.43559744699996,27.832355736000068],[-97.44462844899994,27.83214573600003],[-97.45259145099999,27.825629734000074],[-97.46293045299996,27.82342273300003],[-97.47208045599996,27.824158733000047],[-97.48087445799996,27.827311734000034],[-97.48859945999999,27.833616735000078],[-97.49097646099995,27.839186736000045],[-97.48788645999997,27.84286473700007],[-97.49026346099998,27.84538673700007],[-97.49742146299997,27.849455738000074],[-97.507981466,27.85191173800007],[-97.51510246699996,27.851174738000054],[-97.52075046899995,27.86075173900008],[-97.51662946799996,27.871429742000032],[-97.51298046699998,27.87144974200004],[-97.50873546699995,27.874208743000054],[-97.50681346599998,27.878391743000066],[-97.50512646599998,27.87787274300007],[-97.493246463,27.884080745000063],[-97.48574746099996,27.873544743000025],[-97.48309545999996,27.872762743000067],[-97.48096845899994,27.869837742000072],[-97.48550945999995,27.861357741000063],[-97.48123145899996,27.860096740000074],[-97.470892457,27.862828741000044],[-97.47039245699995,27.86917474300003],[-97.46825745599995,27.87027374300004],[-97.462930455,27.86303874200007],[-97.45686945299997,27.867555743000025],[-97.46162245499994,27.875540744000034],[-97.45984045499995,27.878481745000045],[-97.45675045399997,27.877851745000044],[-97.45496745299994,27.87196874400007],[-97.44661945099995,27.86891074300007],[-97.44237044999994,27.871443744000032],[-97.41598844299995,27.87070774500006],[-97.40221243999997,27.876420746000065],[-97.37486943299996,27.87480474700004],[-97.37231143299994,27.87644874700004],[-97.36120342999999,27.87596074700008],[-97.35763842899996,27.881107748000034],[-97.33779142399999,27.883628749000025],[-97.33137442199995,27.87333374700006],[-97.36001442899999,27.852531742000053],[-97.35656842799995,27.852321742000072],[-97.35506742699994,27.850151742000037],[-97.35004242599996,27.855767743000058],[-97.325104421,27.86789774700003],[-97.29813041399996,27.877041749000057],[-97.27370540799996,27.881637751000028],[-97.26301740599996,27.880110751000075],[-97.24944440199994,27.876190750000035],[-97.24592340099997,27.872497750000036],[-97.24105439899995,27.85932974700006],[-97.23855439899995,27.85763774700007],[-97.23523239699995,27.85021974600005],[-97.22802839599996,27.847692745000074],[-97.22097239299995,27.838450743000067],[-97.22299239399996,27.832460742000023],[-97.22738939499999,27.830569742000023],[-97.224893394,27.826680741000075],[-97.21514939099995,27.821635740000033],[-97.20148238799999,27.82079574000005],[-97.18990638499997,27.823558741000056],[-97.19031138499997,27.825209742000027],[-97.18864738499997,27.825629742000046],[-97.18400938399998,27.83247274300004],[-97.16232037999998,27.868632751000064],[-97.14764837699994,27.886464756000066],[-97.14443937599998,27.883103755000036],[-97.14134937499995,27.886674756000048],[-97.13136637399998,27.90705076000006],[-97.12994037299995,27.912196761000075],[-97.13136637399998,27.91660676200007],[-97.12090937199997,27.92311776400004],[-97.08718936499997,27.970795775000056],[-97.079647363,27.975543776000052],[-97.07489436199995,27.97487277600004],[-97.07489436199995,27.97336077600005],[-97.07974236299998,27.96916277500003],[-97.07898236299997,27.967483774000073],[-97.08202436299996,27.963116773000024],[-97.07489436199995,27.96378877400008],[-97.07384836099999,27.96076577300005],[-97.07746136199995,27.94758077000006],[-97.07679536099994,27.943717769000045],[-97.07917236199995,27.942793769000048],[-97.07888736199999,27.935906768000052],[-97.08059836199999,27.931958767000026],[-97.07755636099995,27.921962765000046],[-97.07869736099997,27.91860276400007],[-97.07679535999995,27.91793076400006],[-97.07508435999995,27.919358764000037],[-97.07860236099998,27.930698767000024],[-97.07594036099994,27.933050767000054],[-97.07213735999994,27.94732877000007],[-97.06443635999995,27.992838780000056],[-97.04876735699997,28.022096786000077],[-97.04374635599999,28.02806078800006],[-97.02520735199994,28.032151789000068],[-97.02586635199998,28.04194379100005],[-97.03316935499998,28.053967793000027],[-97.03293135499996,28.064664796000045],[-97.03542735599996,28.067286796000076],[-97.03685335599994,28.07588479800006],[-97.03245635599995,28.09454780200008],[-97.02912935499995,28.09926480300004],[-97.02057235299998,28.104820804000042],[-97.02496935499994,28.11331180600007],[-97.02960435599994,28.11278780600003],[-97.040894359,28.118342807000033],[-97.05337236199995,28.118342806000044],[-97.05289636199996,28.116980806000072],[-97.04873736099995,28.116560806000052],[-97.04707335999996,28.11467480600004],[-97.04695435999997,28.101990803000035],[-97.05420436099996,28.09276580100004],[-97.06858336499994,28.08532179900004],[-97.07417036599998,28.08491679900004],[-97.08617236899994,28.07903079700003],[-97.09960137199994,28.078086796000036],[-97.10304737299998,28.076304796000045],[-97.10756337399994,28.070851795000067],[-97.11207937499995,28.06875479400003],[-97.11184137399994,28.059421792000023],[-97.11742737599997,28.05889679200004],[-97.12206137699997,28.051660790000028],[-97.13263837899996,28.04998279000006],[-97.13525337999994,28.04788478900008],[-97.12740937799998,28.041696788000024],[-97.12871637799998,28.039808788000073],[-97.12610237699994,28.039388788000053],[-97.11766437499995,28.042430789000036],[-97.11243537399997,28.04201178900007],[-97.11089037299996,28.037500788000045],[-97.10875137299996,28.039388788000053],[-97.10589937199995,28.038025788000027],[-97.108514373,28.033095787000036],[-97.12265537599995,28.02879478600005],[-97.11992237499999,28.021555784000043],[-97.12194237499995,28.02092678400004],[-97.12895437799995,28.02921378600007],[-97.13893737999996,28.02690678500005],[-97.15414838399994,28.033095786000047],[-97.16068438599996,28.04022778700005],[-97.15878338599998,28.04725578800003],[-97.16187338699996,28.04840978900006],[-97.16757738799998,28.04694078800003],[-97.17066738899996,28.04547278800004],[-97.17197438899996,28.042850787000077],[-97.17803539,28.044318787000066],[-97.18017439099998,28.050401788000045],[-97.17898639099997,28.05847779000004],[-97.19992139699997,28.068302791000065],[-97.21523240099998,28.073158792000072],[-97.21998540199996,28.07273979200005],[-97.22283740299997,28.077352793000045],[-97.21772740199998,28.08595079500003],[-97.20691339999996,28.097587797000074],[-97.185759395,28.11404580100003],[-97.16413138999997,28.12725180500007],[-97.15391038799999,28.136683807000054],[-97.14594838599999,28.141084808000073],[-97.12800338199997,28.146010810000064],[-97.11326737799999,28.156488812000077],[-97.07535736999995,28.17461381700008],[-97.04647936299995,28.18498382000007],[-97.03019835899994,28.18896482100007],[-97.01570035599997,28.202998825000066],[-97.00880735399994,28.202684825000063],[-97.008450354,28.200485824000054],[-97.01165935499995,28.198495824000076],[-97.00726235299999,28.193991823000033],[-97.00726235299999,28.190535822000072],[-97.01094635399994,28.18508882100008],[-97.01831435599996,28.183517821000066],[-97.01712635499996,28.18089882000004],[-97.01890835599994,28.176498819000074],[-97.01736335499999,28.17167981800003],[-97.01962135499997,28.162984816000062],[-97.01617535399998,28.16151781600007],[-97.01498735399997,28.159212816000036],[-97.01546535399996,28.153626815000052],[-97.01869735499997,28.150902814000062],[-97.02326135599998,28.151782814000057],[-97.02770235699995,28.15041181400005],[-97.01118435199999,28.140980812000066],[-97.00916335199997,28.139093812000056],[-97.01070835199994,28.135635811000043],[-97.00963935199997,28.134692811000036],[-97.00042134899996,28.137618812000028],[-96.99486034799997,28.135514811000064],[-96.98955534599997,28.12756581000008],[-96.98337534499996,28.124945810000042],[-96.97969134399995,28.125365810000062],[-96.98099834399994,28.127041810000037],[-96.98539534499997,28.128089810000063],[-96.98420734499996,28.12966281100006],[-96.97987434399994,28.129844811000055],[-96.97553234299994,28.13259681100004],[-96.97767134399999,28.139303813000026],[-96.97303134299995,28.14674281400005],[-96.97291734299995,28.15470781600004],[-96.96638134199998,28.16162281800007],[-96.96626234199994,28.164870818000054],[-96.97006534299999,28.170108819000063],[-96.96043934099998,28.17901282100007],[-96.94974133899996,28.18602282300003],[-96.94594133799995,28.19650582500003],[-96.96150934199994,28.210748828000078],[-96.96852034499994,28.219964830000038],[-96.95259634099995,28.232214833000057],[-96.95069434099997,28.235251833000063],[-96.95069434099997,28.244778835000034],[-96.94380133999994,28.25064083700005],[-96.93524533699997,28.251373837000074],[-96.93013533599998,28.253467838000063],[-96.92859033599996,28.26163283900007],[-96.91979633399995,28.266865841000026],[-96.91801333399997,28.26937784100005],[-96.91421033299997,28.269587841000032],[-96.912428332,28.263934840000047],[-96.91682533299996,28.25692183900003],[-96.92157833399995,28.25514283800004],[-96.91979633399995,28.25294383800008],[-96.91991533399994,28.250012837000043],[-96.92657033499995,28.242684836000024],[-96.92716433499999,28.236298834000024],[-96.92823333499996,28.23483283400003],[-96.93417533699994,28.234308834000046],[-96.93465133599994,28.22949283300005],[-96.94035533799996,28.223419831000058],[-96.94249433799996,28.217660830000057],[-96.94035533699997,28.214518829000042],[-96.930967335,28.210539829000027],[-96.92882833399995,28.206978828000047],[-96.92891833399995,28.20153282700005],[-96.92359933299997,28.199333827000032],[-96.92538133299996,28.193153825000024],[-96.93465133399997,28.173984821000033],[-96.94142533599995,28.17105182000006],[-96.94297033599997,28.163717819000055],[-96.94700333699996,28.15674881700005],[-96.94487133599995,28.14904881600006],[-96.94950633699995,28.144962815000042],[-96.95366533799995,28.136264813000025],[-96.96080733899998,28.13472081200007],[-96.96464433999995,28.131839812000067],[-96.96475433999996,28.130676811000058],[-96.95853833899997,28.13123481200006],[-96.95904033899996,28.12618081100004],[-96.96763234099996,28.12534781000005],[-96.96739134099994,28.12325381000005],[-96.96310533999997,28.124067810000042],[-96.95045733599994,28.122430810000026],[-96.93156133199994,28.123897811000063],[-96.92847133099997,28.128928812000026],[-96.91034432699996,28.147287816000073],[-96.90718732599998,28.14692181600003],[-96.90790032699994,28.14419781600003],[-96.91431732799998,28.137595814000065],[-96.91883332899994,28.13497581400003],[-96.91919032899995,28.13340381300003],[-96.91693232799997,28.132669813000064],[-96.91205932699995,28.135604814000033],[-96.91051432699999,28.134661814000026],[-96.92608232999999,28.11432880900003],[-96.91305832699999,28.12044981100007],[-96.91182232699998,28.12606781200003],[-96.90504832499994,28.130049813000028],[-96.90564232599996,28.13392781400006],[-96.89993832499994,28.143568816000027],[-96.89292632299998,28.147236817000078],[-96.88365732099999,28.147759817000065],[-96.88187431999995,28.149960818000068],[-96.88686532099996,28.149960818000068],[-96.88817332199994,28.152265818000046],[-96.88698432199999,28.15488581900007],[-96.87288931899997,28.16401282100003],[-96.86951531799997,28.168819822000046],[-96.86286031599997,28.172486823000042],[-96.85608631499997,28.172486823000042],[-96.84467731199999,28.175210824000033],[-96.84384531199998,28.176886824000064],[-96.845509312,28.17981982500004],[-96.82483130799994,28.19888283000006],[-96.82397530799994,28.201480830000037],[-96.82552030799997,28.20420383100003],[-96.82397530799994,28.207240831000036],[-96.82052930699996,28.209963832000028],[-96.81672630599996,28.208811832000038],[-96.81171830499994,28.21351683300003],[-96.81268530499995,28.217712834000054],[-96.81007130499995,28.220225834000075],[-96.80448630399997,28.223157835000052],[-96.80092030299994,28.222215835000043],[-96.79581030099996,28.224100836000048],[-96.78523329899997,28.22954483700005],[-96.78333229899994,28.232686838000063],[-96.78444429899997,28.23770483900006],[-96.77679629699998,28.244830840000077],[-96.78428329899998,28.243679840000027],[-96.7858283,28.245563840000045],[-96.78926430099995,28.25860384300006],[-96.79474130299997,28.264301844000045],[-96.79759330399997,28.269011845000023],[-96.79842530399998,28.275605846000076],[-96.80601830599994,28.28214884700003],[-96.80958030699998,28.290291849000027],[-96.80781330699995,28.296116850000033],[-96.79176830399996,28.312174854000034],[-96.79010630399995,28.322691856000063],[-96.79305830499999,28.340359860000035],[-96.794741306,28.34298486000006],[-96.79272030499999,28.345808861000023],[-96.79497830599996,28.34810986100007],[-96.79153230499998,28.357522863000042],[-96.79188830599998,28.360345864000067],[-96.79437530599995,28.36210486400006],[-96.79450730699995,28.364638865000074],[-96.79913830799995,28.36484286500007],[-96.80626830999995,28.367561865000027],[-96.82148031399998,28.375926866000043],[-96.82409431499997,28.37906386700007],[-96.82599631499994,28.37885486700003],[-96.83788031799997,28.389623868000058],[-96.83755331799995,28.391590869000026],[-96.84013731899995,28.392341869000063],[-96.84631732099996,28.400077870000075],[-96.85784532399998,28.40864987200007],[-96.85796332399997,28.41241287300005],[-96.85962732499996,28.413352873000065],[-96.85713232399996,28.419415874000038],[-96.85392332399994,28.42317787500008],[-96.85035832299997,28.424327875000074],[-96.85119032299997,28.425895876000027],[-96.84750632199996,28.429343876000075],[-96.83811731999998,28.432792877000054],[-96.82932331799998,28.42840387700005],[-96.82480731699997,28.429239877000043],[-96.81874631499994,28.426522877000025],[-96.81249231299995,28.42033387600003],[-96.80686231199996,28.41816087500007],[-96.80270330999997,28.413352874000054],[-96.78677830599997,28.40216887300005],[-96.78095530499996,28.401122873000077],[-96.778697304,28.404467873000044],[-96.76479330099994,28.412830875000054],[-96.76610030199998,28.420773877000045],[-96.76455530099997,28.42547687800004],[-96.76633830199995,28.42746287800003],[-96.77073530299998,28.42861287900007],[-96.77929130599995,28.438540880000062],[-96.78511530699996,28.44825888200006],[-96.79058130899995,28.452542883000035],[-96.79355230999994,28.45839388400003],[-96.80032631199998,28.461840884000026],[-96.80163331199998,28.459229884000024],[-96.80840731399996,28.45557288300006],[-96.81256731499997,28.457243883000046],[-96.81553831499997,28.45682588300008],[-96.81835731599995,28.459262883000065],[-96.82575831799994,28.457034883000063],[-96.828729319,28.459960883000065],[-96.82670931799998,28.46173688400006],[-96.82742231899994,28.466124884000067],[-96.81506231599997,28.475213887000052],[-96.79997031199997,28.481898889000036],[-96.793077311,28.480436888000042],[-96.79295830999996,28.465810885000053],[-96.78368930699997,28.45546788400003],[-96.75885130099994,28.44125788100007],[-96.75397929899998,28.436763881000047],[-96.75255329799995,28.42119187800006],[-96.74791829699996,28.40948587500003],[-96.72255728999994,28.408866876000047],[-96.71229528799995,28.407156876000045],[-96.71012728699998,28.405408876000024],[-96.70846328699997,28.40666387600004],[-96.70656128599995,28.40457287600003],[-96.70576328599998,28.40021587500007],[-96.71024628699996,28.39620987400008],[-96.70584828499995,28.395791874000054],[-96.70679928599998,28.392655873000024],[-96.71036428599996,28.389936872000078],[-96.70168928399994,28.384500872000046],[-96.69943128299997,28.380840871000032],[-96.70073828299996,28.360555867000073],[-96.70442228399997,28.356267866000053],[-96.70691828399998,28.35679086600004],[-96.70525428299999,28.348815864000073],[-96.68790427799996,28.328131860000042],[-96.684362277,28.314468858000055],[-96.66520527199998,28.309614857000042],[-96.66392527199997,28.31038185700004],[-96.66449227199996,28.31557785800004],[-96.65676826999999,28.317774859000053],[-96.63240526399994,28.318716860000052],[-96.62646326199996,28.312857859000076],[-96.62551326199997,28.309823858000073],[-96.62682026199997,28.305115857000033],[-96.62468126099998,28.303545857000074],[-96.62040325999999,28.30396485700004],[-96.61683725999995,28.306056858000034],[-96.61695625999994,28.307835858000033],[-96.62135326099997,28.310660859000052],[-96.62515626199996,28.316205860000025],[-96.585107253,28.350828868000065],[-96.57310425099996,28.35877787000004],[-96.55004924499997,28.369339873000058],[-96.51154523599996,28.383350877000055],[-96.45295722299994,28.418683886000053],[-96.42003921399998,28.41690688700004],[-96.41635521299997,28.413875886000028],[-96.42063321399996,28.404363884000077],[-96.44749121999996,28.39234188100005],[-96.45283822099998,28.380213878000063],[-96.46852522499995,28.371744876000037],[-96.47125922499998,28.367561875000035],[-96.47137722499997,28.365156875000025],[-96.44487621899998,28.370280876000038],[-96.43869621699997,28.36881687600004],[-96.43370521599996,28.363692875000027],[-96.44178621699996,28.352293873000065],[-96.44059821699994,28.342984871000056],[-96.450343219,28.337754869000037],[-96.46793122299994,28.33294386800003],[-96.53400623899995,28.32070486300006],[-96.54149324099996,28.316414862000045],[-96.54517724199997,28.312125861000027],[-96.54743524199995,28.30542986000006],[-96.54969324299998,28.303859859000056],[-96.55860624499996,28.301662859000032],[-96.58213625099995,28.301557858000024],[-96.59901125499994,28.293291856000053],[-96.603646256,28.292558856000028],[-96.60637925599997,28.284228854000048],[-96.62646326099997,28.269116850000046],[-96.62907826099996,28.261998848000076],[-96.64393326399994,28.25529984700006],[-96.65498526699997,28.246401844000047],[-96.65474726699995,28.243051844000036],[-96.65795626699997,28.240852843000027],[-96.66271026799996,28.23237184100003],[-96.65819426699994,28.22933584100008],[-96.65938226699996,28.227450840000074],[-96.67399927099996,28.22462383900006],[-96.68992427499995,28.21802683800007],[-96.702640278,28.21551383700006],[-96.69966927699994,28.205355835000034],[-96.69705427599996,28.203784834000032],[-96.70180827699994,28.199699833000068],[-96.71773228099994,28.194148832000053],[-96.74459028699994,28.189121830000033],[-96.79058129899994,28.188911829000062],[-96.79842530099995,28.185559828000066],[-96.80567430199994,28.178331826000033],[-96.81232930399995,28.174979825000037],[-96.81696430499994,28.175084825000056],[-96.818746305,28.167960823000044],[-96.82290630599994,28.16743682300006],[-96.81672630399999,28.158531821000054],[-96.81934130399998,28.143337818000077],[-96.81589430299994,28.141556818000026],[-96.80852630199996,28.144700819000036],[-96.80294429999998,28.144344819000025],[-96.80199029999994,28.14082281800006],[-96.80317829999996,28.135583817000054],[-96.81173530199999,28.133068816000048],[-96.80983330099997,28.125941815000033],[-96.81232930199997,28.122797814000023],[-96.82837230499996,28.113049812000042],[-96.83158130599998,28.113678812000046],[-96.832651307,28.115460812000038],[-96.84358430899994,28.108751810000058],[-96.84679330999995,28.109800810000024],[-96.85427931199996,28.120072812000046],[-96.863192315,28.124683813000047],[-96.87388831799996,28.133487815000024],[-96.87674031799997,28.13139181400004],[-96.88006831899997,28.13107681400004],[-96.87923631899997,28.127723813000046],[-96.88731731999997,28.116298811000036],[-96.89694332299996,28.114726810000036],[-96.88814931999997,28.11063880900008],[-96.88446531899996,28.111267810000072],[-96.88018731799997,28.10896180900005],[-96.88054331799998,28.10602680900007],[-96.90573732399997,28.10068080700006],[-96.91987932799998,28.09355180500006],[-96.92546532899996,28.088414804000024],[-96.92831732899998,28.08233380200005],[-96.93188232999995,28.072267800000077],[-96.93366432999994,28.05601279700005],[-96.93877533099999,28.051817796000023],[-96.94709333299994,28.05349579600005],[-96.94618733199997,28.044935794000025],[-96.95172833399994,28.03996579300008],[-96.95612533399998,28.03042079100004],[-96.96777133699999,28.017516788000023],[-96.98440933999996,27.984359781000023],[-96.98631133999999,27.975438779000058],[-96.98417133899994,27.963158776000057],[-96.98690533899997,27.954656774000057],[-96.99058933999999,27.949197773000037],[-97.03063834999995,27.943738771000028],[-97.03824435199994,27.939958770000032],[-97.04561235299997,27.931979768000076],[-97.04584935299994,27.928514767000024],[-97.04192835199996,27.928724767000062],[-97.02481534799995,27.93848877000005],[-97.01281234499999,27.943003771000065],[-97.00247334299996,27.93995877100008],[-97.00223534199995,27.932924769000067],[-97.00496834299997,27.928619768000033],[-97.01756534599997,27.92042976600004],[-97.02315134699995,27.914758765000045],[-97.03301534899998,27.912763764000033],[-97.03586735,27.908877763000078],[-97.03967034999994,27.894279760000074],[-97.04573035199996,27.889973759000043],[-97.04299734999995,27.87526675600003],[-97.05357435199994,27.85215375100006],[-97.05607035299994,27.849736751000023],[-97.05523835199995,27.847319750000054],[-97.04608734999994,27.83954374900003],[-97.03777334799997,27.858996753000042],[-97.02524934599995,27.879773758000056],[-97.00716634199995,27.903720763000024],[-96.96188133299995,27.955888775000062],[-96.92755332599995,27.991629784000054],[-96.88646631699999,28.03073879300007],[-96.85137430899994,28.062372801000038],[-96.81289630099997,28.094385808000027],[-96.72460328099999,28.16112782500005],[-96.63201725999994,28.22282584000004],[-96.56057524399995,28.26403785100007],[-96.51939823399994,28.284027856000023],[-96.45228721799998,28.31250986400005],[-96.44285621599994,28.31767086600007],[-96.40720420799994,28.34873787300006],[-96.38942820499994,28.375074879000067],[-96.39038320499998,28.381819880000023],[-96.34249019499998,28.41872089000003],[-96.32977519199994,28.42520089100003],[-96.32002718899997,28.423993891000066],[-96.30432218599998,28.438761895000027],[-96.27039817799994,28.461934901000063],[-96.20544516299998,28.49787291000007],[-96.14501214899997,28.526715918000036],[-96.04389612499995,28.571266930000036],[-95.98857911199997,28.59345693700004],[-95.98356511099996,28.592829937000033],[-95.97552710899998,28.597318938000058],[-95.890278089,28.631195947000037],[-95.83398707499998,28.655627954000067],[-95.77197206099999,28.686728963000064],[-95.66134903499994,28.746067978000042],[-95.65951803499996,28.75108897900003],[-95.63288702799997,28.761280982000073],[-95.48677599399997,28.83629200300004],[-95.45309298599994,28.849918006000053],[-95.41618097699995,28.859487010000066],[-95.38368996899999,28.870005013000025],[-95.38071896799994,28.877186014000074],[-95.37739196799998,28.878435015000036],[-95.34055195899998,28.908504022000045],[-95.32046795499997,28.922443026000053],[-95.29487794899995,28.93718203000003],[-95.28636994699997,28.947937032000027],[-95.25185693999998,28.97899104000004],[-95.19009092599998,29.02486205100007],[-95.12384391099994,29.07064506300003],[-95.12438191099994,29.076483064000058],[-95.13106691299998,29.080871065000053],[-95.13795891499996,29.081598065000037],[-95.14092991599995,29.087933066000062],[-95.15031891899997,29.097694068000067],[-95.15614191999998,29.101744068000073],[-95.15934992099994,29.101017068000033],[-95.16065792099994,29.10226306800007],[-95.16220292199995,29.10735106900006],[-95.16707492299997,29.11306207000007],[-95.16731292399999,29.121160072000066],[-95.15958792299995,29.14212907700005],[-95.16006392299994,29.14638407700005],[-95.15519092199997,29.151470079000035],[-95.15400292299995,29.171810083000025],[-95.14990692199996,29.179313085000047],[-95.15221992299996,29.186544086000026],[-95.15732992399995,29.18727008600007],[-95.15851892399996,29.18913808600007],[-95.15697392399994,29.19505108800007],[-95.15055592299996,29.196608088000062],[-95.13795891899997,29.194844088000025],[-95.13626891899997,29.19074008700005],[-95.12678791699994,29.196711089000075],[-95.12120291499997,29.197334089000037],[-95.11276491299998,29.19567408900008],[-95.10801191099995,29.182705087000045],[-95.11086391199996,29.17865908600004],[-95.11430991299994,29.178555086000074],[-95.11953891399997,29.174923085000046],[-95.11312191199994,29.174716085000057],[-95.10967491099996,29.17149908400006],[-95.10135690899995,29.174301085000025],[-95.07176590199998,29.194118090000075],[-95.05869989899998,29.196666091000054],[-95.04193689499994,29.205010093000055],[-95.03290489299997,29.21247909500005],[-95.02636889199994,29.228036099000064],[-95.00583288699994,29.242062102000034],[-94.98881488399996,29.26526110800006],[-94.97241487999997,29.279982111000038],[-94.93444887099997,29.284417113000075],[-94.92880086899999,29.280604113000038],[-94.92159986699994,29.281561113000066],[-94.91929386699996,29.28671911400005],[-94.92392886799996,29.290451115000053],[-94.92167086799998,29.293871116000048],[-94.91251986599997,29.293249116000027],[-94.90931086499995,29.29532211600008],[-94.89754886199995,29.304765119000024],[-94.89493186199996,29.311489120000033],[-94.892673861,29.313457121000056],[-94.89291186199995,29.325270123000053],[-94.89730886299998,29.329103124000028],[-94.89897186399998,29.334491125000056],[-94.89469386299999,29.336563125000055],[-94.89576386299996,29.338635126000042],[-94.89374286299994,29.342364127000053],[-94.89160386299994,29.355934130000037],[-94.86641585699994,29.36735013300006],[-94.86437285599999,29.37051613400007],[-94.86663485699995,29.374200134000034],[-94.88212386099997,29.378301135000072],[-94.88494886199999,29.37664813400005],[-94.88982186299995,29.37820113400005],[-94.88686486299997,29.387002136000035],[-94.888829865,29.413310142000057],[-94.88785886499994,29.416820142000063],[-94.89203386599996,29.43368614600007],[-94.92236287499998,29.448674148000066],[-94.92678087599995,29.456150149000052],[-94.93046487699996,29.457392149000043],[-94.93557487799995,29.455425149000064],[-94.93807087899995,29.45635714900004],[-94.95185588299995,29.467532151000057],[-94.95340088399996,29.47260115200004],[-94.93557488,29.48118815400005],[-94.92844487799994,29.479843154000037],[-94.92705487699999,29.47523415300003],[-94.92820687699998,29.47291215300004],[-94.92543387699999,29.470873152000024],[-94.91053087399996,29.49214015700005],[-94.90947187399996,29.496843158000047],[-94.91197387399995,29.496268158000078],[-94.93013787899997,29.499688158000026],[-94.95990288699994,29.50702915900007],[-94.97651989099995,29.511260159000074],[-94.98965389499995,29.516861160000076],[-95.00305589899995,29.526081161000036],[-95.01517190299995,29.539994164000063],[-95.01777890399995,29.550133166000023],[-95.02099690499995,29.551532166000072],[-95.02118690499998,29.553765166000062],[-95.018259904,29.554890167000053],[-95.00767690199996,29.574262171000044],[-94.99395189899997,29.58844617400007],[-94.99346889899994,29.590481175000036],[-94.98795289799995,29.59404717600006],[-94.98714889799999,29.597028176000038],[-94.98271289699994,29.60134917700003],[-94.98900689899995,29.609598179000045],[-94.99905790199995,29.616949180000063],[-94.99817690199995,29.62046618100004],[-95.00188790299995,29.618844180000053],[-95.00856490499996,29.623623181000028],[-95.01519590699996,29.632456183000045],[-95.01564290699997,29.639462184000024],[-95.01168990599996,29.649807186000032],[-95.00540490499998,29.65937118900007],[-95.00105190399995,29.66474119000003],[-94.98216089999994,29.67687019300007],[-94.98278989999994,29.68190319400003],[-94.98766290199995,29.681387194000024],[-94.98932590199996,29.682729194000046],[-94.99015790299995,29.68582719500006],[-95.000734906,29.696770196000045],[-95.00501290699998,29.70409919800005],[-94.99907090599999,29.709054199000036],[-94.97839290099995,29.709054200000026],[-94.97209489899996,29.701725198000076],[-94.942687891,29.69778319900007],[-94.93609588899994,29.692709198000045],[-94.93691788899997,29.680045195000048],[-94.93098188699997,29.674542194000026],[-94.93124088699994,29.671919194000054],[-94.92627688499994,29.66504319200004],[-94.92386188399996,29.65837919100005],[-94.90824687999998,29.65559919100008],[-94.90104387799994,29.657594192000033],[-94.87255787199996,29.67125519600006],[-94.86744487099998,29.678773197000055],[-94.86501387099997,29.695342201000074],[-94.85381686899996,29.71363520500006],[-94.85451186899996,29.716676206000045],[-94.81522586099999,29.75848321500007],[-94.79779085699994,29.766795218000027],[-94.79391685599995,29.766004218000035],[-94.79249785499997,29.768330218000074],[-94.75481484599999,29.781128222000063],[-94.74228384199995,29.76486421900006],[-94.73814684099995,29.764829219000035],[-94.73296683899997,29.758694218000073],[-94.72804183799997,29.762930219000054],[-94.71893183599997,29.76655622000004],[-94.716584835,29.759476219000078],[-94.71002083399998,29.759925219000024],[-94.70301983199994,29.75419221800007],[-94.69804982999995,29.757864219000055],[-94.69602982999999,29.75755521900004],[-94.69840582999996,29.75260221800005],[-94.70553683199995,29.747237217000077],[-94.71017083299995,29.737332215000038],[-94.70137683099995,29.741562216000034],[-94.69793082999996,29.746618217000048],[-94.69543482899996,29.745896217000052],[-94.69836382899996,29.73535721500008],[-94.69686182899994,29.729282213000033],[-94.69460282799997,29.728560213000037],[-94.69246382699998,29.723916212000063],[-94.68961182599998,29.709570210000038],[-94.68901782499995,29.696563207000054],[-94.68937382499996,29.693260206000048],[-94.69638582699997,29.681284204000065],[-94.69733682599997,29.661665199000026],[-94.69899182599994,29.659572199000024],[-94.69769282599998,29.658154199000023],[-94.69852482599998,29.65237019700004],[-94.70030782599997,29.651028197000073],[-94.70125782599996,29.63935719500006],[-94.70701382699997,29.625150192000035],[-94.71189982799996,29.616741190000027],[-94.71403982799995,29.61557418900003],[-94.713439828,29.610146188000044],[-94.71495682799997,29.610074188000056],[-94.72064482899998,29.602552186000025],[-94.73667283199995,29.57488318000003],[-94.75330983599997,29.56123917700006],[-94.75330983599997,29.55751817600003],[-94.74974483499994,29.553486175000046],[-94.75117083499998,29.550488175000055],[-94.76162883699999,29.54180417200007],[-94.77184883999996,29.53963217200004],[-94.77565184099996,29.545629173000066],[-94.779573842,29.546353173000057],[-94.77944584199997,29.54947717300007],[-94.78599084399997,29.550591173000043],[-94.78884284499998,29.54687017300006],[-94.788120844,29.544721172000038],[-94.77899884099998,29.53016216900005],[-94.76257583699999,29.524167169000066],[-94.75220483399994,29.525439169000038],[-94.74709883299994,29.527702170000055],[-94.74065883099996,29.52693517000006],[-94.71134882399997,29.53687717300005],[-94.702185822,29.53878717400005],[-94.68734881799998,29.53820517400004],[-94.65689781099996,29.547700177000024],[-94.63826580599994,29.550269178000065],[-94.60844079799995,29.55740318100004],[-94.59763079599998,29.562069182000073],[-94.59233379499994,29.562511182000037],[-94.58259579199995,29.566242183000043],[-94.57001278899997,29.572237185000063],[-94.56097178699997,29.574439186000063],[-94.55238878499995,29.57405418600007],[-94.54511578299997,29.57189218600007],[-94.53645477999999,29.56067018400006],[-94.52639677699995,29.55339118300003],[-94.52284577599994,29.544729181000037],[-94.52361477599999,29.541532180000047],[-94.52153877499995,29.540821180000023],[-94.49855576999994,29.545186182000066],[-94.49602176899998,29.549764183000036],[-94.47902776499996,29.55565718500003],[-94.47451176399994,29.558655185000077],[-94.47070876299995,29.55658718500007],[-94.47058976299996,29.553279184000075],[-94.47391776299997,29.55038518400005],[-94.47617576399995,29.54511218300007],[-94.48663376599995,29.536841181000057],[-94.48841576599995,29.52991317900006],[-94.49588376799994,29.526839178000046],[-94.48889176599994,29.519572177000043],[-94.48984176599998,29.51647017600004],[-94.49328876699997,29.51357417500003],[-94.50540976999997,29.51047117400003],[-94.51544177299996,29.518811176000042],[-94.51872577399996,29.51709717500006],[-94.53009977599999,29.51681217500004],[-94.54232977999999,29.521381175000045],[-94.55850978399997,29.53004217700004],[-94.56897978699999,29.530185176000032],[-94.57159678799997,29.52747217600006],[-94.57457578799995,29.527640176000034],[-94.57706978899995,29.52580617500007],[-94.59068079199994,29.51295717200003],[-94.59467779299996,29.507247171000074],[-94.59758079299996,29.49525416800003],[-94.59421779199994,29.49213216800007],[-94.59907979299999,29.490296167000054],[-94.603351794,29.48591216600005],[-94.62822379999994,29.47599116300006],[-94.64595480499997,29.47377416200004],[-94.65241880599996,29.47632916200007],[-94.66544280999994,29.477730162000057],[-94.67364181199997,29.475511162000032],[-94.68057281299997,29.47102816000006],[-94.69215981599996,29.46015115800003],[-94.69298181599999,29.455826157000047],[-94.70346581799998,29.440369153000063],[-94.70351581799997,29.43649815200007],[-94.71088482,29.431322151000074],[-94.72074782199996,29.42997715100006],[-94.745459827,29.408543145000067],[-94.75497382999998,29.41589914700006],[-94.76650183299995,29.407618144000025],[-94.77434483499997,29.399231142000076],[-94.77375083399994,29.39529714200006],[-94.76638283199998,29.392398141000058],[-94.78444583599997,29.375726137000072],[-94.77779083399997,29.375830137000037],[-94.77731583399998,29.371066136000024],[-94.78070983499998,29.365074135000043],[-94.77869783399996,29.36148813400007],[-94.76337182999998,29.365854136000053],[-94.76149782999994,29.361888135000072],[-94.75380182799995,29.36628713600004],[-94.75473582799998,29.36764813700006],[-94.74724982599997,29.37261913800006],[-94.74510982599998,29.37137713800007],[-94.74484082599997,29.369163137000044],[-94.73988082399995,29.36661313700006],[-94.73358282299995,29.36692313700007],[-94.72859182199994,29.37230913800005],[-94.72371882099998,29.382147141000075],[-94.70847981799994,29.403054145000056],[-94.69416481499997,29.41563714800003],[-94.65483180499996,29.440108155000075],[-94.59619279099996,29.46791716300004],[-94.49007976599995,29.51119517500007],[-94.11953667599994,29.652370217000055],[-94.09576866999998,29.66052921900007],[-94.05651265999995,29.671168223000052],[-94.01535364999995,29.67967122600004],[-94.00141264599995,29.681491227000038],[-93.95903963499995,29.682133228000055],[-93.95256663399994,29.683349229000044],[-93.83954560399997,29.67852823100003],[-93.83773160399994,29.67902923200006],[-93.84143760499995,29.68782523300007],[-93.83797760399995,29.69062423400004],[-93.86321061199999,29.724064240000075],[-93.87002661499997,29.735487242000033],[-93.88882761999997,29.74223924300003],[-93.89164362099996,29.744623244000024],[-93.89383562199998,29.753038245000027],[-93.89082762099997,29.761678247000077],[-93.89386862199996,29.76729424800004],[-93.89847662399995,29.771582249000062],[-93.92241362999994,29.78505325100008],[-93.92651063199997,29.789565252000045],[-93.92881463299994,29.797085253000034],[-93.92799863299996,29.809645256000067],[-93.92275063199997,29.818813258000034],[-93.91636663099996,29.824973260000036],[-93.89068562499995,29.843164264000052],[-93.86357661799997,29.85718226800003],[-93.85514661599996,29.86410427000004],[-93.83838061299997,29.882860274000052],[-93.819004609,29.914827282000033],[-93.80782160799998,29.954554290000033],[-93.79444560499996,29.97477829500008],[-93.79009360499998,29.986569297000074],[-93.786941604,29.990585298000042],[-93.77889460199998,29.994875300000047],[-93.77057359999998,29.996537300000057],[-93.76845059999994,30.00169930100003],[-93.75524459699994,30.015192305000028],[-93.74207659399997,30.020776306000073],[-93.73974059299996,30.02399230700007],[-93.73745259299994,30.037288310000065],[-93.72081158999998,30.053048314000023],[-93.71945958999999,30.06381331600005],[-93.71733358899996,30.065715316000023],[-93.71377858799997,30.06569231700007],[-93.71089758699998,30.054382314000065],[-93.70394658499998,30.054296314000055],[-93.69940258399998,30.059255316000076],[-93.70218658499994,30.06547931700004],[-93.71641158899996,30.06912731700004],[-93.73145459399996,30.081935319000024],[-93.73409159499994,30.08613532000004],[-93.73249159399995,30.08891932100005],[-93.73057259399997,30.089044321000074],[-93.72764359299998,30.083287320000068],[-93.72580859199996,30.082004320000067],[-93.72363759199999,30.08318132000005],[-93.723771592,30.094135322000056],[-93.71460358999997,30.101830324000048],[-93.71150959,30.109397326000078],[-93.70549858799995,30.11029432600003],[-93.70244258799994,30.112726327000075],[-93.70341858799998,30.11719032800005],[-93.70780058899999,30.120745328000055],[-93.70143658799998,30.12230032900004],[-93.70075058799995,30.13814933200007],[-93.69828058799999,30.138624332000063],[-93.69550558699996,30.135602332000076],[-93.69285558599995,30.13521833200008],[-93.68855858499995,30.140379333000055],[-93.69370658699995,30.142517333000058],[-93.69774358799998,30.15295133500007],[-93.70018658899994,30.15272533500007],[-93.70653858999998,30.147429334000037],[-93.70749759099994,30.156101336000063],[-93.70196558999999,30.16470633800003],[-93.70196558999999,30.16777933800006],[-93.71260159399998,30.19019134200005],[-93.70550159199996,30.192926343000067],[-93.70849559299995,30.19676434400003],[-93.71305859399996,30.193376343000068],[-93.71784559499997,30.194004343000074],[-93.71496559499997,30.197351344000026],[-93.71905259599998,30.208732346000033],[-93.71922659699999,30.218547348000072],[-93.71215859499995,30.21982034900003],[-93.71336559599996,30.225266350000027],[-93.70929059499997,30.233878352000033],[-93.70503859399997,30.233401352000044],[-93.70655359399996,30.239664353000023],[-93.70311959399999,30.23918135300005],[-93.70764459499998,30.254262356000027],[-93.70316859499997,30.260013357000048],[-93.70860059599994,30.265508358000034],[-93.70913859699994,30.271832360000076],[-93.70459059599995,30.28995436300005],[-93.71291459799994,30.287944363000065],[-93.71432559899995,30.29428736400007],[-93.72422660199999,30.29513936400008],[-93.73423460399994,30.298818364000056],[-93.73870560599994,30.30379936500003],[-93.74394760699994,30.304037365000056],[-93.74421760799999,30.310686366000027],[-93.74986960899997,30.31438836700005],[-93.75104960999994,30.320948368000074],[-93.75604661099999,30.325711369000032],[-93.75556661099995,30.329584370000077],[-93.76427161399994,30.330228370000043],[-93.76582861399999,30.333323370000073],[-93.75892861299997,30.338552372000038],[-93.76302861399995,30.344152373000043],[-93.75812361299995,30.349529374000042],[-93.76154561399994,30.35223537400003],[-93.75175061199997,30.361051377000024],[-93.75727061399994,30.36428737700004],[-93.755158613,30.37520537900008],[-93.75847261499996,30.38403838100004],[-93.75766061499996,30.39042838200004],[-93.75331061399999,30.392230383000026],[-93.75144361299994,30.396293384000046],[-93.745977612,30.396483384000078],[-93.745504612,30.398752385000023],[-93.74204361099999,30.40052038500005],[-93.74168561099998,30.402980386000024],[-93.73827960999995,30.40396838600003],[-93.73489860999996,30.408344387000056],[-93.73392360999998,30.414940388000048],[-93.72872760799999,30.413552388000028],[-93.727554608,30.41872538900003],[-93.72275560699995,30.419562390000067],[-93.72232060699997,30.420734390000064],[-93.72684060799997,30.423647390000042],[-93.726830609,30.429680392000023],[-93.72295960799994,30.432102392000047],[-93.71918460599994,30.422727390000034],[-93.71706860599994,30.423119391000057],[-93.71647860599995,30.428447392000066],[-93.71404560499997,30.429734392000057],[-93.71275360499999,30.433180393000043],[-93.70826160399997,30.430257392000044],[-93.70267160199995,30.429952392000075],[-93.704160603,30.434358393000025],[-93.69928360199998,30.437381394000056],[-93.69780660199996,30.440588395000077],[-93.69831260199999,30.444933396000067],[-93.70463960299998,30.443123395000043],[-93.70695160399998,30.44399939500005],[-93.70744660399998,30.44593839600003],[-93.70210960299994,30.449764397000024],[-93.70694260499994,30.455346398000074],[-93.70634560499997,30.458146398000054],[-93.69904260299995,30.458810399000072],[-93.70638360499998,30.466909400000077],[-93.71186060699995,30.469442400000048],[-93.71052560599998,30.475503402000072],[-93.71742760899997,30.483827403000078],[-93.71483660799998,30.485240403000034],[-93.71173360699999,30.482304403000057],[-93.70976960699994,30.482654403000026],[-93.71025360699997,30.48625840400007],[-93.71668460899997,30.494011405000037],[-93.71450160899997,30.497706406000077],[-93.71040160699994,30.49741640600007],[-93.70867560699998,30.499129407000055],[-93.70854260699997,30.500402407000024],[-93.71413060899994,30.500002407000068],[-93.71515160899997,30.501273407000042],[-93.70973260799997,30.50651640800004],[-93.70681560699995,30.50707440800005],[-93.70651360699998,30.50991540900003],[-93.70726060699997,30.511394409000047],[-93.71171160799997,30.51075940900006],[-93.71035260799994,30.51317140900005],[-93.71082660899998,30.51773041000007],[-93.71647960999996,30.519236410000076],[-93.72049061099995,30.524333411000043],[-93.72772761299996,30.525676411000063],[-93.733784615,30.531401412000037],[-93.73285661499995,30.53663841300005],[-93.73950061699998,30.53804341400007],[-93.74025961699994,30.53957441400007],[-93.72918561499995,30.544856415000027],[-93.73107461599994,30.55334141700007],[-93.72395161399999,30.55922941800003],[-93.72775261499999,30.56649242000003],[-93.72620061499998,30.569871421000073],[-93.72819061599995,30.57287542100005],[-93.72194261399994,30.580329423000023],[-93.71682761299996,30.57786542300005],[-93.71403861199997,30.580289423000067],[-93.71246061199997,30.588484425000047],[-93.70330360999998,30.588778425000044],[-93.70083460899997,30.591988426000057],[-93.69287560699996,30.594387427000072],[-93.68781060599997,30.590143426000054],[-93.69175760699994,30.587964425000052],[-93.69222860699995,30.585711425000056],[-93.68811660599994,30.585663425000064],[-93.68512360499994,30.586619425000038],[-93.68507260499996,30.59209142700007],[-93.67866860399994,30.594102427000053],[-93.67924160399997,30.599770428000056],[-93.68340360599996,30.60804643000006],[-93.68914060699996,30.611411430000032],[-93.68570860699998,30.616423432000033],[-93.68198960599995,30.61858943200008],[-93.68512760699997,30.625206433000074],[-93.68472160699997,30.630815435000045],[-93.68042160599998,30.634882436000055],[-93.68310660699996,30.640768437000077],[-93.674140605,30.64869143900006],[-93.67384460499994,30.651302439000062],[-93.670542604,30.65263144000005],[-93.67036060499998,30.658039441000028],[-93.66456660299997,30.661730442000078],[-93.65975160199997,30.662057442000048],[-93.65497760099998,30.670189444000073],[-93.64825859899997,30.667786443000068],[-93.64537059899999,30.67339944500003],[-93.63821959699999,30.673063445000025],[-93.63616659699994,30.676120446000027],[-93.62991059499996,30.67994544700008],[-93.62665359499994,30.688362449000067],[-93.62044059299996,30.694243450000045],[-93.62381059399996,30.697975451000048],[-93.62447259499999,30.701088451000032],[-93.62078059399994,30.70412745200008],[-93.61966159399998,30.708944453000072],[-93.61644359299999,30.71239345400005],[-93.61723559399996,30.71858545500004],[-93.61477759299999,30.719869455000037],[-93.61281559199995,30.716575455000054],[-93.60955059199995,30.723144456000057],[-93.61065159299994,30.734284459000037],[-93.61898759499996,30.740270459000044],[-93.61775959499994,30.743257460000052],[-93.60995259299995,30.74465446100004],[-93.60835059299995,30.747840461000067],[-93.61478359499995,30.756069463000074],[-93.61445459499998,30.75987546400006],[-93.61348059499994,30.76085546400003],[-93.61162659399997,30.760036464000052],[-93.60918459299995,30.757265463000067],[-93.60679159299997,30.758162464000065],[-93.60497559199996,30.761989464000067],[-93.59210758899997,30.76368046500005],[-93.59272058999994,30.775100468000062],[-93.58990258899996,30.77776546800004],[-93.58387658799995,30.777053468000076],[-93.58317158799997,30.77860146900008],[-93.58938758999994,30.786681470000076],[-93.58192758799999,30.78898447100005],[-93.58139458799997,30.79163247100007],[-93.58427158899997,30.79666847200008],[-93.58378158899995,30.801784473000055],[-93.58223558899994,30.803122474000077],[-93.57468358599994,30.801378474000046],[-93.56135558299997,30.80758247500006],[-93.56071358299994,30.809644476000074],[-93.56376958399994,30.81361147700005],[-93.56417058399995,30.817546477000064],[-93.55465158199996,30.82325447900007],[-93.55406358199997,30.82494647900006],[-93.55716658299997,30.82876648000007],[-93.55311058199999,30.833116481000047],[-93.55363258299997,30.83514548100004],[-93.55817858399996,30.839979482000047],[-93.56797658699998,30.84303148200007],[-93.568488587,30.845130483000048],[-93.56410758599998,30.846749483000053],[-93.55732058399997,30.85208648500003],[-93.56191758599994,30.85833748600004],[-93.55846158499998,30.86778048800005],[-93.55914858599994,30.86994248800005],[-93.564143587,30.86856148800007],[-93.56294358699995,30.872809489000076],[-93.56480158699998,30.875680489000047],[-93.57083058899997,30.87558548900006],[-93.57408658999998,30.884534491000068],[-93.56632258899998,30.89484449300005],[-93.54920858399998,30.89744449400007],[-93.54862958399997,30.899899495000057],[-93.55312258599997,30.90105849500003],[-93.55400158599997,30.902778495000064],[-93.55303258599997,30.908105496000076],[-93.55854558799996,30.911397497000053],[-93.55838158799997,30.913542497000037],[-93.55194858599998,30.918651499000077],[-93.54955558599994,30.923758500000076],[-93.54517258499999,30.927064501000075],[-93.54207958399996,30.92585450000007],[-93.54321858399999,30.920138499000075],[-93.53094258099998,30.924539501000027],[-93.52615357999997,30.930040502000054],[-93.52778358099994,30.93285250200006],[-93.52601957999997,30.937540503000037],[-93.52982058199996,30.94217750400003],[-93.53237358299998,30.94898250500006],[-93.53054058199996,30.954583507000052],[-93.53176458299998,30.958222507000073],[-93.53928058499997,30.956525507000038],[-93.54633358699994,30.95780750700004],[-93.54732058699994,30.96476050800004],[-93.54984758799998,30.967123509000032],[-93.55354658899995,30.96737950800008],[-93.56053959099995,30.971291509000025],[-93.56844759299997,30.96910550800004],[-93.57282959399998,30.970728508000036],[-93.57433859499997,30.97371350900005],[-93.56797859299996,30.97798651000005],[-93.56429559299994,30.98960651300007],[-93.57337159499997,30.991833513000074],[-93.57821359699994,31.000000514000078],[-93.57459459599994,31.002368515000057],[-93.57147159599998,31.009604516000024],[-93.56563759399995,31.01316151700007],[-93.55593359099998,31.003749516000028],[-93.55147259099994,31.009242517000075],[-93.54850458999994,31.010263517000055],[-93.53914758699995,31.008297517000074],[-93.53343658599994,31.018976520000024],[-93.53158458599995,31.02019652000007],[-93.52232058299995,31.020103520000077],[-93.50846657999995,31.029446523000047],[-93.50829857999997,31.03235752300003],[-93.52160458399999,31.036306524000054],[-93.52491058499999,31.039952524000057],[-93.52405458499999,31.041525525000054],[-93.51994758399996,31.041881525000065],[-93.51890558399998,31.04374152500003],[-93.52651458599996,31.04736552600008],[-93.53122558699994,31.05168352700008],[-93.53207558799994,31.055269527000064],[-93.52926258699995,31.057572528000037],[-93.52115158499998,31.057280528000035],[-93.51891858499994,31.061868529000037],[-93.52075058499997,31.06613253000006],[-93.52513758599997,31.06655653000007],[-93.52896358799995,31.069836530000032],[-93.52775358799994,31.07457553100005],[-93.53263358899994,31.07455753100004],[-93.54013559099997,31.07800853200007],[-93.55221159399997,31.078936531000068],[-93.55197659399994,31.08457853300007],[-93.55664759599995,31.087440533000063],[-93.55907459699995,31.091783534000058],[-93.56347859799996,31.093994534000046],[-93.56268659799997,31.097604535000073],[-93.54926059399997,31.100141536000024],[-93.54870259499995,31.10604053700007],[-93.54138159299998,31.113507539000068],[-93.53962559299998,31.121849541000074],[-93.54028459299997,31.128873542000065],[-93.54718459599997,31.142102544000068],[-93.54870659699998,31.155844547000072],[-93.54017059499995,31.15605954800003],[-93.53648759399994,31.158476548000067],[-93.54306759599996,31.17066355000003],[-93.53281359399995,31.174270552000053],[-93.53144359399994,31.17895855300003],[-93.53331359399994,31.184468554000034],[-93.53510359499995,31.185619554000027],[-93.54182559699996,31.183206553000048],[-93.54893759899994,31.186606554000036],[-93.55265559999998,31.18558055300008],[-93.56956960399998,31.177579551000065],[-93.57922160599998,31.167427548000035],[-93.58850960799998,31.16558654800008],[-93.60031461199998,31.176163549000023],[-93.60244961199999,31.18254655100003],[-93.60186361299998,31.199398554000027],[-93.60729461499994,31.205408555000076],[-93.60354761399998,31.21067855600006],[-93.60314561399997,31.21706155800007],[-93.59505161199996,31.22104955900005],[-93.59910061399995,31.22418755900003],[-93.59656261299995,31.229662561000055],[-93.59839761399996,31.231102561000057],[-93.60875361599994,31.228019560000064],[-93.61071161699994,31.232157561000065],[-93.61799061899995,31.232506560000047],[-93.61621161899996,31.237553561000027],[-93.61631461899998,31.244600563000063],[-93.62169062099997,31.248591563000048],[-93.61429461899996,31.251636564000023],[-93.61543861999996,31.256125565000048],[-93.61394861899998,31.25938056600006],[-93.61459661999999,31.26145256600006],[-93.61884162099994,31.263810567000064],[-93.62034962199994,31.27103056800007],[-93.622849622,31.272064568000076],[-93.64147862699997,31.269941567000046],[-93.64407262799995,31.271592567000027],[-93.64737362899996,31.281731569000044],[-93.65091062999994,31.284325570000078],[-93.65701063199998,31.281741569000076],[-93.65987063299997,31.281967569000074],[-93.66741663499994,31.297059572000023],[-93.67544663799998,31.301045572000078],[-93.68404563999997,31.30177657200005],[-93.68688664099994,31.305171573000052],[-93.68785764099994,31.30984057300003],[-93.68439464099998,31.318517575000044],[-93.67519763899998,31.322054576000028],[-93.67355963799997,31.324547577000033],[-93.67708463899999,31.327949578000073],[-93.67728363999998,31.33048857800003],[-93.66967763799994,31.337980580000078],[-93.66859563799994,31.34115458100007],[-93.67001063899994,31.350350582000033],[-93.66844563799998,31.353017583000053],[-93.64808063299995,31.357424585000047],[-93.64587263299995,31.35901358500007],[-93.64478763299996,31.364126586000054],[-93.64029963199994,31.36874358700004],[-93.63922863199997,31.372025588000042],[-93.64124263199994,31.37275158800003],[-93.66604863799995,31.365206586000056],[-93.67029363999995,31.366149586000063],[-93.67265163999997,31.368507586000078],[-93.67241563999994,31.370629586000064],[-93.67000063999996,31.370484586000032],[-93.66815263899997,31.375108587000057],[-93.66853963999995,31.37936258800005],[-93.67165064099999,31.39335759100004],[-93.67412364199998,31.39768659200007],[-93.69587264799998,31.40939759300005],[-93.70161764999995,31.409339593000027],[-93.70488565099998,31.410886593000043],[-93.70468465099998,31.41890559500007],[-93.69253264899999,31.43820659900007],[-93.69269464899998,31.440568600000063],[-93.70589965299996,31.440332599000044],[-93.70894365399994,31.44171159900003],[-93.70920065399997,31.445048600000064],[-93.70394065299996,31.455498602000034],[-93.70913465399997,31.456751602000054],[-93.70997665399995,31.452765602000056],[-93.71774065699998,31.457111602000055],[-93.722099658,31.453501601000028],[-93.73151965999995,31.457479602000035],[-93.74184766299999,31.46585960300007],[-93.74948266599995,31.46869560300007],[-93.74554866499994,31.480401606000044],[-93.74800966599997,31.481653606000066],[-93.75063366599994,31.47903360500004],[-93.75220466699994,31.479556605000028],[-93.75185766699997,31.48312260600005],[-93.74515866499996,31.485643607000043],[-93.74189166399998,31.483540607000066],[-93.72759366099996,31.488907608000034],[-93.72429265999995,31.492209609000042],[-93.71910465899998,31.50399961200003],[-93.71155865799994,31.510130613000058],[-93.71158765799998,31.51279461400003],[-93.71344565899994,31.514846614000078],[-93.73343966399995,31.513228613000024],[-93.74220266599997,31.515474613000038],[-93.74458566699997,31.517592613000033],[-93.74056366599996,31.518534614000032],[-93.74277166699994,31.526863615000025],[-93.74734266799999,31.52839561600007],[-93.74774366799994,31.53069561600006],[-93.75189566899996,31.52748061500006],[-93.75470666999996,31.52987061600004],[-93.75811767099998,31.529877615000032],[-93.75761967099999,31.52755961500003],[-93.75413666999998,31.52641161500003],[-93.75488966999995,31.524801615000058],[-93.76006867099994,31.52393861400003],[-93.78084167699996,31.525389614000062],[-93.78769367899997,31.52734961400006],[-93.79030467899997,31.53077861400004],[-93.79809368199994,31.53404961500007],[-93.79921268199996,31.53808061600006],[-93.80336568299998,31.538792616000023],[-93.79954268299997,31.542982617000064],[-93.80831168499998,31.546388617000048],[-93.81025668599995,31.549883618000024],[-93.81397968699997,31.550561618000074],[-93.81858868799998,31.554831618000037],[-93.82109368899995,31.56034661900003],[-93.81836968799996,31.560169619000078],[-93.81686668799995,31.563089620000028],[-93.82157068899994,31.563701620000074],[-93.82296468999994,31.568135621000067],[-93.81915568899996,31.568935621000037],[-93.81844068899994,31.57094862100007],[-93.82715669199996,31.57848262300007],[-93.83036969299997,31.57936062300007],[-93.83493069399998,31.58621662400003],[-93.83938969599996,31.599080626000045],[-93.83806369599995,31.60680062800003],[-93.83045069399998,31.613600630000064],[-93.82629669299996,31.61490863000006],[-93.81872369099995,31.614561630000026],[-93.81879369099994,31.616608631000076],[-93.82717669399995,31.62028163100007],[-93.81684469099997,31.622514632000048],[-93.81724669099998,31.625557633000028],[-93.82073169299997,31.627997633000064],[-93.82060069299996,31.629719633000036],[-93.81596169199997,31.63228463400003],[-93.81804369299994,31.64789763700003],[-93.82007469399997,31.654205638000064],[-93.82566769599998,31.661027639000054],[-93.82646869599995,31.666924641000037],[-93.82205769499996,31.673972642000024],[-93.818895694,31.67377764200006],[-93.81686569399994,31.66863464100004],[-93.81518169299994,31.667960641000036],[-93.81276569299996,31.669768642000065],[-93.81394469299994,31.675899643000037],[-93.80448569099997,31.685669645000075],[-93.79455468999998,31.702081649000036],[-93.79499568999995,31.704811649000078],[-93.79762769099995,31.70555764900007],[-93.80840169299995,31.702858648000074],[-93.81112769399994,31.703686649000076],[-93.81148969399999,31.70722364900007],[-93.81629769599994,31.707502649000048],[-93.81692469599994,31.70877064900003],[-93.81249569499994,31.715217651000046],[-93.81347269599996,31.725889653000024],[-93.81677369699997,31.730841654000074],[-93.82458569899995,31.734402654000064],[-93.82997870099996,31.744517656000028],[-93.83610970299998,31.74852665700007],[-93.83610970299998,31.751591657000063],[-93.83045070199995,31.755836658000078],[-93.82617770099995,31.762332660000027],[-93.82681670099998,31.76378266000006],[-93.82959370199995,31.764209660000063],[-93.82527970099994,31.767374661000076],[-93.82260470099999,31.77356466200007],[-93.82344970099996,31.77510366200005],[-93.83465570399994,31.783314664000045],[-93.83687470499996,31.788739665000037],[-93.83561970499994,31.79449466600005],[-93.83934970699994,31.80033566700007],[-93.84619470799998,31.802026667000064],[-93.84763870899997,31.799640666000073],[-93.85148770999996,31.800155666000023],[-93.85353570999996,31.802612667000062],[-93.85339670999997,31.80547266700006],[-93.85932271199994,31.80912066800005],[-93.861390713,31.81230266800003],[-93.86732571499994,31.81532166900007],[-93.87084571499997,31.81378866800003],[-93.87325971599995,31.81489166800003],[-93.87092371599994,31.81684266900004],[-93.87476771699994,31.82166667000007],[-93.87407371699999,31.825350671000024],[-93.87713971799997,31.832189672000027],[-93.87313071699998,31.836669673000074],[-93.87482871799995,31.840616674000046],[-93.88350572099995,31.847044675000063],[-93.88444972099995,31.849874675000024],[-93.88181971999995,31.85225467600003],[-93.88350572099995,31.855062676000045],[-93.88798672199994,31.854590676000043],[-93.88898372199998,31.85572467600008],[-93.88879372299994,31.85771767600005],[-93.88249272099995,31.861932678000073],[-93.88078972099999,31.864758678000044],[-93.88256272099994,31.866852679000033],[-93.88503672199994,31.865891678000025],[-93.88925372299997,31.869032679000043],[-93.89297072499994,31.87632468000004],[-93.89610372499999,31.87622968000005],[-93.89947772599999,31.87353667900004],[-93.90246472699994,31.87528067900007],[-93.90189472699996,31.88006868000008],[-93.89664972599996,31.887299682000048],[-93.89741872699994,31.89444168400007],[-93.90315872799994,31.896189684000035],[-93.90742272899996,31.892479683000033],[-93.91595573199999,31.892866682000033],[-93.91959473199995,31.890753682000025],[-93.91986573199995,31.887694681000028],[-93.92213073299996,31.88571268100003],[-93.92666073399994,31.888260681000077],[-93.93223373599994,31.89351668200004],[-93.93090873599994,31.89647268300007],[-93.92297973399997,31.90270168400008],[-93.92184773399998,31.905533685000023],[-93.923262734,31.907798685000046],[-93.92920973599996,31.91176268600003],[-93.95355274199994,31.910568685000044],[-93.95894174399996,31.922239687000058],[-93.96178774499998,31.923999687000048],[-93.96800274699996,31.919974686000046],[-93.97394874799994,31.921673686000076],[-93.97932874999998,31.93073468800003],[-93.97961175099994,31.93668068900007],[-93.981593751,31.940078689000075],[-93.98738575299996,31.943448690000025],[-93.99376675499997,31.951506691000077],[-94.00736175999998,31.97377469500003],[-94.01642276299998,31.980853696000054],[-94.01727176299994,31.98934869800007],[-94.02928976699997,31.99587069900008],[-94.04183976999997,31.992407697000033],[-94.04309579799997,32.486566796000034],[-94.04297082799997,33.01922490000004],[-94.04345686099998,33.552259004000064],[-94.05021886299994,33.55108900400006],[-94.05188886299999,33.55259100400008],[-94.06190286599997,33.54977000300005],[-94.07216286799996,33.55387000300004],[-94.07375086899998,33.55829100400007],[-94.07172686899997,33.559688004000066],[-94.06669186699997,33.56096000500003],[-94.05985686599996,33.55925500500007],[-94.05644886499994,33.56100400500003],[-94.05610286499996,33.56725800700008],[-94.06685286799996,33.568915006000054],[-94.07040186899997,33.57456700700004],[-94.07267686999995,33.57224000700006],[-94.08264787299998,33.57549800700008],[-94.09744687599994,33.573725006000075],[-94.11284987999994,33.56699700400003],[-94.11990888199995,33.567005004000066],[-94.122885882,33.55311800100003],[-94.12866488299994,33.550958],[-94.13138888399999,33.55294],[-94.13305488499998,33.55795900100003],[-94.13514888599997,33.571039004000056],[-94.14524588799998,33.56499300200005],[-94.14852688899998,33.56568400200007],[-94.15146288999995,33.56839300300004],[-94.15126388999994,33.571799003000024],[-94.14303088899999,33.57773100500003],[-94.14216688899995,33.581396006000034],[-94.14605488999996,33.581981005000046],[-94.15263289099994,33.575929004000045],[-94.15678889199995,33.57575500400003],[-94.16201689399998,33.58088300500003],[-94.16108889399999,33.58797800600007],[-94.16227289399995,33.588912006000044],[-94.17633389799994,33.591083006000076],[-94.18391989999998,33.59468800600007],[-94.19654290299997,33.58172500300003],[-94.20359490499999,33.58082200300004],[-94.21300390699997,33.58349300300006],[-94.21720490799999,33.58074300200008],[-94.21614790799998,33.57639800100003],[-94.21133590599999,33.573780001000046],[-94.20111290399996,33.57585700200008],[-94.19440590199997,33.57368400200005],[-94.18989089999997,33.56246],[-94.19133989999995,33.557671999000036],[-94.19640190099994,33.55512899800004],[-94.20124390299998,33.55783199800004],[-94.20360090399998,33.566552],[-94.20564090399995,33.567235],[-94.21361090599999,33.56313999900004],[-94.21922790699995,33.55610199700004],[-94.22639890899995,33.552917996000076],[-94.23791091199996,33.55268099600005],[-94.25020391499999,33.55677099600007],[-94.25228991599994,33.56045099700003],[-94.25111491599995,33.565285998000036],[-94.24437291499999,33.573555],[-94.23887491399995,33.576728],[-94.23684291299998,33.58092000100004],[-94.23697891399996,33.58741700300004],[-94.24278391499996,33.58971500300004],[-94.25266291799994,33.58615000200007],[-94.25780791899996,33.58251400100005],[-94.26567591999998,33.57359499900008],[-94.27200492099996,33.56152399600006],[-94.27560792199995,33.557969995000065],[-94.287578925,33.55718399500006],[-94.29090792599999,33.558877995000046],[-94.29037892699995,33.56791099600008],[-94.28061192399997,33.574913998000056],[-94.28358892599994,33.58189699900004],[-94.28913592699996,33.58214999900002],[-94.29326492799999,33.58042499900006],[-94.30102992999997,33.573027997000054],[-94.30718792999994,33.55980299400005],[-94.30641692999995,33.555621993000045],[-94.30958893099995,33.55167899200006],[-94.31949893299998,33.54886999200005],[-94.33059693599995,33.55269799200005],[-94.33320993699994,33.55537199200006],[-94.33494693799997,33.56359799400008],[-94.33842893899998,33.567087994000076],[-94.34402994099997,33.56782999400008],[-94.352439942,33.562177993000034],[-94.34738993999997,33.55108399100004],[-94.355951942,33.54318598900005],[-94.36330394399994,33.544962989000055],[-94.38167394899995,33.54404098800006],[-94.38952195099995,33.54678398800007],[-94.40162295499994,33.55938399000007],[-94.40074295499994,33.562537991000056],[-94.39769495499996,33.56490899100004],[-94.38805895199994,33.56551699200003],[-94.38009794999994,33.56894899300005],[-94.37808294999996,33.577024994000055],[-94.38289395199996,33.58327399500007],[-94.40334895599995,33.56842999200006],[-94.41218195899995,33.568696991000024],[-94.43004596499998,33.591129995000074],[-94.43952496699995,33.59415999500004],[-94.44237096799998,33.59124899400007],[-94.45162896999994,33.591366994000055],[-94.45400297099997,33.59222899400004],[-94.45823897199995,33.59827599500005],[-94.468092975,33.59944199500006],[-94.47198097599994,33.60267099500004],[-94.46945797599994,33.60732199600005],[-94.45296797199995,33.61699199900005],[-94.45271797299995,33.622627],[-94.46029297499996,33.624427],[-94.46274297599996,33.63091600100006],[-94.44845797199997,33.63450300200003],[-94.44687797199998,33.64018400400005],[-94.44864397299995,33.64277200400005],[-94.45920497599997,33.64515200400007],[-94.46608197699999,33.636268002000065],[-94.47642197999994,33.63895300200005],[-94.48588198199997,33.63787300100006],[-94.49111598299999,33.636239001000035],[-94.48752098199998,33.628945],[-94.49150998299996,33.625120999000046],[-94.50462198599996,33.62068799700006],[-94.51152098799997,33.623110997000026],[-94.51404398899996,33.630735999000024],[-94.51679599,33.632111999000074],[-94.51908898999994,33.630276998000056],[-94.51798098999996,33.62328199700005],[-94.52073198999994,33.61657299600006],[-94.52738299199996,33.61583899500005],[-94.53187799299997,33.618653996000035],[-94.53559699399995,33.62408699700006],[-94.53422099399995,33.62706699700004],[-94.52023499099994,33.636009999000066],[-94.52000599099995,33.638761],[-94.52229899199995,33.640595],[-94.53238699399998,33.640366],[-94.53889599599995,33.637958999000034],[-94.55261699899995,33.62788999700007],[-94.557837,33.626379996000026],[-94.56953000299995,33.62783799600004],[-94.57044800399996,33.630964996000046],[-94.56839300399997,33.63720899800006],[-94.54544299799994,33.646234],[-94.54293399799997,33.65366400200003],[-94.54385099899997,33.65710400200004],[-94.548437,33.66054300300004],[-94.56467600399998,33.65583000100003],[-94.58489300799994,33.64265899800006],[-94.59083700999997,33.645568998000044],[-94.58993700999997,33.64861999900006],[-94.58260000799999,33.654811],[-94.56036000299997,33.66535800300005],[-94.56217300399999,33.66897100400007],[-94.56907200599994,33.668568004000065],[-94.57961900799995,33.66512900200007],[-94.58145400899997,33.666046003000076],[-94.57961900899994,33.669026003000056],[-94.58030700899997,33.67842700500006],[-94.58489301099996,33.68415900600007],[-94.58833201199997,33.685764006000056],[-94.59159201299997,33.685873006000065],[-94.59314701299996,33.68324200500007],[-94.59045701199994,33.67750900400006],[-94.59144201199996,33.66892000300004],[-94.594064012,33.66535800200006],[-94.597977013,33.663387001000046],[-94.60300601399996,33.663065001000064],[-94.60769001599994,33.665575001000036],[-94.61171901699998,33.67017300200007],[-94.61332401799996,33.675676003000035],[-94.61682401899998,33.67956000400005],[-94.62238602099995,33.68243400400007],[-94.62819802199994,33.681079003000036],[-94.63059302199997,33.67340700200003],[-94.63730702299995,33.664441],[-94.65257802699995,33.660360998000044],[-94.66589903099998,33.66235499800007],[-94.67032403199994,33.66489899800007],[-94.67124103299994,33.66925599900003],[-94.66275803099995,33.67544600100007],[-94.65083502699997,33.67131900100003],[-94.64525802599996,33.67436900100006],[-94.64877102699995,33.68163700300005],[-94.63868302599997,33.69287200500003],[-94.63753602499997,33.69608200600004],[-94.63982902599997,33.699750006000045],[-94.64432902799996,33.70167200700007],[-94.64739602799995,33.70112600600004],[-94.64854202799995,33.69035000400004],[-94.65129302899999,33.68851500400007],[-94.65449202899998,33.68826700400007],[-94.66642603299994,33.69493500400006],[-94.67178003399994,33.69331300400006],[-94.67789003499996,33.68782800200006],[-94.68479903699995,33.684359001000075],[-94.70545604299997,33.68804400100004],[-94.71342904499994,33.687369001000036],[-94.71434604499996,33.69057900100006],[-94.71228304499994,33.69654000300005],[-94.70219404199997,33.697458003000065],[-94.70173604299998,33.70341900400007],[-94.72787404999997,33.71557100600006],[-94.73337705199998,33.71304900500007],[-94.73131305099997,33.70708700400007],[-94.72145404799994,33.704565004000074],[-94.71824404699998,33.70250200300006],[-94.71618104599997,33.697916003000046],[-94.71935704599997,33.68916000100006],[-94.72237104699997,33.68851500100004],[-94.73586305099997,33.691631001000076],[-94.74188405299998,33.70122900200005],[-94.75378305599997,33.70525300200006],[-94.75355405699997,33.70869200300007],[-94.74346505399996,33.710756004000075],[-94.73635805299995,33.71603000500005],[-94.73242405199994,33.72322900700004],[-94.73498205299995,33.726118007000025],[-94.74277805499997,33.72680600700005],[-94.74552905499996,33.717176005000056],[-94.75286605699995,33.71442500400008],[-94.75591205799998,33.715079004000074],[-94.75653505799994,33.717634005000036],[-94.75470005799997,33.72107400500005],[-94.74810205599994,33.725349007000034],[-94.749427057,33.73299600800004],[-94.751832058,33.734332008000024],[-94.76152805999999,33.727075006000064],[-94.77248606299997,33.72615300600006],[-94.77945306399994,33.72749300600003],[-94.78588406599994,33.73151200600006],[-94.78820906699997,33.736336007000034],[-94.773826064,33.746518009000056],[-94.76176806099994,33.746518010000045],[-94.75782005999997,33.75011501100005],[-94.75721205999997,33.75482401200003],[-94.76006506099998,33.75829701200007],[-94.76444706299998,33.760184012000025],[-94.77050606399996,33.76094801200003],[-94.77463006499994,33.75804001200004],[-94.77784506599994,33.75455701100003],[-94.77820906599999,33.74974501000003],[-94.78097306599994,33.74481000900005],[-94.78672806699996,33.740908008000076],[-94.79585106899998,33.73759400700004],[-94.80008606999996,33.73338800600004],[-94.805493072,33.733158005000064],[-94.81053607299998,33.734996006000074],[-94.81607207499997,33.73922100600004],[-94.81621507499995,33.74193700700005],[-94.81187607399994,33.74678600800007],[-94.81216207399996,33.75094200900003],[-94.81667007599998,33.75527100900007],[-94.81616507599995,33.76340901100008],[-94.81858107699998,33.76771001100008],[-94.82179007799994,33.768758012000035],[-94.82530107899998,33.76853101100005],[-94.83009707999997,33.76366701000006],[-94.83085107999995,33.75808500900007],[-94.82304907699995,33.74753100700008],[-94.82009607599997,33.734832005000044],[-94.82205807599996,33.733120005000046],[-94.82832807799997,33.73495300500008],[-94.82875707799997,33.73874700600004],[-94.83143707899995,33.74008700600007],[-94.84930308299994,33.73959100500008],[-94.86930708899996,33.74587700500007],[-94.87708709099996,33.75222600600006],[-94.87550409099998,33.75548900700005],[-94.86948708999995,33.758576007000045],[-94.86674308899995,33.761836008000046],[-94.86669808999994,33.76718100900007],[-94.86868309,33.76983001000008],[-94.87431009199997,33.77090201000004],[-94.87395109099998,33.760576008000044],[-94.87543609099998,33.758271007000076],[-94.87776509199995,33.758891007000045],[-94.88449209399994,33.76420300800004],[-94.88694109499994,33.76907300900007],[-94.89602709699994,33.768504008000036],[-94.90417909999996,33.77720400900006],[-94.91143410199999,33.77838900900008],[-94.92196210599997,33.79160501100006],[-94.91703610499997,33.80832701500003],[-94.91262810399996,33.80868401500004],[-94.91021610399997,33.81243501600005],[-94.91209210499994,33.82047401700004],[-94.91477110599999,33.824493018000055],[-94.92200610799995,33.828781019000076],[-94.92607910899994,33.82853901800007],[-94.92629410899997,33.822618017000025],[-94.92310610799996,33.815462016000026],[-94.92307810699998,33.81136301500004],[-94.92522210799996,33.80868401500004],[-94.93999911099996,33.80568501300007],[-94.94788111299994,33.80836201300008],[-94.953525115,33.81648101500008],[-94.94383811399996,33.82930601800007],[-94.94948811599994,33.833540018000065],[-94.96440811999997,33.83702701800007],[-94.96890212199997,33.86092202300006],[-94.97341812399998,33.86173702200006],[-94.98165712499997,33.852290020000055],[-94.98849412699997,33.85100602000006],[-94.99267812799997,33.85246102000008],[-94.99749212999996,33.860507021000046],[-95.00200013099999,33.86305502100004],[-95.01236013299996,33.85801802000003],[-95.01728713499995,33.85795902000007],[-95.04657514299998,33.86257101900003],[-95.04943014399998,33.86481902000003],[-95.05082814399998,33.869446020000055],[-95.05057914499997,33.87750302200004],[-95.05825014699997,33.88755402400005],[-95.06011214899996,33.901879026000074],[-95.06558814999994,33.903565026000024],[-95.07242015199995,33.902705026000035],[-95.07050515199995,33.908408027000064],[-95.06593015099998,33.90870902700004],[-95.06334514999998,33.91087702800007],[-95.06325514999997,33.91326802800006],[-95.06569715099994,33.915972029000045],[-95.06873615199999,33.91760702900007],[-95.07405915299995,33.91535502800008],[-95.07510515299998,33.90891702700003],[-95.07882915399995,33.90303702600005],[-95.08059315299994,33.88226202200008],[-95.08241515299994,33.879888021000056],[-95.08961415499994,33.88086302100004],[-95.09891815799995,33.890886022000075],[-95.10017515899995,33.89610702300007],[-95.096762158,33.89970502400007],[-95.08676615599995,33.90382102500007],[-95.07853515399995,33.91028902700003],[-95.07637915399994,33.91538402800006],[-95.07795715399999,33.91870202900003],[-95.08239415599996,33.92176402900003],[-95.08911815699997,33.91420902700003],[-95.10479616099997,33.909601026000075],[-95.11258216299996,33.904609024000024],[-95.11714516399996,33.903625024000064],[-95.12204516499997,33.90480102400005],[-95.12644916599999,33.90708602400008],[-95.13125616799994,33.91224902500005],[-95.13164916799997,33.916033026000036],[-95.12086916599998,33.92812402800007],[-95.12119116599996,33.93131302900008],[-95.12470716799999,33.934681029000046],[-95.13106316899996,33.93693103000004],[-95.14007617199997,33.93478802900006],[-95.15830317699994,33.93753202900007],[-95.17116117999996,33.946512030000065],[-95.19703618799997,33.95311103000006],[-95.20688919099996,33.959094030000074],[-95.21764019399996,33.96265203100006],[-95.22640019599999,33.96196003000006],[-95.23064419699995,33.95980502900005],[-95.23038419599999,33.955774029000054],[-95.23288619699997,33.94974202700007],[-95.24585419999994,33.943753026000024],[-95.25017819999994,33.938503025000045],[-95.24828019899996,33.92019602100004],[-95.24975019799996,33.902761018000035],[-95.25270119799995,33.894240016000026],[-95.26060219999994,33.88765601400007],[-95.26402620099998,33.88976301500003],[-95.26589820199996,33.89538401600004],[-95.26613320299998,33.90977901800005],[-95.27068120399997,33.91151601900003],[-95.27858420599995,33.910197018000076],[-95.28298820699996,33.90740801700008],[-95.28559820699996,33.90336301600007],[-95.28430520699999,33.89924401600007],[-95.28035820599996,33.89675701500005],[-95.27794720399999,33.88751401400003],[-95.27877420399994,33.877912012000024],[-95.28092920399996,33.875409011000045],[-95.28930920599998,33.873109010000064],[-95.30579721099997,33.87481101000003],[-95.31443521299997,33.881638011000064],[-95.32644321699996,33.88607601100006],[-95.32986721799995,33.88554901100008],[-95.33197421799997,33.87975501000005],[-95.33486121799996,33.87683700900004],[-95.34343021999996,33.872548008000024],[-95.36252422499996,33.86658700600003],[-95.38464623099998,33.86843100500005],[-95.40206223499996,33.86419400400007],[-95.42732024199995,33.87045200400007],[-95.440935245,33.86643500200006],[-95.46234625099999,33.87168400200005],[-95.46421825199997,33.87337800300003],[-95.45945925099994,33.88411800500006],[-95.45945925099994,33.88633800500003],[-95.46168025199995,33.88700400500005],[-95.46612025299999,33.886560005000035],[-95.47255925399998,33.88034300400005],[-95.48454825699997,33.87590300200003],[-95.50231126199998,33.87474800100006],[-95.50564026299998,33.87723500100003],[-95.50519626399995,33.89499700500005],[-95.51074626499997,33.89788300500004],[-95.52014526699998,33.88933500300004],[-95.53329026999995,33.88116800100005],[-95.54520427299997,33.8803],[-95.54833227399996,33.88275000100003],[-95.55026627499996,33.88833600100003],[-95.55093227499998,33.89299800200007],[-95.548046275,33.901213004000056],[-95.54849027599994,33.90854000500008],[-95.55448527899995,33.928078009000046],[-95.56381028099997,33.93296200900005],[-95.58090528599996,33.933850009000025],[-95.58956428899995,33.94162101000006],[-95.59383428999996,33.94303701000007],[-95.59666928999997,33.94206500900003],[-95.60070229099995,33.93127400700007],[-95.60377429099998,33.92918800700005],[-95.61642929499999,33.927412006000054],[-95.62906229599997,33.905876001000024],[-95.64016329899994,33.90498800100005],[-95.65637130399995,33.91009400100006],[-95.66547330599997,33.908984],[-95.68483830999998,33.89023799600005],[-95.69788931299996,33.88611599400008],[-95.71054431599998,33.88500599400004],[-95.71409631699998,33.88589399400007],[-95.71831531799995,33.889667994000035],[-95.73296832299997,33.895884995000074],[-95.73769732399995,33.89655099500004],[-95.74591232599994,33.896328994000044],[-95.75637432799994,33.89263099300007],[-95.76192332899996,33.88340799100007],[-95.76256632899998,33.87437298900005],[-95.75165132499995,33.86110598700003],[-95.75175332499998,33.85556298600005],[-95.75747232599997,33.85004498500007],[-95.76359332699997,33.84682998400007],[-95.77056332899997,33.845274983000024],[-95.77590933,33.84731698400003],[-95.77989133199998,33.851336984000056],[-95.78240233199995,33.85105598400003],[-95.78987433499998,33.85769198500003],[-95.80515633899995,33.86130998500005],[-95.81762534199999,33.859028984000076],[-95.82167334299999,33.85663898300004],[-95.81898334099998,33.84446198100005],[-95.82279434199995,33.83876198000007],[-95.83195534399994,33.835166979000064],[-95.83752334599995,33.83564597900005],[-95.84525034799998,33.83907597900003],[-95.85552835099998,33.849263980000046],[-95.86691435399996,33.85147998000008],[-95.88669535999998,33.86481998200003],[-95.89456336199999,33.86741598200007],[-95.92271937099997,33.88376398400004],[-95.92956837199995,33.88500598400003],[-95.93245537299998,33.88322898300004],[-95.94127437399999,33.861624979000055],[-95.94429137499998,33.859816978000026],[-95.97216338199996,33.856376976000035],[-95.98426038399998,33.852669975000026],[-95.98551838499998,33.85569897600004],[-95.98396438499998,33.85858497600003],[-95.98426138499997,33.86440897700004],[-95.98919838699999,33.86859597800003],[-95.99862438899999,33.87223597800005],[-96.00341339099998,33.872349978000045],[-96.00444739099999,33.86974797700003],[-96.00134338899994,33.863501976000066],[-95.99453238799998,33.86147097600008],[-95.99586438799997,33.85569897500005],[-96.00163738899994,33.847705973000075],[-96.01960639299995,33.84057197100003],[-96.02324839399995,33.84248497100003],[-96.01954939299998,33.85350297400004],[-96.02391439499996,33.85707297400006],[-96.02944539599997,33.85635397400006],[-96.03137939599998,33.84725497200003],[-96.03719839699994,33.84125097100008],[-96.04884139999996,33.83647396900005],[-96.08463340999998,33.846661969000024],[-96.100102414,33.84797696900006],[-96.10135641399995,33.845726968000065],[-96.09764541299995,33.837940967000065],[-96.09745541199999,33.83273096600004],[-96.09936741199994,33.83047596600005],[-96.11000041499994,33.83240196600008],[-96.12295841899999,33.83996996600007],[-96.14807742499994,33.83780496500003],[-96.15163742599998,33.83195196400004],[-96.14879942399995,33.81920296100003],[-96.15077242499996,33.81699296100004],[-96.16481542799994,33.81780296000005],[-96.17589743099995,33.81463295900005],[-96.17897143199997,33.81055895800006],[-96.17515742999996,33.80195695700007],[-96.17038042899998,33.79938795700008],[-96.16699842899999,33.81110895900002],[-96.16194642699998,33.813175960000024],[-96.15636242599999,33.81335496000003],[-96.16112142699996,33.805772958000034],[-96.16276442599997,33.788774955000065],[-96.16945942699994,33.77013695100004],[-96.17806642799997,33.76052394900006],[-96.19990743299996,33.75212294600004],[-96.22052843799997,33.74739594500005],[-96.22903043999997,33.74802694400006],[-96.26360044999996,33.767472946000055],[-96.28826145699998,33.77122694600007],[-96.29371545799995,33.76941494500005],[-96.303016459,33.75088394200003],[-96.30739645999995,33.73501093800007],[-96.30704245799996,33.71999293600004],[-96.30997145899994,33.71049493400005],[-96.31693245999998,33.69900293100005],[-96.32111045999994,33.69510593000007],[-96.33188146299995,33.69345493000003],[-96.33802046399995,33.68873392800003],[-96.34831346699997,33.68638492700006],[-96.35595346899999,33.687160927000036],[-96.36220547099998,33.691823928000076],[-96.36326047199998,33.70105593000005],[-96.36959747399999,33.716814932000034],[-96.40847648599998,33.75119793700003],[-96.41341548799994,33.75771993800004],[-96.41756948999995,33.769043940000074],[-96.42265049199995,33.77604694100006],[-96.43022149399997,33.77865994100006],[-96.44805249899997,33.781036941000025],[-96.45916150099998,33.77523793900008],[-96.46787950299995,33.77580093900008],[-96.48606750799996,33.773015937000025],[-96.50027551099998,33.77258893700008],[-96.51192151499998,33.781483938000065],[-96.51591951599994,33.78780093900008],[-96.51659151699994,33.80317394200006],[-96.51991851899999,33.81135294300003],[-96.526662521,33.820896944000026],[-96.53287252299998,33.82301094500008],[-96.55123052699997,33.81913494300005],[-96.57294453299994,33.81910394200003],[-96.59293353899994,33.83092194300008],[-96.62316254699994,33.84148894400005],[-96.62929754899994,33.845493944000054],[-96.62897654899996,33.85241294600007],[-96.611977546,33.86902194900006],[-96.597355543,33.87510695100008],[-96.59011954099998,33.88067095300005],[-96.58536754099998,33.888953954000044],[-96.58794154199995,33.89478995500008],[-96.62830155199998,33.89448295300008],[-96.65990356099996,33.91667195600007],[-96.66719456299995,33.91694595600006],[-96.67345656499998,33.91228395500008],[-96.68095456499998,33.89620995100006],[-96.683471565,33.88422294900005],[-96.68221656399999,33.87388194700003],[-96.68473456399994,33.86291094500007],[-96.69071556499995,33.84996494200004],[-96.69958156599995,33.83905494000004],[-96.70446456699995,33.835026939000045],[-96.71242956899994,33.831638938000026],[-96.74604557699996,33.82570493500003],[-96.76159558099994,33.82441193400007],[-96.76624258299995,33.82546393400003],[-96.77068358399998,33.82962693500008],[-96.776773586,33.84198193700007],[-96.78057658799997,33.860103940000045],[-96.783492589,33.863539941000056],[-96.79428359299999,33.86889194100007],[-96.83216460299997,33.87484094000007],[-96.83978560399999,33.86840193900008],[-96.84159960399995,33.85289993600003],[-96.84590360399994,33.84898093500004],[-96.85060060499995,33.84721693400007],[-96.85609760699998,33.84749593400005],[-96.86644560999997,33.85315493500008],[-96.87528861299995,33.860510936000026],[-96.88301761499997,33.86802493700003],[-96.89573561999998,33.89641994100003],[-96.89944962399994,33.933733948000054],[-96.90244162499994,33.94202395000008],[-96.90739462699997,33.95003095100003],[-96.91630762899996,33.95780395200006],[-96.924275632,33.95916495200004],[-96.95232063799995,33.94458794800005],[-96.97381464299997,33.93570294500006],[-96.97982564399996,33.94159394600007],[-96.98103864499996,33.94916594700004],[-96.97942264499994,33.956183949000035],[-96.98134464599997,33.95638394900004],[-96.99084264799995,33.952706947000024],[-96.99537564899998,33.94730794600002],[-96.99619064899997,33.94173394500007],[-96.99503064799995,33.93204094300006],[-96.98875264499998,33.91847394100006],[-96.98494664299994,33.90487193900003],[-96.98397864199995,33.89208893700004],[-96.98557464199996,33.88652793600005],[-97.01786464799994,33.85014792700008],[-97.02390664899997,33.84421892600005],[-97.04125265299996,33.83776692400005],[-97.04613365499995,33.839565924000055],[-97.05584565799995,33.85574692700004],[-97.059833659,33.858409927000025],[-97.06807866099996,33.86047092700005],[-97.07562866299997,33.85866692600007],[-97.08725466599998,33.85345392500005],[-97.08947166599995,33.84985292400006],[-97.09048666599995,33.844846923000034],[-97.08773866499996,33.84196192300004],[-97.06949365999998,33.83941792300004],[-97.05835065699995,33.83676992300008],[-97.05303165599997,33.83388992300007],[-97.04932365499997,33.82979992200006],[-97.04815365399998,33.81746192000003],[-97.07859766099995,33.812761918000035],[-97.08800666299999,33.80875291600006],[-97.09211966399994,33.804102915000044],[-97.09524366399995,33.79414191300003],[-97.08522566,33.76551790900004],[-97.08470065899996,33.753152906000025],[-97.086202658,33.74393890500005],[-97.09409265999994,33.73099790200007],[-97.10453266199994,33.722613900000056],[-97.11327266399996,33.718809899000064],[-97.12610966699998,33.71694689800006],[-97.14940167299994,33.72197289800005],[-97.16315667699996,33.729327898000065],[-97.17219967999995,33.73755089900004],[-97.18185068299994,33.75587590200007],[-97.18533268399995,33.75550890200003],[-97.19282468699998,33.76117490300004],[-97.18773168599995,33.769836905000034],[-97.19081668699994,33.78177790700005],[-97.20049969099995,33.793203908000066],[-97.20571269299995,33.80291391000003],[-97.20352169299997,33.82183091400003],[-97.19970769299994,33.82732791500007],[-97.19369769099995,33.83131291600006],[-97.18137768799994,33.83138091600006],[-97.17163468599995,33.83534091700005],[-97.16683168499998,33.84040091900005],[-97.16663668599995,33.847316920000026],[-97.18085269199997,33.89520992800004],[-97.18546569399996,33.900705929000026],[-97.21092870099994,33.91606993100004],[-97.22652970499996,33.91464793000006],[-97.24209970899994,33.90628292700006],[-97.24495370899996,33.90309792700003],[-97.24921670799995,33.875106921000054],[-97.25663270899997,33.86329191900006],[-97.26509471099996,33.86241891800006],[-97.27032171299999,33.858226917000025],[-97.27561471399997,33.858173917000045],[-97.27535571399994,33.863230918000056],[-97.28599071699995,33.86853191800003],[-97.30557272299995,33.88644092100003],[-97.31015072499997,33.88853792100008],[-97.30995372399997,33.874454918000026],[-97.31442072399994,33.866994917000056],[-97.32873672699998,33.855439914000044],[-97.33462372899999,33.857236914000055],[-97.33338972899998,33.86415391500003],[-97.32345772699995,33.878465918000074],[-97.32581972799994,33.88389391900006],[-97.33246472999997,33.88425891900005],[-97.33592272999994,33.87917391800005],[-97.33920972999994,33.862068915000066],[-97.34834573099994,33.84388191100004],[-97.35852073299998,33.830023908000044],[-97.36551473399999,33.823768906000055],[-97.37294873599996,33.81945990500003],[-97.42650074899996,33.81940390300008],[-97.44420075399995,33.82377890300006],[-97.45306475699994,33.82854190300003],[-97.45907575899997,33.83458690400005],[-97.46286475999995,33.84177790500007],[-97.46149375999994,33.849565907000056],[-97.45762475999999,33.85513190800003],[-97.45147675899995,33.87093591100006],[-97.45096175999998,33.89140391500007],[-97.46038376399997,33.903953917000024],[-97.48651277099998,33.916999918000045],[-97.500967775,33.919648918000064],[-97.52528477999994,33.91175691500007],[-97.53273078199999,33.90658291400007],[-97.55154878599996,33.89795291100006],[-97.55827778799994,33.89710491100004],[-97.56279578899995,33.900930911000046],[-97.56696378999999,33.90158891100003],[-97.57251079099996,33.89926191100005],[-97.58108579399999,33.899684910000076],[-97.58926179599996,33.90392791100004],[-97.59093879699998,33.90960791200007],[-97.59368379799997,33.91011791200003],[-97.59712279899998,33.91787391300005],[-97.59616279899996,33.92211191400003],[-97.59152179799997,33.928205915000035],[-97.59122079799994,33.93125091600007],[-97.59542779999998,33.94144191700008],[-97.58883579899998,33.95188791900006],[-97.59042979999998,33.954109920000064],[-97.596207801,33.954526920000035],[-97.59947380199998,33.95632892000003],[-97.60097580299998,33.960661920000064],[-97.60909880499997,33.968098921000035],[-97.61556080699995,33.969561921000036],[-97.63378581199999,33.98126292300003],[-97.65621781899995,33.989493923000055],[-97.67177982299995,33.99137592300008],[-97.68803082599999,33.986612921000074],[-97.69311782799997,33.98370492000004],[-97.70969182999994,33.95500291400003],[-97.72529683299996,33.94105091100005],[-97.73373083499996,33.93639791000004],[-97.75296483899996,33.93705490900004],[-97.76277584199994,33.93440190800004],[-97.75940683999994,33.91882590500006],[-97.76377784099998,33.91424690400004],[-97.772679843,33.91438790400008],[-97.77553284399994,33.91811890500003],[-97.77970984499996,33.91972690500006],[-97.78510884599996,33.916820904000076],[-97.78608284599994,33.913249903000064],[-97.78034784399995,33.90483890200005],[-97.77969084399996,33.89924890100008],[-97.78234884399996,33.89231190000004],[-97.78470984399996,33.89064189900006],[-97.78802984499998,33.891825899000025],[-97.79078884599994,33.89831790000005],[-97.79369884699997,33.899663900000064],[-97.79776884799998,33.89929190000004],[-97.80198784899994,33.894259899000076],[-97.80263784799996,33.87997689600007],[-97.807506849,33.87640689500006],[-97.81251585099994,33.881158896000045],[-97.81643385199999,33.88208689600003],[-97.81924385199994,33.87909689500003],[-97.81903085099998,33.869913894000035],[-97.830878854,33.861798892000024],[-97.83434085499994,33.85767689100004],[-97.84326385699995,33.85684389000005],[-97.86093486099998,33.85059988800003],[-97.87145486299994,33.849006888000076],[-97.87739486499999,33.85024188700004],[-97.88321186699994,33.85436788800007],[-97.89674586999996,33.857990888000074],[-97.93675088199996,33.87920989000003],[-97.94273788299995,33.87985089000006],[-97.95122288499994,33.878429889000074],[-97.95844588699998,33.879184889000044],[-97.96778488999996,33.88243588900008],[-97.97786689299994,33.88993489000006],[-97.98377689499995,33.897205891000056],[-97.984547895,33.90070889200007],[-97.97881189399999,33.91255389400004],[-97.97697089399998,33.91255489400004],[-97.969880892,33.906004893000045],[-97.96446888999998,33.907403894000026],[-97.95716288899996,33.91445989500005],[-97.95268688899995,33.92948789800005],[-97.95340288999995,33.93645090000007],[-97.95551888999995,33.93819190000005],[-97.96343289199996,33.936242899000035],[-97.97118289399998,33.93713489900006],[-97.97406989499996,33.94029489900004],[-97.97418089499996,33.94283790000003],[-97.96035889199999,33.951933902000064],[-97.94573789099996,33.989844910000045],[-97.94757989199996,33.99105891000005],[-97.95833289499996,33.99085190900007],[-97.97418089999996,34.00672191100006],[-97.98739590199995,33.99982890900003],[-98.00567490699996,33.99596990800006],[-98.02767991199994,33.99336290600007],[-98.04112491499995,33.99346190600005],[-98.05520491899995,33.995846906000054],[-98.082846927,34.00241790500007],[-98.08821092799997,34.005486906000044],[-98.08268392699995,34.01080190700003],[-98.08956292899995,34.019275908000054],[-98.09844993199994,34.023923909000075],[-98.10626893499995,34.03415991000003],[-98.10354593399995,34.038535911000054],[-98.09800893299996,34.03824591100005],[-98.09237393099994,34.033934911000074],[-98.08381792899996,34.036661912000056],[-98.08384692899995,34.04172491200006],[-98.09910393399997,34.04864491300003],[-98.11459493899997,34.062285915000075],[-98.12021594099997,34.072132916000044],[-98.12104694099997,34.08127191800003],[-98.11942494099998,34.084479919000046],[-98.09933593799997,34.10430092300004],[-98.09242893699997,34.11692292600003],[-98.08976293699999,34.12821692800003],[-98.09202293799996,34.13194992800004],[-98.10050593999995,34.13137492800007],[-98.10317994099995,34.13519992800008],[-98.10056594099996,34.14214093000004],[-98.10194494099994,34.146835931000055],[-98.10946994399995,34.15411693200008],[-98.12338494699998,34.15454593100003],[-98.13082394899999,34.15053793000004],[-98.15436195299998,34.12273992400003],[-98.16912795599995,34.11417692200007],[-98.20371896499995,34.11768192000005],[-98.22360796999999,34.125098921000074],[-98.23104997299998,34.13402892200003],[-98.25647497899996,34.12948692000003],[-98.26622498099994,34.132056920000025],[-98.28032898499998,34.13075591900002],[-98.29390898799994,34.13302591900003],[-98.30021698999997,34.134584919000076],[-98.32545299699996,34.15103092100003],[-98.36562900799998,34.156998920000035],[-98.37050300899995,34.15214091900003],[-98.38165901099995,34.14920791800006],[-98.38455401199997,34.14600291700003],[-98.38709201199998,34.140917916000035],[-98.38624001199997,34.13773391500007],[-98.38106301,34.13477691500003],[-98.37977000899997,34.131179915000075],[-98.38296700999996,34.12955491400004],[-98.38869401199997,34.133222914000044],[-98.395032013,34.13132391400006],[-98.40097501399998,34.12224191200005],[-98.39816801299997,34.12140191200007],[-98.39978501199994,34.099978908000026],[-98.40216601299994,34.09865890800006],[-98.40674301399997,34.101145908000035],[-98.41138201499996,34.10032990700006],[-98.40960401399997,34.09407590600006],[-98.41159501399994,34.08806290500007],[-98.416097015,34.084148904000074],[-98.420416016,34.08231990400003],[-98.42914801899997,34.08556990400007],[-98.44281602199999,34.08314990300005],[-98.44638702199995,34.07543590100005],[-98.44904202299995,34.07346790100007],[-98.46408802699995,34.07378090000003],[-98.47507402899998,34.064274898000065],[-98.48204802999999,34.06227589700006],[-98.48633603099995,34.06260389700003],[-98.50419003599995,34.07237689800007],[-98.52820804399994,34.09496690100008],[-98.53626504699997,34.10734890300006],[-98.55092505099998,34.11933990400007],[-98.55387805199996,34.11954790400006],[-98.56058205399995,34.12357290500006],[-98.55860105399995,34.12825990500005],[-98.55433205299994,34.126610905000064],[-98.55185305199996,34.12713690600003],[-98.55053005199994,34.13219990700003],[-98.55284405299994,34.13357390700003],[-98.56019905499994,34.13320790600005],[-98.56722305699998,34.138110907000055],[-98.57714405999997,34.14896790800003],[-98.59979706599995,34.16057690900004],[-98.60398606699994,34.16025490900006],[-98.61183706899999,34.15656390800007],[-98.61674106999999,34.15642390800008],[-98.64323107699994,34.16453690800006],[-98.64808107899995,34.16444690800006],[-98.69060308699994,34.13297790000007],[-98.70305508999996,34.13590890000006],[-98.71247509199998,34.13116589900005],[-98.71754509399995,34.136455899000055],[-98.72363409499997,34.135194899000055],[-98.73429509799996,34.13576389800005],[-98.74197409899995,34.12553589600003],[-98.75704510299994,34.12463889500003],[-98.75966110399997,34.126917896000066],[-98.76056610399996,34.13239389700004],[-98.76557810599996,34.136381897000035],[-98.77943310899997,34.14023789700008],[-98.78841311199994,34.146673898000074],[-98.79202311299997,34.14374189700004],[-98.79621111399996,34.14278089700008],[-98.80442111699995,34.15393689800004],[-98.81296211899996,34.15844989900006],[-98.83112312399999,34.16215989800003],[-98.83668812499997,34.15650089700006],[-98.85559312999999,34.161626897000076],[-98.85790812999994,34.15963289700005],[-98.86013312999995,34.14991889500004],[-98.868124132,34.14964089400007],[-98.87488013399997,34.155662895000034],[-98.87121913399994,34.16301789700003],[-98.87293013399994,34.16658989700005],[-98.88604513799999,34.16792189700004],[-98.89215413999995,34.17235089700006],[-98.90935714399996,34.17750489700006],[-98.91834114699998,34.18183689800003],[-98.94022815399995,34.20369190100007],[-98.95252115699998,34.21265590200005],[-98.95848315899997,34.21386090100003],[-98.96079915899998,34.21303590100007],[-98.96231515999995,34.21131790100003],[-98.96247815899994,34.204673900000046],[-98.96631015999998,34.20132889900003],[-98.97414016199997,34.20357189900005],[-98.98137216499998,34.217588901000056],[-98.98730216699994,34.221228901000075],[-98.99086016699994,34.22163890100006],[-99.00076916999996,34.21764890000003],[-99.00344116999997,34.214471899000046],[-99.00292416999997,34.208787898000026],[-99.01308317199994,34.20322789700003],[-99.03628117799997,34.20691789600005],[-99.04347917899997,34.19821389500004],[-99.05809218299999,34.200574894000056],[-99.06035218299996,34.204766895000034],[-99.06647318499995,34.208409895000045],[-99.079543189,34.21152389500003],[-99.08893119099997,34.20848089400005],[-99.09527919299995,34.21184789500006],[-99.10025719399994,34.208872894000024],[-99.102194194,34.20548889300005],[-99.10630919499994,34.204703893000044],[-99.11285219699994,34.20582389300006],[-99.11921219799996,34.20175289200006],[-99.1265752,34.20300989100008],[-99.13189320099997,34.20738789200004],[-99.13009820099995,34.21219789300005],[-99.12662220099998,34.21533489400008],[-99.12755720099995,34.21799189400008],[-99.13061720199994,34.21941389400007],[-99.13822820399997,34.21916489400007],[-99.15134820599997,34.20760889100006],[-99.15683120699998,34.20721989100008],[-99.15902420799995,34.20888589100008],[-99.18951921599995,34.214317890000075],[-99.19269121699995,34.21883089100004],[-99.19015421699999,34.22966589300006],[-99.19716121999994,34.24430389500003],[-99.19181321999997,34.25644989800003],[-99.19802522199996,34.262728899000024],[-99.19446722099997,34.27188690000003],[-99.19626822199996,34.28146890200003],[-99.20023022299995,34.281157902000075],[-99.20777422499998,34.28382890200004],[-99.21145722699998,34.29275590300006],[-99.21025822699994,34.300947905000044],[-99.21348422899996,34.31067790600002],[-99.20659222699999,34.31696590800004],[-99.20583222699997,34.32008790800006],[-99.20973222899994,34.32494090900008],[-99.21078722899995,34.33098891000003],[-99.21008622999994,34.337710911000045],[-99.20691322899995,34.33828291100008],[-99.21734323199996,34.341525911000076],[-99.22925323399994,34.336521910000044],[-99.23426423599994,34.340870911000025],[-99.228644235,34.34856991200007],[-99.23426023699994,34.35346491300004],[-99.23724123799997,34.362722914000074],[-99.23618523799996,34.36517791500006],[-99.23757023899998,34.366706915000066],[-99.24446223999996,34.36370691400003],[-99.24701724099998,34.36478591400004],[-99.24812824099996,34.36743891500004],[-99.24286323999996,34.37268191600003],[-99.24897724199997,34.37598991600004],[-99.25463924299999,34.37242491500007],[-99.25861424399994,34.37265591500005],[-99.26044924499996,34.37808391600004],[-99.27128924799996,34.38160991600006],[-99.27486624899996,34.38492791600004],[-99.27390224899995,34.38758291700003],[-99.26451624699996,34.388090917000056],[-99.25898824599994,34.39124891800003],[-99.26183024699998,34.39504191900005],[-99.261329247,34.403504920000046],[-99.26631624799995,34.405486920000044],[-99.26957424899996,34.40191592000008],[-99.27883625099997,34.400270919000036],[-99.28317825199997,34.40295191900003],[-99.282851253,34.407485920000056],[-99.28644525399994,34.41303092100003],[-99.29465625599994,34.41537892100007],[-99.30828225899995,34.410019919000035],[-99.31638126099995,34.408210918000066],[-99.31961426199996,34.40887491800004],[-99.32868226499994,34.42238892000006],[-99.33404526699996,34.427541921000056],[-99.34134526899999,34.431066921000024],[-99.35672127299995,34.442149922000056],[-99.35468027399997,34.45186292400007],[-99.35880327499996,34.45586892500006],[-99.36961827799996,34.45870492500006],[-99.37537327899997,34.458850924000046],[-99.38101927999998,34.456941924000034],[-99.39496428299998,34.44210492000008],[-99.39612328299995,34.43497591900007],[-99.39305728199997,34.431926919000034],[-99.39331428099996,34.427618918000064],[-99.396832282,34.42470891700003],[-99.39714328199994,34.41941491600005],[-99.39392728099995,34.41527991600003],[-99.38766127899999,34.41198991600004],[-99.39592927999996,34.39573191200003],[-99.39684727899999,34.37942290900003],[-99.40296827999998,34.373486908000075],[-99.40717628099998,34.37261090800007],[-99.42072228499995,34.380391908000036],[-99.42191628499995,34.384206909000056],[-99.42490528599996,34.385828909000054],[-99.42750528699997,34.385141909000026],[-99.43001828699994,34.38102490800003],[-99.42933228599998,34.375839907000056],[-99.43105128699995,34.37112290600004],[-99.43648228799998,34.37054490600008],[-99.44067928899995,34.37277990600006],[-99.45265629299996,34.38825790800007],[-99.454734294,34.38841690800007],[-99.45509329299995,34.381269907000046],[-99.46106129499998,34.38067190600003],[-99.462470296,34.39114290800006],[-99.46639129699997,34.39590590900008],[-99.47031429799995,34.39675390900004],[-99.47379729899995,34.395355908000056],[-99.48722730199995,34.39796090800007],[-99.49988330599996,34.409613910000076],[-99.50691130799999,34.409525909000024],[-99.51111030899995,34.412710910000044],[-99.51763231099994,34.414499910000075],[-99.52979431399996,34.411457908000045],[-99.54925031899995,34.41272090800004],[-99.56221232199994,34.41732490800007],[-99.56970432399999,34.41842390800008],[-99.58006832599995,34.416658907000055],[-99.58448832699997,34.40767890500007],[-99.58545032599994,34.388919902000055],[-99.600034328,34.37469389900008],[-99.60727132999995,34.37693389900005],[-99.62420533399995,34.37358289700006],[-99.630913336,34.37601289700007],[-99.63386733699997,34.37876289800005],[-99.64651933999994,34.382546898000044],[-99.65420234199996,34.376524896000035],[-99.66271334399994,34.37368589500005],[-99.67829134799996,34.37980489600005],[-99.69497835199996,34.378338894000024],[-99.701195354,34.38520889500006],[-99.70666635499998,34.38598689500003],[-99.71269035699999,34.390933896000035],[-99.71484635799999,34.39452989600005],[-99.71509735799998,34.40075989700006],[-99.72026735999998,34.40630089800004],[-99.75425636899996,34.42129489900003],[-99.76724237299999,34.430507900000066],[-99.76489037299996,34.43527190100008],[-99.76560737299997,34.43749390100004],[-99.77575137599996,34.44423090200007],[-99.78299437799996,34.44436990200006],[-99.78661437999995,34.45151690300003],[-99.79369238099997,34.453899903000035],[-99.81432138799994,34.476209906000065],[-99.81874738999994,34.484981907000076],[-99.81672838999998,34.48972390800003],[-99.82228939199996,34.49810590900006],[-99.82533339199995,34.497601909000025],[-99.83291239399995,34.50007390900004],[-99.85307439999997,34.51159891000003],[-99.86896140499994,34.52762091200003],[-99.87441140699997,34.537100913000074],[-99.88715541099998,34.54905291500006],[-99.89376841299998,34.55422491500008],[-99.89895141499994,34.555809915000054],[-99.91577941899999,34.56598091600006],[-99.92180942099998,34.57025891700005],[-99.92321942199999,34.57455791700005],[-99.94572842799994,34.57927891700007],[-99.95457542999998,34.57820091600007],[-99.95890642999996,34.571276915000055],[-99.97156343299997,34.56218491300007],[-99.98584143599999,34.560084912000036],[-100.00038944,34.56051491100004],[-100.00039207799995,35.03039098800008],[-100.00039944599996,35.552462080000055],[-100.00040734599997,36.04264716700004],[-100.00041459299996,36.49970823900003],[-100.33447267499997,36.49942622100008],[-100.76181977899995,36.49958619700004],[-101.08516485799998,36.49925017800007],[-101.58302198499996,36.49951258900006],[-101.82650703599995,36.49954113600006],[-102.25046213699994,36.50037511200003],[-102.57070521399999,36.500387018000026],[-103.00244331499994,36.50040306900007]]]]}},{"type":"Feature","properties":{"shapeName":"Alabama","shapeISO":"US-AL","shapeID":"66186276B98021244841737","shapeGroup":"USA","shapeType":"ADM1"},"geometry":{"type":"MultiPolygon","coordinates":[[[[-88.05338008299998,30.506992601000036],[-88.04504807999996,30.501194600000076],[-88.02433507399996,30.490779598000074],[-88.02622707499995,30.51661460400004],[-88.02917007599996,30.51965360500003],[-88.03510407799996,30.52197260500003],[-88.03867507899997,30.520410604000062],[-88.05338008299998,30.506992601000036]]],[[[-88.21121411799999,30.32225455500003],[-88.20873811699994,30.31888355500007],[-88.21000411799997,30.323204555000075],[-88.21121411799999,30.32225455500003]]],[[[-88.22512512199995,30.321807555000078],[-88.22652712199994,30.320798554000078],[-88.22465812199994,30.319891554000037],[-88.21869911999994,30.32190855500005],[-88.22512512199995,30.321807555000078]]],[[[-88.26466413399999,30.335546556000054],[-88.26138013299999,30.332882556000072],[-88.26006613199996,30.32749555500004],[-88.25566413099995,30.32409255400006],[-88.25329912999996,30.33480955700003],[-88.25711013199998,30.350117560000058],[-88.25629613199999,30.363820563000047],[-88.25947513299997,30.36678356300007],[-88.25931713299997,30.35554656100004],[-88.26210213299998,30.346546559000046],[-88.25776713199997,30.34433455900006],[-88.25783213199998,30.342747558000042],[-88.25914613199996,30.33713455700007],[-88.26151113299994,30.335490556000025],[-88.26466413399999,30.335546556000054]]],[[[-88.32730714599995,30.22988753100003],[-88.32637614599997,30.228468531000033],[-88.30477813999994,30.228036531000043],[-88.19980411199998,30.247795539000037],[-88.14981709799997,30.249993541000038],[-88.13708809499997,30.249184541000034],[-88.127343092,30.245967541000027],[-88.12260108999999,30.236110539000038],[-88.11343208699998,30.22683753700005],[-88.106659085,30.22350653700005],[-88.10488708499997,30.22458653700005],[-88.10733608499999,30.22508153700005],[-88.11728708799996,30.233319539000036],[-88.12494109099998,30.24771454200004],[-88.11520308799999,30.245157541000026],[-88.11082708699996,30.241961541000023],[-88.10437008499997,30.243033541000045],[-88.10124008399998,30.242006541000023],[-88.07956707899996,30.246642543000064],[-88.07586107699996,30.24614454300007],[-88.07485907699999,30.24912454300005],[-88.08681708099994,30.259869545000072],[-88.12466309299998,30.283645549000028],[-88.12472709199994,30.273546547000024],[-88.13063609299996,30.262130545000048],[-88.14114809599994,30.255029543000035],[-88.19213210999999,30.250253540000074],[-88.20147311199997,30.251184540000054],[-88.27915913299995,30.235160534000045],[-88.29971013899996,30.231817532000036],[-88.32014714399998,30.232040532000042],[-88.32730714599995,30.22988753100003]]],[[[-88.34675015899995,30.39070756600006],[-88.33289515499996,30.389151566000066],[-88.34124015699996,30.39174356600006],[-88.34675015899995,30.39070756600006]]],[[[-88.39502817099998,30.36943056000007],[-88.37467616599997,30.38561356400004],[-88.36402716299995,30.388011565000056],[-88.35727516199995,30.405681569000024],[-88.35002615999997,30.40506656900004],[-88.34360815799994,30.400453568000046],[-88.33802315699995,30.404758569000023],[-88.32613915299999,30.397788568000067],[-88.32114815199998,30.396353568000052],[-88.31508714999995,30.39163856700003],[-88.31484914999999,30.384462566000025],[-88.31223514899995,30.376568564000024],[-88.31461214899997,30.371442563000073],[-88.31152214799994,30.370211562000065],[-88.30474814599995,30.37133956300005],[-88.30332214599997,30.37318556300005],[-88.30355914599994,30.379234565000047],[-88.29987514499999,30.385590566000076],[-88.28811014199994,30.38733356700004],[-88.28739714199997,30.38425756600003],[-88.28264014099994,30.382881566000037],[-88.267536136,30.38109056600007],[-88.26070013499998,30.382386567000026],[-88.23447112699995,30.371720565000032],[-88.22454112399998,30.37131256600003],[-88.21646612199999,30.36760456500008],[-88.20923611899997,30.360022564000076],[-88.19626911599994,30.363485565000076],[-88.18710911299996,30.362704565000058],[-88.18853711299994,30.34505856100003],[-88.19635811499995,30.34359156000005],[-88.19836611499994,30.338824559000045],[-88.19661811499998,30.337438559000077],[-88.19322911299997,30.326043557000048],[-88.19556611399997,30.323824556000034],[-88.19566911399994,30.32124755500007],[-88.19154711299996,30.317007555000032],[-88.17546110799998,30.324163557000077],[-88.15578010299998,30.327189558000043],[-88.14611709999997,30.323038557000075],[-88.13858109799997,30.311993555000072],[-88.13727409799998,30.32005355700005],[-88.13139209699995,30.334317560000045],[-88.12461609499996,30.34162856200004],[-88.11543709299997,30.35657556600006],[-88.10727909199994,30.377251571000045],[-88.10407509299995,30.42730558200003],[-88.10644209499998,30.452743587000043],[-88.10065109399994,30.461225589000037],[-88.09687209299994,30.471058592000077],[-88.10377309599994,30.500908598000024],[-88.10087909599997,30.509755600000062],[-88.09073909399996,30.52357560300004],[-88.08279709199996,30.52871860500005],[-88.08162209199998,30.54632260900007],[-88.08549809399995,30.56326361200007],[-88.087660095,30.564399613000035],[-88.08563009399995,30.56992061400007],[-88.06490308899998,30.58829761900006],[-88.06120508899994,30.596507620000068],[-88.05905808899996,30.608296623000058],[-88.05400308699996,30.612496624000073],[-88.05960308899995,30.619096625000054],[-88.06029808999995,30.626567627000043],[-88.05469808799995,30.633765629000038],[-88.05601808899996,30.637552630000073],[-88.06188209099997,30.64359163100005],[-88.04472108599998,30.649922633000074],[-88.03841208499995,30.647903633000055],[-88.029195083,30.65904563500004],[-88.02604108199995,30.65856563500006],[-88.02398608099998,30.660011636000036],[-88.02011008099998,30.67567163900003],[-88.01141707899995,30.685131642000044],[-88.00690307699995,30.68208964100006],[-87.98556407099994,30.677514641000073],[-87.95599406199995,30.65886763800006],[-87.93672205699994,30.657437638000033],[-87.93171005499994,30.654367637000064],[-87.92984605499998,30.65034663700004],[-87.92538005299997,30.648899636000067],[-87.92466905299995,30.641542635000064],[-87.91935105099998,30.636065634000033],[-87.91857605099995,30.630736633000026],[-87.92133105099998,30.62938463200004],[-87.92144205099999,30.62689563200007],[-87.91398104899997,30.620099631000073],[-87.91253504799994,30.615800630000024],[-87.91496104799995,30.58589862300005],[-87.91143604599995,30.57626662100006],[-87.90789604499997,30.573119620000057],[-87.90417304399995,30.565990619000047],[-87.90171604199998,30.550884616000076],[-87.90534804299995,30.53757161300007],[-87.91114604399996,30.52585361000007],[-87.92152704599994,30.51137160600007],[-87.92657004699998,30.496729603000063],[-87.93697404899996,30.483110600000032],[-87.93203504799999,30.481655599000078],[-87.92128304399995,30.473853598000062],[-87.91414104099994,30.44614959200004],[-87.90891303799998,30.41424558500006],[-87.90634803699999,30.409385584000063],[-87.86502202499997,30.38345558000003],[-87.85381102199995,30.378486579000025],[-87.84386601899996,30.378174579000074],[-87.83737301699995,30.376339579000046],[-87.83748401699995,30.368149577000054],[-87.82988501399996,30.353814575000058],[-87.80927100699995,30.33270757100007],[-87.79672200299996,30.324203569000076],[-87.77276299599998,30.311706567000044],[-87.75552099099997,30.291222563000076],[-87.75531898999998,30.28007756100004],[-87.76800799299997,30.262460556000065],[-87.78775499799997,30.25424955400007],[-87.80209200199994,30.25305955300007],[-87.81774800599999,30.25429755300007],[-87.86009001699995,30.240294548000065],[-87.87934802299998,30.238595547000045],[-87.89320602699996,30.23924254700006],[-87.91376703299994,30.24784254800005],[-87.91825203399998,30.25331354900004],[-87.93604603899996,30.26147455100005],[-87.94898404299994,30.256569549000062],[-87.96685204699997,30.235623544000077],[-88.01173905899998,30.23245354200003],[-88.02399606199998,30.230395541000064],[-88.02858506399997,30.226768540000023],[-88.02768306299998,30.22365053900006],[-88.01361205899997,30.223495540000044],[-87.96225804499994,30.229527543000074],[-87.92612403499999,30.230378544000075],[-87.83846701099998,30.22719054600003],[-87.800565,30.229370548000077],[-87.73553498299998,30.24068455200006],[-87.65689296099998,30.24971455700006],[-87.57407993899994,30.270885564000025],[-87.55866993499995,30.27130756500003],[-87.51832892399995,30.280440568000074],[-87.51838492399997,30.283906569000067],[-87.45238290699996,30.30020657500006],[-87.45008290599998,30.311105577000035],[-87.46298290999994,30.307805576000078],[-87.47588391299996,30.307905576000053],[-87.48368391499997,30.304806575000043],[-87.49488391899996,30.30500657400006],[-87.50278492099994,30.30730657500004],[-87.50578492199998,30.312505576000035],[-87.50470592199997,30.32404457800004],[-87.49998492099996,30.328962580000052],[-87.49188391899997,30.330905580000035],[-87.47558391399997,30.33140558100007],[-87.46488291099996,30.333305582000037],[-87.45998290999995,30.33630558300007],[-87.45096690799994,30.346267585000078],[-87.45138290899996,30.36720459000003],[-87.43868290599994,30.380803593000053],[-87.44088290699995,30.38670359400004],[-87.44068290699994,30.391503595000074],[-87.43428290599996,30.397503597000025],[-87.42958290499996,30.406503599000075],[-87.42268190299995,30.41010360000007],[-87.40888189899994,30.408803600000056],[-87.40348189799994,30.410203601000035],[-87.39568089599999,30.417602603000034],[-87.38638089299997,30.420502604000035],[-87.37117388999997,30.43049560600008],[-87.36659588799995,30.43665360800003],[-87.36694388899997,30.440485609000064],[-87.37077288999996,30.446870610000076],[-87.38118089299996,30.450102610000044],[-87.39198089599995,30.451602610000066],[-87.399881898,30.451002610000046],[-87.40468189999996,30.452902610000024],[-87.40788190099994,30.456401611000047],[-87.41468190299997,30.457301611000048],[-87.42508290599994,30.465601612000057],[-87.42958290799999,30.470601613000042],[-87.43058290799996,30.47660161500005],[-87.43558290999994,30.480501615000037],[-87.43058290899995,30.491101618000073],[-87.43118290899997,30.49580061900008],[-87.43969491199994,30.506654621000052],[-87.44322491299994,30.506787621000058],[-87.44770691399998,30.51046362200003],[-87.44494891399995,30.514948623000066],[-87.44659091499994,30.52707362500007],[-87.43544491299997,30.549145631000044],[-87.43144591099997,30.55026863100005],[-87.42789591099995,30.554164632000038],[-87.42604190999998,30.560078633000046],[-87.41865190799996,30.561842634000072],[-87.41666490799997,30.566311635000034],[-87.41835890899995,30.570048636000024],[-87.41451790799994,30.573461637000037],[-87.41271690699995,30.573232637000046],[-87.40874090699998,30.58370663900007],[-87.40656290699997,30.599933643000043],[-87.40460190599998,30.603394644000048],[-87.39927490499997,30.605616644000065],[-87.39503090399995,30.61528664700006],[-87.39643490499998,30.617739647000064],[-87.39359290399995,30.63088565000004],[-87.39718990599994,30.648122654000076],[-87.39618190599998,30.65045965400003],[-87.39726690699996,30.654356655000072],[-87.40071190799995,30.657153656000048],[-87.40587890899997,30.666621658000054],[-87.40696290999995,30.67517065900006],[-87.41953191399995,30.679986660000054],[-87.430376917,30.688650662000043],[-87.43602591899997,30.688673661000053],[-87.43981891999994,30.690484662000074],[-87.45140892399996,30.699811663000048],[-87.45695292499994,30.697565663000034],[-87.46634292799996,30.700840663000065],[-87.470401929,30.705286664000027],[-87.47443392999998,30.70659166400003],[-87.48122993299995,30.716513666000026],[-87.50232193899996,30.72159566600004],[-87.51173394199998,30.733540669000035],[-87.53261194799995,30.743494670000075],[-87.53536994899997,30.749780672000043],[-87.53653294999998,30.761388674000045],[-87.54616495299996,30.772025676000055],[-87.54504895299993,30.778671678000023],[-87.55205595599995,30.786259679000068],[-87.55948895799997,30.790452680000044],[-87.56421395899997,30.796251681000058],[-87.57204796199994,30.800537682000027],[-87.57685396299996,30.808168683000076],[-87.58187396499994,30.812408684000047],[-87.60049097099994,30.820632685000078],[-87.605780972,30.831309687000044],[-87.61592797499998,30.83469868800006],[-87.61537197499996,30.83703668800007],[-87.61728597599995,30.840358689000027],[-87.62732797899997,30.847966690000078],[-87.62538497899999,30.854360692000057],[-87.62623297899995,30.85713269200005],[-87.63494298199998,30.865891694000027],[-87.62945898099997,30.880120697000052],[-87.62079297899999,30.887499699000045],[-87.62220797999998,30.897513701000037],[-87.61601797799995,30.90145870200007],[-87.60781597699997,30.92449570800005],[-87.60268897599997,30.934282710000048],[-87.59689497499994,30.94113671200006],[-87.59205997399994,30.951497714000027],[-87.58919197399996,30.964469717000043],[-87.59411597599996,30.976340719000063],[-87.59268097599994,30.980145720000053],[-87.59672697699995,30.987615722000044],[-87.59893297799994,30.99746272400006],[-87.25498488199997,30.998290736000058],[-87.23768987699998,30.99639873600006],[-87.14075984999994,30.99953774000005],[-87.03999382199999,30.999599743000033],[-86.92781478999996,30.997709746000055],[-86.725383734,30.996877753000035],[-86.70626572799995,30.994708753000054],[-86.56344068799996,30.995228758000053],[-86.51994267599997,30.993250759000034],[-86.23833959599995,30.994375769000044],[-86.11692256199996,30.992922772000043],[-85.89354749899996,30.993472780000047],[-85.57949475299995,30.99640514600003],[-85.24363631499995,31.000889802000074],[-85.00250324599995,31.000687810000045],[-84.99943224599997,31.01384881300004],[-85.00455324799998,31.019185814000025],[-85.00505524799996,31.024706816000048],[-85.00941324999997,31.03238381700004],[-85.00882024999999,31.04557882000006],[-85.01264625199997,31.055407822000063],[-85.01815225299998,31.05925882300005],[-85.02857725699994,31.074588826000024],[-85.02607225699995,31.084185828000045],[-85.03561926099997,31.108197833000077],[-85.05468126699998,31.120823835000067],[-85.06403226999998,31.142500840000025],[-85.07663227399996,31.15693284300005],[-85.08358627599995,31.159635843000046],[-85.09211027899994,31.160298843000078],[-85.10021128099999,31.165495844000077],[-85.09851128199995,31.18015884700003],[-85.10205628299997,31.18473984800005],[-85.10752028399997,31.186456848000034],[-85.10696728499994,31.202698852000026],[-85.09870828299995,31.211291854000024],[-85.09871128299994,31.21951685600004],[-85.09676728299996,31.225656858000036],[-85.112356289,31.259585865000076],[-85.11326528999996,31.264348866000034],[-85.11190928999997,31.272482868000054],[-85.11460529099998,31.27733886900006],[-85.11031328899998,31.281738870000027],[-85.09911128599998,31.28417087100007],[-85.08977828399998,31.295031873000028],[-85.08740828399993,31.311228877000076],[-85.08378028399994,31.318215879000036],[-85.08415628399996,31.32831888100003],[-85.08941528599996,31.336038882000025],[-85.08706728499999,31.340322883000056],[-85.08592228599997,31.353151886000035],[-85.09179528699997,31.35521288700005],[-85.09217128799997,31.36458188900008],[-85.08243528599996,31.384545893000052],[-85.08040728599997,31.393937896000068],[-85.07763028499994,31.39888589700007],[-85.07998228699995,31.410477899000057],[-85.07675028599994,31.41597690100008],[-85.07552728599995,31.424766903000034],[-85.07269328499996,31.428283904000068],[-85.06908728399998,31.427624903000037],[-85.06587928299996,31.43059190400004],[-85.06595928399997,31.44298490700004],[-85.07162528699996,31.468389912000077],[-85.06569128599995,31.484127916000034],[-85.06210928499996,31.488022917000023],[-85.05892728399994,31.495994919000054],[-85.04499028199996,31.518235924000066],[-85.04456028199996,31.52091392500006],[-85.04826728299997,31.526017926000065],[-85.04130928099994,31.540992930000073],[-85.04255128199998,31.54595893100003],[-85.05084228499999,31.555556933000048],[-85.05293528599998,31.56289593400004],[-85.05796428799994,31.57084593600007],[-85.05528828699994,31.577097937000076],[-85.05844428799998,31.58369593900005],[-85.055980289,31.605183943000043],[-85.06055628999997,31.608229944000072],[-85.05753128999999,31.616888946000074],[-85.05817328999996,31.620232947000034],[-85.07383329499999,31.629572948000032],[-85.08003329699994,31.636872950000054],[-85.08450729799995,31.63903195000006],[-85.08517729899995,31.644106951000026],[-85.08227129799997,31.650371953000047],[-85.07851729699996,31.65169095300007],[-85.07992929799997,31.65529295400006],[-85.09243330199996,31.65997195400007],[-85.10943430699996,31.67747095800007],[-85.11393430899994,31.68687096000008],[-85.12233431099997,31.691270960000054],[-85.12553431299995,31.694970961000024],[-85.12653431399997,31.716769966000072],[-85.12223431299998,31.722769967000033],[-85.11893431199996,31.732669970000074],[-85.12923531699994,31.758668975000035],[-85.125234316,31.767068977000065],[-85.14193532099995,31.781968980000045],[-85.13293531899996,31.792368982000028],[-85.13133531999995,31.817567988000064],[-85.13431932099996,31.824613989000056],[-85.13308732099995,31.828671990000032],[-85.13923532299998,31.834166991000075],[-85.14183532399994,31.839266992000034],[-85.13773532299996,31.845866994000062],[-85.13803532299994,31.851267995000057],[-85.140735324,31.857466996000028],[-85.13583532299998,31.86246699800006],[-85.13373532299994,31.870066999000073],[-85.12843532199997,31.877566001000048],[-85.13413532399994,31.892166004000046],[-85.11703531899997,31.89286600500003],[-85.11203431799998,31.894766006000054],[-85.10983431799997,31.908066009000038],[-85.11273531899997,31.909865009000043],[-85.11313531899998,31.911865009000053],[-85.10243431599997,31.917365011000072],[-85.09953431599996,31.925265013000057],[-85.09183431399998,31.928865014000053],[-85.08643431299998,31.93596501600007],[-85.07893431099995,31.940165017000027],[-85.08243431199998,31.945364018000078],[-85.08673431399995,31.95916402100005],[-85.08323431299993,31.962464021000073],[-85.07393430999997,31.964164022000034],[-85.06783330899998,31.967364023000073],[-85.06593330799996,31.972464024000033],[-85.07093430999998,31.981664026000033],[-85.06833430999995,31.986763027000052],[-85.06803430999997,31.99336302900008],[-85.06344530899997,32.00414603100006],[-85.05507930699997,32.01072003300004],[-85.05367330699994,32.02066803500003],[-85.05014430599994,32.02109803600007],[-85.04931430599999,32.02270003600006],[-85.05625730799994,32.02834203700007],[-85.05484330799999,32.03882003900003],[-85.05883430999995,32.04666204100005],[-85.05418330999998,32.06799104600003],[-85.05581730999995,32.07444504700004],[-85.05323630999999,32.08061004800004],[-85.04708130799997,32.08435305000006],[-85.04551530799995,32.086873050000065],[-85.06154431499994,32.12967905900007],[-85.06114831499997,32.13407106000005],[-85.04559731099994,32.14376406300005],[-85.02658730599995,32.16611006800002],[-85.01127130299994,32.18049907200003],[-84.96463228999994,32.19515807700003],[-84.96173228899994,32.198656078000056],[-84.96323228999995,32.20225607800006],[-84.96693229099998,32.204457079000065],[-84.97463229299996,32.20365707800005],[-84.98023329499995,32.20775707900003],[-84.97873329499998,32.21255608000007],[-84.97213229299996,32.21825708200004],[-84.96743229199996,32.219357082000045],[-84.96143228999995,32.21805708200003],[-84.93933228399999,32.217957083000044],[-84.92823128099997,32.21985708300008],[-84.92293127999994,32.22475708500008],[-84.92263127999996,32.23175708600007],[-84.91633127799997,32.23655708700005],[-84.91273127799997,32.24335608900003],[-84.91393127799995,32.245156089000034],[-84.91723127899996,32.24595609000005],[-84.92033127999997,32.244056089000026],[-84.92303128099996,32.24455508900007],[-84.92443128099995,32.24980309000006],[-84.92301928099994,32.25082809000003],[-84.91733127899994,32.24905509000007],[-84.90723127599995,32.24905609100006],[-84.90409127499998,32.25084409100003],[-84.90145827499998,32.25743009300004],[-84.89230027199994,32.25827809300006],[-84.88917827199998,32.25923809300008],[-84.88908427199993,32.260917094000035],[-84.90402727699995,32.27375509600006],[-84.91113127899996,32.27695509700004],[-84.92287628199995,32.285339098000065],[-84.93380428599994,32.298266100000035],[-84.98951830299995,32.31932210300005],[-85.00187830699997,32.322021103000054],[-85.00710730899993,32.32836810400005],[-85.00810030899999,32.336683106000066],[-85.004586309,32.345202108000024],[-84.98678230399997,32.359064112000056],[-84.98347030399998,32.363192113000025],[-84.98630230499998,32.369672114000025],[-84.98409430399994,32.373528115000056],[-84.97433430199999,32.37458411600005],[-84.97196630099995,32.377704116000075],[-84.97382230199997,32.37987911700003],[-84.98628630499996,32.380342117000055],[-84.98855830599996,32.384087117000036],[-84.98339030499994,32.391767119000065],[-84.97836630299997,32.39050311900007],[-84.96873430099998,32.391463120000026],[-84.96876630099996,32.39301512000003],[-84.97990230399995,32.40010312100003],[-84.98110230499998,32.402839122000046],[-84.97943530499998,32.412250124000025],[-84.97183430299998,32.41625012500003],[-84.96343430099995,32.42255012700008],[-84.96303430099994,32.42425012700005],[-84.96703530199994,32.43534912900003],[-84.97183530399997,32.44284913100006],[-84.98383530799998,32.44564913100004],[-84.99353531099996,32.450749132000055],[-84.99533531099996,32.45324913200005],[-84.99803531299995,32.46174913400006],[-84.99823531299995,32.46984813600005],[-84.99523531199998,32.47524813700005],[-84.99483531299995,32.48604813900005],[-84.99833631399997,32.49414814100004],[-84.99750931399996,32.500734142000056],[-84.99983631499998,32.504347143000075],[-85.00153631599994,32.51474714500006],[-85.00710431799996,32.52387414700007],[-85.01379231999994,32.526114147000044],[-85.01619532099994,32.53113314800004],[-85.02024132199995,32.53475414900004],[-85.02251332399999,32.54292915100007],[-85.03207532599998,32.54543515100005],[-85.03484532799996,32.55200215200006],[-85.04055932899996,32.555650153000045],[-85.05693033499995,32.571248156000024],[-85.05967633599994,32.576748157000054],[-85.06753933799996,32.57955215700002],[-85.08029234299994,32.603583162000064],[-85.08224434399995,32.61627016500006],[-85.08729834599995,32.62047616500007],[-85.08944534699998,32.625435166000045],[-85.08236934499996,32.63384016800006],[-85.08363934599998,32.63597916900005],[-85.09134034799996,32.634042168000065],[-85.09660134899997,32.63467316800006],[-85.10039234999994,32.63712416900006],[-85.10534135199998,32.64484117000006],[-85.10034135099994,32.65014117100003],[-85.08974034799996,32.65564117300005],[-85.08848734799994,32.65776417300003],[-85.09354034999996,32.66974017600006],[-85.10404135399995,32.67964017800006],[-85.11264135599998,32.68344017800007],[-85.11704135799994,32.69203918000005],[-85.11900435899997,32.710063184000035],[-85.12274236099995,32.71573318500003],[-85.12084236099997,32.72293818600008],[-85.11504235899997,32.72883718800006],[-85.11333335899997,32.73575719000007],[-85.11855436099995,32.74082319000007],[-85.13220036499996,32.744417191000025],[-85.13658836599996,32.748443191000035],[-85.14257136899994,32.76068819400007],[-85.13738636799997,32.769074196000076],[-85.13439436699997,32.770583196000075],[-85.13088836599997,32.76956819600008],[-85.12219336299995,32.77335919700005],[-85.12622336499999,32.779195198000025],[-85.12993836599998,32.77965519800006],[-85.13467736799998,32.783911199000045],[-85.13928936899998,32.78492719900004],[-85.14190736999996,32.791827201000046],[-85.14577537099996,32.79112120000008],[-85.15191737299995,32.794110201000024],[-85.16794337899995,32.81161820400007],[-85.16410837799998,32.821286206000025],[-85.16802037899998,32.829209208000066],[-85.16058437799995,32.83825521000006],[-85.15458837599994,32.83981121100004],[-85.15339237599994,32.844871212000044],[-85.15588837699994,32.849924213000065],[-85.16231437899995,32.85648521400003],[-85.170103381,32.852503213000034],[-85.17713138299996,32.85390121300003],[-85.18440438599998,32.86132321400004],[-85.18413538599998,32.870531216000074],[-85.23238241199994,33.10808326600005],[-85.28140905699996,33.36308282600004],[-85.39149974499998,33.92707449900007],[-85.47045454599998,34.32824551600004],[-85.51393456999995,34.52519855500003],[-85.56142059699994,34.750085600000034],[-85.59516761699996,34.924177635000035],[-85.60516962299994,34.98468464700005],[-85.82441568599995,34.98814863900003],[-86.25395097899997,34.99075617600005],[-86.52848988799997,34.990683611000065],[-86.862151983,34.991962597000054],[-87.39131913399996,35.002380577000054],[-87.67141021299994,35.003543566000076],[-88.20296436299998,35.008034544000054],[-88.20006936099998,34.99564054200005],[-88.19881636099996,34.991198541000074],[-88.18743435699997,34.97491553800006],[-88.17611135299995,34.962525536000044],[-88.15462234399996,34.92239852900008],[-88.13669733799998,34.90759852700006],[-88.12504333399994,34.90223352600003],[-88.10000432699997,34.89410152500005],[-88.09789332599996,34.89220852500006],[-88.11841232199998,34.724298490000024],[-88.15629731599995,34.46322043600003],[-88.18762530999999,34.20478438200007],[-88.19068330999994,34.19012937900004],[-88.21074630599998,34.02920534500004],[-88.24303030099998,33.79568629500005],[-88.28595340599998,33.44165096100005],[-88.33093928499994,33.07313114200008],[-88.38299027599999,32.62696004600008],[-88.42828326899996,32.25014896500005],[-88.47323226399999,31.89386188700007],[-88.46443025199994,31.697886846000074],[-88.45158023799996,31.481538800000067],[-88.43201221499999,31.114303721000056],[-88.41813248399995,30.855882029000043],[-88.39502817099998,30.36943056000007]]]]}},{"type":"Feature","properties":{"shapeName":"Georgia","shapeISO":"US-GA","shapeID":"66186276B75419826371250","shapeGroup":"USA","shapeType":"ADM1"},"geometry":{"type":"MultiPolygon","coordinates":[[[[-81.27939418299997,31.30792599700004],[-81.27939418299997,31.305844997000065],[-81.27188518099996,31.304110997000066],[-81.27066718099996,31.310526998000057],[-81.27716218299997,31.311220998000067],[-81.27939418299997,31.30792599700004]]],[[[-84.32187325299998,34.98841469900003],[-84.93931043099997,34.98792267400006],[-85.38497155999994,34.982993656000076],[-85.60516962299994,34.98468464700005],[-85.59516761699996,34.924177635000035],[-85.56142059699994,34.750085600000034],[-85.51393456999995,34.52519855500003],[-85.47045454599998,34.32824551600004],[-85.39149974499998,33.92707449900007],[-85.28140905699996,33.36308282600004],[-85.23238241199994,33.10808326600005],[-85.18413538599998,32.870531216000074],[-85.18440438599998,32.86132321400004],[-85.17713138299996,32.85390121300003],[-85.170103381,32.852503213000034],[-85.16231437899995,32.85648521400003],[-85.15588837699994,32.849924213000065],[-85.15339237599994,32.844871212000044],[-85.15458837599994,32.83981121100004],[-85.16058437799995,32.83825521000006],[-85.16802037899998,32.829209208000066],[-85.16410837799998,32.821286206000025],[-85.16794337899995,32.81161820400007],[-85.15191737299995,32.794110201000024],[-85.14577537099996,32.79112120000008],[-85.14190736999996,32.791827201000046],[-85.13928936899998,32.78492719900004],[-85.13467736799998,32.783911199000045],[-85.12993836599998,32.77965519800006],[-85.12622336499999,32.779195198000025],[-85.12219336299995,32.77335919700005],[-85.13088836599997,32.76956819600008],[-85.13439436699997,32.770583196000075],[-85.13738636799997,32.769074196000076],[-85.14257136899994,32.76068819400007],[-85.13658836599996,32.748443191000035],[-85.13220036499996,32.744417191000025],[-85.11855436099995,32.74082319000007],[-85.11333335899997,32.73575719000007],[-85.11504235899997,32.72883718800006],[-85.12084236099997,32.72293818600008],[-85.12274236099995,32.71573318500003],[-85.11900435899997,32.710063184000035],[-85.11704135799994,32.69203918000005],[-85.11264135599998,32.68344017800007],[-85.10404135399995,32.67964017800006],[-85.09354034999996,32.66974017600006],[-85.08848734799994,32.65776417300003],[-85.08974034799996,32.65564117300005],[-85.10034135099994,32.65014117100003],[-85.10534135199998,32.64484117000006],[-85.10039234999994,32.63712416900006],[-85.09660134899997,32.63467316800006],[-85.09134034799996,32.634042168000065],[-85.08363934599998,32.63597916900005],[-85.08236934499996,32.63384016800006],[-85.08944534699998,32.625435166000045],[-85.08729834599995,32.62047616500007],[-85.08224434399995,32.61627016500006],[-85.08029234299994,32.603583162000064],[-85.06753933799996,32.57955215700002],[-85.05967633599994,32.576748157000054],[-85.05693033499995,32.571248156000024],[-85.04055932899996,32.555650153000045],[-85.03484532799996,32.55200215200006],[-85.03207532599998,32.54543515100005],[-85.02251332399999,32.54292915100007],[-85.02024132199995,32.53475414900004],[-85.01619532099994,32.53113314800004],[-85.01379231999994,32.526114147000044],[-85.00710431799996,32.52387414700007],[-85.00153631599994,32.51474714500006],[-84.99983631499998,32.504347143000075],[-84.99750931399996,32.500734142000056],[-84.99833631399997,32.49414814100004],[-84.99483531299995,32.48604813900005],[-84.99523531199998,32.47524813700005],[-84.99823531299995,32.46984813600005],[-84.99803531299995,32.46174913400006],[-84.99533531099996,32.45324913200005],[-84.99353531099996,32.450749132000055],[-84.98383530799998,32.44564913100004],[-84.97183530399997,32.44284913100006],[-84.96703530199994,32.43534912900003],[-84.96303430099994,32.42425012700005],[-84.96343430099995,32.42255012700008],[-84.97183430299998,32.41625012500003],[-84.97943530499998,32.412250124000025],[-84.98110230499998,32.402839122000046],[-84.97990230399995,32.40010312100003],[-84.96876630099996,32.39301512000003],[-84.96873430099998,32.391463120000026],[-84.97836630299997,32.39050311900007],[-84.98339030499994,32.391767119000065],[-84.98855830599996,32.384087117000036],[-84.98628630499996,32.380342117000055],[-84.97382230199997,32.37987911700003],[-84.97196630099995,32.377704116000075],[-84.97433430199999,32.37458411600005],[-84.98409430399994,32.373528115000056],[-84.98630230499998,32.369672114000025],[-84.98347030399998,32.363192113000025],[-84.98678230399997,32.359064112000056],[-85.004586309,32.345202108000024],[-85.00810030899999,32.336683106000066],[-85.00710730899993,32.32836810400005],[-85.00187830699997,32.322021103000054],[-84.98951830299995,32.31932210300005],[-84.93380428599994,32.298266100000035],[-84.92287628199995,32.285339098000065],[-84.91113127899996,32.27695509700004],[-84.90402727699995,32.27375509600006],[-84.88908427199993,32.260917094000035],[-84.88917827199998,32.25923809300008],[-84.89230027199994,32.25827809300006],[-84.90145827499998,32.25743009300004],[-84.90409127499998,32.25084409100003],[-84.90723127599995,32.24905609100006],[-84.91733127899994,32.24905509000007],[-84.92301928099994,32.25082809000003],[-84.92443128099995,32.24980309000006],[-84.92303128099996,32.24455508900007],[-84.92033127999997,32.244056089000026],[-84.91723127899996,32.24595609000005],[-84.91393127799995,32.245156089000034],[-84.91273127799997,32.24335608900003],[-84.91633127799997,32.23655708700005],[-84.92263127999996,32.23175708600007],[-84.92293127999994,32.22475708500008],[-84.92823128099997,32.21985708300008],[-84.93933228399999,32.217957083000044],[-84.96143228999995,32.21805708200003],[-84.96743229199996,32.219357082000045],[-84.97213229299996,32.21825708200004],[-84.97873329499998,32.21255608000007],[-84.98023329499995,32.20775707900003],[-84.97463229299996,32.20365707800005],[-84.96693229099998,32.204457079000065],[-84.96323228999995,32.20225607800006],[-84.96173228899994,32.198656078000056],[-84.96463228999994,32.19515807700003],[-85.01127130299994,32.18049907200003],[-85.02658730599995,32.16611006800002],[-85.04559731099994,32.14376406300005],[-85.06114831499997,32.13407106000005],[-85.06154431499994,32.12967905900007],[-85.04551530799995,32.086873050000065],[-85.04708130799997,32.08435305000006],[-85.05323630999999,32.08061004800004],[-85.05581730999995,32.07444504700004],[-85.05418330999998,32.06799104600003],[-85.05883430999995,32.04666204100005],[-85.05484330799999,32.03882003900003],[-85.05625730799994,32.02834203700007],[-85.04931430599999,32.02270003600006],[-85.05014430599994,32.02109803600007],[-85.05367330699994,32.02066803500003],[-85.05507930699997,32.01072003300004],[-85.06344530899997,32.00414603100006],[-85.06803430999997,31.99336302900008],[-85.06833430999995,31.986763027000052],[-85.07093430999998,31.981664026000033],[-85.06593330799996,31.972464024000033],[-85.06783330899998,31.967364023000073],[-85.07393430999997,31.964164022000034],[-85.08323431299993,31.962464021000073],[-85.08673431399995,31.95916402100005],[-85.08243431199998,31.945364018000078],[-85.07893431099995,31.940165017000027],[-85.08643431299998,31.93596501600007],[-85.09183431399998,31.928865014000053],[-85.09953431599996,31.925265013000057],[-85.10243431599997,31.917365011000072],[-85.11313531899998,31.911865009000053],[-85.11273531899997,31.909865009000043],[-85.10983431799997,31.908066009000038],[-85.11203431799998,31.894766006000054],[-85.11703531899997,31.89286600500003],[-85.13413532399994,31.892166004000046],[-85.12843532199997,31.877566001000048],[-85.13373532299994,31.870066999000073],[-85.13583532299998,31.86246699800006],[-85.140735324,31.857466996000028],[-85.13803532299994,31.851267995000057],[-85.13773532299996,31.845866994000062],[-85.14183532399994,31.839266992000034],[-85.13923532299998,31.834166991000075],[-85.13308732099995,31.828671990000032],[-85.13431932099996,31.824613989000056],[-85.13133531999995,31.817567988000064],[-85.13293531899996,31.792368982000028],[-85.14193532099995,31.781968980000045],[-85.125234316,31.767068977000065],[-85.12923531699994,31.758668975000035],[-85.11893431199996,31.732669970000074],[-85.12223431299998,31.722769967000033],[-85.12653431399997,31.716769966000072],[-85.12553431299995,31.694970961000024],[-85.12233431099997,31.691270960000054],[-85.11393430899994,31.68687096000008],[-85.10943430699996,31.67747095800007],[-85.09243330199996,31.65997195400007],[-85.07992929799997,31.65529295400006],[-85.07851729699996,31.65169095300007],[-85.08227129799997,31.650371953000047],[-85.08517729899995,31.644106951000026],[-85.08450729799995,31.63903195000006],[-85.08003329699994,31.636872950000054],[-85.07383329499999,31.629572948000032],[-85.05817328999996,31.620232947000034],[-85.05753128999999,31.616888946000074],[-85.06055628999997,31.608229944000072],[-85.055980289,31.605183943000043],[-85.05844428799998,31.58369593900005],[-85.05528828699994,31.577097937000076],[-85.05796428799994,31.57084593600007],[-85.05293528599998,31.56289593400004],[-85.05084228499999,31.555556933000048],[-85.04255128199998,31.54595893100003],[-85.04130928099994,31.540992930000073],[-85.04826728299997,31.526017926000065],[-85.04456028199996,31.52091392500006],[-85.04499028199996,31.518235924000066],[-85.05892728399994,31.495994919000054],[-85.06210928499996,31.488022917000023],[-85.06569128599995,31.484127916000034],[-85.07162528699996,31.468389912000077],[-85.06595928399997,31.44298490700004],[-85.06587928299996,31.43059190400004],[-85.06908728399998,31.427624903000037],[-85.07269328499996,31.428283904000068],[-85.07552728599995,31.424766903000034],[-85.07675028599994,31.41597690100008],[-85.07998228699995,31.410477899000057],[-85.07763028499994,31.39888589700007],[-85.08040728599997,31.393937896000068],[-85.08243528599996,31.384545893000052],[-85.09217128799997,31.36458188900008],[-85.09179528699997,31.35521288700005],[-85.08592228599997,31.353151886000035],[-85.08706728499999,31.340322883000056],[-85.08941528599996,31.336038882000025],[-85.08415628399996,31.32831888100003],[-85.08378028399994,31.318215879000036],[-85.08740828399993,31.311228877000076],[-85.08977828399998,31.295031873000028],[-85.09911128599998,31.28417087100007],[-85.11031328899998,31.281738870000027],[-85.11460529099998,31.27733886900006],[-85.11190928999997,31.272482868000054],[-85.11326528999996,31.264348866000034],[-85.112356289,31.259585865000076],[-85.09676728299996,31.225656858000036],[-85.09871128299994,31.21951685600004],[-85.09870828299995,31.211291854000024],[-85.10696728499994,31.202698852000026],[-85.10752028399997,31.186456848000034],[-85.10205628299997,31.18473984800005],[-85.09851128199995,31.18015884700003],[-85.10021128099999,31.165495844000077],[-85.09211027899994,31.160298843000078],[-85.08358627599995,31.159635843000046],[-85.07663227399996,31.15693284300005],[-85.06403226999998,31.142500840000025],[-85.05468126699998,31.120823835000067],[-85.03561926099997,31.108197833000077],[-85.02607225699995,31.084185828000045],[-85.02857725699994,31.074588826000024],[-85.01815225299998,31.05925882300005],[-85.01264625199997,31.055407822000063],[-85.00882024999999,31.04557882000006],[-85.00941324999997,31.03238381700004],[-85.00505524799996,31.024706816000048],[-85.00455324799998,31.019185814000025],[-84.99943224599997,31.01384881300004],[-85.00250324599995,31.000687810000045],[-85.00254424599996,30.98690480700003],[-85.00593824599997,30.97980980500006],[-85.00510924599996,30.974709804000042],[-84.99993224399998,30.971191804000057],[-84.98483123999995,30.96749180300003],[-84.98013123799996,30.961291802000062],[-84.97963123799997,30.954691801000024],[-84.98303123799997,30.942591798000024],[-84.98313123799994,30.93479179600007],[-84.97103023399995,30.92819279500003],[-84.96673023299996,30.91729279300006],[-84.95612922899994,30.90759279100007],[-84.94252922399994,30.888493787000073],[-84.93541722199996,30.882486786000072],[-84.93840522299996,30.873050784000043],[-84.93400122099996,30.863298782000072],[-84.93526022099996,30.854333780000047],[-84.92881121899995,30.84678477800003],[-84.92833921799996,30.842537777000075],[-84.93415921999997,30.834044775000052],[-84.93604621999998,30.82067677200007],[-84.92832721699995,30.805095769000047],[-84.92832721599996,30.79309576600008],[-84.91802721299996,30.778095763000067],[-84.92012721299994,30.765995760000067],[-84.91502621099994,30.76119675900003],[-84.91432621099995,30.753596757000025],[-84.91112620999996,30.75119675700006],[-84.90632620799994,30.75059675700004],[-84.90022620699995,30.751896758000044],[-84.89612620499997,30.75059675700004],[-84.88752620199995,30.741796756000042],[-84.88382520099998,30.732596754000042],[-84.87542519799996,30.727496753000025],[-84.86975619699996,30.721902752000062],[-84.86469719499996,30.71154775000008],[-84.64481913199995,30.701997754000047],[-84.47441308199996,30.692798758000038],[-84.37490905399994,30.689799760000028],[-84.15521367099996,30.679530819000036],[-83.49987980099996,30.645676777000062],[-82.93992163799999,30.61259771600004],[-82.56924052999995,30.590970793000054],[-82.21484242599996,30.568596799000034],[-82.21438842599997,30.566963798000074],[-82.21731842699995,30.565195798000047],[-82.22282942799995,30.565600798000048],[-82.22826842999996,30.562585797000054],[-82.23443043099996,30.55659879500007],[-82.23444143099994,30.54900879300004],[-82.23891543199994,30.545431792000045],[-82.24040643199999,30.53777579100006],[-82.23612643099995,30.53116078900007],[-82.23075542899994,30.52676378800004],[-82.22940242799996,30.520828787000028],[-82.23038042799999,30.517344786000024],[-82.22693642699994,30.510286785000062],[-82.21285542299995,30.498756782000044],[-82.201419419,30.485169780000035],[-82.20094141799996,30.474443777000033],[-82.20771141999995,30.46050877400006],[-82.20397841799996,30.444512770000074],[-82.206489418,30.43708676800003],[-82.20987341899996,30.43282376700006],[-82.21029441899998,30.42459576500005],[-82.20415441599994,30.401335760000052],[-82.19233941199997,30.38457575700005],[-82.19294341199998,30.378784755000027],[-82.18881741099995,30.376601755000024],[-82.18463640999994,30.377170755000066],[-82.18002140799996,30.368630753000048],[-82.171511405,30.359874751000063],[-82.16519540299998,30.358040751000033],[-82.16176040199997,30.357856751000043],[-82.15811240099998,30.359918752000056],[-82.14328539699994,30.36339875300007],[-82.10483738599999,30.36832475500006],[-82.10250338499998,30.367828755000062],[-82.10180138499999,30.36534175500003],[-82.09469038299994,30.36078675400006],[-82.08110937899994,30.358811754000044],[-82.06003737299994,30.360333755000056],[-82.04792036899994,30.363270756000077],[-82.04074936799998,30.370163758000047],[-82.03682836699994,30.377889760000073],[-82.03587436699996,30.385292761000073],[-82.04116736899994,30.39684676400003],[-82.04199336899995,30.403271765000056],[-82.03997436899994,30.41428576800007],[-82.03400836799995,30.422362770000063],[-82.03721236899997,30.434523773000024],[-82.03620636899996,30.438465774000065],[-82.02821536699997,30.44740177600005],[-82.02373736599998,30.467294781000078],[-82.01778236499996,30.47508678300005],[-82.01822536599997,30.492090787000052],[-82.01589536499995,30.495504788000062],[-82.01477336599999,30.513014792000035],[-82.01887136699997,30.52383379400004],[-82.01836436699995,30.531189796000035],[-82.01321936699998,30.550096800000063],[-82.00548036499998,30.563500804000057],[-82.01211236799998,30.59377881000006],[-82.01571136899997,30.601709812000024],[-82.02734137299996,30.606731813000067],[-82.02654437299998,30.61330881500004],[-82.02850237399997,30.621834816000046],[-82.03994437799997,30.637149820000047],[-82.03909537799996,30.64113782100003],[-82.04227437899993,30.649457822000045],[-82.04951038099995,30.655553824000037],[-82.04699738099998,30.665931826000076],[-82.05043538299998,30.67627182800004],[-82.04181538099994,30.692381832000024],[-82.03642937999996,30.706590836000032],[-82.03756637999999,30.718645839000033],[-82.04379838299997,30.729646841000033],[-82.04002938199994,30.737553843000057],[-82.03897038199995,30.749267846000066],[-82.03596738099998,30.75100384600006],[-82.02840337899994,30.750986846000046],[-82.01792037599995,30.75526884800007],[-82.01160037499994,30.763127850000046],[-82.01788437699997,30.77584985200008],[-82.024038379,30.78316185400007],[-82.02286937899999,30.787996855000074],[-82.01705437699997,30.791662856000073],[-82.00786837499999,30.79294285700007],[-81.99497537099995,30.786078855000028],[-81.98860836899996,30.780061854000053],[-81.98127636599997,30.776772854000058],[-81.97385936399996,30.778492854000035],[-81.96894936299998,30.79082085700003],[-81.96253736199998,30.796531859000027],[-81.96217836299996,30.81800686400004],[-81.95976236199994,30.82117386500005],[-81.94979035899996,30.82749886600004],[-81.93759535599997,30.827718867000044],[-81.93359035399999,30.820667865000075],[-81.92445135199995,30.817571865000048],[-81.91092934799997,30.815894865000075],[-81.90453634599999,30.817748865000056],[-81.90409434599997,30.820415866000076],[-81.90727334699994,30.825560867000036],[-81.90144634499995,30.829927868000027],[-81.89622434399996,30.82568986800004],[-81.89290934299999,30.825518868000074],[-81.89102434199998,30.822475867000037],[-81.89128434199995,30.815950865000048],[-81.88272833899998,30.805129863000047],[-81.88153833799998,30.80080586200006],[-81.87135333499998,30.797272862000057],[-81.86861133399998,30.792759861000036],[-81.85262932999996,30.794444862000034],[-81.84706632799998,30.79121586100007],[-81.84177732599994,30.79138486100004],[-81.83942732599996,30.787177860000043],[-81.80853231699996,30.790019862000065],[-81.79820931299997,30.78351186100008],[-81.79320331199995,30.786092862000032],[-81.78367930899998,30.772884859000044],[-81.78670030899997,30.769807858000036],[-81.78258830799996,30.766078857000025],[-81.78321330799997,30.761890856000036],[-81.77157130499995,30.764148857000066],[-81.77348630599994,30.76700185800007],[-81.76974630499996,30.77533286000005],[-81.76326430299997,30.77581286000003],[-81.75488229999996,30.768706859000076],[-81.74124729599998,30.76524985800006],[-81.74236429599995,30.759679857000037],[-81.73275329299997,30.75497385600005],[-81.73387129299994,30.75161185500008],[-81.73223029299999,30.749639855000055],[-81.719930289,30.74463985400007],[-81.69478128199995,30.748419856000055],[-81.68892827999997,30.741439854000078],[-81.67282727499997,30.738940854000077],[-81.66932727399995,30.741340855000033],[-81.66907827399996,30.74499185600007],[-81.67247127499996,30.74844085600006],[-81.67930927699996,30.744750855000063],[-81.68332927799997,30.74756285600006],[-81.67843827699994,30.751075857000046],[-81.66984727499994,30.75167485700007],[-81.66334827299994,30.754407858000036],[-81.65977827199998,30.750776857000062],[-81.66269227199996,30.743045856000037],[-81.65988927099994,30.74218585500006],[-81.65508226999998,30.743906856000024],[-81.65212626899995,30.74244085600003],[-81.65177326899999,30.732289853000054],[-81.64919126799998,30.728691853000043],[-81.64614026699996,30.727596852000033],[-81.64191826599995,30.728927853000073],[-81.63806126499998,30.733373854000035],[-81.63505026399997,30.73328185400004],[-81.63326926299999,30.72960885300006],[-81.63069526199996,30.728100853000058],[-81.62833426199995,30.735399855000026],[-81.62436926099997,30.736345855000025],[-81.62082625999994,30.73162585400007],[-81.62354525999996,30.72468585200005],[-81.62114225899995,30.722545852000053],[-81.61506925799995,30.72269685200007],[-81.61065925599996,30.716222851000055],[-81.60762325499996,30.71637885100006],[-81.60583025499994,30.71969585200003],[-81.60602125499997,30.726224853000076],[-81.60429625499995,30.728944854000076],[-81.60088025399995,30.729449854000052],[-81.59645525199994,30.727255854000077],[-81.59710925199994,30.71933185200004],[-81.59384425099995,30.71848685200007],[-81.58682324899996,30.723740853000038],[-81.57372224499994,30.722341853000046],[-81.56379924199996,30.71775485300003],[-81.56346424199995,30.71342885200005],[-81.56071224099998,30.71169485100006],[-81.54930423799993,30.718297853000024],[-81.54609923699996,30.717035853000027],[-81.54159823599997,30.710067851000076],[-81.53839423499994,30.708661851000045],[-81.53515123399995,30.709707852000065],[-81.53381623299998,30.712060852000036],[-81.53425123399995,30.720975854000073],[-81.53336923399996,30.72343885500004],[-81.53115923299998,30.724224855000045],[-81.51611922899997,30.72224185500005],[-81.48733521999998,30.72608685700004],[-81.47575721599998,30.714759855000068],[-81.47260021599999,30.713317854000024],[-81.45998121199995,30.71043985400007],[-81.44412720699995,30.70971985400007],[-81.45947321299997,30.74198486100005],[-81.46106821399997,30.753689864000023],[-81.46006421399994,30.76991786800005],[-81.45529021399994,30.790935873000024],[-81.44693021199998,30.810395878000065],[-81.44013320999994,30.821374880000064],[-81.43083820799995,30.83116188300005],[-81.41247620499996,30.885756896000032],[-81.40408220299997,30.903743900000052],[-81.40341220499994,30.95791991300007],[-81.40848720699995,30.97772391700005],[-81.41582820999997,30.97719791700007],[-81.42011121099995,30.974081916000046],[-81.42693221199994,30.956620912000062],[-81.44739121799995,30.95673791100006],[-81.44805221899998,30.965516913000044],[-81.45357121999996,30.96557891300006],[-81.46681722399995,30.970915914000045],[-81.47232422599996,30.96990491400004],[-81.47579222699994,30.965981913000064],[-81.48696922999994,30.96960791300006],[-81.49365423199998,30.977533915000038],[-81.49058923199993,30.98495791700003],[-81.46096922399994,30.99914792100003],[-81.45779822299994,31.01026492300008],[-81.45144722199996,31.015520925000033],[-81.43492621699994,31.01780992600004],[-81.43471321699997,31.01464692500008],[-81.43247821599994,31.01299692500004],[-81.42473521399995,31.013683925000066],[-81.42047721299997,31.016708926000035],[-81.41512621099997,31.02672392900007],[-81.40127020899996,31.07278694000007],[-81.40373521099997,31.107120947000055],[-81.40952621399998,31.120616950000056],[-81.39968021099997,31.13411895400003],[-81.38774620799995,31.134438954000075],[-81.37589220499996,31.14034295600004],[-81.36581520199996,31.147950958000024],[-81.35488319999996,31.16720996300006],[-81.33111419399995,31.196960970000077],[-81.31590218999997,31.209158974000047],[-81.30306818599996,31.216883976000076],[-81.29570018399994,31.215053976000036],[-81.29047118299997,31.21769697600007],[-81.28284518199996,31.244335983000042],[-81.27686517999996,31.25473998500007],[-81.26955517799996,31.258746986000062],[-81.27123617899997,31.265899988000058],[-81.27953718199996,31.271749989000057],[-81.28761818599997,31.310542998000074],[-81.28292618499995,31.326497002000053],[-81.28595518699996,31.349726007000072],[-81.29427318999996,31.368602011000064],[-81.26861618299995,31.38301501500007],[-81.26180618199999,31.393574018000038],[-81.25861918099997,31.40443102000006],[-81.24691417899999,31.42279002500004],[-81.20488616799997,31.47313003800008],[-81.18964616499994,31.503594045000057],[-81.18457516399997,31.510471047000067],[-81.17662216199994,31.51541504800008],[-81.17971216299998,31.52291205000006],[-81.18589216499998,31.529597051000053],[-81.19825416899994,31.537039053000058],[-81.20419317099999,31.536080052000045],[-81.21352217299994,31.52815805000006],[-81.21795117399995,31.527290050000033],[-81.22855017799998,31.526989049000065],[-81.23448517899999,31.530001050000067],[-81.258812187,31.52906604900005],[-81.26344018799995,31.530938049000042],[-81.26390818799996,31.532585049000033],[-81.26007918799996,31.548286053000027],[-81.25422118599994,31.55594605500005],[-81.24070218199995,31.552319055000055],[-81.21606817499998,31.558421057000032],[-81.20320517199997,31.569719060000068],[-81.18611716699996,31.56803806000005],[-81.17876116399998,31.55815805800006],[-81.17186816199995,31.55896805800006],[-81.16036715899997,31.57044206100005],[-81.14997315699998,31.593482067000025],[-81.12884815299998,31.631445076000034],[-81.13397715499997,31.640963078000027],[-81.13641115699994,31.67483808600008],[-81.13561115699997,31.683497088000024],[-81.13114015599996,31.695780091000074],[-81.13939715899994,31.699923092000063],[-81.14937216199996,31.69931009100003],[-81.15189116199997,31.698417091000067],[-81.15462716299999,31.69388009000005],[-81.16108716499997,31.69140708900005],[-81.18630617299993,31.701515091000033],[-81.19529217599995,31.71384609300003],[-81.20357517799994,31.71945409400007],[-81.19278717599997,31.73325109800004],[-81.17404316999995,31.727493097000036],[-81.16067316599998,31.728150097000025],[-81.13845115899994,31.72094009600005],[-81.13063715699997,31.722698097000034],[-81.07917314399998,31.762690108000072],[-81.07037914199998,31.771380110000052],[-81.04637413599994,31.800876118000076],[-81.03591613299994,31.810370120000073],[-81.034727133,31.816429121000056],[-81.03981113499998,31.823006123000027],[-81.04794313699995,31.824887123000053],[-81.05231613799998,31.819055122000066],[-81.06211914099998,31.821077122000077],[-81.06728514299994,31.826132123000036],[-81.07581514599997,31.829037123000035],[-81.07618114599995,31.836138125000048],[-81.06279314199998,31.844746127000064],[-81.05907314199999,31.850112128000035],[-81.05859914199993,31.857817130000058],[-81.06525814499997,31.877101134000043],[-81.04155113799999,31.876204135000023],[-81.03141113399994,31.872936134000042],[-81.02840813299997,31.86814613300004],[-81.01448112899999,31.86748013400006],[-81.00032012499997,31.85675013200006],[-80.99269312199993,31.857647132000068],[-80.97143711699994,31.877947138000025],[-80.930148106,31.90807614600004],[-80.94136210999994,31.912990146000027],[-80.95447211399994,31.911774146000027],[-80.96849711799996,31.915828146000024],[-80.98362612299996,31.931680149000044],[-80.98433912399997,31.940151151000066],[-80.97239511999999,31.941276152000057],[-80.94849411399997,31.95723615600008],[-80.94940011399996,31.961327157000028],[-80.94274511199995,31.963747158000047],[-80.93252510899998,31.961932158000025],[-80.93028210799997,31.95671115700003],[-80.92800910699998,31.938538153000025],[-80.92135410499998,31.93873915300003],[-80.88189909399995,31.956689158000074],[-80.86281708899998,31.969352162000064],[-80.85942108799998,31.97382616300007],[-80.85843208799997,31.98426816500006],[-80.84730108499997,31.98755516600005],[-80.84191608399993,32.00264917000004],[-80.84038108399994,32.00305017000005],[-80.84113008499997,32.023528175000024],[-80.85195208799996,32.030063176000056],[-80.85505908899995,32.02546917500007],[-80.86621209199996,32.01938317300005],[-80.875957095,32.01676417200002],[-80.88094809699999,32.02321217300005],[-80.88142409699998,32.02804817500004],[-80.87949409699996,32.03211717600004],[-80.88552009899996,32.03460617600007],[-80.91784810799999,32.03758117600006],[-80.92279710999998,32.03915717600006],[-80.93356011299994,32.04756017700004],[-80.95448511999996,32.068628181000065],[-80.98313612899994,32.079615183000044],[-80.994336133,32.09461418600006],[-81.00230013599997,32.10005418700007],[-81.00674813699999,32.10115818700007],[-81.01196413899999,32.10018218700003],[-81.02162514099996,32.09090318400007],[-81.032677144,32.085456183000076],[-81.03826814599995,32.08447518200006],[-81.05023714899994,32.08531418200005],[-81.06690915399997,32.09035718300004],[-81.08823716099994,32.10395618500007],[-81.09087716199997,32.10699618600006],[-81.09150116299998,32.110788187000026],[-81.11113716799997,32.112011186000075],[-81.11723716999995,32.11761118700008],[-81.11524516999998,32.12551018900007],[-81.11994617199997,32.13400419100003],[-81.11913717199997,32.142110193000065],[-81.11733817199996,32.14620919400005],[-81.11223716999996,32.14931219500005],[-81.11223916999995,32.150810195000076],[-81.12003717299996,32.15330919500008],[-81.12203717399996,32.161809197000025],[-81.12963717599996,32.16560819800003],[-81.12813717599994,32.16910819900005],[-81.12157817399998,32.17351620000005],[-81.11384317199997,32.17126520000005],[-81.11113517099994,32.17270920000004],[-81.11023717099994,32.175574201000074],[-81.11903517399998,32.17706520100006],[-81.12020917399997,32.17967020100008],[-81.11793717399996,32.185307203000036],[-81.11823717399994,32.18920720400007],[-81.12054517499996,32.19218720400005],[-81.11519817299995,32.19411820500005],[-81.11651717399997,32.19589820500005],[-81.12228117499996,32.19617120500004],[-81.12315317599996,32.20133520600007],[-81.12828617799994,32.20864020800008],[-81.13601517999996,32.21286420800004],[-81.13939118099995,32.220033210000054],[-81.14314218299995,32.22173721000007],[-81.15206718499996,32.222048210000025],[-81.14481618299999,32.22600021100004],[-81.14363318299996,32.22848421200007],[-81.14561318399996,32.23206821200006],[-81.15353418599994,32.23769321300006],[-81.15659018799994,32.24391621500007],[-81.15559818699995,32.246028215000024],[-81.14573718499997,32.25113521700007],[-81.14833718599994,32.25510421700005],[-81.14469718499998,32.258423218000075],[-81.14660518499994,32.262772219000055],[-81.14533918499995,32.26399922000007],[-81.13845618299996,32.264190220000046],[-81.13693318299994,32.26612122000006],[-81.13736918299998,32.26789622100006],[-81.14212318399996,32.27056422100003],[-81.14153418399997,32.272002222000026],[-81.13566018299997,32.272182222000026],[-81.13269118199997,32.26996722100006],[-81.12933118099994,32.275908223000044],[-81.12342817899997,32.27505722300003],[-81.12622917999994,32.28251822400006],[-81.12143617899994,32.28450222500004],[-81.11963617899994,32.28760222600005],[-81.12221217999996,32.29388622700003],[-81.12293617999995,32.307301230000064],[-81.12543618099994,32.309301230000074],[-81.12788418199995,32.307076230000064],[-81.13152618299995,32.30728323000005],[-81.13305518399994,32.30901723000005],[-81.12978018299998,32.31329623100004],[-81.13147918299995,32.31791023200003],[-81.13070218399997,32.32505823400004],[-81.13176118399997,32.32637523400007],[-81.13392818399996,32.324159234000035],[-81.13573618499998,32.32460023400006],[-81.13763618599995,32.328200234000064],[-81.13303518499998,32.334800236000035],[-81.12863318299998,32.33703823700006],[-81.13035518399994,32.34198623800006],[-81.13363518499995,32.341299237000044],[-81.14253518799995,32.35089923900006],[-81.14763518999996,32.349399239000036],[-81.14522218899998,32.34531823800006],[-81.14955018999996,32.345085238000024],[-81.15328719099995,32.34130523700003],[-81.15865719199996,32.33987423600007],[-81.16049719299997,32.34175223700004],[-81.15920819299998,32.34304423700007],[-81.15671919199997,32.34258023700005],[-81.15513219199994,32.344526237000025],[-81.15503519199996,32.35009923900003],[-81.16139219399997,32.350525239000035],[-81.16173519399996,32.35609824000005],[-81.17086119699997,32.36272824100007],[-81.16933519699995,32.36944224300004],[-81.18107520099994,32.38040424500008],[-81.17813419999999,32.38459624600006],[-81.17723419999999,32.39169624700003],[-81.20513320999999,32.42379425400003],[-81.20843321099994,32.435993256000074],[-81.19964720899998,32.441598258000056],[-81.19934320899995,32.44374425800004],[-81.20046120899997,32.445835259000035],[-81.20659321099998,32.44745925900003],[-81.20449921099998,32.45278526000004],[-81.19805820899995,32.44847826000006],[-81.19748720899997,32.45479726100007],[-81.19283320799997,32.45340426100006],[-81.19160620699995,32.45480026100006],[-81.19456120799998,32.45778026200003],[-81.19344320799996,32.45983826200006],[-81.18911820699998,32.46091026300007],[-81.18683220599996,32.464092263000055],[-81.18923220699998,32.465592264000065],[-81.19483220899997,32.46509226300003],[-81.20003220999996,32.467991264000034],[-81.23358822199998,32.49849427000004],[-81.23873122399993,32.50890227200006],[-81.23483722299994,32.51227727300005],[-81.23466322299998,32.51627627400006],[-81.25288522799997,32.518336273000045],[-81.27966023699997,32.536808277000034],[-81.27624523599997,32.538564277000035],[-81.27493023599999,32.54416427900003],[-81.28073423799998,32.54764427900005],[-81.28103723799995,32.549684280000065],[-81.27876323699996,32.55234628000005],[-81.28132723799996,32.55647028100003],[-81.28327423899998,32.556788281000024],[-81.28472423899996,32.552949280000064],[-81.28912623999997,32.551256280000075],[-81.28847024099997,32.55846228100006],[-81.29129224199994,32.56274528200004],[-81.29342924199995,32.56133028200003],[-81.29140124099996,32.55590428100004],[-81.296694243,32.553399280000065],[-81.29796124299997,32.555834280000056],[-81.29530524299997,32.56081228200003],[-81.29676324299999,32.56265428200004],[-81.32059124999995,32.55954028000008],[-81.32875625199995,32.561234281000054],[-81.35480026099998,32.57107828200003],[-81.35831726199996,32.57445728300007],[-81.35348726099994,32.578486284000064],[-81.35601326099999,32.580981284000075],[-81.35948426199997,32.582167284000036],[-81.36294026299998,32.57731128300003],[-81.36696726399998,32.577065283000024],[-81.36711326499994,32.57861528300003],[-81.36359626399997,32.58179728400006],[-81.36394026399995,32.58374228400004],[-81.36982226599997,32.58505428500007],[-81.36976026599996,32.59123728600002],[-81.37318126699995,32.592121286000065],[-81.37624026799995,32.58922328500006],[-81.37921926899998,32.58902828500004],[-81.38934127199997,32.595442286000036],[-81.39386827399994,32.602346288000035],[-81.41190927999997,32.618416291000074],[-81.41866328199995,32.629398293000065],[-81.41843428199996,32.63471029400006],[-81.41476428099998,32.637446295000075],[-81.41341428099997,32.63737429500003],[-81.41026327999998,32.631398294000064],[-81.40727427899998,32.631743294000046],[-81.40273827799996,32.637038295000025],[-81.41183027999995,32.63938929500006],[-81.41255628099998,32.641529296000044],[-81.40358527799998,32.643404297000075],[-81.39303627599998,32.65154929900007],[-81.398317277,32.65631330000008],[-81.40527627899996,32.65652329900007],[-81.40719627999994,32.660525300000074],[-81.40664927999995,32.66252130100003],[-81.40450827899997,32.66264630100005],[-81.40325727899994,32.659470300000066],[-81.40034527799997,32.65849430000003],[-81.39751727699996,32.66021930100004],[-81.39754727699994,32.66259730100006],[-81.40429027999994,32.667804302000036],[-81.40125927899999,32.68016230500007],[-81.40831328199994,32.69491430800008],[-81.41047928299997,32.69541430800007],[-81.41278528299995,32.69279830700003],[-81.41510828399998,32.695906308000076],[-81.42752028799998,32.70190230900005],[-81.42119728699998,32.71198431100004],[-81.41667428499994,32.71228931200005],[-81.41512328499994,32.71367531200008],[-81.42034128699999,32.721057313000074],[-81.41091928399999,32.72121331400007],[-81.40984428399997,32.722464314000035],[-81.41777228599994,32.725080314000024],[-81.41675528599995,32.728768315000025],[-81.41854528699997,32.73259231600008],[-81.41252028499997,32.73243831600007],[-81.41159828499997,32.733858317000056],[-81.41387528599995,32.737483317000056],[-81.41267328499998,32.739089318000026],[-81.40760528399994,32.74034031800005],[-81.40494328299997,32.746237320000034],[-81.40526228399995,32.74877532000005],[-81.41004828499996,32.74934932000008],[-81.41657828699994,32.747954320000076],[-81.41970128799994,32.74917332000007],[-81.41848828799993,32.752195320000055],[-81.41295528599994,32.754817321000075],[-81.41263128599996,32.76081632300003],[-81.41522528699994,32.76163432300007],[-81.41799728799998,32.76696132400008],[-81.43194329199997,32.76891732400003],[-81.43151629199997,32.77149032400007],[-81.42985729199995,32.77213532400003],[-81.41735628799995,32.773342325000044],[-81.41439728799998,32.77893632700005],[-81.42685829099997,32.77946232600004],[-81.43094929299997,32.783360327000025],[-81.42998029299997,32.78524132700005],[-81.42450929099994,32.782691327000066],[-81.42203328999994,32.78457732800007],[-81.42803429199995,32.78762432800005],[-81.41970328999997,32.79323333000008],[-81.41988228999998,32.794863330000055],[-81.42523729199996,32.794196330000034],[-81.42829529299996,32.80083833100008],[-81.42689829199998,32.80224533100005],[-81.42274229099996,32.801996331000055],[-81.42632929299998,32.80993433300006],[-81.41975529099994,32.81373733400005],[-81.41798729099997,32.818202335000024],[-81.42058829099994,32.81865733500007],[-81.42435729199997,32.81618533400007],[-81.42823829399998,32.81859033500007],[-81.42304429199999,32.81975333500003],[-81.42195529199995,32.821472336000056],[-81.42994629499998,32.82825233700004],[-81.42367729299997,32.828313337000054],[-81.42062329199996,32.83122933800007],[-81.42161729199995,32.83518433900008],[-81.42647829399993,32.84077934000004],[-81.43191729599994,32.84288434000007],[-81.43574029699994,32.84271934000003],[-81.43865529799996,32.84008233900005],[-81.44288529899995,32.845853340000076],[-81.44267429899998,32.85011334100005],[-81.44486929999994,32.85097334200003],[-81.45100230199995,32.84648534000007],[-81.45364430199999,32.84582734000003],[-81.45550330299994,32.84697834000008],[-81.45680430299996,32.848825341000065],[-81.45598130299999,32.85411334200006],[-81.45302030299996,32.859642343000075],[-81.45135430299996,32.86858934500003],[-81.45288630299996,32.872970346000045],[-81.46055930599994,32.87516734600007],[-81.46340130699997,32.87944734700005],[-81.46714130799995,32.88060834700008],[-81.46804530799994,32.876681347000044],[-81.47037930899995,32.87627334600006],[-81.47592131,32.87764734600006],[-81.47944831199999,32.88108834700006],[-81.47710331099995,32.887475349000056],[-81.47083930999997,32.89052735000007],[-81.46407230799997,32.897820351000064],[-81.46898130899996,32.90108935200004],[-81.47161930999994,32.900011352000035],[-81.47254730999998,32.89635135100008],[-81.48081531299994,32.898620351000034],[-81.47918731299995,32.90564435300007],[-81.481447313,32.90890135300003],[-81.48001131299998,32.91345035400008],[-81.48705231499997,32.91477835400008],[-81.48726131599994,32.917857355000024],[-81.48444231499997,32.918831355000066],[-81.48320131499997,32.92180835600004],[-81.49509531899997,32.93160235800008],[-81.49983231999994,32.932620358000065],[-81.50243032099996,32.93535935800003],[-81.50271932099997,32.93869435900007],[-81.49944931999994,32.944994361000056],[-81.50861232399996,32.95255736200005],[-81.51135032499997,32.966727365000054],[-81.50884232399994,32.96937436600007],[-81.50706332399994,32.964827365000076],[-81.50334932199996,32.962956365000025],[-81.49983332099998,32.963822365000055],[-81.49473932099994,32.97900436800006],[-81.49550732099993,32.983540369000025],[-81.49416832099996,32.98571137000005],[-81.49614132199997,32.990919371000075],[-81.49225532099996,32.993516372000045],[-81.49120032099995,32.997830373000056],[-81.50063332399998,33.00196137300003],[-81.49875632299995,33.00507137400007],[-81.49190232099994,33.00670037500004],[-81.49225632099996,33.00934837500006],[-81.49664032299995,33.01023037500005],[-81.50405632499996,33.01625937600005],[-81.50667132599995,33.01508837600005],[-81.50822132599995,33.01053337500008],[-81.51069332699996,33.010321375000046],[-81.51156532699997,33.01237237500004],[-81.50822332599995,33.01751637700005],[-81.51028532699996,33.02123937700003],[-81.51607632899999,33.02083937700007],[-81.51907832999996,33.023202377000075],[-81.51169332799998,33.024512378000054],[-81.51124832799997,33.02779237900006],[-81.52265633099995,33.03079537900004],[-81.52845433299996,33.035652380000045],[-81.52914533399996,33.040818381000065],[-81.53550133599998,33.03849538000003],[-81.53879233699996,33.039191380000034],[-81.54378133799997,33.048581382000066],[-81.54698533899995,33.04851738200006],[-81.55178934099996,33.043396381000036],[-81.56195134399997,33.04585038100004],[-81.56611134499997,33.04879838200003],[-81.56034734299999,33.05004238200007],[-81.55894134299996,33.05292738300005],[-81.56050534399998,33.05521338300008],[-81.56892834599995,33.05352938200008],[-81.57288334699996,33.05418638200007],[-81.58854235299998,33.07085638600006],[-81.59455835399996,33.06989338500006],[-81.59925135599997,33.07181938600007],[-81.60021435599998,33.075188386000036],[-81.59816835599997,33.08108438800008],[-81.60165835699996,33.08469438800006],[-81.60683935899993,33.08172338700007],[-81.60984035899997,33.08216738700003],[-81.60947935999997,33.08986838900006],[-81.61272836099994,33.093959390000066],[-81.61778236199996,33.09528339000008],[-81.63723536799995,33.092958389000046],[-81.64643637099994,33.09455838900004],[-81.65843637499995,33.10315839000003],[-81.68353638299999,33.112657392000074],[-81.69693738699993,33.11655739200006],[-81.70463738899997,33.11645739200003],[-81.74383840199994,33.141456396000024],[-81.76313840799997,33.159455399000024],[-81.76711140999998,33.17002240200003],[-81.77350341199997,33.18050940400008],[-81.77079341199999,33.18141240400007],[-81.76735240999994,33.17808940300006],[-81.76496940999994,33.17842140300007],[-81.76444040999996,33.18008340400007],[-81.767352411,33.18396040500005],[-81.76616140999994,33.18739440500008],[-81.76063840899997,33.18925440600003],[-81.75693840799994,33.19785440800007],[-81.76353840999997,33.20365440900002],[-81.76893841299994,33.217453412000054],[-81.77403841399996,33.221153413000025],[-81.78013841599994,33.221153412000035],[-81.78103841599994,33.21985341200008],[-81.77733841499997,33.21495341100007],[-81.77753841499998,33.21135341000007],[-81.78453841699996,33.20815340900003],[-81.80523942299999,33.21145340900006],[-81.80793942399998,33.21375341000004],[-81.80963942499994,33.22265341200006],[-81.82793943099995,33.22875241200006],[-81.83701943399996,33.237658414000066],[-81.846539437,33.241752415000065],[-81.85213943899998,33.247550416000024],[-81.85184043899994,33.252051417000075],[-81.84563943699999,33.25255141700006],[-81.83963943499998,33.25525141800006],[-81.84633943699998,33.25845141800005],[-81.84820043799994,33.26166541900005],[-81.84783943799994,33.26565142000004],[-81.84252543699995,33.26659042000006],[-81.84158143599996,33.26367142000004],[-81.83496243399998,33.25925841900005],[-81.83135143299995,33.25945941900005],[-81.82794143199999,33.26367142000004],[-81.83496243399998,33.26347142000003],[-81.83636643499995,33.26647942000005],[-81.83155243399995,33.275907423000035],[-81.83375843499994,33.27650942300005],[-81.83616543499994,33.27350042200004],[-81.84037743599998,33.27370042200005],[-81.84403943799998,33.278650423000045],[-81.84459043799995,33.28352942400005],[-81.85183943999994,33.283550424000055],[-81.86133944299996,33.28625042400006],[-81.86323944399999,33.28885042500008],[-81.86153944399996,33.297950427000046],[-81.85733944299994,33.29955042700004],[-81.84960443999995,33.29797142700005],[-81.84613943999994,33.303849428000035],[-81.84729943999997,33.30678942900005],[-81.85261344199995,33.310407430000055],[-81.85627844299995,33.309646429000054],[-81.86123944399998,33.30334942800005],[-81.86446644499995,33.30280742800005],[-81.86404644499999,33.31161142900004],[-81.866539446,33.31374943000003],[-81.87043944699997,33.31294943000006],[-81.87836644899994,33.30322242700004],[-81.88175744999995,33.30368342700007],[-81.88414045099995,33.31044942900007],[-81.88153944999993,33.31404942900008],[-81.88313945099998,33.31744943000007],[-81.89054045299997,33.31484942900005],[-81.89254045399997,33.31534942900004],[-81.88916445299998,33.32109843100005],[-81.89102645399998,33.322497431000045],[-81.89554045499995,33.32164843100003],[-81.89859145599996,33.32291143100008],[-81.89927445599994,33.32542343100005],[-81.89694045599998,33.327648432000046],[-81.89694045599998,33.33054843300005],[-81.90195745799997,33.33588243400004],[-81.90364045799998,33.33484843300005],[-81.90261645699997,33.330264432000035],[-81.90644745799995,33.32418743100004],[-81.90613345799994,33.32162643000004],[-81.91094045899996,33.31934843000005],[-81.91374045999999,33.32004843000004],[-81.90877745899996,33.327056431000074],[-81.91834046199995,33.33284843200005],[-81.91708546199999,33.33757943300003],[-81.91258846099998,33.34210043500008],[-81.90877745999995,33.34350443500006],[-81.90877745999995,33.34731543600003],[-81.91399246199995,33.347115436000024],[-81.91559746199994,33.34370543500006],[-81.91954046299998,33.340848434000065],[-81.92474046499996,33.345347435000065],[-81.93274046699997,33.34354743400007],[-81.93974046899996,33.34494743400006],[-81.93984046899999,33.34774743500003],[-81.93564046799997,33.35204743600008],[-81.93484046799995,33.35604743700003],[-81.94474047199998,33.36404743800006],[-81.94674047199999,33.36734643900007],[-81.94634047199997,33.37064644000003],[-81.94374047199994,33.37234644000006],[-81.93964046999997,33.372546440000065],[-81.93464046899999,33.36894644000006],[-81.93063746799999,33.368171440000026],[-81.92574046599998,33.371146440000075],[-81.92484046599998,33.37414644100005],[-81.93086446799998,33.38008244200006],[-81.93545646999996,33.397857446000046],[-81.94205947299997,33.40181444700005],[-81.94489647399996,33.40796844800008],[-81.93052246899998,33.40680344800006],[-81.92582546799997,33.411669449000044],[-81.91307246399998,33.40797044900006],[-81.90963246399997,33.41260945000005],[-81.91358346499999,33.41600045100006],[-81.92489646799999,33.41931345100005],[-81.93113746999995,33.42398445200007],[-81.93080147099994,33.42904045300003],[-81.92498446899998,33.42929445300007],[-81.91623946699997,33.43312045400006],[-81.91335946599997,33.43742445500004],[-81.91353546599998,33.44128045600007],[-81.92633947099995,33.462943461000066],[-81.93413947399995,33.468343462000064],[-81.98594148999996,33.486542464000024],[-81.99094149099994,33.49424146500007],[-81.99038549199997,33.500765467000065],[-81.99194149199997,33.50444146700005],[-82.00134149599995,33.520141471000045],[-82.00764149799994,33.52334147100004],[-82.01154149899997,33.53174147300007],[-82.01984150199996,33.535041473000035],[-82.02824150499998,33.54494047500003],[-82.03302650599994,33.54646047500006],[-82.03737850799996,33.554668477000064],[-82.04633851099999,33.56383647900003],[-82.05773051499995,33.566780479000045],[-82.07310751999995,33.57751648100003],[-82.09413152599996,33.58274848100007],[-82.10624352999997,33.59564348300006],[-82.11654853299996,33.59649148300008],[-82.12908353699999,33.589931481000065],[-82.14287554099997,33.594284482000035],[-82.14881954299995,33.59809848200007],[-82.15336054499994,33.606325484000024],[-82.15629154599998,33.608636485000034],[-82.17435455099996,33.613123485000074],[-82.18615755499997,33.620886486000074],[-82.19658655899997,33.63058848800006],[-82.20118956099998,33.64690449100004],[-82.19985056099995,33.66176449500006],[-82.21082956499998,33.67061049600005],[-82.21865256799998,33.68630549900007],[-82.23457957299996,33.70022250200003],[-82.23719557399994,33.707886503000054],[-82.23575657399994,33.714396505000025],[-82.23910157599994,33.730878508000046],[-82.24747557999996,33.75259751300007],[-82.25527058199998,33.75969651400004],[-82.26320958499997,33.761968514000046],[-82.26613058599997,33.76675151500007],[-82.27768458999998,33.772038516000066],[-82.28580759199997,33.78006451700003],[-82.29828959599996,33.783524518000036],[-82.30021659799996,33.800633521000066],[-82.31334260199998,33.809211523000045],[-82.32448360599994,33.82003952500003],[-82.33783260999996,33.82716252600005],[-82.34693661299997,33.83430452700003],[-82.37177862099998,33.84381952800004],[-82.37975362399999,33.85109252900003],[-82.39573962899993,33.85909553100004],[-82.40388463099998,33.86548353200004],[-82.40835763299998,33.86632653200007],[-82.42280663699995,33.863760531000025],[-82.43115363899994,33.86705753100006],[-82.44050664299994,33.875129532000074],[-82.45510864699997,33.88165653300007],[-82.45939464899999,33.88639253400004],[-82.46991665199994,33.89284453500005],[-82.48011465599996,33.90190353700007],[-82.49293265999995,33.90976053800006],[-82.50764366499999,33.93146254200008],[-82.51295366699998,33.936975543000074],[-82.52451867099995,33.94336654400007],[-82.53411467399997,33.943657544000075],[-82.54313167599997,33.94095554300003],[-82.55683867999994,33.94535954400004],[-82.56458568299996,33.95581654600005],[-82.56829168499996,33.968778548000046],[-82.57957968899996,33.979767550000076],[-82.57999968899998,33.987017552000054],[-82.57554368799998,33.99205555300006],[-82.58339769099996,33.99529255300007],[-82.58924869299994,34.000124554000024],[-82.59565869499994,34.01612455700007],[-82.59455869599998,34.02872356000006],[-82.60965870099994,34.03992356200007],[-82.61335870199997,34.046822563000035],[-82.61915870399997,34.05132256400003],[-82.62215870499995,34.05852256600008],[-82.62696670699995,34.06346356700004],[-82.63097570799994,34.06553456700004],[-82.63599470999998,34.06494756700005],[-82.64054671099996,34.067601567000054],[-82.64398371299995,34.07224356800003],[-82.64566471299997,34.07605256900007],[-82.64034871199993,34.08631057100007],[-82.64155671299994,34.092218572000036],[-82.64818771499995,34.09865557300003],[-82.65908071899997,34.10355057400005],[-82.66032571899996,34.10690357500005],[-82.66688272099998,34.113597576000075],[-82.66811672199998,34.12016657700008],[-82.67732372499995,34.131663579000076],[-82.68629372799995,34.13446058000005],[-82.69215572999997,34.138992580000036],[-82.69976173199996,34.13932458000005],[-82.70414373399996,34.14101358000005],[-82.71751073799999,34.15051058200004],[-82.72331574099996,34.16590158500003],[-82.73188474399996,34.17836958700008],[-82.73276474499994,34.19534459100004],[-82.74192374799998,34.21006959400006],[-82.740450749,34.21968559600003],[-82.74441874999997,34.22491959700005],[-82.74198374999997,34.23020259800006],[-82.74483775099998,34.24296360100004],[-82.74405975099995,34.252413603000036],[-82.74875975299994,34.26341360500004],[-82.74665975299996,34.26641360600007],[-82.75503175599994,34.27607360800005],[-82.76199875799995,34.28149860900004],[-82.76526975899998,34.281545608000044],[-82.77093176099999,34.28540860900006],[-82.78031176399998,34.296707611000045],[-82.78175576499996,34.30290761200007],[-82.78684376699994,34.310387614000035],[-82.79405777099998,34.33977862000006],[-82.83500778399997,34.366075624000075],[-82.83661478499994,34.382682627000065],[-82.84152778699996,34.39013662900004],[-82.84132978799994,34.397338630000036],[-82.84744978999998,34.41205563300008],[-82.84865479099994,34.423850636000054],[-82.85443779299999,34.432281637000074],[-82.85576579399998,34.443983640000056],[-82.86087779599995,34.45147564100006],[-82.85884079599998,34.45522664200007],[-82.86534879799996,34.46032564300003],[-82.87184979999995,34.46119564300005],[-82.87387280099995,34.464473644000066],[-82.88080180299994,34.46914564400004],[-82.88079680299995,34.471892645000025],[-82.88740180599996,34.48096564700006],[-82.89259680699996,34.48119664600006],[-82.90155480999994,34.48677064700007],[-82.92576981699995,34.48180864500006],[-82.93082681899995,34.485655646000055],[-82.94087082199997,34.48610864600005],[-82.94399082199999,34.48552164500006],[-82.94823182299996,34.48049864400008],[-82.95570982599997,34.47890764400006],[-82.95855182599996,34.47956064400006],[-82.96424482799995,34.48457764400007],[-82.96645182899994,34.48235764400005],[-82.97492083099996,34.479356643000074],[-82.97974983299997,34.48294464400004],[-82.99267483599994,34.47907864200005],[-82.99528283699993,34.47565464100006],[-82.99509383699996,34.47248964100004],[-83.00292783899994,34.472138640000026],[-83.02931884699996,34.484153642000024],[-83.03471584899995,34.48350164200008],[-83.05286385499994,34.49533264300004],[-83.05446685599998,34.50289664500008],[-83.05784685699996,34.50371764500005],[-83.06551885899995,34.50113264400005],[-83.06945485999995,34.50213764400007],[-83.07737386299993,34.50923064600005],[-83.07984586399994,34.51446064700008],[-83.08719286599995,34.515945647000024],[-83.08686486599998,34.51780464700005],[-83.07881286399999,34.52179664800008],[-83.07799886399994,34.52375264900007],[-83.084858866,34.53097365000008],[-83.09256786899994,34.53295065000003],[-83.09686186999994,34.531530650000036],[-83.10218287099997,34.53218564900004],[-83.10566587299996,34.54117965100005],[-83.11866287699996,34.552775653000026],[-83.12189787799997,34.552344653000034],[-83.12425987899996,34.555003654000075],[-83.12205587899996,34.55803465400004],[-83.12290487899998,34.56013565500007],[-83.12717987999997,34.562005655000064],[-83.13337988199999,34.55950565400008],[-83.14051888399996,34.562392654000064],[-83.13987988399998,34.568005656000025],[-83.14512688599996,34.573505657000055],[-83.15887488999994,34.579191657000024],[-83.15876889099997,34.58235665800004],[-83.15458088999998,34.58820465900004],[-83.16828189399996,34.59100466000007],[-83.17100889499994,34.595598660000064],[-83.16990089499996,34.59950266100003],[-83.16016689199995,34.599162662000026],[-83.15779789099997,34.60153166200007],[-83.15917989199994,34.603504663000024],[-83.16884989499994,34.607057663000035],[-83.17944289799993,34.60802666300003],[-83.18957390099996,34.60547866200005],[-83.19273090199994,34.60330766100003],[-83.19628390299994,34.60370266100006],[-83.19978290399996,34.608404662000055],[-83.21160190799998,34.610911662000035],[-83.22140590999999,34.609953662000066],[-83.23178391399995,34.61130366100008],[-83.24338491699996,34.618003662000035],[-83.24067291699998,34.62451366400006],[-83.24458491799999,34.626303664000034],[-83.25528492199999,34.63770266600005],[-83.27230392699994,34.64297466700003],[-83.29288693399997,34.65420266800004],[-83.30085193699995,34.662476670000046],[-83.30148093699995,34.666588671000056],[-83.30464493799997,34.66956767100004],[-83.31640494099997,34.66932267100003],[-83.31852794199995,34.67477967200006],[-83.32146694299996,34.677549672000055],[-83.33028794599994,34.68134867300006],[-83.34035994899995,34.680652672000065],[-83.34262094999997,34.682997672000056],[-83.33836794899997,34.68690467300007],[-83.34013794999998,34.691489674000024],[-83.34392895099995,34.69428967500005],[-83.35245095399995,34.69671867500006],[-83.35391395399995,34.69922567500004],[-83.34665295199994,34.704226677000065],[-83.35248895499996,34.71599967900005],[-83.35324195599998,34.72865468200007],[-83.34883295499998,34.73720068400007],[-83.33981495199998,34.739173684000036],[-83.32744594899998,34.750073687000054],[-83.32559094899995,34.754984688000036],[-83.32078294799999,34.75842668900003],[-83.319948948,34.77373169300006],[-83.32386994999996,34.78971869600008],[-83.31800994899999,34.79373869700004],[-83.31378594799997,34.79991769800006],[-83.30118594499999,34.80401470000004],[-83.30053294499999,34.81056870100008],[-83.30405094599996,34.810927701000026],[-83.30666694699994,34.81485670200004],[-83.30313494599994,34.81875170300003],[-83.30057194499994,34.818667703000074],[-83.29899194499995,34.817557703000034],[-83.30001494499999,34.815253702000064],[-83.29465094299997,34.81360870200007],[-83.29471994299996,34.815737702000035],[-83.29021094199999,34.81803770300007],[-83.29112394299995,34.82251470400007],[-83.28991794199999,34.824483704000045],[-83.28481594099998,34.82304970400003],[-83.275659938,34.81686870300007],[-83.26816293599995,34.82139970500003],[-83.26729693599998,34.83275470700005],[-83.27242993799996,34.83472470700008],[-83.26665493699994,34.84891371000003],[-83.26089393499996,34.84822671100005],[-83.26076393499994,34.84546671000004],[-83.25652593399997,34.844068710000045],[-83.25053293199994,34.84449171000006],[-83.24859593099995,34.84607971100007],[-83.25376593299995,34.848063711000066],[-83.25332293299994,34.855929712000034],[-83.24693693199998,34.85501371200007],[-83.24634693199994,34.86003171400006],[-83.24805793199994,34.86312371400004],[-83.24672293199995,34.867008715000054],[-83.23861292999999,34.865458715000045],[-83.23788092999996,34.86888371600003],[-83.23470692899997,34.870749716000034],[-83.24046693099996,34.87272971600004],[-83.24312993199999,34.87739871700006],[-83.24032193099998,34.87877571800004],[-83.23238292899998,34.878057718000036],[-83.22924392799996,34.87991371800007],[-83.22152092499994,34.87871871800007],[-83.21475992399996,34.888615721000065],[-83.21332692299995,34.88280272000003],[-83.20968692199995,34.88028571900003],[-83.20563092099997,34.88014871900003],[-83.20118691999994,34.88465972100005],[-83.20468292099997,34.890799722000054],[-83.20307292099994,34.893861722000054],[-83.19992591999994,34.89248072200007],[-83.19912091899994,34.890379722000034],[-83.19677891899994,34.890739722000035],[-83.19697491899996,34.89492872300008],[-83.19487591899997,34.89866372400007],[-83.19099591799994,34.89734372400005],[-83.18654491599995,34.899540724000076],[-83.18087491499995,34.904714726000066],[-83.17967991499995,34.90898672600008],[-83.17403791299995,34.910917727000026],[-83.17075791299999,34.914237728000046],[-83.16887791199997,34.91839972900004],[-83.16502591099999,34.918859729000076],[-83.16068690999998,34.915142728000035],[-83.15675290899998,34.91566372900007],[-83.15910690999993,34.92818773100004],[-83.15572790899995,34.930949732000045],[-83.14326490499997,34.924762731000044],[-83.14062490399994,34.92492173100004],[-83.13055790199996,34.93093873300006],[-83.13035990199995,34.935173734000045],[-83.12807390099994,34.93811973500004],[-83.11984589899998,34.93289073400007],[-83.118068898,34.935957735000045],[-83.112804897,34.93472973400003],[-83.11172889599999,34.93586973500004],[-83.11693189799996,34.942740736000076],[-83.12073089899997,34.94201973600008],[-83.12676490199993,34.948748737000074],[-83.12703890199998,34.953784738000024],[-83.12438190099994,34.95524673800003],[-83.11402489799997,34.95091873800004],[-83.12040889999997,34.958870739000076],[-83.11642189899999,34.959036739000055],[-83.11647389899997,34.960642740000026],[-83.12211390099998,34.964335740000024],[-83.11540589999998,34.973643743000025],[-83.11597789999996,34.97585974300006],[-83.11085889799995,34.97632174300003],[-83.11127889899996,34.98100974400006],[-83.10792189799997,34.97972374400007],[-83.10482389699996,34.985091745000034],[-83.10174989599994,34.986235746000034],[-83.10286289699997,34.98871474600003],[-83.09838489599997,34.99112974700006],[-83.10337489699998,34.993548747000034],[-83.10287089699995,34.99726374800008],[-83.10860989899999,35.00066574900006],[-83.322771962,34.99588073900003],[-83.62018904799999,34.99209772700004],[-83.61998904799998,34.98659872600007],[-84.02995816799995,34.987327710000045],[-84.32187325299998,34.98841469900003]]]]}},{"type":"Feature","properties":{"shapeName":"Tennessee","shapeISO":"US-TN","shapeID":"66186276B52324970173776","shapeGroup":"USA","shapeType":"ADM1"},"geometry":{"type":"Polygon","coordinates":[[[-88.20006936099998,34.99564054200005],[-88.20296436299998,35.008034544000054],[-87.67141021299994,35.003543566000076],[-87.39131913399996,35.002380577000054],[-86.862151983,34.991962597000054],[-86.52848988799997,34.990683611000065],[-86.25395097899997,34.99075617600005],[-85.82441568599995,34.98814863900003],[-85.60516962299994,34.98468464700005],[-85.38497155999994,34.982993656000076],[-84.93931043099997,34.98792267400006],[-84.32187325299998,34.98841469900003],[-84.29024425699998,35.22557875000007],[-84.28798625599995,35.224474749000024],[-84.28322425499994,35.22658375000003],[-84.27542425299998,35.234783752000055],[-84.26032324899995,35.24188375400007],[-84.25772324899998,35.24618375500006],[-84.25282324799997,35.249483756000075],[-84.24302324499996,35.25318475700004],[-84.23182224299995,35.264784760000055],[-84.22372223999997,35.269084761000045],[-84.21182223699998,35.26608476100006],[-84.20288323399996,35.255778759000066],[-84.20012123199996,35.24468575700007],[-84.19222122999997,35.243085757000074],[-84.18842122799998,35.239985757000056],[-84.17852022599999,35.24068575700005],[-84.17042022399994,35.24578575900006],[-84.16132022099998,35.243486758000074],[-84.15892021999997,35.24588675900003],[-84.14312821599998,35.246885760000055],[-84.12791921099995,35.24108775900004],[-84.12571920999994,35.242787760000056],[-84.12681921099994,35.246487760000036],[-84.12561921099996,35.24938776100004],[-84.11891820899996,35.25228776200004],[-84.11331820699996,35.24898776100002],[-84.11018720599998,35.25046976200008],[-84.10903620599998,35.249631762000035],[-84.10670420499997,35.25151676200005],[-84.10227420399997,35.24812176200004],[-84.09807220299996,35.24721576200005],[-84.08291719899995,35.25708876400006],[-84.08112119799995,35.26115276500008],[-84.05261619099997,35.269988768000076],[-84.04271518799999,35.27838977000005],[-84.03601518699998,35.288689773000044],[-84.02351418399996,35.29578977500006],[-84.021414183,35.301389776000065],[-84.02651418499994,35.30928977700006],[-84.03571418799999,35.312889778000056],[-84.03221318799996,35.32858978100006],[-84.02938118799995,35.333203782000055],[-84.03127618799994,35.33644478300005],[-84.03619818999994,35.33768078300005],[-84.03397918899998,35.34277778400008],[-84.03833119099994,35.34781978500007],[-84.03690119099997,35.35067878600006],[-84.03247018999997,35.35260078600004],[-84.02346018699996,35.35422378700002],[-84.00759018399998,35.37166779100005],[-84.00831118399998,35.37888979300004],[-84.01121118499998,35.38438979400007],[-84.00821118499994,35.39038979500003],[-84.01411118699997,35.39778979600004],[-84.01881118799997,35.39978979700004],[-84.02151118899997,35.40418979700007],[-84.02301118999998,35.41169079900004],[-84.01471118799998,35.411989799000025],[-83.99991018399999,35.425207803000035],[-83.99662318399999,35.43376780400007],[-83.99257218299994,35.43807180600004],[-83.98323718099994,35.44235680700007],[-83.97829017899994,35.44782680800006],[-83.97306117799997,35.448927809000054],[-83.97144317799996,35.455151810000075],[-83.96523317599997,35.45540581000006],[-83.96140417499998,35.45950281100005],[-83.96105717499995,35.46414981200007],[-83.95542017399998,35.463462812000046],[-83.95288617299997,35.46064181200006],[-83.94939317199999,35.461170812000034],[-83.94299116999997,35.465090813000074],[-83.93701916899994,35.47151781500003],[-83.92489916499994,35.47389081600005],[-83.91680516299994,35.473618816000055],[-83.91177716199996,35.47603481700003],[-83.90561616099995,35.48906682000006],[-83.900342159,35.49310182100004],[-83.90138515999996,35.49655982100006],[-83.89567315899995,35.50187482300004],[-83.89207815799995,35.503095823000024],[-83.88007815499998,35.518751827000074],[-83.87263415299998,35.52115182800003],[-83.85926514899995,35.521857828000066],[-83.84850614599998,35.51926582800007],[-83.83189914099995,35.524772830000074],[-83.82559413899997,35.52383583000005],[-83.80980213499998,35.53431683300005],[-83.80243813399994,35.54159483500007],[-83.78013312799999,35.55039383700006],[-83.77309612599998,35.55747183900007],[-83.77174012599994,35.562124840000024],[-83.76461012399994,35.56154484000007],[-83.75692112199994,35.56361084100007],[-83.74989811899997,35.56115284100008],[-83.73567311599999,35.56546184200005],[-83.73295111499993,35.56315584200007],[-83.723463112,35.56188084200005],[-83.70720310699994,35.56853984400004],[-83.70066710499998,35.56762784400007],[-83.67627209799997,35.57029584600008],[-83.66092909399998,35.56821384600005],[-83.65793709299999,35.56921784600007],[-83.64548508899998,35.56583184600004],[-83.64050208799995,35.56608184600003],[-83.63236208599994,35.569099847000075],[-83.62973808499999,35.567895847000045],[-83.61531608099995,35.57403284900005],[-83.60889307899998,35.57945785000004],[-83.60185807699997,35.57823485000006],[-83.59427407499999,35.572918849000075],[-83.58559407199994,35.56294784800008],[-83.56609406599995,35.565999849000036],[-83.55217106199996,35.564352849000045],[-83.54083005899997,35.56570885000008],[-83.53417305699998,35.564674850000074],[-83.52047305299999,35.565608851000036],[-83.51756805199994,35.56287785000006],[-83.49833904599996,35.56298785100006],[-83.49165104399998,35.56687385200007],[-83.48553104299998,35.56821085300004],[-83.47852704099995,35.57920885500005],[-83.47908604199995,35.58332285600005],[-83.47268803999998,35.58655885700006],[-83.47136603999996,35.590310858000066],[-83.46268203699998,35.59260685900006],[-83.45572603599999,35.598051860000055],[-83.44580603299994,35.611809863000076],[-83.43230202899997,35.60994786300006],[-83.42158002599996,35.61119286400003],[-83.420374026,35.61347386500006],[-83.40606502199995,35.620191867000074],[-83.39663001999998,35.62272686700004],[-83.39265601899996,35.62510186800006],[-83.38872601799994,35.633590870000035],[-83.37798801499997,35.63450287100005],[-83.37217801299994,35.63931687200005],[-83.36694501199997,35.63873487200004],[-83.35620600899995,35.65002587500004],[-83.35554100999997,35.654638876000035],[-83.35156400899996,35.659864877000075],[-83.33768700499996,35.66308087800007],[-83.33496900399996,35.665477879000036],[-83.321105,35.662821879000035],[-83.31276099699994,35.65481587700003],[-83.29715799299998,35.65775687900003],[-83.29107899099995,35.66713788100003],[-83.28916899099994,35.67451588200004],[-83.27138198599994,35.68148288500004],[-83.26928098599996,35.68540988600006],[-83.25812098299997,35.69193088700007],[-83.25561398299999,35.69606788800007],[-83.25611498299997,35.70396789000006],[-83.25423398299995,35.709484891000045],[-83.25535498399995,35.71623689200004],[-83.25125098299998,35.719922893000046],[-83.24350498099994,35.72253989400008],[-83.24067297999994,35.726766895000026],[-83.21998497399994,35.726607896000075],[-83.21450497199999,35.72444089600003],[-83.20375596899999,35.72655989700007],[-83.19827096799997,35.725500897000074],[-83.18568896399995,35.72989689800005],[-83.17750296299994,35.74391990100003],[-83.17017696099998,35.74611390200005],[-83.16477395899994,35.754624904000025],[-83.16491295999998,35.75997190500004],[-83.15921195799996,35.76489890600004],[-83.14808395499995,35.76430190700006],[-83.12771094899995,35.76809990800007],[-83.12018694699998,35.76624090800004],[-83.10458794299996,35.77423691000007],[-83.09719694099994,35.776073911000026],[-83.08605793799995,35.783633913000074],[-83.08520893799994,35.78580091400005],[-83.07873593599999,35.789478915000075],[-83.07403393499999,35.790022915000065],[-83.07222493399996,35.78831691500005],[-83.06397893199994,35.786649915000055],[-83.05268092899996,35.78955491600004],[-83.04411192599997,35.78535391500003],[-83.03621292399998,35.78741191600005],[-83.00607091399996,35.77841091500005],[-83.00147691299998,35.77375891400004],[-82.99205690999997,35.77395491500005],[-82.98397390799994,35.77801691600007],[-82.96965190399999,35.78966991900006],[-82.96409190199995,35.78998691900006],[-82.96220990199998,35.79276192000003],[-82.96172790199995,35.800497922000034],[-82.94551889899998,35.82466892700006],[-82.93744089699999,35.82732692800005],[-82.93186289599998,35.83635793000008],[-82.91655489199997,35.84137593200006],[-82.92097789299999,35.85107993400004],[-82.91937789299999,35.860529936000034],[-82.92121789399994,35.86383293600005],[-82.92061289399999,35.86847893700008],[-82.91226889199999,35.868542938000076],[-82.90130488899996,35.872599939000054],[-82.89727688799996,35.87788894000005],[-82.89632788799997,35.88030694100007],[-82.90356488999998,35.880384940000056],[-82.90653189099999,35.884095941000055],[-82.90184688999994,35.89028094300005],[-82.90184688999994,35.89293694300005],[-82.90596189199994,35.90320994500007],[-82.90842089299997,35.905080945000066],[-82.90692089299995,35.907403946000045],[-82.91028289399998,35.91257594700005],[-82.91450689499999,35.91516094700006],[-82.91169889499997,35.91675994800005],[-82.91334089599997,35.924119949000044],[-82.91682789699996,35.92415794900006],[-82.92001389799998,35.92842895000007],[-82.91438489599994,35.92968995000007],[-82.91061189499999,35.92693695000003],[-82.90483289299993,35.92610895000007],[-82.90162689199997,35.927390950000074],[-82.89901089199998,35.93038795100006],[-82.90171689299996,35.937719952000066],[-82.89850889199994,35.945107954000036],[-82.89266289099999,35.94518895400006],[-82.87416288599997,35.95270495700004],[-82.86072788099995,35.94743695600005],[-82.85255787899996,35.949095957000054],[-82.84985287799998,35.947778957000025],[-82.82893687099994,35.932938954000065],[-82.82186486799998,35.92184595200007],[-82.81107086599997,35.926807954000026],[-82.80500086399996,35.927174954000066],[-82.80277286299997,35.930135955000026],[-82.80585486499996,35.937944956000024],[-82.80043486299996,35.94416195800005],[-82.78746886,35.95216996000005],[-82.78453985999994,35.963911962000054],[-82.77775485799998,35.96691896300007],[-82.77490885799995,35.97198496500005],[-82.77862885899998,35.97479896500005],[-82.78181285999995,35.97456896500006],[-82.78556186099996,35.977801965000026],[-82.78527086199995,35.98793396700006],[-82.77940085999995,35.99251796900006],[-82.77859285999995,35.99700797000003],[-82.77600485999994,36.00010997000004],[-82.75006885199997,36.00601097300006],[-82.73186884799998,36.01761097600007],[-82.72506884599994,36.018210976000034],[-82.71596884299998,36.02281097700006],[-82.71516884299996,36.028610979000064],[-82.70746884099998,36.03011097900003],[-82.70106883899996,36.034410980000075],[-82.68886883599998,36.03861098200008],[-82.68356883499996,36.04611098300006],[-82.66266882899998,36.05501198600007],[-82.65016882599997,36.057811987000036],[-82.63716882199998,36.06581198900005],[-82.63226882099997,36.06571199000007],[-82.61866781599997,36.056111988000055],[-82.61726781599998,36.05421198800008],[-82.61816781599998,36.04701198600003],[-82.609666813,36.04491298600004],[-82.60616681199997,36.041012985000066],[-82.60288081099998,36.03983998500007],[-82.60176680999996,36.03601298500007],[-82.59196780699995,36.03571298500003],[-82.59096680699997,36.03361298500005],[-82.59076680699997,36.03191298400003],[-82.60176680999996,36.024313982000024],[-82.60396680999997,36.02131398100005],[-82.60286780899997,36.01791398100005],[-82.60826681099996,36.01531398000003],[-82.60846581099997,36.008313979000036],[-82.61436581199996,36.00351297700007],[-82.61506581199995,36.00031297700008],[-82.61303181099998,35.99400697500005],[-82.60694780899996,35.99217697500006],[-82.60424280799998,35.98732597400004],[-82.61088880899996,35.97444897100007],[-82.61089280899995,35.96741597000005],[-82.60037380599994,35.964632970000025],[-82.59198080299996,35.966391971000064],[-82.58100679999995,35.96556397100005],[-82.57772279899996,35.96420297100008],[-82.57517379799998,35.95839097000004],[-82.55787779199994,35.953907969000056],[-82.54968579099994,35.96428197200004],[-82.53129578599999,35.97219497400005],[-82.50538777799994,35.97768697600003],[-82.48468177299998,35.99285598000006],[-82.48229577299998,35.99782998100005],[-82.47419376999994,36.00011498200007],[-82.46066176699998,36.00781598400005],[-82.40946175599998,36.083416002000035],[-82.38996175099999,36.09691600600007],[-82.38046174899995,36.09931600600004],[-82.37556174699995,36.10561600800003],[-82.36656974499994,36.107657009000036],[-82.35516074199995,36.11561601100004],[-82.34996074099996,36.117116011000064],[-82.34686073899996,36.11521601100003],[-82.33675973599998,36.11491601100005],[-82.32145173199996,36.11955801300007],[-82.30285872699994,36.131317016000025],[-82.28945872399999,36.13571701800004],[-82.28035772099997,36.128817017000074],[-82.27405771899998,36.12941701700004],[-82.26875371699998,36.12704701700005],[-82.26569371599999,36.127621017000024],[-82.26035671499994,36.13371701800003],[-82.25325671299998,36.13371701900007],[-82.24752471099998,36.13087201800005],[-82.22485570499998,36.15001802300003],[-82.22205570499995,36.15691802500004],[-82.21385570299998,36.15911902500005],[-82.20487569999995,36.15707402500004],[-82.19195369599998,36.14882002400003],[-82.18751269399996,36.15110502500005],[-82.18365369299994,36.14442102400005],[-82.17685269099997,36.14222102300005],[-82.17215268999996,36.14642102400006],[-82.16088668599997,36.146555025000055],[-82.14795168299997,36.149523026000054],[-82.13655067799994,36.12882402200006],[-82.13797767799997,36.11958302000005],[-82.13064967499997,36.10642401800004],[-82.12714967399995,36.10442401700004],[-82.11524866999997,36.104625018000036],[-82.10544766699996,36.10812601900005],[-82.09854766499996,36.10572601900003],[-82.08014665999997,36.105727020000074],[-82.06714565599998,36.112027021000074],[-82.06134565499997,36.11312802200007],[-82.05604565399994,36.12072802400007],[-82.05414565299998,36.126828025000066],[-82.04394464999996,36.125428025000076],[-82.03794464799995,36.12112902400003],[-82.03314464699997,36.12042902400003],[-82.02874364599995,36.124329025000065],[-82.02664364499998,36.13022902700004],[-81.90814061999998,36.30202006700006],[-81.89770461799998,36.307453069000076],[-81.88724661499998,36.30920006900004],[-81.87938561299995,36.31377407100007],[-81.85733660699998,36.33479407600004],[-81.84127160299994,36.34332807800007],[-81.83320560099997,36.34734607900003],[-81.81290759499996,36.35107308100004],[-81.80081559199994,36.35808008300006],[-81.79716959099994,36.35867708300003],[-81.79360058999998,36.36221608400007],[-81.78938858799995,36.34816108100006],[-81.778916585,36.34864708200007],[-81.77484358299995,36.344488081000065],[-81.76900958099998,36.342290081000044],[-81.76493057999994,36.33867908000008],[-81.76203857899998,36.34019408100005],[-81.75442357699995,36.33705108000004],[-81.74446457399995,36.33778508100005],[-81.73596057199995,36.342994082000075],[-81.72809556899995,36.34144708200006],[-81.72101856699999,36.33865208200007],[-81.71831356599995,36.33606208200007],[-81.70744156299997,36.33517808200003],[-81.70530256199999,36.34185908300003],[-81.70778856299995,36.346014084000046],[-81.71740856599996,36.34778608400006],[-81.72145856799995,36.351174085000025],[-81.72432356899998,36.35776508600003],[-81.72405056899998,36.36430008700006],[-81.72608556999995,36.36890008800003],[-81.73461457299999,36.379577090000055],[-81.72930957199998,36.385607091000054],[-81.73019657299994,36.38881909200006],[-81.72857357199996,36.391249093000056],[-81.73099057299999,36.39391609300003],[-81.73872157599999,36.394810093000046],[-81.73865957599998,36.40121209400007],[-81.74136757699995,36.40317609400006],[-81.74012657699996,36.40811709600007],[-81.74199857699995,36.410967096000036],[-81.74065457699999,36.41314809700003],[-81.73430057499996,36.41260409700004],[-81.73339557499997,36.41489409700006],[-81.72992757399999,36.41542909700007],[-81.72716757399996,36.41993209900005],[-81.72073757199996,36.42254409900005],[-81.71756457099997,36.43040210100003],[-81.72123157299995,36.43395410200003],[-81.71456757099998,36.437114103000056],[-81.71418957099996,36.44146510300004],[-81.71744657199997,36.445166104000066],[-81.71373957099996,36.447121105000065],[-81.71489357199994,36.45722710700005],[-81.70825056999996,36.46222410800004],[-81.69922656799997,36.46396610900007],[-81.69531456699997,36.467919110000025],[-81.69453656699994,36.47329011100004],[-81.69628456799995,36.47550611100007],[-81.69729056899996,36.48474511300003],[-81.69591056899998,36.49158711500007],[-81.70024156999995,36.50048211600006],[-81.69729356999994,36.50489411700005],[-81.69774757,36.50845511800003],[-81.70254657199996,36.520324120000055],[-81.70757657399997,36.52610812100005],[-81.70796657499994,36.53621612300003],[-81.69996557299999,36.53683612400005],[-81.69754257199997,36.54436612500007],[-81.69003356999997,36.55216112700003],[-81.68911856999995,36.55591912800003],[-81.69250957199995,36.56575513000007],[-81.69023957199994,36.568725131000065],[-81.67993956799995,36.56862513100003],[-81.67703956799994,36.570725132000064],[-81.68014056999993,36.58552513500007],[-81.67753856899998,36.588124135000044],[-81.64690356099999,36.61192514100003],[-81.73694358799997,36.61238613800003],[-81.92264764399994,36.616220131000034],[-81.93414764599999,36.59422012600004],[-82.17398571699994,36.59461411700005],[-82.21100872799997,36.59586711600008],[-82.46661680399995,36.59448810500004],[-82.48724180999994,36.595829104000074],[-82.65408131899994,36.593851434000044],[-82.88801692899995,36.593468088000066],[-83.26110303899998,36.59389407300006],[-83.27630404399997,36.59819407300006],[-83.55681412699994,36.59739106100005],[-83.62262814599995,36.59806805900007],[-83.67539916199996,36.60079105700004],[-83.67711816199994,36.59658905600003],[-83.68301816299999,36.59218905500006],[-83.69071816499996,36.58258805300005],[-83.78902119399999,36.58388804900005],[-83.98784625299999,36.58960704200007],[-84.27118033599999,36.59188903000006],[-84.44284138699999,36.596086024000044],[-84.54314241599997,36.59628402000004],[-84.84309550399996,36.60513400900004],[-85.02463155799995,36.61936100400004],[-85.19537660799995,36.62550499800005],[-85.29063163599994,36.62645699400008],[-85.30040663799997,36.62444399300006],[-85.32465864499994,36.624556992000066],[-85.33412864799999,36.62295799100008],[-85.43012767599998,36.61895898600005],[-85.48835769199997,36.61500098300007],[-85.67779374699995,36.61816397500007],[-85.80149478299995,36.622424971000044],[-85.83217679199998,36.62205296900004],[-86.03277485099994,36.63037396200008],[-86.08067086499995,36.63394696100005],[-86.20486390099995,36.639747956000065],[-86.33305593899996,36.648784953000074],[-86.50777598899998,36.65245194600004],[-86.54378199899998,36.640542942000025],[-86.543392999,36.643896942000026],[-86.55005900099997,36.64482394200007],[-86.55129700099997,36.63799194100005],[-86.56414800399995,36.63347893900004],[-86.58991101299995,36.65249294200004],[-86.71379104799996,36.64934793600003],[-87.11498116299998,36.64242091600005],[-87.42501425099994,36.64105390200007],[-87.85320937199998,36.63325388100003],[-87.84957237299994,36.663707887000044],[-88.01179741999994,36.67703188200005],[-88.07053743699998,36.67812488000004],[-88.06821343499996,36.65975387700007],[-88.06440643399998,36.650860875000035],[-88.05704743099994,36.64054687300006],[-88.05574342999995,36.63048187100003],[-88.04513242499996,36.602945867000074],[-88.03963042099997,36.57278986100005],[-88.03563041899997,36.56174285900005],[-88.03249441699995,36.540668855000035],[-88.03783541699994,36.52102185100006],[-88.03782741599997,36.513856850000025],[-88.03948641699998,36.51041484900003],[-88.05321041999997,36.49713584600005],[-88.54519755899997,36.50182082400005],[-88.83463164099999,36.502920811000024],[-88.88456265499997,36.50171080800004],[-89.11754271999996,36.50360979800007],[-89.30028977199999,36.507153790000075],[-89.39104979599995,36.499085784000044],[-89.41728080399997,36.499017783000056],[-89.42931680599997,36.48188177900005],[-89.44847380999994,36.46442677500005],[-89.46044181299999,36.45814677300007],[-89.47172381599995,36.457007772000054],[-89.48622081999997,36.461626773000035],[-89.49320382299999,36.47013077400004],[-89.49350082399997,36.478706775000035],[-89.48543282299994,36.49749777900007],[-89.53923783799996,36.49794077700005],[-89.534529836,36.49143877600005],[-89.52064783099996,36.47867477400007],[-89.51972582999997,36.46700877200004],[-89.52519583099996,36.45399776900007],[-89.54341183499997,36.43877676500006],[-89.54526083399998,36.427085763000036],[-89.54234283299996,36.42010976200004],[-89.52529882699997,36.400452759000075],[-89.51038582099994,36.37836275500007],[-89.50972782099996,36.37363275400003],[-89.51318382099998,36.35990375200004],[-89.51900582099995,36.348606749000055],[-89.53182782399995,36.339252747000046],[-89.54501182799999,36.33681574600007],[-89.56044483199997,36.337752745000046],[-89.58164183799994,36.34236374500006],[-89.60567384499996,36.34224074400004],[-89.61069484599994,36.340448743000024],[-89.615846848,36.336091742000065],[-89.61980584799994,36.32955274100004],[-89.62026084799999,36.323012740000024],[-89.61182484399995,36.309094737000066],[-89.58982583699998,36.29682073600003],[-89.57849783399996,36.28832373500006],[-89.55429482599999,36.27775773400003],[-89.54480282399999,36.280464735000066],[-89.53949282199994,36.27737473500008],[-89.53553481999995,36.27054773300006],[-89.53475081899995,36.25258273000003],[-89.53923482,36.24882772900003],[-89.54474882099998,36.24749072900005],[-89.55356882399997,36.250347729000055],[-89.56221182599995,36.25091572800005],[-89.57754982999995,36.24226872600008],[-89.58733183299995,36.23949072500005],[-89.60237983699994,36.238112724000075],[-89.61115083899995,36.23927772400003],[-89.64218784899998,36.24949272400005],[-89.65252385199994,36.250698724000074],[-89.67805185899994,36.248290723000025],[-89.69524086399997,36.25277272300008],[-89.69857386399997,36.250597722000066],[-89.70533386599999,36.23990472000003],[-89.70446486499998,36.235474719000024],[-89.67955385699997,36.215917716000035],[-89.65488184899993,36.20153671500003],[-89.63689884299998,36.188957713000036],[-89.618233837,36.17997271200005],[-89.60700983299995,36.17118571100008],[-89.59440282899999,36.15546370800007],[-89.59221182799996,36.15012670800007],[-89.59210782699995,36.135643705000064],[-89.59400582699999,36.12719670300004],[-89.60194182799995,36.11947670100005],[-89.62831083499998,36.10685969800005],[-89.65771484199996,36.09913469500003],[-89.66660384499994,36.09580869400003],[-89.67246884599996,36.091843693000044],[-89.68003484699994,36.082500690000074],[-89.68725984599996,36.03405468100004],[-89.69244284699994,36.02051367800004],[-89.70357684899994,36.00804667500006],[-89.70693784899998,36.000987673000054],[-89.73310085699995,36.00061467200004],[-89.72844785499996,35.99357467100003],[-89.71917385199998,35.985982670000055],[-89.71968485099995,35.970945667000024],[-89.71457084899998,35.96304066600004],[-89.68692983999995,35.947722664000025],[-89.65615282999994,35.925816661000056],[-89.65228482899994,35.92146866000007],[-89.64484382499995,35.90435765800004],[-89.64656182499994,35.89980865700005],[-89.64440082399994,35.89478865600006],[-89.64535182499998,35.891425655000035],[-89.64837082599996,35.893773655000075],[-89.66599582999999,35.882874652000055],[-89.66955883099996,35.883287652000035],[-89.67701783299998,35.88572665200007],[-89.68814683699998,35.896952654000074],[-89.71493984499995,35.90625365500006],[-89.74124685199996,35.90675565400005],[-89.76569485799996,35.89130564900006],[-89.772860859,35.876250646000074],[-89.77247285799996,35.86510464400004],[-89.76434885499998,35.85831964300007],[-89.72952284499996,35.84763864300004],[-89.70435683699998,35.83573264100005],[-89.70105083599998,35.828233640000064],[-89.70175583599996,35.82424463900003],[-89.70609083599999,35.81826663800007],[-89.72343184099998,35.80938863500006],[-89.73404984299998,35.80618063400004],[-89.74303084599995,35.805823634000035],[-89.75787984999994,35.81042163400008],[-89.76544785199997,35.81122063400005],[-89.76546285199998,35.809519634000026],[-89.78179885699996,35.80509063200003],[-89.79632985999996,35.79281362900008],[-89.79933685999998,35.78850962800004],[-89.79705885899995,35.782654627000056],[-89.79925485899997,35.77544562500003],[-89.81289686199995,35.761160622000034],[-89.82122186399994,35.75672262100005],[-89.83290086699998,35.75491162000003],[-89.84634887099998,35.755738619000056],[-89.86387987499995,35.74759861700005],[-89.87285087699996,35.741305615000044],[-89.87726187899995,35.74137561500004],[-89.88354088099999,35.74499061600005],[-89.88816888199995,35.75008361600004],[-89.90554388799995,35.75906961700008],[-89.91000188899994,35.759402617000035],[-89.91549688999999,35.75492361600004],[-89.95028389899994,35.738499611000066],[-89.95625989999996,35.73339261000007],[-89.95888789999998,35.723840608000046],[-89.95575889699995,35.69062760200006],[-89.94270589199994,35.675127599000064],[-89.93738888999997,35.66571759800007],[-89.93104188799998,35.660050597000065],[-89.91543288299994,35.65278859600005],[-89.89892187799995,35.65091059700006],[-89.88698487499994,35.65364359800003],[-89.87716387299997,35.66614260100005],[-89.86478786999999,35.67039160200005],[-89.85894086899998,35.66906660200004],[-89.85351586699994,35.663040601000034],[-89.851181866,35.657438600000035],[-89.85183086499995,35.644268597000064],[-89.85662486599995,35.63445059500003],[-89.87655387099994,35.626659593000056],[-89.89435187499998,35.61554159000008],[-89.89979487599999,35.615067590000024],[-89.91217787999994,35.61706158900006],[-89.91962488199994,35.61224258800007],[-89.94541088799997,35.60161758500004],[-89.95115288899996,35.59749758400005],[-89.95675488999996,35.590517582000075],[-89.95792988999995,35.585505581000064],[-89.95669588999993,35.58143258000007],[-89.94139888399997,35.556561576000036],[-89.92910687999995,35.551551576000065],[-89.90933787399996,35.547979576000046],[-89.90758487299996,35.54212757500005],[-89.90974587399995,35.54196657500006],[-89.91229287399995,35.53770557400003],[-89.90747787299995,35.53758857400004],[-89.90388787199998,35.53418157400006],[-89.90902787199997,35.52055457100005],[-89.91540587399999,35.51512556900008],[-89.91933687499994,35.51387656900005],[-89.933619879,35.51854456900003],[-89.94801588299998,35.52009656900003],[-89.95772088599995,35.52719857000005],[-89.95564688599995,35.53452457100008],[-89.95850388799994,35.54170957300005],[-89.97631589299993,35.553878574000066],[-89.98936889699996,35.56004957500005],[-89.99900189999994,35.56116657500007],[-90.00829890299997,35.56007157400006],[-90.01731790499997,35.55600257300006],[-90.02862590799998,35.55525557200008],[-90.03974990999995,35.54804757000005],[-90.04196790999998,35.53747456800005],[-90.04909591099994,35.52226356500006],[-90.05028291099995,35.51528156300003],[-90.04852490999997,35.50436356100005],[-90.04352290799994,35.49230455900005],[-90.03498190499994,35.48071155700006],[-90.02039189999994,35.47026355600008],[-90.01884789899998,35.46482255500007],[-90.02660989999998,35.44779455100007],[-90.02658989999998,35.440109550000045],[-90.03127289999998,35.43158254800005],[-90.03158989999997,35.42766854700005],[-90.04264590299994,35.42124354500004],[-90.04660390299995,35.41297254400007],[-90.05664990499997,35.40379254100003],[-90.04156890099995,35.396626541000046],[-90.044861901,35.39297054000008],[-90.05459090399995,35.389610539000046],[-90.06928890899997,35.40831254200003],[-90.06202390799996,35.41518654300006],[-90.07055491099999,35.423297544000036],[-90.07408791199998,35.43398954600008],[-90.07406891299996,35.43961754800006],[-90.06714391199995,35.46483955300005],[-90.07215991399994,35.47075855400004],[-90.08501491799996,35.47884155500003],[-90.09872492199997,35.47860155400008],[-90.10176492299996,35.476895554000066],[-90.10772892399996,35.476941553000074],[-90.11441792599999,35.472473552000054],[-90.12062492699994,35.46574755100005],[-90.12945392799998,35.44193754500003],[-90.16900793799994,35.42185954000007],[-90.17060493799994,35.41835853900005],[-90.17070593699998,35.41007153700008],[-90.17927093799995,35.385200532000056],[-90.17834693799995,35.38209853200004],[-90.16625193399994,35.37475153100007],[-90.14492992799995,35.37463953200006],[-90.13551592499994,35.37667453200004],[-90.14348092799997,35.38760853400004],[-90.14619692999997,35.39947453600007],[-90.14166592899994,35.40856953800005],[-90.13513092799997,35.41298354000003],[-90.13048092599996,35.41375154000008],[-90.11250992099997,35.41015954000005],[-90.10484791899995,35.40149353900006],[-90.09665591599997,35.39526353800005],[-90.07993591099995,35.38527853700003],[-90.074997909,35.384158537000076],[-90.08790891099994,35.36327653200004],[-90.09683091299996,35.35722253000006],[-90.10731791499995,35.34314952700004],[-90.11029891599998,35.34279252700003],[-90.10386791399998,35.332411525000055],[-90.10682991399995,35.32462452400006],[-90.10909891299997,35.30499352000004],[-90.11722491499995,35.30339051900006],[-90.12371291699998,35.30453651900007],[-90.13950992099996,35.298834517000046],[-90.14979992399998,35.30329451700004],[-90.15891892699995,35.300643517000026],[-90.16519992799994,35.29319451500004],[-90.16879992799994,35.27909451200003],[-90.15887092399998,35.262583509000024],[-90.152099922,35.25599550800007],[-90.14039991799996,35.25229550800003],[-90.11649891199994,35.255794510000044],[-90.10509890899993,35.25429451000008],[-90.09795290699998,35.249989509000045],[-90.07875589999998,35.22781250600008],[-90.07416089799995,35.21707650400003],[-90.07427689699995,35.211510503000056],[-90.07682589799998,35.20882350200003],[-90.08117889899995,35.20815950200006],[-90.08860290099994,35.212382502000025],[-90.09647190199996,35.19485449900003],[-90.10908190599997,35.199111499000026],[-90.11618790799997,35.198504498000034],[-90.11739890799998,35.187896496000064],[-90.11421990699995,35.18169749500004],[-90.10918290499995,35.17845749500003],[-90.10553090299999,35.170701493000024],[-90.09294989899996,35.157234491000054],[-90.06940789199996,35.15365249200005],[-90.066963892,35.151845491000074],[-90.06461788999997,35.14062748900005],[-90.06539788999999,35.13769748900006],[-90.08342589399996,35.12167648500008],[-90.09061589599997,35.11829348400005],[-90.10059889799999,35.11669748300005],[-90.10939890099996,35.11889748300007],[-90.14279991099994,35.135097485000074],[-90.16006391599996,35.12883648300004],[-90.17360891899995,35.11807948000006],[-90.17684891899995,35.11209447900006],[-90.18139291899996,35.09140747500004],[-90.19513892099997,35.06179946800006],[-90.19715192099994,35.050737466000044],[-90.19610091999994,35.037406463000025],[-90.20012991999994,35.03281946200008],[-90.20940292299997,35.02655246100005],[-90.21438792399994,35.025801460000025],[-90.23061692899995,35.03132646100005],[-90.25650093599995,35.03449946000006],[-90.26240193799998,35.03639946000004],[-90.26530193899998,35.040299461000075],[-90.29200194599997,35.04179946000005],[-90.29730194799998,35.03789945900007],[-90.30690294899995,35.018200455000056],[-90.30988294899998,35.00975645300008],[-90.30930294799998,34.99570045000007],[-89.84849382099998,34.99419947000007],[-89.64428776399996,34.99529947900004],[-89.43495970599997,34.99376048800008],[-89.15683262899995,34.99393250000003],[-88.68444378599997,34.99551045900006],[-88.20006936099998,34.99564054200005]]]}},{"type":"Feature","properties":{"shapeName":"South Carolina","shapeISO":"US-SC","shapeID":"66186276B79689460185872","shapeGroup":"USA","shapeType":"ADM1"},"geometry":{"type":"MultiPolygon","coordinates":[[[[-79.50795073399996,33.020082443000035],[-79.50310873299998,33.017569442000024],[-79.50097273199998,33.018197443000076],[-79.50237073299996,33.020588443000065],[-79.50795073399996,33.020082443000035]]],[[[-79.55360874699994,32.99039243500005],[-79.55218274599997,32.98879743400005],[-79.54522174399995,32.99072143500007],[-79.54873674499999,32.99298443500004],[-79.55360874699994,32.99039243500005]]],[[[-80.19011091599998,32.54684731400005],[-80.18692291499997,32.54049831300006],[-80.18337691299996,32.53999531300008],[-80.17341491099995,32.54342131400006],[-80.17151990999997,32.54688431500006],[-80.18465191399997,32.55336331600006],[-80.18409391399996,32.54956731500005],[-80.19011091599998,32.54684731400005]]],[[[-83.10860989899999,35.00066574900006],[-83.10287089699995,34.99726374800008],[-83.10337489699998,34.993548747000034],[-83.09838489599997,34.99112974700006],[-83.10286289699997,34.98871474600003],[-83.10174989599994,34.986235746000034],[-83.10482389699996,34.985091745000034],[-83.10792189799997,34.97972374400007],[-83.11127889899996,34.98100974400006],[-83.11085889799995,34.97632174300003],[-83.11597789999996,34.97585974300006],[-83.11540589999998,34.973643743000025],[-83.12211390099998,34.964335740000024],[-83.11647389899997,34.960642740000026],[-83.11642189899999,34.959036739000055],[-83.12040889999997,34.958870739000076],[-83.11402489799997,34.95091873800004],[-83.12438190099994,34.95524673800003],[-83.12703890199998,34.953784738000024],[-83.12676490199993,34.948748737000074],[-83.12073089899997,34.94201973600008],[-83.11693189799996,34.942740736000076],[-83.11172889599999,34.93586973500004],[-83.112804897,34.93472973400003],[-83.118068898,34.935957735000045],[-83.11984589899998,34.93289073400007],[-83.12807390099994,34.93811973500004],[-83.13035990199995,34.935173734000045],[-83.13055790199996,34.93093873300006],[-83.14062490399994,34.92492173100004],[-83.14326490499997,34.924762731000044],[-83.15572790899995,34.930949732000045],[-83.15910690999993,34.92818773100004],[-83.15675290899998,34.91566372900007],[-83.16068690999998,34.915142728000035],[-83.16502591099999,34.918859729000076],[-83.16887791199997,34.91839972900004],[-83.17075791299999,34.914237728000046],[-83.17403791299995,34.910917727000026],[-83.17967991499995,34.90898672600008],[-83.18087491499995,34.904714726000066],[-83.18654491599995,34.899540724000076],[-83.19099591799994,34.89734372400005],[-83.19487591899997,34.89866372400007],[-83.19697491899996,34.89492872300008],[-83.19677891899994,34.890739722000035],[-83.19912091899994,34.890379722000034],[-83.19992591999994,34.89248072200007],[-83.20307292099994,34.893861722000054],[-83.20468292099997,34.890799722000054],[-83.20118691999994,34.88465972100005],[-83.20563092099997,34.88014871900003],[-83.20968692199995,34.88028571900003],[-83.21332692299995,34.88280272000003],[-83.21475992399996,34.888615721000065],[-83.22152092499994,34.87871871800007],[-83.22924392799996,34.87991371800007],[-83.23238292899998,34.878057718000036],[-83.24032193099998,34.87877571800004],[-83.24312993199999,34.87739871700006],[-83.24046693099996,34.87272971600004],[-83.23470692899997,34.870749716000034],[-83.23788092999996,34.86888371600003],[-83.23861292999999,34.865458715000045],[-83.24672293199995,34.867008715000054],[-83.24805793199994,34.86312371400004],[-83.24634693199994,34.86003171400006],[-83.24693693199998,34.85501371200007],[-83.25332293299994,34.855929712000034],[-83.25376593299995,34.848063711000066],[-83.24859593099995,34.84607971100007],[-83.25053293199994,34.84449171000006],[-83.25652593399997,34.844068710000045],[-83.26076393499994,34.84546671000004],[-83.26089393499996,34.84822671100005],[-83.26665493699994,34.84891371000003],[-83.27242993799996,34.83472470700008],[-83.26729693599998,34.83275470700005],[-83.26816293599995,34.82139970500003],[-83.275659938,34.81686870300007],[-83.28481594099998,34.82304970400003],[-83.28991794199999,34.824483704000045],[-83.29112394299995,34.82251470400007],[-83.29021094199999,34.81803770300007],[-83.29471994299996,34.815737702000035],[-83.29465094299997,34.81360870200007],[-83.30001494499999,34.815253702000064],[-83.29899194499995,34.817557703000034],[-83.30057194499994,34.818667703000074],[-83.30313494599994,34.81875170300003],[-83.30666694699994,34.81485670200004],[-83.30405094599996,34.810927701000026],[-83.30053294499999,34.81056870100008],[-83.30118594499999,34.80401470000004],[-83.31378594799997,34.79991769800006],[-83.31800994899999,34.79373869700004],[-83.32386994999996,34.78971869600008],[-83.319948948,34.77373169300006],[-83.32078294799999,34.75842668900003],[-83.32559094899995,34.754984688000036],[-83.32744594899998,34.750073687000054],[-83.33981495199998,34.739173684000036],[-83.34883295499998,34.73720068400007],[-83.35324195599998,34.72865468200007],[-83.35248895499996,34.71599967900005],[-83.34665295199994,34.704226677000065],[-83.35391395399995,34.69922567500004],[-83.35245095399995,34.69671867500006],[-83.34392895099995,34.69428967500005],[-83.34013794999998,34.691489674000024],[-83.33836794899997,34.68690467300007],[-83.34262094999997,34.682997672000056],[-83.34035994899995,34.680652672000065],[-83.33028794599994,34.68134867300006],[-83.32146694299996,34.677549672000055],[-83.31852794199995,34.67477967200006],[-83.31640494099997,34.66932267100003],[-83.30464493799997,34.66956767100004],[-83.30148093699995,34.666588671000056],[-83.30085193699995,34.662476670000046],[-83.29288693399997,34.65420266800004],[-83.27230392699994,34.64297466700003],[-83.25528492199999,34.63770266600005],[-83.24458491799999,34.626303664000034],[-83.24067291699998,34.62451366400006],[-83.24338491699996,34.618003662000035],[-83.23178391399995,34.61130366100008],[-83.22140590999999,34.609953662000066],[-83.21160190799998,34.610911662000035],[-83.19978290399996,34.608404662000055],[-83.19628390299994,34.60370266100006],[-83.19273090199994,34.60330766100003],[-83.18957390099996,34.60547866200005],[-83.17944289799993,34.60802666300003],[-83.16884989499994,34.607057663000035],[-83.15917989199994,34.603504663000024],[-83.15779789099997,34.60153166200007],[-83.16016689199995,34.599162662000026],[-83.16990089499996,34.59950266100003],[-83.17100889499994,34.595598660000064],[-83.16828189399996,34.59100466000007],[-83.15458088999998,34.58820465900004],[-83.15876889099997,34.58235665800004],[-83.15887488999994,34.579191657000024],[-83.14512688599996,34.573505657000055],[-83.13987988399998,34.568005656000025],[-83.14051888399996,34.562392654000064],[-83.13337988199999,34.55950565400008],[-83.12717987999997,34.562005655000064],[-83.12290487899998,34.56013565500007],[-83.12205587899996,34.55803465400004],[-83.12425987899996,34.555003654000075],[-83.12189787799997,34.552344653000034],[-83.11866287699996,34.552775653000026],[-83.10566587299996,34.54117965100005],[-83.10218287099997,34.53218564900004],[-83.09686186999994,34.531530650000036],[-83.09256786899994,34.53295065000003],[-83.084858866,34.53097365000008],[-83.07799886399994,34.52375264900007],[-83.07881286399999,34.52179664800008],[-83.08686486599998,34.51780464700005],[-83.08719286599995,34.515945647000024],[-83.07984586399994,34.51446064700008],[-83.07737386299993,34.50923064600005],[-83.06945485999995,34.50213764400007],[-83.06551885899995,34.50113264400005],[-83.05784685699996,34.50371764500005],[-83.05446685599998,34.50289664500008],[-83.05286385499994,34.49533264300004],[-83.03471584899995,34.48350164200008],[-83.02931884699996,34.484153642000024],[-83.00292783899994,34.472138640000026],[-82.99509383699996,34.47248964100004],[-82.99528283699993,34.47565464100006],[-82.99267483599994,34.47907864200005],[-82.97974983299997,34.48294464400004],[-82.97492083099996,34.479356643000074],[-82.96645182899994,34.48235764400005],[-82.96424482799995,34.48457764400007],[-82.95855182599996,34.47956064400006],[-82.95570982599997,34.47890764400006],[-82.94823182299996,34.48049864400008],[-82.94399082199999,34.48552164500006],[-82.94087082199997,34.48610864600005],[-82.93082681899995,34.485655646000055],[-82.92576981699995,34.48180864500006],[-82.90155480999994,34.48677064700007],[-82.89259680699996,34.48119664600006],[-82.88740180599996,34.48096564700006],[-82.88079680299995,34.471892645000025],[-82.88080180299994,34.46914564400004],[-82.87387280099995,34.464473644000066],[-82.87184979999995,34.46119564300005],[-82.86534879799996,34.46032564300003],[-82.85884079599998,34.45522664200007],[-82.86087779599995,34.45147564100006],[-82.85576579399998,34.443983640000056],[-82.85443779299999,34.432281637000074],[-82.84865479099994,34.423850636000054],[-82.84744978999998,34.41205563300008],[-82.84132978799994,34.397338630000036],[-82.84152778699996,34.39013662900004],[-82.83661478499994,34.382682627000065],[-82.83500778399997,34.366075624000075],[-82.79405777099998,34.33977862000006],[-82.78684376699994,34.310387614000035],[-82.78175576499996,34.30290761200007],[-82.78031176399998,34.296707611000045],[-82.77093176099999,34.28540860900006],[-82.76526975899998,34.281545608000044],[-82.76199875799995,34.28149860900004],[-82.75503175599994,34.27607360800005],[-82.74665975299996,34.26641360600007],[-82.74875975299994,34.26341360500004],[-82.74405975099995,34.252413603000036],[-82.74483775099998,34.24296360100004],[-82.74198374999997,34.23020259800006],[-82.74441874999997,34.22491959700005],[-82.740450749,34.21968559600003],[-82.74192374799998,34.21006959400006],[-82.73276474499994,34.19534459100004],[-82.73188474399996,34.17836958700008],[-82.72331574099996,34.16590158500003],[-82.71751073799999,34.15051058200004],[-82.70414373399996,34.14101358000005],[-82.69976173199996,34.13932458000005],[-82.69215572999997,34.138992580000036],[-82.68629372799995,34.13446058000005],[-82.67732372499995,34.131663579000076],[-82.66811672199998,34.12016657700008],[-82.66688272099998,34.113597576000075],[-82.66032571899996,34.10690357500005],[-82.65908071899997,34.10355057400005],[-82.64818771499995,34.09865557300003],[-82.64155671299994,34.092218572000036],[-82.64034871199993,34.08631057100007],[-82.64566471299997,34.07605256900007],[-82.64398371299995,34.07224356800003],[-82.64054671099996,34.067601567000054],[-82.63599470999998,34.06494756700005],[-82.63097570799994,34.06553456700004],[-82.62696670699995,34.06346356700004],[-82.62215870499995,34.05852256600008],[-82.61915870399997,34.05132256400003],[-82.61335870199997,34.046822563000035],[-82.60965870099994,34.03992356200007],[-82.59455869599998,34.02872356000006],[-82.59565869499994,34.01612455700007],[-82.58924869299994,34.000124554000024],[-82.58339769099996,33.99529255300007],[-82.57554368799998,33.99205555300006],[-82.57999968899998,33.987017552000054],[-82.57957968899996,33.979767550000076],[-82.56829168499996,33.968778548000046],[-82.56458568299996,33.95581654600005],[-82.55683867999994,33.94535954400004],[-82.54313167599997,33.94095554300003],[-82.53411467399997,33.943657544000075],[-82.52451867099995,33.94336654400007],[-82.51295366699998,33.936975543000074],[-82.50764366499999,33.93146254200008],[-82.49293265999995,33.90976053800006],[-82.48011465599996,33.90190353700007],[-82.46991665199994,33.89284453500005],[-82.45939464899999,33.88639253400004],[-82.45510864699997,33.88165653300007],[-82.44050664299994,33.875129532000074],[-82.43115363899994,33.86705753100006],[-82.42280663699995,33.863760531000025],[-82.40835763299998,33.86632653200007],[-82.40388463099998,33.86548353200004],[-82.39573962899993,33.85909553100004],[-82.37975362399999,33.85109252900003],[-82.37177862099998,33.84381952800004],[-82.34693661299997,33.83430452700003],[-82.33783260999996,33.82716252600005],[-82.32448360599994,33.82003952500003],[-82.31334260199998,33.809211523000045],[-82.30021659799996,33.800633521000066],[-82.29828959599996,33.783524518000036],[-82.28580759199997,33.78006451700003],[-82.27768458999998,33.772038516000066],[-82.26613058599997,33.76675151500007],[-82.26320958499997,33.761968514000046],[-82.25527058199998,33.75969651400004],[-82.24747557999996,33.75259751300007],[-82.23910157599994,33.730878508000046],[-82.23575657399994,33.714396505000025],[-82.23719557399994,33.707886503000054],[-82.23457957299996,33.70022250200003],[-82.21865256799998,33.68630549900007],[-82.21082956499998,33.67061049600005],[-82.19985056099995,33.66176449500006],[-82.20118956099998,33.64690449100004],[-82.19658655899997,33.63058848800006],[-82.18615755499997,33.620886486000074],[-82.17435455099996,33.613123485000074],[-82.15629154599998,33.608636485000034],[-82.15336054499994,33.606325484000024],[-82.14881954299995,33.59809848200007],[-82.14287554099997,33.594284482000035],[-82.12908353699999,33.589931481000065],[-82.11654853299996,33.59649148300008],[-82.10624352999997,33.59564348300006],[-82.09413152599996,33.58274848100007],[-82.07310751999995,33.57751648100003],[-82.05773051499995,33.566780479000045],[-82.04633851099999,33.56383647900003],[-82.03737850799996,33.554668477000064],[-82.03302650599994,33.54646047500006],[-82.02824150499998,33.54494047500003],[-82.01984150199996,33.535041473000035],[-82.01154149899997,33.53174147300007],[-82.00764149799994,33.52334147100004],[-82.00134149599995,33.520141471000045],[-81.99194149199997,33.50444146700005],[-81.99038549199997,33.500765467000065],[-81.99094149099994,33.49424146500007],[-81.98594148999996,33.486542464000024],[-81.93413947399995,33.468343462000064],[-81.92633947099995,33.462943461000066],[-81.91353546599998,33.44128045600007],[-81.91335946599997,33.43742445500004],[-81.91623946699997,33.43312045400006],[-81.92498446899998,33.42929445300007],[-81.93080147099994,33.42904045300003],[-81.93113746999995,33.42398445200007],[-81.92489646799999,33.41931345100005],[-81.91358346499999,33.41600045100006],[-81.90963246399997,33.41260945000005],[-81.91307246399998,33.40797044900006],[-81.92582546799997,33.411669449000044],[-81.93052246899998,33.40680344800006],[-81.94489647399996,33.40796844800008],[-81.94205947299997,33.40181444700005],[-81.93545646999996,33.397857446000046],[-81.93086446799998,33.38008244200006],[-81.92484046599998,33.37414644100005],[-81.92574046599998,33.371146440000075],[-81.93063746799999,33.368171440000026],[-81.93464046899999,33.36894644000006],[-81.93964046999997,33.372546440000065],[-81.94374047199994,33.37234644000006],[-81.94634047199997,33.37064644000003],[-81.94674047199999,33.36734643900007],[-81.94474047199998,33.36404743800006],[-81.93484046799995,33.35604743700003],[-81.93564046799997,33.35204743600008],[-81.93984046899999,33.34774743500003],[-81.93974046899996,33.34494743400006],[-81.93274046699997,33.34354743400007],[-81.92474046499996,33.345347435000065],[-81.91954046299998,33.340848434000065],[-81.91559746199994,33.34370543500006],[-81.91399246199995,33.347115436000024],[-81.90877745999995,33.34731543600003],[-81.90877745999995,33.34350443500006],[-81.91258846099998,33.34210043500008],[-81.91708546199999,33.33757943300003],[-81.91834046199995,33.33284843200005],[-81.90877745899996,33.327056431000074],[-81.91374045999999,33.32004843000004],[-81.91094045899996,33.31934843000005],[-81.90613345799994,33.32162643000004],[-81.90644745799995,33.32418743100004],[-81.90261645699997,33.330264432000035],[-81.90364045799998,33.33484843300005],[-81.90195745799997,33.33588243400004],[-81.89694045599998,33.33054843300005],[-81.89694045599998,33.327648432000046],[-81.89927445599994,33.32542343100005],[-81.89859145599996,33.32291143100008],[-81.89554045499995,33.32164843100003],[-81.89102645399998,33.322497431000045],[-81.88916445299998,33.32109843100005],[-81.89254045399997,33.31534942900004],[-81.89054045299997,33.31484942900005],[-81.88313945099998,33.31744943000007],[-81.88153944999993,33.31404942900008],[-81.88414045099995,33.31044942900007],[-81.88175744999995,33.30368342700007],[-81.87836644899994,33.30322242700004],[-81.87043944699997,33.31294943000006],[-81.866539446,33.31374943000003],[-81.86404644499999,33.31161142900004],[-81.86446644499995,33.30280742800005],[-81.86123944399998,33.30334942800005],[-81.85627844299995,33.309646429000054],[-81.85261344199995,33.310407430000055],[-81.84729943999997,33.30678942900005],[-81.84613943999994,33.303849428000035],[-81.84960443999995,33.29797142700005],[-81.85733944299994,33.29955042700004],[-81.86153944399996,33.297950427000046],[-81.86323944399999,33.28885042500008],[-81.86133944299996,33.28625042400006],[-81.85183943999994,33.283550424000055],[-81.84459043799995,33.28352942400005],[-81.84403943799998,33.278650423000045],[-81.84037743599998,33.27370042200005],[-81.83616543499994,33.27350042200004],[-81.83375843499994,33.27650942300005],[-81.83155243399995,33.275907423000035],[-81.83636643499995,33.26647942000005],[-81.83496243399998,33.26347142000003],[-81.82794143199999,33.26367142000004],[-81.83135143299995,33.25945941900005],[-81.83496243399998,33.25925841900005],[-81.84158143599996,33.26367142000004],[-81.84252543699995,33.26659042000006],[-81.84783943799994,33.26565142000004],[-81.84820043799994,33.26166541900005],[-81.84633943699998,33.25845141800005],[-81.83963943499998,33.25525141800006],[-81.84563943699999,33.25255141700006],[-81.85184043899994,33.252051417000075],[-81.85213943899998,33.247550416000024],[-81.846539437,33.241752415000065],[-81.83701943399996,33.237658414000066],[-81.82793943099995,33.22875241200006],[-81.80963942499994,33.22265341200006],[-81.80793942399998,33.21375341000004],[-81.80523942299999,33.21145340900006],[-81.78453841699996,33.20815340900003],[-81.77753841499998,33.21135341000007],[-81.77733841499997,33.21495341100007],[-81.78103841599994,33.21985341200008],[-81.78013841599994,33.221153412000035],[-81.77403841399996,33.221153413000025],[-81.76893841299994,33.217453412000054],[-81.76353840999997,33.20365440900002],[-81.75693840799994,33.19785440800007],[-81.76063840899997,33.18925440600003],[-81.76616140999994,33.18739440500008],[-81.767352411,33.18396040500005],[-81.76444040999996,33.18008340400007],[-81.76496940999994,33.17842140300007],[-81.76735240999994,33.17808940300006],[-81.77079341199999,33.18141240400007],[-81.77350341199997,33.18050940400008],[-81.76711140999998,33.17002240200003],[-81.76313840799997,33.159455399000024],[-81.74383840199994,33.141456396000024],[-81.70463738899997,33.11645739200003],[-81.69693738699993,33.11655739200006],[-81.68353638299999,33.112657392000074],[-81.65843637499995,33.10315839000003],[-81.64643637099994,33.09455838900004],[-81.63723536799995,33.092958389000046],[-81.61778236199996,33.09528339000008],[-81.61272836099994,33.093959390000066],[-81.60947935999997,33.08986838900006],[-81.60984035899997,33.08216738700003],[-81.60683935899993,33.08172338700007],[-81.60165835699996,33.08469438800006],[-81.59816835599997,33.08108438800008],[-81.60021435599998,33.075188386000036],[-81.59925135599997,33.07181938600007],[-81.59455835399996,33.06989338500006],[-81.58854235299998,33.07085638600006],[-81.57288334699996,33.05418638200007],[-81.56892834599995,33.05352938200008],[-81.56050534399998,33.05521338300008],[-81.55894134299996,33.05292738300005],[-81.56034734299999,33.05004238200007],[-81.56611134499997,33.04879838200003],[-81.56195134399997,33.04585038100004],[-81.55178934099996,33.043396381000036],[-81.54698533899995,33.04851738200006],[-81.54378133799997,33.048581382000066],[-81.53879233699996,33.039191380000034],[-81.53550133599998,33.03849538000003],[-81.52914533399996,33.040818381000065],[-81.52845433299996,33.035652380000045],[-81.52265633099995,33.03079537900004],[-81.51124832799997,33.02779237900006],[-81.51169332799998,33.024512378000054],[-81.51907832999996,33.023202377000075],[-81.51607632899999,33.02083937700007],[-81.51028532699996,33.02123937700003],[-81.50822332599995,33.01751637700005],[-81.51156532699997,33.01237237500004],[-81.51069332699996,33.010321375000046],[-81.50822132599995,33.01053337500008],[-81.50667132599995,33.01508837600005],[-81.50405632499996,33.01625937600005],[-81.49664032299995,33.01023037500005],[-81.49225632099996,33.00934837500006],[-81.49190232099994,33.00670037500004],[-81.49875632299995,33.00507137400007],[-81.50063332399998,33.00196137300003],[-81.49120032099995,32.997830373000056],[-81.49225532099996,32.993516372000045],[-81.49614132199997,32.990919371000075],[-81.49416832099996,32.98571137000005],[-81.49550732099993,32.983540369000025],[-81.49473932099994,32.97900436800006],[-81.49983332099998,32.963822365000055],[-81.50334932199996,32.962956365000025],[-81.50706332399994,32.964827365000076],[-81.50884232399994,32.96937436600007],[-81.51135032499997,32.966727365000054],[-81.50861232399996,32.95255736200005],[-81.49944931999994,32.944994361000056],[-81.50271932099997,32.93869435900007],[-81.50243032099996,32.93535935800003],[-81.49983231999994,32.932620358000065],[-81.49509531899997,32.93160235800008],[-81.48320131499997,32.92180835600004],[-81.48444231499997,32.918831355000066],[-81.48726131599994,32.917857355000024],[-81.48705231499997,32.91477835400008],[-81.48001131299998,32.91345035400008],[-81.481447313,32.90890135300003],[-81.47918731299995,32.90564435300007],[-81.48081531299994,32.898620351000034],[-81.47254730999998,32.89635135100008],[-81.47161930999994,32.900011352000035],[-81.46898130899996,32.90108935200004],[-81.46407230799997,32.897820351000064],[-81.47083930999997,32.89052735000007],[-81.47710331099995,32.887475349000056],[-81.47944831199999,32.88108834700006],[-81.47592131,32.87764734600006],[-81.47037930899995,32.87627334600006],[-81.46804530799994,32.876681347000044],[-81.46714130799995,32.88060834700008],[-81.46340130699997,32.87944734700005],[-81.46055930599994,32.87516734600007],[-81.45288630299996,32.872970346000045],[-81.45135430299996,32.86858934500003],[-81.45302030299996,32.859642343000075],[-81.45598130299999,32.85411334200006],[-81.45680430299996,32.848825341000065],[-81.45550330299994,32.84697834000008],[-81.45364430199999,32.84582734000003],[-81.45100230199995,32.84648534000007],[-81.44486929999994,32.85097334200003],[-81.44267429899998,32.85011334100005],[-81.44288529899995,32.845853340000076],[-81.43865529799996,32.84008233900005],[-81.43574029699994,32.84271934000003],[-81.43191729599994,32.84288434000007],[-81.42647829399993,32.84077934000004],[-81.42161729199995,32.83518433900008],[-81.42062329199996,32.83122933800007],[-81.42367729299997,32.828313337000054],[-81.42994629499998,32.82825233700004],[-81.42195529199995,32.821472336000056],[-81.42304429199999,32.81975333500003],[-81.42823829399998,32.81859033500007],[-81.42435729199997,32.81618533400007],[-81.42058829099994,32.81865733500007],[-81.41798729099997,32.818202335000024],[-81.41975529099994,32.81373733400005],[-81.42632929299998,32.80993433300006],[-81.42274229099996,32.801996331000055],[-81.42689829199998,32.80224533100005],[-81.42829529299996,32.80083833100008],[-81.42523729199996,32.794196330000034],[-81.41988228999998,32.794863330000055],[-81.41970328999997,32.79323333000008],[-81.42803429199995,32.78762432800005],[-81.42203328999994,32.78457732800007],[-81.42450929099994,32.782691327000066],[-81.42998029299997,32.78524132700005],[-81.43094929299997,32.783360327000025],[-81.42685829099997,32.77946232600004],[-81.41439728799998,32.77893632700005],[-81.41735628799995,32.773342325000044],[-81.42985729199995,32.77213532400003],[-81.43151629199997,32.77149032400007],[-81.43194329199997,32.76891732400003],[-81.41799728799998,32.76696132400008],[-81.41522528699994,32.76163432300007],[-81.41263128599996,32.76081632300003],[-81.41295528599994,32.754817321000075],[-81.41848828799993,32.752195320000055],[-81.41970128799994,32.74917332000007],[-81.41657828699994,32.747954320000076],[-81.41004828499996,32.74934932000008],[-81.40526228399995,32.74877532000005],[-81.40494328299997,32.746237320000034],[-81.40760528399994,32.74034031800005],[-81.41267328499998,32.739089318000026],[-81.41387528599995,32.737483317000056],[-81.41159828499997,32.733858317000056],[-81.41252028499997,32.73243831600007],[-81.41854528699997,32.73259231600008],[-81.41675528599995,32.728768315000025],[-81.41777228599994,32.725080314000024],[-81.40984428399997,32.722464314000035],[-81.41091928399999,32.72121331400007],[-81.42034128699999,32.721057313000074],[-81.41512328499994,32.71367531200008],[-81.41667428499994,32.71228931200005],[-81.42119728699998,32.71198431100004],[-81.42752028799998,32.70190230900005],[-81.41510828399998,32.695906308000076],[-81.41278528299995,32.69279830700003],[-81.41047928299997,32.69541430800007],[-81.40831328199994,32.69491430800008],[-81.40125927899999,32.68016230500007],[-81.40429027999994,32.667804302000036],[-81.39754727699994,32.66259730100006],[-81.39751727699996,32.66021930100004],[-81.40034527799997,32.65849430000003],[-81.40325727899994,32.659470300000066],[-81.40450827899997,32.66264630100005],[-81.40664927999995,32.66252130100003],[-81.40719627999994,32.660525300000074],[-81.40527627899996,32.65652329900007],[-81.398317277,32.65631330000008],[-81.39303627599998,32.65154929900007],[-81.40358527799998,32.643404297000075],[-81.41255628099998,32.641529296000044],[-81.41183027999995,32.63938929500006],[-81.40273827799996,32.637038295000025],[-81.40727427899998,32.631743294000046],[-81.41026327999998,32.631398294000064],[-81.41341428099997,32.63737429500003],[-81.41476428099998,32.637446295000075],[-81.41843428199996,32.63471029400006],[-81.41866328199995,32.629398293000065],[-81.41190927999997,32.618416291000074],[-81.39386827399994,32.602346288000035],[-81.38934127199997,32.595442286000036],[-81.37921926899998,32.58902828500004],[-81.37624026799995,32.58922328500006],[-81.37318126699995,32.592121286000065],[-81.36976026599996,32.59123728600002],[-81.36982226599997,32.58505428500007],[-81.36394026399995,32.58374228400004],[-81.36359626399997,32.58179728400006],[-81.36711326499994,32.57861528300003],[-81.36696726399998,32.577065283000024],[-81.36294026299998,32.57731128300003],[-81.35948426199997,32.582167284000036],[-81.35601326099999,32.580981284000075],[-81.35348726099994,32.578486284000064],[-81.35831726199996,32.57445728300007],[-81.35480026099998,32.57107828200003],[-81.32875625199995,32.561234281000054],[-81.32059124999995,32.55954028000008],[-81.29676324299999,32.56265428200004],[-81.29530524299997,32.56081228200003],[-81.29796124299997,32.555834280000056],[-81.296694243,32.553399280000065],[-81.29140124099996,32.55590428100004],[-81.29342924199995,32.56133028200003],[-81.29129224199994,32.56274528200004],[-81.28847024099997,32.55846228100006],[-81.28912623999997,32.551256280000075],[-81.28472423899996,32.552949280000064],[-81.28327423899998,32.556788281000024],[-81.28132723799996,32.55647028100003],[-81.27876323699996,32.55234628000005],[-81.28103723799995,32.549684280000065],[-81.28073423799998,32.54764427900005],[-81.27493023599999,32.54416427900003],[-81.27624523599997,32.538564277000035],[-81.27966023699997,32.536808277000034],[-81.25288522799997,32.518336273000045],[-81.23466322299998,32.51627627400006],[-81.23483722299994,32.51227727300005],[-81.23873122399993,32.50890227200006],[-81.23358822199998,32.49849427000004],[-81.20003220999996,32.467991264000034],[-81.19483220899997,32.46509226300003],[-81.18923220699998,32.465592264000065],[-81.18683220599996,32.464092263000055],[-81.18911820699998,32.46091026300007],[-81.19344320799996,32.45983826200006],[-81.19456120799998,32.45778026200003],[-81.19160620699995,32.45480026100006],[-81.19283320799997,32.45340426100006],[-81.19748720899997,32.45479726100007],[-81.19805820899995,32.44847826000006],[-81.20449921099998,32.45278526000004],[-81.20659321099998,32.44745925900003],[-81.20046120899997,32.445835259000035],[-81.19934320899995,32.44374425800004],[-81.19964720899998,32.441598258000056],[-81.20843321099994,32.435993256000074],[-81.20513320999999,32.42379425400003],[-81.17723419999999,32.39169624700003],[-81.17813419999999,32.38459624600006],[-81.18107520099994,32.38040424500008],[-81.16933519699995,32.36944224300004],[-81.17086119699997,32.36272824100007],[-81.16173519399996,32.35609824000005],[-81.16139219399997,32.350525239000035],[-81.15503519199996,32.35009923900003],[-81.15513219199994,32.344526237000025],[-81.15671919199997,32.34258023700005],[-81.15920819299998,32.34304423700007],[-81.16049719299997,32.34175223700004],[-81.15865719199996,32.33987423600007],[-81.15328719099995,32.34130523700003],[-81.14955018999996,32.345085238000024],[-81.14522218899998,32.34531823800006],[-81.14763518999996,32.349399239000036],[-81.14253518799995,32.35089923900006],[-81.13363518499995,32.341299237000044],[-81.13035518399994,32.34198623800006],[-81.12863318299998,32.33703823700006],[-81.13303518499998,32.334800236000035],[-81.13763618599995,32.328200234000064],[-81.13573618499998,32.32460023400006],[-81.13392818399996,32.324159234000035],[-81.13176118399997,32.32637523400007],[-81.13070218399997,32.32505823400004],[-81.13147918299995,32.31791023200003],[-81.12978018299998,32.31329623100004],[-81.13305518399994,32.30901723000005],[-81.13152618299995,32.30728323000005],[-81.12788418199995,32.307076230000064],[-81.12543618099994,32.309301230000074],[-81.12293617999995,32.307301230000064],[-81.12221217999996,32.29388622700003],[-81.11963617899994,32.28760222600005],[-81.12143617899994,32.28450222500004],[-81.12622917999994,32.28251822400006],[-81.12342817899997,32.27505722300003],[-81.12933118099994,32.275908223000044],[-81.13269118199997,32.26996722100006],[-81.13566018299997,32.272182222000026],[-81.14153418399997,32.272002222000026],[-81.14212318399996,32.27056422100003],[-81.13736918299998,32.26789622100006],[-81.13693318299994,32.26612122000006],[-81.13845618299996,32.264190220000046],[-81.14533918499995,32.26399922000007],[-81.14660518499994,32.262772219000055],[-81.14469718499998,32.258423218000075],[-81.14833718599994,32.25510421700005],[-81.14573718499997,32.25113521700007],[-81.15559818699995,32.246028215000024],[-81.15659018799994,32.24391621500007],[-81.15353418599994,32.23769321300006],[-81.14561318399996,32.23206821200006],[-81.14363318299996,32.22848421200007],[-81.14481618299999,32.22600021100004],[-81.15206718499996,32.222048210000025],[-81.14314218299995,32.22173721000007],[-81.13939118099995,32.220033210000054],[-81.13601517999996,32.21286420800004],[-81.12828617799994,32.20864020800008],[-81.12315317599996,32.20133520600007],[-81.12228117499996,32.19617120500004],[-81.11651717399997,32.19589820500005],[-81.11519817299995,32.19411820500005],[-81.12054517499996,32.19218720400005],[-81.11823717399994,32.18920720400007],[-81.11793717399996,32.185307203000036],[-81.12020917399997,32.17967020100008],[-81.11903517399998,32.17706520100006],[-81.11023717099994,32.175574201000074],[-81.11113517099994,32.17270920000004],[-81.11384317199997,32.17126520000005],[-81.12157817399998,32.17351620000005],[-81.12813717599994,32.16910819900005],[-81.12963717599996,32.16560819800003],[-81.12203717399996,32.161809197000025],[-81.12003717299996,32.15330919500008],[-81.11223916999995,32.150810195000076],[-81.11223716999996,32.14931219500005],[-81.11733817199996,32.14620919400005],[-81.11913717199997,32.142110193000065],[-81.11994617199997,32.13400419100003],[-81.11524516999998,32.12551018900007],[-81.11723716999995,32.11761118700008],[-81.11113716799997,32.112011186000075],[-81.09150116299998,32.110788187000026],[-81.09087716199997,32.10699618600006],[-81.08823716099994,32.10395618500007],[-81.06690915399997,32.09035718300004],[-81.05023714899994,32.08531418200005],[-81.03826814599995,32.08447518200006],[-81.032677144,32.085456183000076],[-81.02162514099996,32.09090318400007],[-81.01196413899999,32.10018218700003],[-81.00674813699999,32.10115818700007],[-81.00230013599997,32.10005418700007],[-80.994336133,32.09461418600006],[-80.98313612899994,32.079615183000044],[-80.95448511999996,32.068628181000065],[-80.93356011299994,32.04756017700004],[-80.92279710999998,32.03915717600006],[-80.91784810799999,32.03758117600006],[-80.88552009899996,32.03460617600007],[-80.88889409999996,32.037890177000065],[-80.88363109799997,32.039339177000045],[-80.89074409999995,32.04161817700003],[-80.89445910199998,32.045095178000054],[-80.90600710499996,32.04796317800003],[-80.90538110499995,32.051949179000076],[-80.89982710399994,32.05602118000007],[-80.89572210299997,32.06310518200007],[-80.88663610099997,32.07193418400004],[-80.88319009999998,32.080090186000064],[-80.87213109699996,32.08288418700005],[-80.85873809399999,32.09958719200006],[-80.84801009099994,32.10889919400006],[-80.84242708999994,32.117843196000024],[-80.82839708499995,32.11322819600008],[-80.82153308299996,32.10859519500008],[-80.81250607999993,32.109752195000056],[-80.78999907399998,32.12250019900006],[-80.74679706199998,32.141830205000076],[-80.73153605799996,32.150885207000044],[-80.72148105599996,32.159319209000046],[-80.68627904699997,32.20321922100004],[-80.67165504299999,32.213412223000034],[-80.66916904299995,32.216789224000024],[-80.66788004299997,32.220686225000065],[-80.67222704399995,32.229511227000046],[-80.67784804599995,32.23641222800006],[-80.68651504899998,32.24419623000006],[-80.69326705099996,32.246988230000056],[-80.70590105499997,32.25616523200006],[-80.71779905899996,32.26698023400007],[-80.73012406299995,32.27050523400004],[-80.73808606499995,32.26417423300006],[-80.74236406599994,32.263772232000065],[-80.76126007299996,32.28005023600008],[-80.76541907399996,32.28597823700005],[-80.76604107499998,32.292614238000056],[-80.75345307199996,32.30682824200005],[-80.74100506799994,32.30379024200005],[-80.73712106699998,32.306035242000064],[-80.73881506799995,32.31377224400006],[-80.73364006599996,32.319475245000035],[-80.72221906299995,32.32471024700004],[-80.71460406099999,32.325662247000025],[-80.70814805899994,32.323740247000046],[-80.69965605599998,32.31523924500004],[-80.69847405599995,32.310664244000066],[-80.68853005199998,32.30285524300007],[-80.67379404799993,32.29642624200005],[-80.66825404599996,32.29784224300005],[-80.64479703899997,32.29150324200003],[-80.643014038,32.272816238000075],[-80.64646103799998,32.26507823600008],[-80.64539103799996,32.26085823500006],[-80.63297303399997,32.256931234000035],[-80.62369303099996,32.25806523500006],[-80.61984002999998,32.262265236000076],[-80.60902602699997,32.26789223800006],[-80.60641102699998,32.27251423900003],[-80.58846702199997,32.28266224200007],[-80.58609002099996,32.27532824000008],[-80.58086101899994,32.274122240000054],[-80.56897701599996,32.27643324100006],[-80.54632400899999,32.28438624300003],[-80.54045500799998,32.28889124500006],[-80.52001500199998,32.299439248000056],[-80.45295898399996,32.32250025500008],[-80.45519498399995,32.326464256000065],[-80.45482898499995,32.339244259000054],[-80.44421698199994,32.35494126300006],[-80.42929397999995,32.38967327100005],[-80.42830497999995,32.39932727300004],[-80.42232897799994,32.40154127400007],[-80.42375497899997,32.403648274000034],[-80.42922097999997,32.40555427500004],[-80.43556798199995,32.412465276000034],[-80.44074898399998,32.413380276000055],[-80.44300698499995,32.41127327500004],[-80.45750498899997,32.41027027500007],[-80.46153698999996,32.41289927500003],[-80.46759099199994,32.42526527800004],[-80.46964099299998,32.43376628000004],[-80.47941199699994,32.44576028200004],[-80.48461999899996,32.46098228500006],[-80.47688499699996,32.46791928700003],[-80.47783999799998,32.472010288000035],[-80.48129999899999,32.47559428900007],[-80.47207099699995,32.49697029400005],[-80.46309099399997,32.49781429400008],[-80.45762399299997,32.49951829500003],[-80.45465299199998,32.50352729600007],[-80.44407598899994,32.504930297000044],[-80.43092098499994,32.500912296000024],[-80.42156598199995,32.49484129500007],[-80.41860198099994,32.48950629400008],[-80.41911998099994,32.478969292000045],[-80.41594597899996,32.472080290000065],[-80.41348997799997,32.47067829000002],[-80.39256397299994,32.47533829200006],[-80.38963797199995,32.47711329200007],[-80.38774597099996,32.48297929300003],[-80.37598096799996,32.48799129500003],[-80.37063296699995,32.487590295000075],[-80.36905196599997,32.49178329600005],[-80.36252596499997,32.49563329700004],[-80.36041296399998,32.499819298000034],[-80.34674595999996,32.494506297000044],[-80.33835695699997,32.47873629400004],[-80.33244095499998,32.47811029400003],[-80.27768393999997,32.51616730400008],[-80.24620793199995,32.53619431000004],[-80.21839892399998,32.55062031400007],[-80.19498791799998,32.560036317000026],[-80.16563390899995,32.559836318000066],[-80.151090905,32.57438532200007],[-80.12137089699996,32.59052932600002],[-80.09807789099995,32.598283329000026],[-80.07704188499997,32.603325331000065],[-80.03727887299993,32.61024233300003],[-80.01696586699995,32.61040333400007],[-80.01050786499997,32.60885833400005],[-80.00603186399997,32.60599833300006],[-80.00080386199994,32.605898334000074],[-79.99224685999997,32.611004335000075],[-79.98691985899995,32.62639433900006],[-79.98000685699998,32.63242334000006],[-79.97430185599995,32.64103034200008],[-79.97002385499997,32.640530342000034],[-79.91568483999998,32.66492135000004],[-79.88558483199995,32.684874355000034],[-79.88802483199999,32.68765135600006],[-79.88709683299999,32.70195335900007],[-79.88006183099998,32.71605236200003],[-79.87015082899995,32.73000936600005],[-79.87093282999996,32.742440369000064],[-79.87911183299997,32.75084037000005],[-79.89087683599996,32.751040370000055],[-79.89634283799995,32.74954136900004],[-79.89907683899997,32.75333937000005],[-79.90109683899993,32.751040370000055],[-79.90893984199994,32.75164036900003],[-79.91797184399996,32.75443937000006],[-79.92320084599999,32.75303936900008],[-79.92854884699994,32.75423936900006],[-79.92878684799996,32.769129373000055],[-79.92438984699999,32.77502537400005],[-79.92320084699998,32.781819376000044],[-79.88600383599999,32.78791337800004],[-79.87804183399999,32.78571537800008],[-79.86544482999994,32.774925376000056],[-79.86342482899994,32.77102837500007],[-79.86639582999999,32.76603137400008],[-79.86271182799999,32.761534373000075],[-79.85470582599999,32.75488437200005],[-79.84879982399997,32.753636372000074],[-79.82396981699998,32.76273337500004],[-79.81451581399995,32.77045437700008],[-79.81398681399997,32.77482537800006],[-79.80503981199996,32.77510037800005],[-79.78756780699996,32.78447238100006],[-79.75647279799995,32.79660838500007],[-79.73659779299999,32.80159938600008],[-79.72639178999998,32.806002388000024],[-79.72070978799997,32.81115938900007],[-79.71807078799998,32.81698239000008],[-79.71988178899994,32.82580239200007],[-79.71012078599995,32.83335939400007],[-79.70379178399997,32.83603039500008],[-79.69929878299996,32.84390939700006],[-79.69811778299999,32.85133139900006],[-79.69337778199997,32.852827399000034],[-79.68124277899994,32.861714402000075],[-79.65592977199998,32.87588740600006],[-79.64665876899994,32.876061406000076],[-79.63115176499997,32.888612409000075],[-79.58106075099994,32.90642341500006],[-79.57808974999995,32.91041441600004],[-79.57461574999996,32.921123418000036],[-79.57408874999999,32.93251542100006],[-79.57670375099997,32.934015421000026],[-79.57999175199996,32.93345842100007],[-79.58609075399994,32.92946242000005],[-79.58589975299998,32.92646741900006],[-79.60619675899994,32.92595941900004],[-79.61293076199996,32.93482142000005],[-79.61771776399996,32.94487642200005],[-79.61761376399994,32.95273242400003],[-79.60622576099996,32.96559442700004],[-79.60661776199998,32.97225442900003],[-79.60102275999998,32.97928843100004],[-79.59866475999996,32.97965443100003],[-79.58659275599996,32.99134043400005],[-79.58072775499994,33.00645343700006],[-79.57111075299997,33.013817439000036],[-79.54531974599996,33.02654344300004],[-79.54132574499994,33.02599344300006],[-79.53496874299998,33.028476444000034],[-79.53215174199994,33.031466445000035],[-79.53211674199997,33.035199446000036],[-79.52522373999994,33.03729244600004],[-79.52245173899996,33.03535644600004],[-79.50692573499998,33.032819446000076],[-79.50407073399998,33.027428445000055],[-79.48872972799995,33.015838443000064],[-79.48933472899995,33.01397644200006],[-79.48327372699998,33.00979144100006],[-79.47468372399999,33.01139544200004],[-79.47055772299996,33.010090442000035],[-79.41635870699997,33.016130445000044],[-79.40728870399994,33.014456445000064],[-79.40442470299996,33.019623446000026],[-79.40064970199995,33.01751244600007],[-79.40108370199994,33.011181444000044],[-79.42147970799994,33.011181444000044],[-79.42314070899994,33.01018944300006],[-79.41651770599998,33.006821443000035],[-79.38000169599997,33.00939244500006],[-79.36229468999994,33.009093445000076],[-79.35979868999993,33.019656448000035],[-79.34149768599997,33.053828456000076],[-79.32816168399995,33.09041246500004],[-79.32338768299996,33.09258946500006],[-79.31606568099994,33.09923746700008],[-79.26924266799995,33.119544473000076],[-79.24642566099999,33.126013475000036],[-79.22372765499995,33.14979648100007],[-79.19449264799994,33.16979348700005],[-79.19152164699995,33.17327548800006],[-79.18320264499994,33.190780492000044],[-79.18320264499994,33.19694649300004],[-79.17571564399998,33.21106649700005],[-79.18056564699998,33.237961502000076],[-79.18032064699997,33.25414750600004],[-79.17107264599997,33.295304516000044],[-79.16823464599997,33.30313651800003],[-79.16234164399998,33.30826551900003],[-79.16145564399994,33.31093451900006],[-79.16193064499998,33.318184521000035],[-79.16989264699998,33.32424152200008],[-79.17036864799996,33.32791552300006],[-79.16929864699995,33.32970252300004],[-79.16288164499997,33.328610523000066],[-79.15824664399997,33.335958525000024],[-79.15301764399999,33.352041529000076],[-79.14749864299995,33.378249535000066],[-79.13544364099994,33.40387354100005],[-79.11934663699998,33.43204454800008],[-79.11106663499999,33.44212955100005],[-79.10136263299995,33.461022555000056],[-79.08459062899993,33.48367556100004],[-79.036910617,33.524199571000054],[-79.03151361499994,33.52666257200008],[-79.00735860999998,33.56657158200005],[-78.93807859299994,33.639832600000034],[-78.88564157899998,33.684225612000034],[-78.86293357299996,33.705660618000024],[-78.81293355999998,33.74347862800005],[-78.77273954899994,33.768517634000034],[-78.71411853299998,33.80014464300007],[-78.67226252099994,33.81759364900006],[-78.58484349599996,33.84428865700005],[-78.56141548899996,33.84852065900003],[-78.55249948699998,33.848334659000045],[-78.54308948399995,33.850536660000046],[-78.54203248399995,33.85193066100004],[-78.85538758999996,34.11800270900005],[-79.14324468799998,34.35982375300006],[-79.24976572499997,34.44978076900003],[-79.35831976199995,34.54536478600005],[-79.67530186999994,34.804750832000025],[-79.87069592899996,34.80538482500003],[-80.49979111799996,34.817267806000075],[-80.79754620599994,34.81979279600006],[-80.78204520799994,34.935788821000074],[-80.88489024499995,35.05351684300007],[-80.93495326299995,35.10741585200003],[-80.95787326899995,35.092645848000075],[-81.04149229099994,35.04470983500005],[-81.05765129699995,35.062439838000046],[-81.05803229799994,35.073196841000026],[-81.05723929799996,35.08613584300008],[-81.05208129699997,35.096282846000065],[-81.04652729599997,35.100623847000065],[-81.03737229299998,35.10254784800003],[-81.03280929199997,35.10805584900004],[-81.03300829199998,35.11375385000008],[-81.03897129499995,35.126305853000076],[-81.05104029899996,35.13166085300003],[-81.04782929799995,35.143749856000056],[-81.04287329699997,35.149254857000074],[-81.10929831699997,35.154121856000074],[-81.71626249899998,35.17885883900004],[-82.08958960999996,35.19070482700005],[-82.17687763599997,35.19379682500005],[-82.27492366499996,35.200077822000026],[-82.28845666899997,35.19861182200003],[-82.29535767099998,35.194971820000035],[-82.31486667599995,35.191095819000054],[-82.32335367899998,35.184795817000065],[-82.33055268099997,35.18677381700007],[-82.33297868199998,35.19065181800005],[-82.33951168399994,35.18893681800006],[-82.34455768499998,35.193121818000066],[-82.36147268999997,35.190837817000045],[-82.36325969099994,35.18964581700004],[-82.36430269099998,35.18473181600007],[-82.37130169299996,35.18145581500005],[-82.382220696,35.189599816000054],[-82.38259769699994,35.192499817000055],[-82.37874769599995,35.19805981800005],[-82.38403269799994,35.21054882000004],[-82.39044269999994,35.21540182100006],[-82.39293370099995,35.21540882100004],[-82.40335170299994,35.20447981800004],[-82.41974770799999,35.198619817000065],[-82.42446470899995,35.19309881500004],[-82.42800370899994,35.18323081300008],[-82.42581870899994,35.18208681300007],[-82.42680870899994,35.17892481200005],[-82.43066970999996,35.17830481200008],[-82.43467971099994,35.16828581000004],[-82.43959871199996,35.16586980900007],[-82.45046871499994,35.16612480900005],[-82.45713171699998,35.16395680800008],[-82.45763971699995,35.16684380800007],[-82.45161271599994,35.172705810000025],[-82.45431271699994,35.17742081100005],[-82.46009571899998,35.178149811000026],[-82.46799472099997,35.17463981000003],[-82.47613972299996,35.17549281000004],[-82.48394072499997,35.173804809000046],[-82.48736072599996,35.17250080800005],[-82.49501972799999,35.164518806000046],[-82.49846772899997,35.16296080600006],[-82.50368373099997,35.16593280600006],[-82.50791773199995,35.16241280600008],[-82.51604773399998,35.16344880500003],[-82.518877735,35.16222580500005],[-82.51992973499995,35.15911180400008],[-82.52997673799996,35.155623803000026],[-82.53647773999995,35.15478980300003],[-82.53675073999995,35.16009780400003],[-82.54637774299994,35.16373780400005],[-82.54991074399999,35.16159080400007],[-82.55327374499996,35.16165980400007],[-82.55576174599997,35.15935280300005],[-82.55333374499997,35.153499802000056],[-82.55859674599998,35.15093480100006],[-82.56377074799997,35.15158180100008],[-82.56991574899996,35.14527480000004],[-82.58069075199995,35.14174879800004],[-82.58816175399994,35.142934798000056],[-82.59243375499994,35.13900879700003],[-82.59814375699995,35.13773579700006],[-82.60236175799997,35.13904279700006],[-82.61244776099994,35.13824079600005],[-82.62118876399995,35.13464179500005],[-82.62903476499997,35.12616179300005],[-82.63623976699995,35.12550179300007],[-82.63648076799996,35.13036379400006],[-82.64016276899997,35.13004879400006],[-82.64104576899996,35.13232579400005],[-82.64529876999995,35.12681379300005],[-82.65219477199997,35.12605379200005],[-82.65175677199994,35.12336979200006],[-82.65351377199994,35.12197479100007],[-82.66238477499996,35.11812979000007],[-82.66797577599993,35.11879479000004],[-82.66905377699999,35.12062279100007],[-82.67327577799995,35.117486790000044],[-82.67461877899996,35.12644179200004],[-82.68144678099998,35.127924792000044],[-82.68708778199994,35.125122791000024],[-82.68674178199996,35.119796790000066],[-82.69244878399996,35.118675789000065],[-82.69355578399995,35.11688578900004],[-82.69462978399997,35.11474178800006],[-82.68728578199995,35.11067378800004],[-82.68648778099998,35.10817078700006],[-82.69768078399994,35.09573278400006],[-82.70049978499998,35.10076578500008],[-82.71530078899997,35.09294978300005],[-82.72701379199998,35.09414878300004],[-82.73011279299999,35.088287781000076],[-82.73838279499995,35.07945977900005],[-82.74325879599996,35.078698779000035],[-82.74888279799995,35.081099779000056],[-82.75181679899998,35.079898779000075],[-82.75126879799996,35.07346977800006],[-82.75416579899996,35.06963577700003],[-82.75770779999993,35.06802577600007],[-82.76446780199996,35.06818377600007],[-82.77737980599994,35.06414977500003],[-82.78197680699998,35.066823775000046],[-82.77636080599996,35.081355778000045],[-82.78328680799996,35.085606779000045],[-82.78787080999996,35.08503077900008],[-83.10860989899999,35.00066574900006]]]]}},{"type":"Feature","properties":{"shapeName":"Kentucky","shapeISO":"US-KY","shapeID":"66186276B22971435435932","shapeGroup":"USA","shapeType":"ADM1","meshregion":"oki"},"geometry":{"type":"MultiPolygon","coordinates":[[[[-81.96801571499998,37.53804231700008],[-81.96497471499998,37.54303331800003],[-81.97015071699997,37.54651131900005],[-81.97638971799995,37.54543331800005],[-81.98248271999995,37.541814317000046],[-81.98909572199994,37.54252131700008],[-81.99403672299997,37.537619316000075],[-81.99691272399997,37.53857931600004],[-81.99691572399996,37.54281531700008],[-81.99818072499994,37.54308931700007],[-82.00741572699997,37.53368431400003],[-82.01396972899994,37.53357131400003],[-82.01592372999994,37.53432831400005],[-82.01888173099996,37.54057931500006],[-82.02882973399994,37.53767431400007],[-82.03693573599998,37.54273631500007],[-82.03897573699999,37.54793331600007],[-82.04282873899996,37.54836831600005],[-82.04515873899999,37.54452331500005],[-82.04240073699998,37.53392331300006],[-82.04438573799996,37.52902431200005],[-82.04665673799997,37.528200312000024],[-82.04820873899996,37.52897931200005],[-82.04958773999994,37.53522931300006],[-82.05479074099998,37.53676331300005],[-82.06442174399996,37.53687731300005],[-82.06442174499995,37.54452331400006],[-82.07503374899994,37.555831316000024],[-82.08918175299993,37.556011316000024],[-82.10314775699999,37.55278331400007],[-82.10535875799997,37.554269315000056],[-82.10194975699994,37.55811331500007],[-82.10481175799998,37.560198316000026],[-82.11067075999995,37.55875131500005],[-82.11730776199994,37.55923331500003],[-82.12382776299995,37.551396313000055],[-82.13325076599995,37.55283931300005],[-82.13532776699998,37.557358314000055],[-82.13352976599998,37.560352315000046],[-82.13442776699998,37.56293531500006],[-82.14318676999994,37.56578031500004],[-82.14465176999994,37.568322316000035],[-82.14183176999995,37.57095331600004],[-82.12730676499996,37.57268831700003],[-82.12431076499996,37.57781331900003],[-82.12732476599996,37.58667432000004],[-82.13228776799997,37.59333432100004],[-82.14155877099995,37.59517332100006],[-82.14806877299998,37.59078632000006],[-82.15672177599998,37.592797320000045],[-82.15674477699997,37.60920932300007],[-82.16523177899995,37.60773932300003],[-82.16853777999995,37.60869932300005],[-82.16951178099998,37.613193324000065],[-82.16419477999995,37.620199325000044],[-82.16951878099997,37.621985325000026],[-82.17668578299998,37.61820932400008],[-82.18143378499997,37.62184932500003],[-82.18271978499996,37.62437732500007],[-82.18169478499993,37.62715432600004],[-82.172449783,37.632596328000034],[-82.17751478499997,37.64042432900004],[-82.17526778499996,37.64797833000006],[-82.18545978799995,37.64894033000007],[-82.19075978899997,37.64514432900006],[-82.18684278699999,37.63467932700007],[-82.18601178699998,37.62842132600008],[-82.18730178699997,37.62694232600006],[-82.19239778799994,37.625613325000074],[-82.20120479099995,37.627902325000036],[-82.20586579199994,37.625072325000076],[-82.21344679499998,37.625227324000036],[-82.21595679499995,37.62621632400004],[-82.21481879499999,37.627579325000056],[-82.22020379699995,37.63391932600007],[-82.21685179699995,37.641605327000036],[-82.22355779899993,37.644340328000055],[-82.22611479999995,37.65309932900004],[-82.23417380299998,37.65627033000004],[-82.23438780299995,37.65792433000007],[-82.24041380499995,37.661574330000064],[-82.25190480799995,37.656854329000055],[-82.25711480999996,37.656756329000075],[-82.27202481499995,37.66378933000004],[-82.28230081899994,37.675833332000025],[-82.28469081899993,37.67528433100006],[-82.28817781999999,37.668234330000075],[-82.29439682199995,37.67045533000004],[-82.29474082199994,37.67828433200003],[-82.30395682499994,37.67576733100003],[-82.303870825,37.67839933100004],[-82.29612182299996,37.686181333000036],[-82.30288982599996,37.69369033400005],[-82.29663782499995,37.70241033600007],[-82.30095782599994,37.706142337000074],[-82.30723882799998,37.707676337000066],[-82.31170582999994,37.71877833900004],[-82.31620083199994,37.72154833900004],[-82.31888283299998,37.73377034200007],[-82.32683783599998,37.73626434200003],[-82.33379383799996,37.74156034300006],[-82.33403883899996,37.74323434300004],[-82.32748083699994,37.74938034400003],[-82.32141883499997,37.751276345000065],[-82.31995483499998,37.75856534700006],[-82.31127183299998,37.76133834700005],[-82.31236683299994,37.76478134800004],[-82.31965783599998,37.76481934800006],[-82.32735983799995,37.762240347000045],[-82.33399783999994,37.765087347000076],[-82.33406083999995,37.76657834800005],[-82.32350983699996,37.77223834900008],[-82.32369983799998,37.77503535000005],[-82.32972383899994,37.77570435000007],[-82.33261083999997,37.77425634900004],[-82.33759984199997,37.775376349000055],[-82.33970884299998,37.78551635100007],[-82.34849884599998,37.78678035100006],[-82.35427884799998,37.79311135200004],[-82.36389285099995,37.79500935200008],[-82.36778385199995,37.800635353000075],[-82.37617285499994,37.80203735300006],[-82.37958385699994,37.81091435400003],[-82.38658985899997,37.81821935600004],[-82.39698186199996,37.80902135300005],[-82.40165586299997,37.81009835300006],[-82.40220286399995,37.81268535400005],[-82.39844786299994,37.821655356000065],[-82.39968386399994,37.82994235700005],[-82.40894486699995,37.83665135800004],[-82.41212286899997,37.843898360000026],[-82.42061987099999,37.846670360000076],[-82.41488186999999,37.85624736200003],[-82.42391387299995,37.86024836200005],[-82.42467787399994,37.861904363000065],[-82.42244787299995,37.86393336300006],[-82.40899486899997,37.86577736400005],[-82.40751686899995,37.86730436500005],[-82.40967686999994,37.868938365000076],[-82.41683887199997,37.86963236500003],[-82.41820087199994,37.871220365000056],[-82.41993287399998,37.88487736800005],[-82.43211687799999,37.889917368000056],[-82.43812187999998,37.900220370000056],[-82.44733488299994,37.903864370000065],[-82.45232988499998,37.90871037100004],[-82.45999788699999,37.90954337100004],[-82.46288488899995,37.914839372000074],[-82.46768288999994,37.91421137100008],[-82.46822988899999,37.90357436900007],[-82.47105888999994,37.899373368000056],[-82.47441089099993,37.89996236800005],[-82.47632789199997,37.903152369000054],[-82.47423589099998,37.90806137000004],[-82.47553789199998,37.91195237100004],[-82.47932389299996,37.91483437100004],[-82.48834989599999,37.91773137100006],[-82.48809689599994,37.919567372000074],[-82.48034189499998,37.92584337300008],[-82.49727489999998,37.92762837300006],[-82.50220190199997,37.93305937400004],[-82.50038990099995,37.93652537400004],[-82.49190589899996,37.93574937500006],[-82.48951789799997,37.937942375000034],[-82.48992089799998,37.93923837500006],[-82.49671989999996,37.94162837600004],[-82.49772290099997,37.945667376000074],[-82.48512389699994,37.94605137700006],[-82.47155889399994,37.959062380000034],[-82.47267289499996,37.960728380000035],[-82.48399089799994,37.963350380000065],[-82.48426389899998,37.97139038200004],[-82.48189789799994,37.97296538200004],[-82.46938389399998,37.97306638300006],[-82.46499089299994,37.97686638400006],[-82.46426089399995,37.98341938500005],[-82.47307789599995,37.98665738500006],[-82.48397189999997,37.98410038500003],[-82.48597090099997,37.995712387000026],[-82.48923990199995,37.99898738700006],[-82.50077190599995,37.999037387000044],[-82.50720090799996,38.00151938700003],[-82.51442090999996,37.999235386000066],[-82.51919691099994,38.00113838600004],[-82.51558690999997,38.00475638700004],[-82.51565391099996,38.00669738800008],[-82.51975891199999,38.00838238800003],[-82.52259491299998,38.012975389000076],[-82.52583491399997,38.01957139000007],[-82.52582091499994,38.02641339100006],[-82.53497991799998,38.032257392000076],[-82.53864291999997,38.03738839300007],[-82.53729691999996,38.045211394000034],[-82.54391992199999,38.05214039500004],[-82.54485392299995,38.05852839700003],[-82.54941092399997,38.06307039700005],[-82.55126292599994,38.07080639900005],[-82.55960192799995,38.072844399000076],[-82.56573993099994,38.08064740000003],[-82.57407893299995,38.08211140000003],[-82.58404293699994,38.09067040100007],[-82.58569993799995,38.10701040500004],[-82.58778593899996,38.10888640500008],[-82.59360894099996,38.110876405000056],[-82.59801494299995,38.11593240600007],[-82.60659294599998,38.120850406000045],[-82.61615294799998,38.120228406000024],[-82.62035494999998,38.121484406000036],[-82.62212895099998,38.13342140800006],[-82.63426895499998,38.13667640800003],[-82.63730995599997,38.13905740900003],[-82.63895095799995,38.15674941200007],[-82.64474295999997,38.16549441400008],[-82.64300095999994,38.16956741400003],[-82.63905795899996,38.17112141500007],[-82.61943295299994,38.169034415000056],[-82.61134694999998,38.17155541600005],[-82.59932994899998,38.197238422000055],[-82.59844094999994,38.21740042600004],[-82.60894795299998,38.223667427000066],[-82.61226395499995,38.23609442900005],[-82.60533695399994,38.24731043100007],[-82.59497395099999,38.245460431000026],[-82.58400494699998,38.24637843200003],[-82.57825794599995,38.25481643400008],[-82.57465994599994,38.26388043600008],[-82.57460394699996,38.27472843800007],[-82.57878594799996,38.28175443900005],[-82.57974694899997,38.291733441000076],[-82.58305995099994,38.29683644200003],[-82.57192694799994,38.31335444600006],[-82.57175994899995,38.31720244700006],[-82.57649995099996,38.32813044900007],[-82.58459195399996,38.33374044900006],[-82.58954895599999,38.34054745000003],[-82.59652895799996,38.342856451000046],[-82.59798295799999,38.344916451000074],[-82.59752795999998,38.36485045500007],[-82.59281895899994,38.37761345800004],[-82.59974096199994,38.390377460000025],[-82.59924496199994,38.39317746000006],[-82.59474396099995,38.39785146100007],[-82.59711696299996,38.41288846400005],[-82.59348396299998,38.42182846600008],[-82.60076496599999,38.43743246900004],[-82.60409296799997,38.45984847300008],[-82.61046197099995,38.47146447500006],[-82.61847797399997,38.47709647600004],[-82.63771097999995,38.48445647700004],[-82.65705498699998,38.49682347800007],[-82.67572799399994,38.51551148100003],[-82.68996899899997,38.53592748400007],[-82.69662500199996,38.54211948500006],[-82.71414600799994,38.550551486000074],[-82.72485001099994,38.55760748700004],[-82.73096201299995,38.559271487000046],[-82.76369902299996,38.56040648600003],[-82.77947602799998,38.55903048500005],[-82.78978003099996,38.55995848500004],[-82.80011603399998,38.563190485000064],[-82.82016504099994,38.57271048600006],[-82.84431005,38.59086948800007],[-82.85429505399998,38.613461492000056],[-82.85679505599995,38.63288549600003],[-82.85629505699995,38.64608549900004],[-82.85939505899995,38.660385501000064],[-82.86329506099997,38.66928450300003],[-82.87489606499997,38.68283450500007],[-82.87759606699996,38.69018450600004],[-82.87039606699994,38.72208451300003],[-82.87129606799994,38.73938351600003],[-82.87949607199994,38.75148351800004],[-82.88919707499997,38.75608351900007],[-82.89419707599995,38.75658351800007],[-82.92369808499996,38.750083516000075],[-82.94315108999996,38.74328751400003],[-82.96869909699996,38.72878351000003],[-82.97939909999997,38.72598350900006],[-83.01182010999997,38.730064508000055],[-83.02175611299998,38.728797507000024],[-83.03070611499999,38.725727506000055],[-83.03596811599994,38.72015950500003],[-83.04234211699998,38.708326502000034],[-83.05310812,38.695838500000036],[-83.06432312199996,38.68898349800003],[-83.08423012799994,38.681097495000074],[-83.10275013299997,38.67732349400006],[-83.11237613599997,38.671692492000034],[-83.12255113799995,38.65920748900004],[-83.12897713799998,38.640238485000054],[-83.13505013899999,38.63172648300008],[-83.14284014099997,38.625083482000036],[-83.156930145,38.62055448000007],[-83.17265114999998,38.62025948000007],[-83.20245715899995,38.61696347800006],[-83.21103116099994,38.61858547800006],[-83.23240816799995,38.62757647800004],[-83.24557617199997,38.62794347800008],[-83.25110717399997,38.62623147700003],[-83.254562175,38.62341047700005],[-83.26401517699998,38.62154247600006],[-83.26769817799999,38.61822847500008],[-83.26851417799998,38.61511147400006],[-83.28651818199995,38.59924847000008],[-83.29419718399998,38.59659547000007],[-83.30783618899994,38.60083147000006],[-83.31754619199995,38.609249471000055],[-83.32238719499998,38.63062247500005],[-83.32764019699994,38.637496476000024],[-83.35644920699997,38.654016478000074],[-83.36666521099994,38.65854447800007],[-83.38475921599996,38.66317847800008],[-83.42019822699996,38.66843547800005],[-83.44699323499998,38.67015047700005],[-83.45705923899999,38.67397247700006],[-83.46806324199997,38.67547747700007],[-83.49334625099993,38.69419448000008],[-83.50436925499997,38.69926348000007],[-83.52095725999999,38.70305248000005],[-83.53334326299995,38.70211247900005],[-83.54930226799996,38.698794478000025],[-83.56910227299994,38.69284947600005],[-83.59191627999996,38.68879047400003],[-83.60157628199994,38.68394547300005],[-83.60909928499996,38.685020473000066],[-83.62692628999997,38.67939447100008],[-83.63621229199998,38.670591469000044],[-83.64299829199996,38.64328046300005],[-83.64974129299998,38.63276046100003],[-83.65542929499998,38.629742460000045],[-83.66391529699996,38.627937459000066],[-83.67948830199998,38.630043459000035],[-83.70401030999994,38.639731460000064],[-83.71340931299994,38.64159846000007],[-83.72078331499995,38.64671146000006],[-83.74992432399995,38.64962045900006],[-83.76244932799995,38.65211045900003],[-83.76935132999995,38.65522746000005],[-83.77576533299998,38.666755462000026],[-83.78362433799998,38.69564846700007],[-83.78711733899996,38.699496467000074],[-83.79855334299998,38.70467546800006],[-83.82185834999996,38.709582468000065],[-83.83670035499995,38.71786446900006],[-83.84169335699994,38.724271470000076],[-83.84621135999998,38.742297473000065],[-83.85208936199996,38.75144047400005],[-83.85903236399997,38.756800475000034],[-83.87317236899997,38.76242547600003],[-83.92699038599994,38.771569475000035],[-83.92859538599998,38.772210475000065],[-83.92845838599999,38.774590475000025],[-83.94398239199995,38.78362347700005],[-83.96212739699996,38.78739147600004],[-83.97881840199994,38.787111476000064],[-83.99545140699996,38.78191947400006],[-84.04449042099998,38.77057946900004],[-84.07149542899998,38.77048246800007],[-84.10884043999994,38.77925446800003],[-84.13509244899996,38.78949246900004],[-84.15591645599994,38.79491646900004],[-84.19836246899996,38.800927468000054],[-84.21290847299997,38.805714468000076],[-84.22530447799994,38.81767247000005],[-84.23131048099998,38.83055947200006],[-84.23373148299999,38.85358347700003],[-84.23213648499996,38.88049048200003],[-84.23445748599994,38.89323348400006],[-84.25701449499996,38.92321548900003],[-84.27992050399996,38.94517549200003],[-84.28816850699997,38.955796494000026],[-84.29508050999993,38.968302496000035],[-84.29725951199998,38.98970150000008],[-84.30470251599996,39.00646250300008],[-84.31368451899993,39.01698850400004],[-84.32654352399999,39.02747050600004],[-84.34604352999997,39.036970507000035],[-84.36044353499994,39.04136950700007],[-84.38684454299994,39.045169506000036],[-84.40694554899994,39.045669505000035],[-84.42573455499996,39.05306650600005],[-84.42984555699996,39.058269507000034],[-84.43234555799995,39.06756850800008],[-84.43294555999995,39.08396851100008],[-84.43464555999998,39.08686851200008],[-84.43284555999998,39.09426851300003],[-84.43554556199996,39.10226851500005],[-84.44524656599998,39.114468517000034],[-84.45534656899997,39.120367517000034],[-84.46204657099997,39.12176751700008],[-84.47054657399997,39.12146751700004],[-84.47624757499995,39.11916751600006],[-84.48774757799998,39.11076751400003],[-84.49654757999997,39.10026751200007],[-84.50974758299998,39.093667510000046],[-84.52464858699994,39.092167509000035],[-84.54134859299995,39.09916750900004],[-84.55084859599998,39.09936750900005],[-84.55754859699994,39.09486750800005],[-84.56394859899996,39.08736750600008],[-84.57214860099998,39.082067505000055],[-84.59241260599998,39.07809550300004],[-84.60168660899996,39.07412250200008],[-84.60793261099997,39.07324550100003],[-84.62011661399998,39.073464501000046],[-84.63245061799995,39.07676750100006],[-84.65035062499999,39.09166750300005],[-84.65725062699994,39.095467503000066],[-84.68485163599996,39.100466503000064],[-84.68975163699997,39.104166503000044],[-84.71855264799996,39.13706650800003],[-84.73205265299998,39.14446550900004],[-84.74415365699997,39.14746550900003],[-84.75445365999997,39.14666550800007],[-84.76675366299997,39.13856550600008],[-84.78768466699995,39.115304501000026],[-84.82016167599994,39.10548749700007],[-84.83243967899995,39.10049649600006],[-84.860693686,39.07814749000005],[-84.88887769299998,39.06638348700005],[-84.89691569499996,39.05748148500004],[-84.89673069499997,39.05331148400006],[-84.88566368999994,39.03750148100005],[-84.87182868499997,39.02776348000003],[-84.85061167699996,39.00470047700003],[-84.84774067599994,38.998015476000035],[-84.83712467199996,38.98806647400005],[-84.83062366899998,38.974905472000046],[-84.82986166799998,38.96939247100005],[-84.83516466899994,38.957968469000036],[-84.84932167299996,38.94827246600005],[-84.85374667299999,38.94294846500003],[-84.86473567599995,38.934900463000076],[-84.877766679,38.92036446000003],[-84.87927267899994,38.91612345900006],[-84.87703367799998,38.909023457000046],[-84.86778267399995,38.899140456000055],[-84.86076367199996,38.89766145600004],[-84.83047666299996,38.897263457000065],[-84.81275065799997,38.895139458000074],[-84.80025165399996,38.89107745800004],[-84.78523864799996,38.88044645600007],[-84.78580364799996,38.86950345400004],[-84.79100664899994,38.860579452000025],[-84.80325165099998,38.85073045000007],[-84.82336765699995,38.839203447000045],[-84.82996265799994,38.83063944500003],[-84.82989065699996,38.82541244400005],[-84.82710265599997,38.81864144300005],[-84.81651065199998,38.80532744000004],[-84.81164964999994,38.79277343800004],[-84.81288164899996,38.78609443700003],[-84.82138265199995,38.78311843600005],[-84.82886165399998,38.783278436000046],[-84.85287066099994,38.78938943600008],[-84.88728967199995,38.794783435000056],[-84.89393467399998,38.793711435000034],[-84.93298168399997,38.77752643000008],[-84.94364568699996,38.77543442900003],[-84.97999969799997,38.77959142800006],[-84.99193170199999,38.77854442700004],[-85.01099070599997,38.767039424000075],[-85.04094271399998,38.75517042000007],[-85.05240471699994,38.74814741900008],[-85.07193272199999,38.74157441600005],[-85.10140972999994,38.72655841200003],[-85.10690673099998,38.72079641100004],[-85.13670173799994,38.70024340600003],[-85.15616274299998,38.69225840300004],[-85.17305274799998,38.68802940100005],[-85.18864475299995,38.68759040100008],[-85.21326175999997,38.695453401000066],[-85.22623476499996,38.70587440200006],[-85.24650977299996,38.731828406000034],[-85.25895077699994,38.73777740700007],[-85.26849977999996,38.740172407000045],[-85.28927178599997,38.742364406000036],[-85.30532979099996,38.74155340500005],[-85.34895780299996,38.73231040200005],[-85.36522080799995,38.730475401000035],[-85.37226980999998,38.730457400000034],[-85.41024282199999,38.73714240000004],[-85.41954482399996,38.73552039900005],[-85.43630382899994,38.72849139700003],[-85.45236583199994,38.708201392000035],[-85.45675983199999,38.69225938900007],[-85.45648583099995,38.68507638800003],[-85.44481982699995,38.67009038500004],[-85.43874682399996,38.65932638400005],[-85.43928881999994,38.60741337400003],[-85.43630481899999,38.59839737200008],[-85.41897581099994,38.57132936800008],[-85.41582580999994,38.563565366000034],[-85.41574980899998,38.54673036300005],[-85.42244580999994,38.53293836000006],[-85.42874681099994,38.527080359000024],[-85.43844081299994,38.52193835700007],[-85.46686882099993,38.51084735400008],[-85.47512882299998,38.50369635200008],[-85.48290182399995,38.48570834800006],[-85.49142682499996,38.474709346000054],[-85.49887082699996,38.46824934400007],[-85.52479183399998,38.45764334100005],[-85.55241184199997,38.45361333900007],[-85.57491684799999,38.45258233800007],[-85.58603785099996,38.45009933700004],[-85.60446185599994,38.44082733400006],[-85.61828585899997,38.42636033100007],[-85.63294186099995,38.39567332400003],[-85.63786586099997,38.38027032100007],[-85.63868285999996,38.36395531800008],[-85.64431485999995,38.34602431400003],[-85.65136886099998,38.330749311000034],[-85.65535986199995,38.323856309000064],[-85.66792986499996,38.31063730600005],[-85.67357186599997,38.30233230400006],[-85.68356586799996,38.295476303000044],[-85.74086188299998,38.26787329500007],[-85.74508188399994,38.26719729400003],[-85.75147988599997,38.268005294000034],[-85.760937889,38.27198429500004],[-85.76716689099999,38.27733129500007],[-85.76599589099999,38.28035129600005],[-85.77227289299998,38.285594297000046],[-85.78103189599994,38.28848329700003],[-85.78690889799998,38.288540296000065],[-85.81740390599998,38.28239429400003],[-85.82453690799997,38.279911293000055],[-85.82922090899996,38.276515292000056],[-85.83617290999996,38.265297290000035],[-85.83909590899998,38.23973628500005],[-85.84438590999997,38.231055283000046],[-85.852362912,38.221949281000036],[-85.88026891899995,38.20337627600003],[-85.893548921,38.189022272000045],[-85.90387792299998,38.174149269000054],[-85.90796992399999,38.16148026600007],[-85.90913792299995,38.14439426300004],[-85.90423091799994,38.099809255000025],[-85.90527091699994,38.08894025300003],[-85.91384391899999,38.071968249000065],[-85.92127991799998,38.030327241000066],[-85.92565891799995,38.02179123900004],[-85.942220922,38.00727423500007],[-85.94711892299995,38.00509223500006],[-85.97292293099997,38.00258123300006],[-85.97742793199996,38.00339523300005],[-86.01845594299994,37.99653523000006],[-86.02951394599995,37.99264722800007],[-86.03510794699997,37.98436522700007],[-86.03358294599997,37.97023822400007],[-86.03435994599994,37.964628223000034],[-86.03819494599998,37.959595222000075],[-86.04231194799996,37.958178221000026],[-86.05003394999994,37.96050722100006],[-86.06486395499996,37.975625223000065],[-86.07593695999998,37.995500227000036],[-86.07546795999997,37.99719022700003],[-86.08634596399997,38.00493822800007],[-86.10417196999998,38.01263422900007],[-86.12830497699997,38.01619922800006],[-86.14790198199995,38.01475622700008],[-86.16531798699998,38.00987422500003],[-86.17656198999998,38.010237225000026],[-86.22071600499999,38.02818522600006],[-86.22333300599996,38.03152322700004],[-86.23345300899996,38.03818722800003],[-86.23334400899995,38.03963222800007],[-86.24693501299998,38.044686228000046],[-86.26720801999994,38.056805230000066],[-86.27138802199994,38.06196423000006],[-86.27770902499998,38.08248823400004],[-86.27910502699996,38.10076123700003],[-86.27027402699997,38.12979024300006],[-86.27285202799999,38.140842245000044],[-86.28711503399995,38.15794624800003],[-86.29574503699996,38.16407624900006],[-86.31714404299998,38.172914250000076],[-86.34774105399998,38.19537025200003],[-86.35772205699999,38.19881425300008],[-86.36750905999997,38.197312252000074],[-86.37380606099998,38.19335925100006],[-86.37815606199996,38.18585224900005],[-86.37743906099996,38.171386246000054],[-86.37174505899998,38.16419024500004],[-86.36606005699997,38.16153824500003],[-86.34486104999996,38.15897424600007],[-86.32803304499998,38.154793246000054],[-86.32393804399999,38.15238124500007],[-86.32119604299999,38.14701224400005],[-86.32385204299999,38.138419243000044],[-86.32911604399999,38.132006241000056],[-86.33367004499996,38.12924224000005],[-86.34056104699994,38.12774424000003],[-86.37532905699999,38.13063623900007],[-86.37978005799994,38.12928123800003],[-86.38781305999998,38.124399237000034],[-86.39615106099996,38.10715923300006],[-86.40188406299995,38.10433623200004],[-86.42954607199994,38.12528823500003],[-86.43969307599997,38.12741923500005],[-86.44979807899995,38.12723023500007],[-86.45712007999998,38.124538234000056],[-86.46325308199994,38.11928523200004],[-86.46608608199995,38.11444423100005],[-86.46622208199994,38.10678823000006],[-86.46386308099994,38.10118422900007],[-86.45883807899997,38.09601322800006],[-86.43405107099994,38.086770228000034],[-86.43009606899994,38.07864522600005],[-86.43279406899995,38.06717822400003],[-86.43824106999995,38.06043322200003],[-86.45219707299998,38.05049722000007],[-86.47190807899995,38.046225218000075],[-86.51176508999998,38.044455216000074],[-86.51729409199999,38.04264121500006],[-86.52183009299995,38.03833421400003],[-86.52497409299997,38.027886212000055],[-86.52517908799996,37.96823520100003],[-86.52050808599995,37.95444519800003],[-86.50939508199997,37.94249919600003],[-86.50662507999994,37.930726194000044],[-86.51101008099994,37.92612719300007],[-86.53416108699997,37.91701419000003],[-86.54851209099996,37.91784919000003],[-86.56626109699994,37.92217119000003],[-86.58032710099997,37.923152189000064],[-86.58858610299995,37.921166189000076],[-86.59613010499999,37.91429618700005],[-86.59985310499997,37.90676118500005],[-86.59811310199996,37.86738917800005],[-86.60462910299998,37.85827917600005],[-86.60916810399993,37.855415175000076],[-86.63827011199999,37.84272517100004],[-86.65252111599995,37.841643170000054],[-86.65827311799995,37.84415117100008],[-86.66164211899996,37.849721171000056],[-86.66123811999995,37.86276817400005],[-86.64475911799997,37.894813181000075],[-86.64414811799998,37.902373182000076],[-86.64708611899994,37.908628183000076],[-86.65009211999995,37.91062318400003],[-86.66089312399998,37.91306618400006],[-86.68093412899998,37.91501718300003],[-86.71614313799995,37.894080177000035],[-86.72225213999997,37.89265517700005],[-86.73146514299998,37.89434717700004],[-86.75099514999994,37.912900179000076],[-86.76473915499997,37.93241718200005],[-86.77992016099995,37.95546918600007],[-86.77857416099994,37.95730518700003],[-86.78717316399997,37.968808188000025],[-86.79051416599998,37.980053190000035],[-86.79551516799995,37.989460192000024],[-86.81091817299995,37.99715719300008],[-86.82007617599999,37.999399193000045],[-86.85595518499997,37.987299189000055],[-86.88648519199995,37.963076183000055],[-86.89029519299999,37.957433181000056],[-86.901988196,37.946455179000054],[-86.91795419999994,37.93724717600003],[-86.92583020199999,37.935116175000076],[-86.96800921399995,37.93300317300003],[-86.97896221699995,37.93020717200005],[-87.01237822499996,37.91871516800006],[-87.03417123099996,37.906272165000075],[-87.04016823199998,37.901222164000046],[-87.04615123299999,37.89154716100006],[-87.043412231,37.87994715900004],[-87.04329023099996,37.86855915700005],[-87.05666923099994,37.82753814900008],[-87.06580923299998,37.81207914500004],[-87.06591323299995,37.80759514400006],[-87.06968023299999,37.80152014300006],[-87.08928423799995,37.787869140000055],[-87.10433924199998,37.783409138000025],[-87.11859924599997,37.78282313700004],[-87.12963424899993,37.78661513700007],[-87.13420925099996,37.79295013800004],[-87.13704625299994,37.807194141000025],[-87.14151125499995,37.81632414300003],[-87.15626826099998,37.835934146000056],[-87.16232426299996,37.84016614600006],[-87.17036526499999,37.84220414600003],[-87.17584126699995,37.84102414600005],[-87.20387427499998,37.84449614500005],[-87.22034727999994,37.84908814500005],[-87.25647429199995,37.86840514700003],[-87.28042129999994,37.88564914900007],[-87.29832030599994,37.89593015000003],[-87.31975931299996,37.90553115100005],[-87.33354431699996,37.90834515100005],[-87.33586131799996,37.90741015100008],[-87.34493832099997,37.911171151000076],[-87.35634132499996,37.91972915200006],[-87.36367932699994,37.922248152000066],[-87.37345832999995,37.932244154000045],[-87.38543933399995,37.93767715400003],[-87.41333034299998,37.944721154000035],[-87.42831234699997,37.94505415300006],[-87.44779135299996,37.94243415200003],[-87.46551935699995,37.93369714900007],[-87.49689536399995,37.91117414400003],[-87.50748836699995,37.906737142000054],[-87.51150436799998,37.906433142000026],[-87.520289371,37.91262514300007],[-87.55128238099996,37.92542514400003],[-87.56207538499996,37.93329814500004],[-87.57215138899994,37.94664114700004],[-87.57361038899995,37.95164914800006],[-87.57651938999999,37.95214414800006],[-87.57410538999994,37.962115150000045],[-87.57573439099997,37.967785151000044],[-87.58455039399996,37.97466415100007],[-87.59002839599998,37.97547915100006],[-87.59617639799995,37.97486715100007],[-87.60157839899995,37.971311150000076],[-87.60645739899996,37.94886614600006],[-87.62006240199997,37.938001143000065],[-87.61754740099997,37.93736914300007],[-87.62239140099996,37.927589141000055],[-87.62525040199995,37.92586614000004],[-87.62708440299997,37.92851714100004],[-87.62839440299996,37.92757014000006],[-87.62559740199998,37.91603513800004],[-87.62080039899996,37.90768313700005],[-87.58714638799995,37.88486513400005],[-87.58374238699997,37.878087133000065],[-87.58393038599996,37.87249213200005],[-87.58630938699997,37.87250013200003],[-87.59146238699998,37.86037612900003],[-87.59027938699995,37.85858712900006],[-87.59786438799995,37.847744127000055],[-87.61540439199996,37.83198112300005],[-87.62501939499998,37.82908412200004],[-87.64586339999994,37.82590612000007],[-87.66652740599994,37.827462120000064],[-87.67240240799998,37.82913412000005],[-87.67554340899994,37.831739120000066],[-87.68069441199998,37.84062712100007],[-87.68163841299997,37.85592412400007],[-87.66543740999998,37.879500130000054],[-87.66346440999996,37.88663813100004],[-87.66648641199998,37.89579313300004],[-87.67573541499996,37.90193713300005],[-87.68402341699993,37.90350513300007],[-87.71068042399997,37.893905130000064],[-87.71797642599995,37.89257713000006],[-87.72364042799995,37.89206512900006],[-87.74015343299999,37.89465712900005],[-87.76226543899998,37.89091312700003],[-87.78364844399994,37.87776612400006],[-87.79090544599995,37.87572112300006],[-87.83058345699999,37.87652312100005],[-87.84119846099998,37.88233212200004],[-87.84169846099996,37.88769212300008],[-87.84469646199994,37.892055123000034],[-87.85724846699998,37.90065612400008],[-87.86310246899995,37.911865126000066],[-87.87254547299995,37.921006127000055],[-87.88332647599998,37.92624512800006],[-87.89806747999995,37.927521127000034],[-87.90479448199994,37.92489912700006],[-87.93678948899998,37.89259411900008],[-87.94084448899997,37.88334511700003],[-87.94001048799998,37.875051116000066],[-87.93623348699998,37.86794411400007],[-87.927308483,37.85871611300007],[-87.914897479,37.84962511200007],[-87.91028147699996,37.84342311100005],[-87.90380947399996,37.81776910600007],[-87.90681547399998,37.80763110400005],[-87.93255947999995,37.79767910100003],[-87.94451148199994,37.77526309600006],[-87.94859948299995,37.77235109600008],[-87.95259548399997,37.771749095000075],[-87.96003548599998,37.77323009500003],[-87.97639449199994,37.78801109700004],[-87.99710749899998,37.79767909800006],[-88.01514950399996,37.80193709800005],[-88.02803550799996,37.799231097000074],[-88.03583250899999,37.79192409500007],[-88.04260750899994,37.76712709000003],[-88.04994750999998,37.75408508700008],[-88.05959351199994,37.74261508500007],[-88.07254351499995,37.733293082000046],[-88.085906519,37.72859408100004],[-88.10184952299994,37.71804307800005],[-88.11780852699997,37.712590076000026],[-88.12241752799997,37.70969207500008],[-88.13234652999995,37.69714907300005],[-88.13428752999994,37.69150507100005],[-88.14543953199995,37.68259706900005],[-88.15165153299995,37.67510506700006],[-88.15821253499996,37.664549065000074],[-88.16019253499996,37.65759906400007],[-88.15683253199995,37.63280805900007],[-88.14223052499995,37.60374405400006],[-88.13997852299997,37.58645805100008],[-88.13339852099995,37.57424204900008],[-88.12152251699996,37.56817304900005],[-88.10559051099995,37.55618704700004],[-88.08805450499995,37.535131044000025],[-88.07224749999995,37.52883304300008],[-88.06331649599997,37.51576204100007],[-88.06129749499996,37.50523904000005],[-88.06522349499994,37.48942903600005],[-88.06784949499996,37.48587403600004],[-88.07346749699997,37.48530103500008],[-88.07452549699997,37.48128203400006],[-88.08177049799997,37.47302803200006],[-88.08523449899997,37.471547032000046],[-88.08907749999997,37.471638032000044],[-88.09262650099998,37.47366503200004],[-88.12801551099994,37.47051403000006],[-88.13514751299994,37.47163303000008],[-88.18862052799994,37.461903025000026],[-88.22501753799997,37.457397023000055],[-88.25519854599997,37.45675502100005],[-88.28167255399995,37.45260301900004],[-88.31259056199997,37.440598015000035],[-88.317530563,37.436185014000046],[-88.333188566,37.42721701200003],[-88.34841056899995,37.41073300800008],[-88.36547657399996,37.40167000500003],[-88.37121957499994,37.40273700500006],[-88.37751257799994,37.409832006000045],[-88.39734558399994,37.421651008000026],[-88.40881358799999,37.425223008000046],[-88.41311358899998,37.42447500700007],[-88.42598659199996,37.41944800600004],[-88.43933859599997,37.41642300500007],[-88.45600559999997,37.40848900200007],[-88.47022960299995,37.396261999000046],[-88.47659760399995,37.386881997000046],[-88.48211860399994,37.36462199300007],[-88.48446760299998,37.345615989000066],[-88.51150260699995,37.29853397900007],[-88.51594460699994,37.28404997600006],[-88.50694760399995,37.26666297300005],[-88.50933360399995,37.262136972000064],[-88.50803660299994,37.260267972000065],[-88.48728259599994,37.24408396900003],[-88.47973559299999,37.22961296700004],[-88.47175858999998,37.220161966000035],[-88.45876858599996,37.213542965000045],[-88.44776958199998,37.20353396400003],[-88.43778657799999,37.18001396000005],[-88.43378757499994,37.16407695700008],[-88.42440857199995,37.15243495500005],[-88.43470657299997,37.12643094900005],[-88.44354357399999,37.10919894600005],[-88.44461057399997,37.09860794400004],[-88.45895357599994,37.07380293800003],[-88.48286158199994,37.06712093600004],[-88.49007358399996,37.06788093600005],[-88.50444258799996,37.065271934000066],[-88.51436159099995,37.06523793400004],[-88.53158159599997,37.06719893400003],[-88.56498960599998,37.077275934000056],[-88.56606660599994,37.07521093300005],[-88.57325460899995,37.08000793400004],[-88.57683460999993,37.08976293600006],[-88.58921261499995,37.099661937000064],[-88.61144562199996,37.11275193800003],[-88.625894626,37.11946493900007],[-88.64487763199998,37.122850939000045],[-88.69398864699997,37.141161940000075],[-88.70255864999996,37.14265294000006],[-88.72022965499997,37.140647939000075],[-88.73211065799995,37.14396293900006],[-88.75307366499999,37.15470794000004],[-88.77595567199995,37.168786941000064],[-88.78695267599994,37.178590943000074],[-88.80572568199995,37.18860194400003],[-88.83505669099998,37.196492944000056],[-88.86953570199995,37.20971794500008],[-88.91693971599994,37.224297945000046],[-88.93175072099996,37.227599945000065],[-88.93286972099997,37.22520494500003],[-88.95030372599996,37.22485294400008],[-88.96730273099996,37.226944943000035],[-88.97471673299998,37.22971494300003],[-88.98326573499997,37.22869194300006],[-89.00097373999995,37.22440794100004],[-89.01400874299998,37.21609693900007],[-89.02998674699995,37.21115093700007],[-89.03757374899999,37.20393893600004],[-89.04126874999997,37.202887935000035],[-89.07622675799996,37.17513192800004],[-89.08653175999996,37.16560892600006],[-89.09293976099997,37.156445924000025],[-89.09905276099994,37.14097392100007],[-89.11119476299996,37.11905891600003],[-89.13493676899998,37.10328491200005],[-89.14132576999998,37.093871910000075],[-89.14660177099995,37.09072090900003],[-89.15450977299997,37.08891390800005],[-89.16809277599998,37.07422490500005],[-89.17573077699996,37.06207590200006],[-89.18137477799996,37.046311899000045],[-89.18251477699994,37.03728189700007],[-89.17898077499996,37.02093489400005],[-89.17360077299998,37.01141589200006],[-89.16645276999998,37.00334389100004],[-89.13269075899996,36.982206889000054],[-89.12507475699994,36.98350588900007],[-89.11830575499994,36.98188588900007],[-89.10950375199997,36.976569889000075],[-89.10288474999999,36.969706888000076],[-89.09901274799995,36.96139588600005],[-89.10077174699995,36.943979883000054],[-89.10938274799997,36.92007287800004],[-89.11757274799999,36.88736287100005],[-89.126707749,36.87207986800007],[-89.13194975,36.85744386500005],[-89.13797475099994,36.847355863000075],[-89.15351875499994,36.846606862000044],[-89.15947175599996,36.84251186100005],[-89.16684675799996,36.842535861000044],[-89.17342475999999,36.83981286000005],[-89.17815876099996,36.834592858000065],[-89.17889376099998,36.83137485800006],[-89.17923475999999,36.812921854000024],[-89.17742275899997,36.80727585300008],[-89.17107475599994,36.798125852000055],[-89.16088275299995,36.79092085100007],[-89.15589675099994,36.78913285100003],[-89.12892874399995,36.78768385200004],[-89.12353574199994,36.78531585200005],[-89.11685273999996,36.77561385000007],[-89.11656873899994,36.767563849000055],[-89.11920373899994,36.759808847000045],[-89.12613973999999,36.751741845000026],[-89.13552374299996,36.75196284500004],[-89.14231874499995,36.75537584500006],[-89.15699574899998,36.755974844000036],[-89.16689375199996,36.75963984500004],[-89.17955075599997,36.75613884300003],[-89.19155875799999,36.74722384100005],[-89.19781375999997,36.73941883900005],[-89.20105275999998,36.725778837000064],[-89.19948575799998,36.71605183500003],[-89.19604575699998,36.712023834000036],[-89.16952774799995,36.68888483100005],[-89.16796674699998,36.67819582900006],[-89.17188774699997,36.672532828000044],[-89.15908574299993,36.66635882700007],[-89.17474674699997,36.65042282300004],[-89.18775474999995,36.64112182100007],[-89.19765975199994,36.62894281800004],[-89.20090775199998,36.618183816000055],[-89.20261275099995,36.60158281300005],[-89.21356875199996,36.58012580800005],[-89.22732475599997,36.569381805000035],[-89.23654775799997,36.56683080400006],[-89.25999976399999,36.56515580300004],[-89.27171576799998,36.571393804000024],[-89.29464277599999,36.59373580700003],[-89.31341078299994,36.620126811000034],[-89.32673678799995,36.632192813000074],[-89.34375879299995,36.63099781200003],[-89.36555379799995,36.625065810000024],[-89.37637280099995,36.61387480700006],[-89.38276779999995,36.58360980100008],[-89.39591480199994,36.55965579600007],[-89.39869080199998,36.542335792000074],[-89.41728080399997,36.499017783000056],[-89.39104979599995,36.499085784000044],[-89.30028977199999,36.507153790000075],[-89.11754271999996,36.50360979800007],[-88.88456265499997,36.50171080800004],[-88.83463164099999,36.502920811000024],[-88.54519755899997,36.50182082400005],[-88.05321041999997,36.49713584600005],[-88.03948641699998,36.51041484900003],[-88.03782741599997,36.513856850000025],[-88.03783541699994,36.52102185100006],[-88.03249441699995,36.540668855000035],[-88.03563041899997,36.56174285900005],[-88.03963042099997,36.57278986100005],[-88.04513242499996,36.602945867000074],[-88.05574342999995,36.63048187100003],[-88.05704743099994,36.64054687300006],[-88.06440643399998,36.650860875000035],[-88.06821343499996,36.65975387700007],[-88.07053743699998,36.67812488000004],[-88.01179741999994,36.67703188200005],[-87.84957237299994,36.663707887000044],[-87.85320937199998,36.63325388100003],[-87.42501425099994,36.64105390200007],[-87.11498116299998,36.64242091600005],[-86.71379104799996,36.64934793600003],[-86.58991101299995,36.65249294200004],[-86.56414800399995,36.63347893900004],[-86.55129700099997,36.63799194100005],[-86.55005900099997,36.64482394200007],[-86.543392999,36.643896942000026],[-86.54378199899998,36.640542942000025],[-86.50777598899998,36.65245194600004],[-86.33305593899996,36.648784953000074],[-86.20486390099995,36.639747956000065],[-86.08067086499995,36.63394696100005],[-86.03277485099994,36.63037396200008],[-85.83217679199998,36.62205296900004],[-85.80149478299995,36.622424971000044],[-85.67779374699995,36.61816397500007],[-85.48835769199997,36.61500098300007],[-85.43012767599998,36.61895898600005],[-85.33412864799999,36.62295799100008],[-85.32465864499994,36.624556992000066],[-85.30040663799997,36.62444399300006],[-85.29063163599994,36.62645699400008],[-85.19537660799995,36.62550499800005],[-85.02463155799995,36.61936100400004],[-84.84309550399996,36.60513400900004],[-84.54314241599997,36.59628402000004],[-84.44284138699999,36.596086024000044],[-84.27118033599999,36.59188903000006],[-83.98784625299999,36.58960704200007],[-83.78902119399999,36.58388804900005],[-83.69071816499996,36.58258805300005],[-83.68301816299999,36.59218905500006],[-83.67711816199994,36.59658905600003],[-83.67539916199996,36.60079105700004],[-83.67311816099993,36.604689058000076],[-83.66361815899995,36.60678905900005],[-83.64951715499996,36.61669006100004],[-83.64831815499997,36.62269006200006],[-83.64521715399997,36.62419006300007],[-83.63981715299997,36.624790063000034],[-83.63501715099994,36.62289006300006],[-83.62891714999995,36.62409006400003],[-83.61991714699997,36.62799006500006],[-83.61451714599997,36.633990066000024],[-83.60791714399994,36.63709006700003],[-83.60301714299999,36.636890067000024],[-83.58596013799996,36.643763069000045],[-83.58451613799997,36.641391069000065],[-83.57731613599998,36.64179106900008],[-83.57475313499998,36.64422507000006],[-83.56541013199995,36.647789071000034],[-83.56261613199996,36.65129107200005],[-83.54181612599996,36.65659107400006],[-83.53311612399995,36.66189107500003],[-83.52961612299998,36.666191076000075],[-83.51171511799998,36.66909207800006],[-83.50141511499999,36.66909207800006],[-83.49801511399994,36.67049207800005],[-83.48261410899994,36.66619207800005],[-83.46648710399995,36.66470707900004],[-83.42371109199996,36.66739208100006],[-83.39581008399995,36.67679308400005],[-83.39531008399996,36.67949308400006],[-83.38610308199998,36.686596086000065],[-83.36400907599995,36.69459308900008],[-83.35920907499997,36.693593089000046],[-83.34280807,36.701293091000025],[-83.31140706199994,36.71029409400006],[-83.28780605499998,36.71379409600007],[-83.26360504799999,36.72099409800006],[-83.25550404599994,36.72179409900008],[-83.19460102899995,36.73949410500006],[-83.16740002099993,36.73919410600007],[-83.16150001899996,36.739894106000065],[-83.15670001799998,36.742194107000046],[-83.13639901199997,36.743095108000034],[-83.13099801099997,36.749795110000036],[-83.12783700999995,36.750835110000025],[-83.12881701099997,36.75787111100004],[-83.12565900999994,36.76141411200007],[-83.13248101199997,36.764405113000066],[-83.128898011,36.769895114000064],[-83.13268901299995,36.77153511400007],[-83.12899101199997,36.77579111500006],[-83.13323501399998,36.784592117000045],[-83.12334501099997,36.78666111700005],[-83.11914800999995,36.78953811800005],[-83.11079700799996,36.800395121000065],[-83.10309600599999,36.80669612200006],[-83.09849600499996,36.814296124000066],[-83.09889600599996,36.82299612600008],[-83.10179600699996,36.82909612700007],[-83.09889600599996,36.831796128000065],[-83.09129500399996,36.83439612800004],[-83.08699500299997,36.83819612900004],[-83.075194,36.84089613000003],[-83.073794,36.84489613100004],[-83.07559400099996,36.85059613200008],[-83.072594,36.85459613300003],[-83.06619299799996,36.851896133000025],[-83.06049299699998,36.85379613400005],[-83.04759299299997,36.85179613400004],[-83.04219199099998,36.85439613500006],[-83.02689098699994,36.85549613500007],[-83.02189098499997,36.84999613400004],[-83.00922598099999,36.847302134000074],[-83.00608997999996,36.84789613500004],[-82.99837997799995,36.856637137000064],[-82.98871097599994,36.85914413800003],[-82.97923097299997,36.85970013800005],[-82.97025696999998,36.85769313800006],[-82.95168896499996,36.866159141000026],[-82.93757696099993,36.86728214100003],[-82.92241395699995,36.87393214300005],[-82.90777795299994,36.874713144000054],[-82.90798495299998,36.87875614500007],[-82.90632895299996,36.87974714500007],[-82.89544894899996,36.88215214600007],[-82.88462994699995,36.88848414800003],[-82.87857294499997,36.88959214800008],[-82.87864294499997,36.89398814900005],[-82.87321694399998,36.897270150000054],[-82.87007194299997,36.901742151000064],[-82.87747694599994,36.907967152000026],[-82.86003594199997,36.925248156000066],[-82.85796894099997,36.92953615700003],[-82.86168794299994,36.939323159000025],[-82.86128594299998,36.94485516000003],[-82.85997294299995,36.94908116100004],[-82.85570894199998,36.95381516200007],[-82.86540794499996,36.95809116300006],[-82.86736194599996,36.96318916400003],[-82.87023394699997,36.965505164000035],[-82.86753894699996,36.97752516700007],[-82.86292994599995,36.97998216700006],[-82.85793994499994,36.97828316700003],[-82.85373294399994,36.98518516900003],[-82.84943294199996,36.98348616900006],[-82.84500594099995,36.98381916900007],[-82.83601193899995,36.98884417000005],[-82.83080593699998,36.99345217100006],[-82.82912893699995,36.99754817200005],[-82.83059193799994,37.00095217300003],[-82.82859593799998,37.00571417400005],[-82.82522793699997,37.006286174000024],[-82.82268793599997,37.004135174000055],[-82.81575193399993,37.00720317500003],[-82.81358293299996,37.00532717500005],[-82.79749092899993,37.009661176000066],[-82.79344492699994,37.00549817500007],[-82.78890092599994,37.00816717600003],[-82.78214792399996,37.00824917600005],[-82.77737192299998,37.01528617800005],[-82.77179892099997,37.01572317800003],[-82.76641191999994,37.02311318000005],[-82.75917891799998,37.027340181000056],[-82.75405491699996,37.026594181000064],[-82.75071891599998,37.02411418100007],[-82.74798491499996,37.02522118100006],[-82.74245791399994,37.04298718500007],[-82.73360691199997,37.044532186000026],[-82.72628290999995,37.04210518600007],[-82.72247590899997,37.04510818600005],[-82.72225790899995,37.05795518900004],[-82.72631591099997,37.06687719100006],[-82.72702591199999,37.07302619200004],[-82.72375091099997,37.075532192000026],[-82.71835690899997,37.07571319300007],[-82.71674390899994,37.077227193000056],[-82.71720790899997,37.07955119400003],[-82.72304391099993,37.084999194000034],[-82.72495791199998,37.09191219600007],[-82.72218291199994,37.09431619600008],[-82.72162091199993,37.10128319800003],[-82.72194491199997,37.10569619900008],[-82.72629791399999,37.111859200000026],[-82.72645291399994,37.114992200000074],[-82.72210091299996,37.12017520200004],[-82.68460490299998,37.13584220600006],[-82.67676890099995,37.13497220600004],[-82.66772089899996,37.14195620800007],[-82.65747189599995,37.145031209000024],[-82.65327189499999,37.15132121100004],[-82.63349688899996,37.154271212000026],[-82.61742688499999,37.16813621600005],[-82.59745087999994,37.177095218000034],[-82.59276987899995,37.18039821900004],[-82.59245487899994,37.182854220000024],[-82.57899187499999,37.18850522100007],[-82.55037586799995,37.204465226000025],[-82.54580786599996,37.20307722600006],[-82.54130586499997,37.20653722600008],[-82.53157986199994,37.20917022700007],[-82.53179086299997,37.212104228000044],[-82.52874986199998,37.21374922800004],[-82.52446786099995,37.21496422900003],[-82.52012085899997,37.21291322900004],[-82.50943485599998,37.21893123000007],[-82.50789885599994,37.22273423100006],[-82.49886185399998,37.227051232000065],[-82.49631185299995,37.227569233000054],[-82.49524685299997,37.22561323200006],[-82.49148985099998,37.22509323200006],[-82.48722284999997,37.227806233000024],[-82.48644284999995,37.23121123400006],[-82.46307684399994,37.238299236000046],[-82.45701984199997,37.238295236000056],[-82.44916783999997,37.243915238000056],[-82.43102583499996,37.24678023900003],[-82.38566682199996,37.25963824400003],[-82.37659881999997,37.25990724400003],[-82.36453881599994,37.26442224500005],[-82.35534681399997,37.26522724600005],[-82.35095181199995,37.26708424700007],[-82.34207180999994,37.27411624800004],[-82.34185281099997,37.28089325000008],[-82.33694580899999,37.27974425000008],[-82.33157380799997,37.28221825000003],[-82.32462280599998,37.28318725100007],[-82.31896080399997,37.287531252000065],[-82.31603180399998,37.29488625400006],[-82.30941880199998,37.30007325500003],[-82.12485775499994,37.42727928800008],[-81.96801571499998,37.53804231700008]]],[[[-89.53923783799996,36.49794077700005],[-89.48543282299994,36.49749777900007],[-89.47246581999997,36.51374778300004],[-89.46589381999996,36.52995278700007],[-89.46545081999994,36.53616978800005],[-89.46776682099994,36.54685379000006],[-89.47334682399998,36.55992479200006],[-89.47909882599998,36.56821279300004],[-89.48484182799996,36.57182779400006],[-89.50008183199998,36.57631179400005],[-89.51447383699997,36.57780979300003],[-89.52758883999996,36.581153793000055],[-89.54611884599996,36.579995792000034],[-89.55264584699995,36.577184792000025],[-89.56682284999994,36.56422278800005],[-89.57151485099996,36.552575786000034],[-89.57007684999996,36.54439378400008],[-89.56034984599995,36.52544278100004],[-89.54296083899999,36.50496377800005],[-89.53923783799996,36.49794077700005]]]]}}]}